{
  "type": "FeatureCollection",
  "features": [
    {
      "type": "Feature",
      "geometry": {
        "type": "Point",
        "coordinates": [
          -1.31656,
          34.89108
        ]
      },
      "properties": {
        "id": "djezzy-003f3dbe66",
        "name": "Ain Karacha",
        "wilaya_code": "13",
        "commune_code": null,
        "commune": null,
        "commune_ar": null,
        "lat": 34.89108,
        "lng": -1.31656,
        "geo_precision": "exact",
        "geo_method": "operator_map",
        "source": "djezzy",
        "operator": "djezzy",
        "technology": "5G",
        "address": "Tlemcen"
      }
    },
    {
      "type": "Feature",
      "geometry": {
        "type": "Point",
        "coordinates": [
          3.20785,
          36.71034
        ]
      },
      "properties": {
        "id": "djezzy-0110386c8f",
        "name": "Dar El Beida_1",
        "wilaya_code": "16",
        "commune_code": null,
        "commune": null,
        "commune_ar": null,
        "lat": 36.71034,
        "lng": 3.20785,
        "geo_precision": "exact",
        "geo_method": "operator_map",
        "source": "djezzy",
        "operator": "djezzy",
        "technology": "5G",
        "address": "DAR EL BEIDA"
      }
    },
    {
      "type": "Feature",
      "geometry": {
        "type": "Point",
        "coordinates": [
          5.23531,
          36.17358
        ]
      },
      "properties": {
        "id": "djezzy-01b419e7c0",
        "name": "Mahdia 2",
        "wilaya_code": "19",
        "commune_code": null,
        "commune": null,
        "commune_ar": null,
        "lat": 36.17358,
        "lng": 5.23531,
        "geo_precision": "exact",
        "geo_method": "operator_map",
        "source": "djezzy",
        "operator": "djezzy",
        "technology": "5G",
        "address": "AIN ARNAT"
      }
    },
    {
      "type": "Feature",
      "geometry": {
        "type": "Point",
        "coordinates": [
          3.12607,
          36.7081
        ]
      },
      "properties": {
        "id": "djezzy-01d1c6e572",
        "name": "Boubsila",
        "wilaya_code": "16",
        "commune_code": null,
        "commune": null,
        "commune_ar": null,
        "lat": 36.7081,
        "lng": 3.12607,
        "geo_precision": "exact",
        "geo_method": "operator_map",
        "source": "djezzy",
        "operator": "djezzy",
        "technology": "5G",
        "address": "EL HARRACH"
      }
    },
    {
      "type": "Feature",
      "geometry": {
        "type": "Point",
        "coordinates": [
          3.19251,
          36.74896
        ]
      },
      "properties": {
        "id": "djezzy-01e97d3f59",
        "name": "Bordj el Kiiffane_3",
        "wilaya_code": "16",
        "commune_code": null,
        "commune": null,
        "commune_ar": null,
        "lat": 36.74896,
        "lng": 3.19251,
        "geo_precision": "exact",
        "geo_method": "operator_map",
        "source": "djezzy",
        "operator": "djezzy",
        "technology": "5G",
        "address": "BORDJ EL KIFFAN"
      }
    },
    {
      "type": "Feature",
      "geometry": {
        "type": "Point",
        "coordinates": [
          3.12069,
          36.7327
        ]
      },
      "properties": {
        "id": "djezzy-0248960306",
        "name": "Hippodrome",
        "wilaya_code": "16",
        "commune_code": null,
        "commune": null,
        "commune_ar": null,
        "lat": 36.7327,
        "lng": 3.12069,
        "geo_precision": "exact",
        "geo_method": "operator_map",
        "source": "djezzy",
        "operator": "djezzy",
        "technology": "5G",
        "address": "EL MAGHARIA"
      }
    },
    {
      "type": "Feature",
      "geometry": {
        "type": "Point",
        "coordinates": [
          -0.601272,
          35.691797
        ]
      },
      "properties": {
        "id": "djezzy-0278e283d2",
        "name": "cité Djamel 3",
        "wilaya_code": "31",
        "commune_code": null,
        "commune": null,
        "commune_ar": null,
        "lat": 35.691797,
        "lng": -0.601272,
        "geo_precision": "exact",
        "geo_method": "operator_map",
        "source": "djezzy",
        "operator": "djezzy",
        "technology": "5G",
        "address": "Oran"
      }
    },
    {
      "type": "Feature",
      "geometry": {
        "type": "Point",
        "coordinates": [
          3.1668,
          36.7324
        ]
      },
      "properties": {
        "id": "djezzy-0297d7ce0a",
        "name": "Sanouber El Bahri",
        "wilaya_code": "16",
        "commune_code": null,
        "commune": null,
        "commune_ar": null,
        "lat": 36.7324,
        "lng": 3.1668,
        "geo_precision": "exact",
        "geo_method": "operator_map",
        "source": "djezzy",
        "operator": "djezzy",
        "technology": "5G",
        "address": "MOHAMMADIA"
      }
    },
    {
      "type": "Feature",
      "geometry": {
        "type": "Point",
        "coordinates": [
          2.81962,
          36.48611
        ]
      },
      "properties": {
        "id": "djezzy-02c10a46f5",
        "name": "Blida Bab Khouikha",
        "wilaya_code": "09",
        "commune_code": null,
        "commune": null,
        "commune_ar": null,
        "lat": 36.48611,
        "lng": 2.81962,
        "geo_precision": "exact",
        "geo_method": "operator_map",
        "source": "djezzy",
        "operator": "djezzy",
        "technology": "5G",
        "address": "Blida"
      }
    },
    {
      "type": "Feature",
      "geometry": {
        "type": "Point",
        "coordinates": [
          -1.341785,
          34.8835
        ]
      },
      "properties": {
        "id": "djezzy-02f9996e7f",
        "name": "IMAMA_2",
        "wilaya_code": "13",
        "commune_code": null,
        "commune": null,
        "commune_ar": null,
        "lat": 34.8835,
        "lng": -1.341785,
        "geo_precision": "exact",
        "geo_method": "operator_map",
        "source": "djezzy",
        "operator": "djezzy",
        "technology": "5G",
        "address": "MANSOURAH"
      }
    },
    {
      "type": "Feature",
      "geometry": {
        "type": "Point",
        "coordinates": [
          -0.588249,
          35.724646
        ]
      },
      "properties": {
        "id": "djezzy-02fb07dcaa",
        "name": "AKID center",
        "wilaya_code": "31",
        "commune_code": null,
        "commune": null,
        "commune_ar": null,
        "lat": 35.724646,
        "lng": -0.588249,
        "geo_precision": "exact",
        "geo_method": "operator_map",
        "source": "djezzy",
        "operator": "djezzy",
        "technology": "5G",
        "address": "Oran"
      }
    },
    {
      "type": "Feature",
      "geometry": {
        "type": "Point",
        "coordinates": [
          -0.558976,
          35.730903
        ]
      },
      "properties": {
        "id": "djezzy-037753c497",
        "name": "Cité CNL 2",
        "wilaya_code": "31",
        "commune_code": null,
        "commune": null,
        "commune_ar": null,
        "lat": 35.730903,
        "lng": -0.558976,
        "geo_precision": "exact",
        "geo_method": "operator_map",
        "source": "djezzy",
        "operator": "djezzy",
        "technology": "5G",
        "address": "BIR EL DJIR"
      }
    },
    {
      "type": "Feature",
      "geometry": {
        "type": "Point",
        "coordinates": [
          2.93902,
          36.71146
        ]
      },
      "properties": {
        "id": "djezzy-038bd995eb",
        "name": "ROUTE33 PLATEAU OULED FAYET",
        "wilaya_code": "16",
        "commune_code": null,
        "commune": null,
        "commune_ar": null,
        "lat": 36.71146,
        "lng": 2.93902,
        "geo_precision": "exact",
        "geo_method": "operator_map",
        "source": "djezzy",
        "operator": "djezzy",
        "technology": "5G",
        "address": "OULED FAYET"
      }
    },
    {
      "type": "Feature",
      "geometry": {
        "type": "Point",
        "coordinates": [
          6.62861,
          36.35564
        ]
      },
      "properties": {
        "id": "djezzy-039f0ee6d7",
        "name": "SIDI Mabrouk 2",
        "wilaya_code": "25",
        "commune_code": null,
        "commune": null,
        "commune_ar": null,
        "lat": 36.35564,
        "lng": 6.62861,
        "geo_precision": "exact",
        "geo_method": "operator_map",
        "source": "djezzy",
        "operator": "djezzy",
        "technology": "5G",
        "address": "Constantine"
      }
    },
    {
      "type": "Feature",
      "geometry": {
        "type": "Point",
        "coordinates": [
          -2.20391,
          35.08099
        ]
      },
      "properties": {
        "id": "djezzy-03af186383",
        "name": "Marcher Port Say",
        "wilaya_code": "13",
        "commune_code": null,
        "commune": null,
        "commune_ar": null,
        "lat": 35.08099,
        "lng": -2.20391,
        "geo_precision": "exact",
        "geo_method": "operator_map",
        "source": "djezzy",
        "operator": "djezzy",
        "technology": "5G",
        "address": "MERSA BEN MHIDI"
      }
    },
    {
      "type": "Feature",
      "geometry": {
        "type": "Point",
        "coordinates": [
          5.40935,
          36.17821
        ]
      },
      "properties": {
        "id": "djezzy-042158b0dc",
        "name": "Cite 20 aout_A+",
        "wilaya_code": "19",
        "commune_code": null,
        "commune": null,
        "commune_ar": null,
        "lat": 36.17821,
        "lng": 5.40935,
        "geo_precision": "exact",
        "geo_method": "operator_map",
        "source": "djezzy",
        "operator": "djezzy",
        "technology": "5G",
        "address": "Setif"
      }
    },
    {
      "type": "Feature",
      "geometry": {
        "type": "Point",
        "coordinates": [
          3.146,
          36.7169
        ]
      },
      "properties": {
        "id": "djezzy-042aa22108",
        "name": "El Harache_ Belfore",
        "wilaya_code": "16",
        "commune_code": null,
        "commune": null,
        "commune_ar": null,
        "lat": 36.7169,
        "lng": 3.146,
        "geo_precision": "exact",
        "geo_method": "operator_map",
        "source": "djezzy",
        "operator": "djezzy",
        "technology": "5G",
        "address": "EL HARRACH"
      }
    },
    {
      "type": "Feature",
      "geometry": {
        "type": "Point",
        "coordinates": [
          -0.58297,
          35.64512
        ]
      },
      "properties": {
        "id": "djezzy-0431dd855f",
        "name": "ZI NEDJMA",
        "wilaya_code": "31",
        "commune_code": null,
        "commune": null,
        "commune_ar": null,
        "lat": 35.64512,
        "lng": -0.58297,
        "geo_precision": "exact",
        "geo_method": "operator_map",
        "source": "djezzy",
        "operator": "djezzy",
        "technology": "5G",
        "address": "SIDI CHAMI"
      }
    },
    {
      "type": "Feature",
      "geometry": {
        "type": "Point",
        "coordinates": [
          6.17666,
          35.5469
        ]
      },
      "properties": {
        "id": "djezzy-044051130e",
        "name": "Cite 5juillet_3",
        "wilaya_code": "05",
        "commune_code": null,
        "commune": null,
        "commune_ar": null,
        "lat": 35.5469,
        "lng": 6.17666,
        "geo_precision": "exact",
        "geo_method": "operator_map",
        "source": "djezzy",
        "operator": "djezzy",
        "technology": "5G",
        "address": "Batna"
      }
    },
    {
      "type": "Feature",
      "geometry": {
        "type": "Point",
        "coordinates": [
          -0.639777777777778,
          35.6819444444444
        ]
      },
      "properties": {
        "id": "djezzy-044d5bebf8",
        "name": "Stade de 19 Juin",
        "wilaya_code": "31",
        "commune_code": null,
        "commune": null,
        "commune_ar": null,
        "lat": 35.6819444444444,
        "lng": -0.639777777777778,
        "geo_precision": "exact",
        "geo_method": "operator_map",
        "source": "djezzy",
        "operator": "djezzy",
        "technology": "5G",
        "address": "Oran"
      }
    },
    {
      "type": "Feature",
      "geometry": {
        "type": "Point",
        "coordinates": [
          2.83031,
          36.64288
        ]
      },
      "properties": {
        "id": "djezzy-0486479f13",
        "name": "AADL  Q25 Sidi Abdellah",
        "wilaya_code": "16",
        "commune_code": null,
        "commune": null,
        "commune_ar": null,
        "lat": 36.64288,
        "lng": 2.83031,
        "geo_precision": "exact",
        "geo_method": "operator_map",
        "source": "djezzy",
        "operator": "djezzy",
        "technology": "5G",
        "address": "MAHELMA"
      }
    },
    {
      "type": "Feature",
      "geometry": {
        "type": "Point",
        "coordinates": [
          -1.33055,
          34.88206
        ]
      },
      "properties": {
        "id": "djezzy-04f21a5a57",
        "name": "Ain Nedjar",
        "wilaya_code": "13",
        "commune_code": null,
        "commune": null,
        "commune_ar": null,
        "lat": 34.88206,
        "lng": -1.33055,
        "geo_precision": "exact",
        "geo_method": "operator_map",
        "source": "djezzy",
        "operator": "djezzy",
        "technology": "5G",
        "address": "MANSOURAH"
      }
    },
    {
      "type": "Feature",
      "geometry": {
        "type": "Point",
        "coordinates": [
          -0.623611111111111,
          35.6425
        ]
      },
      "properties": {
        "id": "djezzy-04fb56390e",
        "name": "PLAZA",
        "wilaya_code": "31",
        "commune_code": null,
        "commune": null,
        "commune_ar": null,
        "lat": 35.6425,
        "lng": -0.623611111111111,
        "geo_precision": "exact",
        "geo_method": "operator_map",
        "source": "djezzy",
        "operator": "djezzy",
        "technology": "5G",
        "address": "ES SENIA"
      }
    },
    {
      "type": "Feature",
      "geometry": {
        "type": "Point",
        "coordinates": [
          3.01369,
          36.72516
        ]
      },
      "properties": {
        "id": "djezzy-0515c1ff8a",
        "name": "Cite Afak",
        "wilaya_code": "16",
        "commune_code": null,
        "commune": null,
        "commune_ar": null,
        "lat": 36.72516,
        "lng": 3.01369,
        "geo_precision": "exact",
        "geo_method": "operator_map",
        "source": "djezzy",
        "operator": "djezzy",
        "technology": "5G",
        "address": "DRARIA"
      }
    },
    {
      "type": "Feature",
      "geometry": {
        "type": "Point",
        "coordinates": [
          5.29061,
          35.85542
        ]
      },
      "properties": {
        "id": "djezzy-051c26db2d",
        "name": "salah Bey Site4_A+",
        "wilaya_code": "19",
        "commune_code": null,
        "commune": null,
        "commune_ar": null,
        "lat": 35.85542,
        "lng": 5.29061,
        "geo_precision": "exact",
        "geo_method": "operator_map",
        "source": "djezzy",
        "operator": "djezzy",
        "technology": "5G",
        "address": "SALAH BEY"
      }
    },
    {
      "type": "Feature",
      "geometry": {
        "type": "Point",
        "coordinates": [
          3.0345,
          36.7964
        ]
      },
      "properties": {
        "id": "djezzy-054bdbf917",
        "name": "Village Celest",
        "wilaya_code": "16",
        "commune_code": null,
        "commune": null,
        "commune_ar": null,
        "lat": 36.7964,
        "lng": 3.0345,
        "geo_precision": "exact",
        "geo_method": "operator_map",
        "source": "djezzy",
        "operator": "djezzy",
        "technology": "5G",
        "address": "BOUZAREAH"
      }
    },
    {
      "type": "Feature",
      "geometry": {
        "type": "Point",
        "coordinates": [
          -0.570756,
          35.725906
        ]
      },
      "properties": {
        "id": "djezzy-057e0d1c55",
        "name": "Boulevard des Platanes",
        "wilaya_code": "31",
        "commune_code": null,
        "commune": null,
        "commune_ar": null,
        "lat": 35.725906,
        "lng": -0.570756,
        "geo_precision": "exact",
        "geo_method": "operator_map",
        "source": "djezzy",
        "operator": "djezzy",
        "technology": "5G",
        "address": "BIR EL DJIR"
      }
    },
    {
      "type": "Feature",
      "geometry": {
        "type": "Point",
        "coordinates": [
          3.09071,
          36.72771
        ]
      },
      "properties": {
        "id": "djezzy-05830afb2a",
        "name": "Stade Kouba",
        "wilaya_code": "16",
        "commune_code": null,
        "commune": null,
        "commune_ar": null,
        "lat": 36.72771,
        "lng": 3.09071,
        "geo_precision": "exact",
        "geo_method": "operator_map",
        "source": "djezzy",
        "operator": "djezzy",
        "technology": "5G",
        "address": "KOUBA"
      }
    },
    {
      "type": "Feature",
      "geometry": {
        "type": "Point",
        "coordinates": [
          5.906546,
          34.366117
        ]
      },
      "properties": {
        "id": "djezzy-058a7dbf76",
        "name": " Extension ouest_El Eulma",
        "wilaya_code": "19",
        "commune_code": null,
        "commune": null,
        "commune_ar": null,
        "lat": 34.366117,
        "lng": 5.906546,
        "geo_precision": "exact",
        "geo_method": "operator_map",
        "source": "djezzy",
        "operator": "djezzy",
        "technology": "5G",
        "address": "EL EULMA"
      }
    },
    {
      "type": "Feature",
      "geometry": {
        "type": "Point",
        "coordinates": [
          3.1802,
          36.72977
        ]
      },
      "properties": {
        "id": "djezzy-05b16d9cff",
        "name": "les Bananies",
        "wilaya_code": "16",
        "commune_code": null,
        "commune": null,
        "commune_ar": null,
        "lat": 36.72977,
        "lng": 3.1802,
        "geo_precision": "exact",
        "geo_method": "operator_map",
        "source": "djezzy",
        "operator": "djezzy",
        "technology": "5G",
        "address": "BEB EZZOUAR"
      }
    },
    {
      "type": "Feature",
      "geometry": {
        "type": "Point",
        "coordinates": [
          4.769684,
          36.057873
        ]
      },
      "properties": {
        "id": "djezzy-0640a67246",
        "name": "Lotissement 471",
        "wilaya_code": "34",
        "commune_code": null,
        "commune": null,
        "commune_ar": null,
        "lat": 36.057873,
        "lng": 4.769684,
        "geo_precision": "exact",
        "geo_method": "operator_map",
        "source": "djezzy",
        "operator": "djezzy",
        "technology": "5G",
        "address": "Bordj Bou Arreridj"
      }
    },
    {
      "type": "Feature",
      "geometry": {
        "type": "Point",
        "coordinates": [
          -1.699197,
          34.828661
        ]
      },
      "properties": {
        "id": "djezzy-064b898c65",
        "name": "Ouled Charef",
        "wilaya_code": "13",
        "commune_code": null,
        "commune": null,
        "commune_ar": null,
        "lat": 34.828661,
        "lng": -1.699197,
        "geo_precision": "exact",
        "geo_method": "operator_map",
        "source": "djezzy",
        "operator": "djezzy",
        "technology": "5G",
        "address": "MAGHNIA"
      }
    },
    {
      "type": "Feature",
      "geometry": {
        "type": "Point",
        "coordinates": [
          2.936168,
          36.667535
        ]
      },
      "properties": {
        "id": "djezzy-06980b747d",
        "name": "Hôpital Douera",
        "wilaya_code": "16",
        "commune_code": null,
        "commune": null,
        "commune_ar": null,
        "lat": 36.667535,
        "lng": 2.936168,
        "geo_precision": "exact",
        "geo_method": "operator_map",
        "source": "djezzy",
        "operator": "djezzy",
        "technology": "5G",
        "address": "DOUERA"
      }
    },
    {
      "type": "Feature",
      "geometry": {
        "type": "Point",
        "coordinates": [
          6.62079,
          36.3527
        ]
      },
      "properties": {
        "id": "djezzy-074e7d94b5",
        "name": "Residence 8 Novembre 1971",
        "wilaya_code": "25",
        "commune_code": null,
        "commune": null,
        "commune_ar": null,
        "lat": 36.3527,
        "lng": 6.62079,
        "geo_precision": "exact",
        "geo_method": "operator_map",
        "source": "djezzy",
        "operator": "djezzy",
        "technology": "5G",
        "address": "Constantine"
      }
    },
    {
      "type": "Feature",
      "geometry": {
        "type": "Point",
        "coordinates": [
          6.72412,
          36.25965
        ]
      },
      "properties": {
        "id": "djezzy-07a1c600b8",
        "name": "NV Masinissa site 3",
        "wilaya_code": "25",
        "commune_code": null,
        "commune": null,
        "commune_ar": null,
        "lat": 36.25965,
        "lng": 6.72412,
        "geo_precision": "exact",
        "geo_method": "operator_map",
        "source": "djezzy",
        "operator": "djezzy",
        "technology": "5G",
        "address": "EL KHROUB"
      }
    },
    {
      "type": "Feature",
      "geometry": {
        "type": "Point",
        "coordinates": [
          3.24148,
          36.77004
        ]
      },
      "properties": {
        "id": "djezzy-08566ae838",
        "name": "Ben Zerga Doum",
        "wilaya_code": "16",
        "commune_code": null,
        "commune": null,
        "commune_ar": null,
        "lat": 36.77004,
        "lng": 3.24148,
        "geo_precision": "exact",
        "geo_method": "operator_map",
        "source": "djezzy",
        "operator": "djezzy",
        "technology": "5G",
        "address": "BORDJ EL KIFFAN"
      }
    },
    {
      "type": "Feature",
      "geometry": {
        "type": "Point",
        "coordinates": [
          3.0088,
          36.7016
        ]
      },
      "properties": {
        "id": "djezzy-08adf4e713",
        "name": "SHAOULA DRARIA",
        "wilaya_code": "16",
        "commune_code": null,
        "commune": null,
        "commune_ar": null,
        "lat": 36.7016,
        "lng": 3.0088,
        "geo_precision": "exact",
        "geo_method": "operator_map",
        "source": "djezzy",
        "operator": "djezzy",
        "technology": "5G",
        "address": "DRARIA"
      }
    },
    {
      "type": "Feature",
      "geometry": {
        "type": "Point",
        "coordinates": [
          3.07183,
          36.74836
        ]
      },
      "properties": {
        "id": "djezzy-08e35e4c5d",
        "name": "Hotel Sofitel",
        "wilaya_code": "16",
        "commune_code": null,
        "commune": null,
        "commune_ar": null,
        "lat": 36.74836,
        "lng": 3.07183,
        "geo_precision": "exact",
        "geo_method": "operator_map",
        "source": "djezzy",
        "operator": "djezzy",
        "technology": "5G",
        "address": "HAMMA ANASSERS"
      }
    },
    {
      "type": "Feature",
      "geometry": {
        "type": "Point",
        "coordinates": [
          5.6723,
          36.11895
        ]
      },
      "properties": {
        "id": "djezzy-092e430693",
        "name": "Cite Mezian Cherif",
        "wilaya_code": "19",
        "commune_code": null,
        "commune": null,
        "commune_ar": null,
        "lat": 36.11895,
        "lng": 5.6723,
        "geo_precision": "exact",
        "geo_method": "operator_map",
        "source": "djezzy",
        "operator": "djezzy",
        "technology": "5G",
        "address": "BAZER SAKRA"
      }
    },
    {
      "type": "Feature",
      "geometry": {
        "type": "Point",
        "coordinates": [
          2.96079,
          36.76285
        ]
      },
      "properties": {
        "id": "djezzy-0959436369",
        "name": "Cheraga Sonelgaz",
        "wilaya_code": "16",
        "commune_code": null,
        "commune": null,
        "commune_ar": null,
        "lat": 36.76285,
        "lng": 2.96079,
        "geo_precision": "exact",
        "geo_method": "operator_map",
        "source": "djezzy",
        "operator": "djezzy",
        "technology": "5G",
        "address": "CHERAGA"
      }
    },
    {
      "type": "Feature",
      "geometry": {
        "type": "Point",
        "coordinates": [
          4.05023,
          36.70917
        ]
      },
      "properties": {
        "id": "djezzy-097af21b66",
        "name": "APC 2",
        "wilaya_code": "15",
        "commune_code": null,
        "commune": null,
        "commune_ar": null,
        "lat": 36.70917,
        "lng": 4.05023,
        "geo_precision": "exact",
        "geo_method": "operator_map",
        "source": "djezzy",
        "operator": "djezzy",
        "technology": "5G",
        "address": "Tizi Ouzou"
      }
    },
    {
      "type": "Feature",
      "geometry": {
        "type": "Point",
        "coordinates": [
          3.19211,
          36.74321
        ]
      },
      "properties": {
        "id": "djezzy-09909b002e",
        "name": "Rue Daib Aissa Bordj El Kiffan",
        "wilaya_code": "16",
        "commune_code": null,
        "commune": null,
        "commune_ar": null,
        "lat": 36.74321,
        "lng": 3.19211,
        "geo_precision": "exact",
        "geo_method": "operator_map",
        "source": "djezzy",
        "operator": "djezzy",
        "technology": "5G",
        "address": "BORDJ EL KIFFAN"
      }
    },
    {
      "type": "Feature",
      "geometry": {
        "type": "Point",
        "coordinates": [
          3.15724,
          36.71343
        ]
      },
      "properties": {
        "id": "djezzy-09b2f44341",
        "name": "BEAULIEU_2",
        "wilaya_code": "16",
        "commune_code": null,
        "commune": null,
        "commune_ar": null,
        "lat": 36.71343,
        "lng": 3.15724,
        "geo_precision": "exact",
        "geo_method": "operator_map",
        "source": "djezzy",
        "operator": "djezzy",
        "technology": "5G",
        "address": "OUED SMAR"
      }
    },
    {
      "type": "Feature",
      "geometry": {
        "type": "Point",
        "coordinates": [
          5.283944,
          31.94475
        ]
      },
      "properties": {
        "id": "djezzy-0a098d5564",
        "name": "Entre Ouargla",
        "wilaya_code": "30",
        "commune_code": null,
        "commune": null,
        "commune_ar": null,
        "lat": 31.94475,
        "lng": 5.283944,
        "geo_precision": "exact",
        "geo_method": "operator_map",
        "source": "djezzy",
        "operator": "djezzy",
        "technology": "5G",
        "address": "Ouargla"
      }
    },
    {
      "type": "Feature",
      "geometry": {
        "type": "Point",
        "coordinates": [
          2.8343,
          36.4782
        ]
      },
      "properties": {
        "id": "djezzy-0b80599fc3",
        "name": "Hopital fabor",
        "wilaya_code": "09",
        "commune_code": null,
        "commune": null,
        "commune_ar": null,
        "lat": 36.4782,
        "lng": 2.8343,
        "geo_precision": "approximate",
        "geo_method": "operator_map",
        "source": "djezzy",
        "operator": "djezzy",
        "technology": "5G",
        "address": "Blida"
      }
    },
    {
      "type": "Feature",
      "geometry": {
        "type": "Point",
        "coordinates": [
          3.1987,
          36.7413
        ]
      },
      "properties": {
        "id": "djezzy-0ba25a4d02",
        "name": "Mouhousse 2",
        "wilaya_code": "16",
        "commune_code": null,
        "commune": null,
        "commune_ar": null,
        "lat": 36.7413,
        "lng": 3.1987,
        "geo_precision": "exact",
        "geo_method": "operator_map",
        "source": "djezzy",
        "operator": "djezzy",
        "technology": "5G",
        "address": "BORDJ EL KIFFAN"
      }
    },
    {
      "type": "Feature",
      "geometry": {
        "type": "Point",
        "coordinates": [
          5.68324,
          36.14558
        ]
      },
      "properties": {
        "id": "djezzy-0bea31a4d3",
        "name": "EL Eulma_A+",
        "wilaya_code": "19",
        "commune_code": null,
        "commune": null,
        "commune_ar": null,
        "lat": 36.14558,
        "lng": 5.68324,
        "geo_precision": "exact",
        "geo_method": "operator_map",
        "source": "djezzy",
        "operator": "djezzy",
        "technology": "5G",
        "address": "EL EULMA"
      }
    },
    {
      "type": "Feature",
      "geometry": {
        "type": "Point",
        "coordinates": [
          3.24694,
          36.78881
        ]
      },
      "properties": {
        "id": "djezzy-0c25a4d771",
        "name": "BRISE MARINE 2",
        "wilaya_code": "16",
        "commune_code": null,
        "commune": null,
        "commune_ar": null,
        "lat": 36.78881,
        "lng": 3.24694,
        "geo_precision": "exact",
        "geo_method": "operator_map",
        "source": "djezzy",
        "operator": "djezzy",
        "technology": "5G",
        "address": "BORDJ EL BAHRI"
      }
    },
    {
      "type": "Feature",
      "geometry": {
        "type": "Point",
        "coordinates": [
          3.25367,
          36.79314
        ]
      },
      "properties": {
        "id": "djezzy-0c32c830c2",
        "name": "Abane Ramdane 2",
        "wilaya_code": "16",
        "commune_code": null,
        "commune": null,
        "commune_ar": null,
        "lat": 36.79314,
        "lng": 3.25367,
        "geo_precision": "exact",
        "geo_method": "operator_map",
        "source": "djezzy",
        "operator": "djezzy",
        "technology": "5G",
        "address": "BORDJ EL BAHRI"
      }
    },
    {
      "type": "Feature",
      "geometry": {
        "type": "Point",
        "coordinates": [
          3.07619,
          36.6505
        ]
      },
      "properties": {
        "id": "djezzy-0c55bb31cf",
        "name": "Bentalha 2",
        "wilaya_code": "16",
        "commune_code": null,
        "commune": null,
        "commune_ar": null,
        "lat": 36.6505,
        "lng": 3.07619,
        "geo_precision": "exact",
        "geo_method": "operator_map",
        "source": "djezzy",
        "operator": "djezzy",
        "technology": "5G",
        "address": "BARAKI"
      }
    },
    {
      "type": "Feature",
      "geometry": {
        "type": "Point",
        "coordinates": [
          -1.746756,
          34.866985
        ]
      },
      "properties": {
        "id": "djezzy-0c621ac29c",
        "name": "Maghnia_Highway",
        "wilaya_code": "13",
        "commune_code": null,
        "commune": null,
        "commune_ar": null,
        "lat": 34.866985,
        "lng": -1.746756,
        "geo_precision": "exact",
        "geo_method": "operator_map",
        "source": "djezzy",
        "operator": "djezzy",
        "technology": "5G",
        "address": "MAGHNIA"
      }
    },
    {
      "type": "Feature",
      "geometry": {
        "type": "Point",
        "coordinates": [
          3.2219,
          36.7112
        ]
      },
      "properties": {
        "id": "djezzy-0c7e6ed320",
        "name": "Cit Aeroport",
        "wilaya_code": "16",
        "commune_code": null,
        "commune": null,
        "commune_ar": null,
        "lat": 36.7112,
        "lng": 3.2219,
        "geo_precision": "exact",
        "geo_method": "operator_map",
        "source": "djezzy",
        "operator": "djezzy",
        "technology": "5G",
        "address": "DAR EL BEIDA"
      }
    },
    {
      "type": "Feature",
      "geometry": {
        "type": "Point",
        "coordinates": [
          3.1248,
          36.7175
        ]
      },
      "properties": {
        "id": "djezzy-0c87427b17",
        "name": "cite Mohamed Saidoune",
        "wilaya_code": "16",
        "commune_code": null,
        "commune": null,
        "commune_ar": null,
        "lat": 36.7175,
        "lng": 3.1248,
        "geo_precision": "exact",
        "geo_method": "operator_map",
        "source": "djezzy",
        "operator": "djezzy",
        "technology": "5G",
        "address": "BOUROUBA"
      }
    },
    {
      "type": "Feature",
      "geometry": {
        "type": "Point",
        "coordinates": [
          -0.557175,
          35.726048
        ]
      },
      "properties": {
        "id": "djezzy-0c8a8709e7",
        "name": "Cité 542 logements",
        "wilaya_code": "31",
        "commune_code": null,
        "commune": null,
        "commune_ar": null,
        "lat": 35.726048,
        "lng": -0.557175,
        "geo_precision": "exact",
        "geo_method": "operator_map",
        "source": "djezzy",
        "operator": "djezzy",
        "technology": "5G",
        "address": "BIR EL DJIR"
      }
    },
    {
      "type": "Feature",
      "geometry": {
        "type": "Point",
        "coordinates": [
          -0.612861111111111,
          35.6504166666667
        ]
      },
      "properties": {
        "id": "djezzy-0caa82341d",
        "name": "Hotel Phoenix",
        "wilaya_code": "31",
        "commune_code": null,
        "commune": null,
        "commune_ar": null,
        "lat": 35.6504166666667,
        "lng": -0.612861111111111,
        "geo_precision": "exact",
        "geo_method": "operator_map",
        "source": "djezzy",
        "operator": "djezzy",
        "technology": "5G",
        "address": "ES SENIA"
      }
    },
    {
      "type": "Feature",
      "geometry": {
        "type": "Point",
        "coordinates": [
          3.017,
          36.654
        ]
      },
      "properties": {
        "id": "djezzy-0cb74843d9",
        "name": "Haouch Gazouz",
        "wilaya_code": "16",
        "commune_code": null,
        "commune": null,
        "commune_ar": null,
        "lat": 36.654,
        "lng": 3.017,
        "geo_precision": "exact",
        "geo_method": "operator_map",
        "source": "djezzy",
        "operator": "djezzy",
        "technology": "5G",
        "address": "KHRAISSIA"
      }
    },
    {
      "type": "Feature",
      "geometry": {
        "type": "Point",
        "coordinates": [
          -0.686062,
          35.6581
        ]
      },
      "properties": {
        "id": "djezzy-0cd6fd58d2",
        "name": "AADL el hassi 2",
        "wilaya_code": "31",
        "commune_code": null,
        "commune": null,
        "commune_ar": null,
        "lat": 35.6581,
        "lng": -0.686062,
        "geo_precision": "exact",
        "geo_method": "operator_map",
        "source": "djezzy",
        "operator": "djezzy",
        "technology": "5G",
        "address": "Oran"
      }
    },
    {
      "type": "Feature",
      "geometry": {
        "type": "Point",
        "coordinates": [
          2.94977,
          36.68167
        ]
      },
      "properties": {
        "id": "djezzy-0d4f6e803e",
        "name": "Cote AADL Douera",
        "wilaya_code": "16",
        "commune_code": null,
        "commune": null,
        "commune_ar": null,
        "lat": 36.68167,
        "lng": 2.94977,
        "geo_precision": "exact",
        "geo_method": "operator_map",
        "source": "djezzy",
        "operator": "djezzy",
        "technology": "5G",
        "address": "DOUERA"
      }
    },
    {
      "type": "Feature",
      "geometry": {
        "type": "Point",
        "coordinates": [
          3.05791,
          36.77813
        ]
      },
      "properties": {
        "id": "djezzy-0e14ae35e4",
        "name": "ALI BOUMENDJEL",
        "wilaya_code": "16",
        "commune_code": null,
        "commune": null,
        "commune_ar": null,
        "lat": 36.77813,
        "lng": 3.05791,
        "geo_precision": "exact",
        "geo_method": "operator_map",
        "source": "djezzy",
        "operator": "djezzy",
        "technology": "5G",
        "address": "Alger"
      }
    },
    {
      "type": "Feature",
      "geometry": {
        "type": "Point",
        "coordinates": [
          -0.552428,
          35.707967
        ]
      },
      "properties": {
        "id": "djezzy-0e202f7712",
        "name": "Cite hasnaoui",
        "wilaya_code": "31",
        "commune_code": null,
        "commune": null,
        "commune_ar": null,
        "lat": 35.707967,
        "lng": -0.552428,
        "geo_precision": "exact",
        "geo_method": "operator_map",
        "source": "djezzy",
        "operator": "djezzy",
        "technology": "5G",
        "address": "BIR EL DJIR"
      }
    },
    {
      "type": "Feature",
      "geometry": {
        "type": "Point",
        "coordinates": [
          2.99836,
          36.64839
        ]
      },
      "properties": {
        "id": "djezzy-0e5aad92e3",
        "name": "BIR TOUTA",
        "wilaya_code": "16",
        "commune_code": null,
        "commune": null,
        "commune_ar": null,
        "lat": 36.64839,
        "lng": 2.99836,
        "geo_precision": "exact",
        "geo_method": "operator_map",
        "source": "djezzy",
        "operator": "djezzy",
        "technology": "5G",
        "address": "BIRTOUTA"
      }
    },
    {
      "type": "Feature",
      "geometry": {
        "type": "Point",
        "coordinates": [
          3.1665,
          36.7305
        ]
      },
      "properties": {
        "id": "djezzy-0e8fce6216",
        "name": "Carrefour 248 Lgts ilot bannanier1",
        "wilaya_code": "16",
        "commune_code": null,
        "commune": null,
        "commune_ar": null,
        "lat": 36.7305,
        "lng": 3.1665,
        "geo_precision": "exact",
        "geo_method": "operator_map",
        "source": "djezzy",
        "operator": "djezzy",
        "technology": "5G",
        "address": "MOHAMMADIA"
      }
    },
    {
      "type": "Feature",
      "geometry": {
        "type": "Point",
        "coordinates": [
          3.0476,
          36.6912
        ]
      },
      "properties": {
        "id": "djezzy-0ea9f70455",
        "name": "AFAK",
        "wilaya_code": "16",
        "commune_code": null,
        "commune": null,
        "commune_ar": null,
        "lat": 36.6912,
        "lng": 3.0476,
        "geo_precision": "exact",
        "geo_method": "operator_map",
        "source": "djezzy",
        "operator": "djezzy",
        "technology": "5G",
        "address": "SAOULA"
      }
    },
    {
      "type": "Feature",
      "geometry": {
        "type": "Point",
        "coordinates": [
          3.1533,
          36.667
        ]
      },
      "properties": {
        "id": "djezzy-0eb13b7d5d",
        "name": "Les Eucalyptus extension",
        "wilaya_code": "16",
        "commune_code": null,
        "commune": null,
        "commune_ar": null,
        "lat": 36.667,
        "lng": 3.1533,
        "geo_precision": "exact",
        "geo_method": "operator_map",
        "source": "djezzy",
        "operator": "djezzy",
        "technology": "5G",
        "address": "LES EUCALYPTUS"
      }
    },
    {
      "type": "Feature",
      "geometry": {
        "type": "Point",
        "coordinates": [
          3.22414,
          36.75398
        ]
      },
      "properties": {
        "id": "djezzy-0f014963d9",
        "name": "Cité Ben Redouane 2",
        "wilaya_code": "16",
        "commune_code": null,
        "commune": null,
        "commune_ar": null,
        "lat": 36.75398,
        "lng": 3.22414,
        "geo_precision": "exact",
        "geo_method": "operator_map",
        "source": "djezzy",
        "operator": "djezzy",
        "technology": "5G",
        "address": "BORDJ EL KIFFAN"
      }
    },
    {
      "type": "Feature",
      "geometry": {
        "type": "Point",
        "coordinates": [
          -1.33034,
          34.921381
        ]
      },
      "properties": {
        "id": "djezzy-0f06b48db9",
        "name": "New extention Boudjlida ",
        "wilaya_code": "13",
        "commune_code": null,
        "commune": null,
        "commune_ar": null,
        "lat": 34.921381,
        "lng": -1.33034,
        "geo_precision": "exact",
        "geo_method": "operator_map",
        "source": "djezzy",
        "operator": "djezzy",
        "technology": "5G",
        "address": "Tlemcen"
      }
    },
    {
      "type": "Feature",
      "geometry": {
        "type": "Point",
        "coordinates": [
          3.2442,
          36.7621
        ]
      },
      "properties": {
        "id": "djezzy-0f17ebb2f3",
        "name": "BEN MERABET",
        "wilaya_code": "16",
        "commune_code": null,
        "commune": null,
        "commune_ar": null,
        "lat": 36.7621,
        "lng": 3.2442,
        "geo_precision": "exact",
        "geo_method": "operator_map",
        "source": "djezzy",
        "operator": "djezzy",
        "technology": "5G",
        "address": "BORDJ EL KIFFAN"
      }
    },
    {
      "type": "Feature",
      "geometry": {
        "type": "Point",
        "coordinates": [
          3.00547,
          36.64904
        ]
      },
      "properties": {
        "id": "djezzy-0f295fe213",
        "name": "Bir Touta_3",
        "wilaya_code": "16",
        "commune_code": null,
        "commune": null,
        "commune_ar": null,
        "lat": 36.64904,
        "lng": 3.00547,
        "geo_precision": "exact",
        "geo_method": "operator_map",
        "source": "djezzy",
        "operator": "djezzy",
        "technology": "5G",
        "address": "KHRAISSIA"
      }
    },
    {
      "type": "Feature",
      "geometry": {
        "type": "Point",
        "coordinates": [
          -0.564406,
          35.734691
        ]
      },
      "properties": {
        "id": "djezzy-0f65c7fbf6",
        "name": "ILOT 14",
        "wilaya_code": "31",
        "commune_code": null,
        "commune": null,
        "commune_ar": null,
        "lat": 35.734691,
        "lng": -0.564406,
        "geo_precision": "exact",
        "geo_method": "operator_map",
        "source": "djezzy",
        "operator": "djezzy",
        "technology": "5G",
        "address": "SIDI CHAMI"
      }
    },
    {
      "type": "Feature",
      "geometry": {
        "type": "Point",
        "coordinates": [
          3.2624,
          36.7757
        ]
      },
      "properties": {
        "id": "djezzy-0f7f52fb1c",
        "name": "Cite diplomatique 2",
        "wilaya_code": "16",
        "commune_code": null,
        "commune": null,
        "commune_ar": null,
        "lat": 36.7757,
        "lng": 3.2624,
        "geo_precision": "exact",
        "geo_method": "operator_map",
        "source": "djezzy",
        "operator": "djezzy",
        "technology": "5G",
        "address": "BORDJ EL KIFFAN"
      }
    },
    {
      "type": "Feature",
      "geometry": {
        "type": "Point",
        "coordinates": [
          3.002578,
          36.73132
        ]
      },
      "properties": {
        "id": "djezzy-0fd065220b",
        "name": "AADL EL ACHOUR 02",
        "wilaya_code": "16",
        "commune_code": null,
        "commune": null,
        "commune_ar": null,
        "lat": 36.73132,
        "lng": 3.002578,
        "geo_precision": "exact",
        "geo_method": "operator_map",
        "source": "djezzy",
        "operator": "djezzy",
        "technology": "5G",
        "address": "EL ACHOUR"
      }
    },
    {
      "type": "Feature",
      "geometry": {
        "type": "Point",
        "coordinates": [
          6.62677,
          36.37914
        ]
      },
      "properties": {
        "id": "djezzy-0fd12a1508",
        "name": "Cite Amir Abdelkader",
        "wilaya_code": "25",
        "commune_code": null,
        "commune": null,
        "commune_ar": null,
        "lat": 36.37914,
        "lng": 6.62677,
        "geo_precision": "exact",
        "geo_method": "operator_map",
        "source": "djezzy",
        "operator": "djezzy",
        "technology": "5G",
        "address": "Constantine"
      }
    },
    {
      "type": "Feature",
      "geometry": {
        "type": "Point",
        "coordinates": [
          3.98072,
          36.75968
        ]
      },
      "properties": {
        "id": "djezzy-104aa50cad",
        "name": "Sidi Naamane",
        "wilaya_code": "15",
        "commune_code": null,
        "commune": null,
        "commune_ar": null,
        "lat": 36.75968,
        "lng": 3.98072,
        "geo_precision": "exact",
        "geo_method": "operator_map",
        "source": "djezzy",
        "operator": "djezzy",
        "technology": "5G",
        "address": "SIDI NAAMANE"
      }
    },
    {
      "type": "Feature",
      "geometry": {
        "type": "Point",
        "coordinates": [
          3.13451,
          36.73198
        ]
      },
      "properties": {
        "id": "djezzy-105aa456fe",
        "name": "Parc _Communal",
        "wilaya_code": "16",
        "commune_code": null,
        "commune": null,
        "commune_ar": null,
        "lat": 36.73198,
        "lng": 3.13451,
        "geo_precision": "exact",
        "geo_method": "operator_map",
        "source": "djezzy",
        "operator": "djezzy",
        "technology": "5G",
        "address": "MOHAMMADIA"
      }
    },
    {
      "type": "Feature",
      "geometry": {
        "type": "Point",
        "coordinates": [
          5.4587,
          36.1781
        ]
      },
      "properties": {
        "id": "djezzy-10887af048",
        "name": "El Hassi",
        "wilaya_code": "19",
        "commune_code": null,
        "commune": null,
        "commune_ar": null,
        "lat": 36.1781,
        "lng": 5.4587,
        "geo_precision": "exact",
        "geo_method": "operator_map",
        "source": "djezzy",
        "operator": "djezzy",
        "technology": "5G",
        "address": "Setif"
      }
    },
    {
      "type": "Feature",
      "geometry": {
        "type": "Point",
        "coordinates": [
          3.14294,
          36.7397
        ]
      },
      "properties": {
        "id": "djezzy-10a81a370a",
        "name": "Ardis",
        "wilaya_code": "16",
        "commune_code": null,
        "commune": null,
        "commune_ar": null,
        "lat": 36.7397,
        "lng": 3.14294,
        "geo_precision": "exact",
        "geo_method": "operator_map",
        "source": "djezzy",
        "operator": "djezzy",
        "technology": "5G",
        "address": "MOHAMMADIA"
      }
    },
    {
      "type": "Feature",
      "geometry": {
        "type": "Point",
        "coordinates": [
          3.2137,
          36.744
        ]
      },
      "properties": {
        "id": "djezzy-10d48e1007",
        "name": "Si Smail",
        "wilaya_code": "16",
        "commune_code": null,
        "commune": null,
        "commune_ar": null,
        "lat": 36.744,
        "lng": 3.2137,
        "geo_precision": "exact",
        "geo_method": "operator_map",
        "source": "djezzy",
        "operator": "djezzy",
        "technology": "5G",
        "address": "BORDJ EL KIFFAN"
      }
    },
    {
      "type": "Feature",
      "geometry": {
        "type": "Point",
        "coordinates": [
          2.9805,
          36.639
        ]
      },
      "properties": {
        "id": "djezzy-12015dac58",
        "name": "Autoroute Birtouta_Boufarik",
        "wilaya_code": "16",
        "commune_code": null,
        "commune": null,
        "commune_ar": null,
        "lat": 36.639,
        "lng": 2.9805,
        "geo_precision": "exact",
        "geo_method": "operator_map",
        "source": "djezzy",
        "operator": "djezzy",
        "technology": "5G",
        "address": "BIRTOUTA"
      }
    },
    {
      "type": "Feature",
      "geometry": {
        "type": "Point",
        "coordinates": [
          5.702396,
          36.161846
        ]
      },
      "properties": {
        "id": "djezzy-122da65bd7",
        "name": "Boussif Moussa_El Eulma",
        "wilaya_code": "19",
        "commune_code": null,
        "commune": null,
        "commune_ar": null,
        "lat": 36.161846,
        "lng": 5.702396,
        "geo_precision": "exact",
        "geo_method": "operator_map",
        "source": "djezzy",
        "operator": "djezzy",
        "technology": "5G",
        "address": "EL EULMA"
      }
    },
    {
      "type": "Feature",
      "geometry": {
        "type": "Point",
        "coordinates": [
          3.17071,
          36.66313
        ]
      },
      "properties": {
        "id": "djezzy-1268c6607e",
        "name": "sidi Mebarek (cherarba )",
        "wilaya_code": "16",
        "commune_code": null,
        "commune": null,
        "commune_ar": null,
        "lat": 36.66313,
        "lng": 3.17071,
        "geo_precision": "exact",
        "geo_method": "operator_map",
        "source": "djezzy",
        "operator": "djezzy",
        "technology": "5G",
        "address": "LES EUCALYPTUS"
      }
    },
    {
      "type": "Feature",
      "geometry": {
        "type": "Point",
        "coordinates": [
          -0.557313,
          35.705709
        ]
      },
      "properties": {
        "id": "djezzy-128051f279",
        "name": "Cite El Ryad",
        "wilaya_code": "31",
        "commune_code": null,
        "commune": null,
        "commune_ar": null,
        "lat": 35.705709,
        "lng": -0.557313,
        "geo_precision": "exact",
        "geo_method": "operator_map",
        "source": "djezzy",
        "operator": "djezzy",
        "technology": "5G",
        "address": "BIR EL DJIR"
      }
    },
    {
      "type": "Feature",
      "geometry": {
        "type": "Point",
        "coordinates": [
          6.6397,
          36.3572
        ]
      },
      "properties": {
        "id": "djezzy-1287c23d9e",
        "name": "V_CITE MENTOURI",
        "wilaya_code": "25",
        "commune_code": null,
        "commune": null,
        "commune_ar": null,
        "lat": 36.3572,
        "lng": 6.6397,
        "geo_precision": "exact",
        "geo_method": "operator_map",
        "source": "djezzy",
        "operator": "djezzy",
        "technology": "5G",
        "address": "Constantine"
      }
    },
    {
      "type": "Feature",
      "geometry": {
        "type": "Point",
        "coordinates": [
          6.822127,
          36.663734
        ]
      },
      "properties": {
        "id": "djezzy-12dc23af23",
        "name": " Mechtat Bir Stal_El Harouche",
        "wilaya_code": "21",
        "commune_code": null,
        "commune": null,
        "commune_ar": null,
        "lat": 36.663734,
        "lng": 6.822127,
        "geo_precision": "exact",
        "geo_method": "operator_map",
        "source": "djezzy",
        "operator": "djezzy",
        "technology": "5G",
        "address": "EL HARROUCH"
      }
    },
    {
      "type": "Feature",
      "geometry": {
        "type": "Point",
        "coordinates": [
          3.204,
          36.7213
        ]
      },
      "properties": {
        "id": "djezzy-130eb01ec6",
        "name": "Haouch Attar",
        "wilaya_code": "16",
        "commune_code": null,
        "commune": null,
        "commune_ar": null,
        "lat": 36.7213,
        "lng": 3.204,
        "geo_precision": "exact",
        "geo_method": "operator_map",
        "source": "djezzy",
        "operator": "djezzy",
        "technology": "5G",
        "address": "DAR EL BEIDA"
      }
    },
    {
      "type": "Feature",
      "geometry": {
        "type": "Point",
        "coordinates": [
          3.10921,
          36.67081
        ]
      },
      "properties": {
        "id": "djezzy-1325e26efd",
        "name": "Cite Touileb 2",
        "wilaya_code": "16",
        "commune_code": null,
        "commune": null,
        "commune_ar": null,
        "lat": 36.67081,
        "lng": 3.10921,
        "geo_precision": "exact",
        "geo_method": "operator_map",
        "source": "djezzy",
        "operator": "djezzy",
        "technology": "5G",
        "address": "BARAKI"
      }
    },
    {
      "type": "Feature",
      "geometry": {
        "type": "Point",
        "coordinates": [
          -0.546918,
          35.729651
        ]
      },
      "properties": {
        "id": "djezzy-135108ed87",
        "name": "Palmier Stade Olympique",
        "wilaya_code": "31",
        "commune_code": null,
        "commune": null,
        "commune_ar": null,
        "lat": 35.729651,
        "lng": -0.546918,
        "geo_precision": "exact",
        "geo_method": "operator_map",
        "source": "djezzy",
        "operator": "djezzy",
        "technology": "5G",
        "address": "BIR EL DJIR"
      }
    },
    {
      "type": "Feature",
      "geometry": {
        "type": "Point",
        "coordinates": [
          -0.641333333333333,
          35.6865833333333
        ]
      },
      "properties": {
        "id": "djezzy-135d090c90",
        "name": "Mediouni",
        "wilaya_code": "31",
        "commune_code": null,
        "commune": null,
        "commune_ar": null,
        "lat": 35.6865833333333,
        "lng": -0.641333333333333,
        "geo_precision": "exact",
        "geo_method": "operator_map",
        "source": "djezzy",
        "operator": "djezzy",
        "technology": "5G",
        "address": "Oran"
      }
    },
    {
      "type": "Feature",
      "geometry": {
        "type": "Point",
        "coordinates": [
          3.2536,
          36.7797
        ]
      },
      "properties": {
        "id": "djezzy-13630ec93a",
        "name": "Terre familiale bordj El bahri",
        "wilaya_code": "16",
        "commune_code": null,
        "commune": null,
        "commune_ar": null,
        "lat": 36.7797,
        "lng": 3.2536,
        "geo_precision": "exact",
        "geo_method": "operator_map",
        "source": "djezzy",
        "operator": "djezzy",
        "technology": "5G",
        "address": "BORDJ EL BAHRI"
      }
    },
    {
      "type": "Feature",
      "geometry": {
        "type": "Point",
        "coordinates": [
          -0.641368,
          35.703847
        ]
      },
      "properties": {
        "id": "djezzy-13adce4b8c",
        "name": "Consulat d’Espagne",
        "wilaya_code": "31",
        "commune_code": null,
        "commune": null,
        "commune_ar": null,
        "lat": 35.703847,
        "lng": -0.641368,
        "geo_precision": "exact",
        "geo_method": "operator_map",
        "source": "djezzy",
        "operator": "djezzy",
        "technology": "5G",
        "address": "Oran"
      }
    },
    {
      "type": "Feature",
      "geometry": {
        "type": "Point",
        "coordinates": [
          -0.671888888888889,
          35.6348055555556
        ]
      },
      "properties": {
        "id": "djezzy-13f6151f8c",
        "name": "Ain_El_Beida_4",
        "wilaya_code": "31",
        "commune_code": null,
        "commune": null,
        "commune_ar": null,
        "lat": 35.6348055555556,
        "lng": -0.671888888888889,
        "geo_precision": "exact",
        "geo_method": "operator_map",
        "source": "djezzy",
        "operator": "djezzy",
        "technology": "5G",
        "address": "ES SENIA"
      }
    },
    {
      "type": "Feature",
      "geometry": {
        "type": "Point",
        "coordinates": [
          -0.65236,
          35.6539
        ]
      },
      "properties": {
        "id": "djezzy-146166f212",
        "name": "AADL_SENIA",
        "wilaya_code": "31",
        "commune_code": null,
        "commune": null,
        "commune_ar": null,
        "lat": 35.6539,
        "lng": -0.65236,
        "geo_precision": "exact",
        "geo_method": "operator_map",
        "source": "djezzy",
        "operator": "djezzy",
        "technology": "5G",
        "address": "ES SENIA"
      }
    },
    {
      "type": "Feature",
      "geometry": {
        "type": "Point",
        "coordinates": [
          6.16533,
          35.5645
        ]
      },
      "properties": {
        "id": "djezzy-149bd7398c",
        "name": "MSC 17 Batna",
        "wilaya_code": "05",
        "commune_code": null,
        "commune": null,
        "commune_ar": null,
        "lat": 35.5645,
        "lng": 6.16533,
        "geo_precision": "exact",
        "geo_method": "operator_map",
        "source": "djezzy",
        "operator": "djezzy",
        "technology": "5G",
        "address": "Batna"
      }
    },
    {
      "type": "Feature",
      "geometry": {
        "type": "Point",
        "coordinates": [
          3.208484,
          36.715339
        ]
      },
      "properties": {
        "id": "djezzy-14b83c5316",
        "name": "HUAWEI BUILDING",
        "wilaya_code": "16",
        "commune_code": null,
        "commune": null,
        "commune_ar": null,
        "lat": 36.715339,
        "lng": 3.208484,
        "geo_precision": "exact",
        "geo_method": "operator_map",
        "source": "djezzy",
        "operator": "djezzy",
        "technology": "5G",
        "address": "DAR EL BEIDA"
      }
    },
    {
      "type": "Feature",
      "geometry": {
        "type": "Point",
        "coordinates": [
          5.41969,
          36.196
        ]
      },
      "properties": {
        "id": "djezzy-14c641644e",
        "name": "Cite Yahiaoui",
        "wilaya_code": "19",
        "commune_code": null,
        "commune": null,
        "commune_ar": null,
        "lat": 36.196,
        "lng": 5.41969,
        "geo_precision": "exact",
        "geo_method": "operator_map",
        "source": "djezzy",
        "operator": "djezzy",
        "technology": "5G",
        "address": "Setif"
      }
    },
    {
      "type": "Feature",
      "geometry": {
        "type": "Point",
        "coordinates": [
          6.92093,
          35.807083
        ]
      },
      "properties": {
        "id": "djezzy-14f1270e00",
        "name": "Cite Merdj Edib",
        "wilaya_code": "21",
        "commune_code": null,
        "commune": null,
        "commune_ar": null,
        "lat": 35.807083,
        "lng": 6.92093,
        "geo_precision": "exact",
        "geo_method": "operator_map",
        "source": "djezzy",
        "operator": "djezzy",
        "technology": "5G",
        "address": "Skikda"
      }
    },
    {
      "type": "Feature",
      "geometry": {
        "type": "Point",
        "coordinates": [
          3.19396,
          36.74033
        ]
      },
      "properties": {
        "id": "djezzy-14f88b565f",
        "name": "Bordj EL Kiffen",
        "wilaya_code": "16",
        "commune_code": null,
        "commune": null,
        "commune_ar": null,
        "lat": 36.74033,
        "lng": 3.19396,
        "geo_precision": "exact",
        "geo_method": "operator_map",
        "source": "djezzy",
        "operator": "djezzy",
        "technology": "5G",
        "address": "BEB EZZOUAR"
      }
    },
    {
      "type": "Feature",
      "geometry": {
        "type": "Point",
        "coordinates": [
          -0.6109,
          35.6183
        ]
      },
      "properties": {
        "id": "djezzy-14fa439528",
        "name": "Aeroport d'Oran",
        "wilaya_code": "31",
        "commune_code": null,
        "commune": null,
        "commune_ar": null,
        "lat": 35.6183,
        "lng": -0.6109,
        "geo_precision": "exact",
        "geo_method": "operator_map",
        "source": "djezzy",
        "operator": "djezzy",
        "technology": "5G",
        "address": "EL KARMA"
      }
    },
    {
      "type": "Feature",
      "geometry": {
        "type": "Point",
        "coordinates": [
          -0.60011,
          35.68555
        ]
      },
      "properties": {
        "id": "djezzy-14fb3144c2",
        "name": "EL BARKI",
        "wilaya_code": "31",
        "commune_code": null,
        "commune": null,
        "commune_ar": null,
        "lat": 35.68555,
        "lng": -0.60011,
        "geo_precision": "exact",
        "geo_method": "operator_map",
        "source": "djezzy",
        "operator": "djezzy",
        "technology": "5G",
        "address": "Oran"
      }
    },
    {
      "type": "Feature",
      "geometry": {
        "type": "Point",
        "coordinates": [
          3.08484,
          36.7191
        ]
      },
      "properties": {
        "id": "djezzy-155d2acba2",
        "name": "Cite CNEP",
        "wilaya_code": "16",
        "commune_code": null,
        "commune": null,
        "commune_ar": null,
        "lat": 36.7191,
        "lng": 3.08484,
        "geo_precision": "exact",
        "geo_method": "operator_map",
        "source": "djezzy",
        "operator": "djezzy",
        "technology": "5G",
        "address": "KOUBA"
      }
    },
    {
      "type": "Feature",
      "geometry": {
        "type": "Point",
        "coordinates": [
          3.22092,
          36.75768
        ]
      },
      "properties": {
        "id": "djezzy-15b5c562b4",
        "name": "AQUAFORLAND",
        "wilaya_code": "16",
        "commune_code": null,
        "commune": null,
        "commune_ar": null,
        "lat": 36.75768,
        "lng": 3.22092,
        "geo_precision": "exact",
        "geo_method": "operator_map",
        "source": "djezzy",
        "operator": "djezzy",
        "technology": "5G",
        "address": "BORDJ EL KIFFAN"
      }
    },
    {
      "type": "Feature",
      "geometry": {
        "type": "Point",
        "coordinates": [
          3.2493,
          36.7642
        ]
      },
      "properties": {
        "id": "djezzy-15d63cf889",
        "name": "Ben Zerga",
        "wilaya_code": "16",
        "commune_code": null,
        "commune": null,
        "commune_ar": null,
        "lat": 36.7642,
        "lng": 3.2493,
        "geo_precision": "exact",
        "geo_method": "operator_map",
        "source": "djezzy",
        "operator": "djezzy",
        "technology": "5G",
        "address": "BORDJ EL KIFFAN"
      }
    },
    {
      "type": "Feature",
      "geometry": {
        "type": "Point",
        "coordinates": [
          3.21384,
          36.72471
        ]
      },
      "properties": {
        "id": "djezzy-1613c348fd",
        "name": "EL Karia",
        "wilaya_code": "16",
        "commune_code": null,
        "commune": null,
        "commune_ar": null,
        "lat": 36.72471,
        "lng": 3.21384,
        "geo_precision": "exact",
        "geo_method": "operator_map",
        "source": "djezzy",
        "operator": "djezzy",
        "technology": "5G",
        "address": "DAR EL BEIDA"
      }
    },
    {
      "type": "Feature",
      "geometry": {
        "type": "Point",
        "coordinates": [
          5.804884,
          35.978935
        ]
      },
      "properties": {
        "id": "djezzy-16589a26bd",
        "name": "Hammam_Soukhna_DCS_O",
        "wilaya_code": "19",
        "commune_code": null,
        "commune": null,
        "commune_ar": null,
        "lat": 35.978935,
        "lng": 5.804884,
        "geo_precision": "exact",
        "geo_method": "operator_map",
        "source": "djezzy",
        "operator": "djezzy",
        "technology": "5G",
        "address": "HAMMAM SOUKHNA"
      }
    },
    {
      "type": "Feature",
      "geometry": {
        "type": "Point",
        "coordinates": [
          2.90101,
          36.78611
        ]
      },
      "properties": {
        "id": "djezzy-16f3913455",
        "name": "ESHRA Ain Benian",
        "wilaya_code": "16",
        "commune_code": null,
        "commune": null,
        "commune_ar": null,
        "lat": 36.78611,
        "lng": 2.90101,
        "geo_precision": "exact",
        "geo_method": "operator_map",
        "source": "djezzy",
        "operator": "djezzy",
        "technology": "5G",
        "address": "AIN BENIAN"
      }
    },
    {
      "type": "Feature",
      "geometry": {
        "type": "Point",
        "coordinates": [
          4.00945,
          36.72764
        ]
      },
      "properties": {
        "id": "djezzy-17021cb5a3",
        "name": "Nouveau Stade de TIZI OUZOU",
        "wilaya_code": "15",
        "commune_code": null,
        "commune": null,
        "commune_ar": null,
        "lat": 36.72764,
        "lng": 4.00945,
        "geo_precision": "exact",
        "geo_method": "operator_map",
        "source": "djezzy",
        "operator": "djezzy",
        "technology": "5G",
        "address": "Tizi Ouzou"
      }
    },
    {
      "type": "Feature",
      "geometry": {
        "type": "Point",
        "coordinates": [
          -1.74997,
          34.8446
        ]
      },
      "properties": {
        "id": "djezzy-17120a6ed2",
        "name": "El IZZA",
        "wilaya_code": "13",
        "commune_code": null,
        "commune": null,
        "commune_ar": null,
        "lat": 34.8446,
        "lng": -1.74997,
        "geo_precision": "exact",
        "geo_method": "operator_map",
        "source": "djezzy",
        "operator": "djezzy",
        "technology": "5G",
        "address": "MAGHNIA"
      }
    },
    {
      "type": "Feature",
      "geometry": {
        "type": "Point",
        "coordinates": [
          6.63668,
          36.36475
        ]
      },
      "properties": {
        "id": "djezzy-174e2fde2e",
        "name": "Sidi Mebrouk_DCS_T",
        "wilaya_code": "25",
        "commune_code": null,
        "commune": null,
        "commune_ar": null,
        "lat": 36.36475,
        "lng": 6.63668,
        "geo_precision": "exact",
        "geo_method": "operator_map",
        "source": "djezzy",
        "operator": "djezzy",
        "technology": "5G",
        "address": "Constantine"
      }
    },
    {
      "type": "Feature",
      "geometry": {
        "type": "Point",
        "coordinates": [
          2.9879,
          36.7938
        ]
      },
      "properties": {
        "id": "djezzy-1771cf5892",
        "name": "Ecole de banque",
        "wilaya_code": "16",
        "commune_code": null,
        "commune": null,
        "commune_ar": null,
        "lat": 36.7938,
        "lng": 2.9879,
        "geo_precision": "exact",
        "geo_method": "operator_map",
        "source": "djezzy",
        "operator": "djezzy",
        "technology": "5G",
        "address": "BENI MESSOUS"
      }
    },
    {
      "type": "Feature",
      "geometry": {
        "type": "Point",
        "coordinates": [
          2.95994,
          36.66763
        ]
      },
      "properties": {
        "id": "djezzy-1778171fbe",
        "name": "cite telegraphe Douera",
        "wilaya_code": "16",
        "commune_code": null,
        "commune": null,
        "commune_ar": null,
        "lat": 36.66763,
        "lng": 2.95994,
        "geo_precision": "exact",
        "geo_method": "operator_map",
        "source": "djezzy",
        "operator": "djezzy",
        "technology": "5G",
        "address": "DOUERA"
      }
    },
    {
      "type": "Feature",
      "geometry": {
        "type": "Point",
        "coordinates": [
          3.19249,
          36.703635
        ]
      },
      "properties": {
        "id": "djezzy-1780a37612",
        "name": "ZI oued smar 2",
        "wilaya_code": "16",
        "commune_code": null,
        "commune": null,
        "commune_ar": null,
        "lat": 36.703635,
        "lng": 3.19249,
        "geo_precision": "exact",
        "geo_method": "operator_map",
        "source": "djezzy",
        "operator": "djezzy",
        "technology": "5G",
        "address": "OUED SMAR"
      }
    },
    {
      "type": "Feature",
      "geometry": {
        "type": "Point",
        "coordinates": [
          3.20531,
          36.71845
        ]
      },
      "properties": {
        "id": "djezzy-179cb5251b",
        "name": "Autoroute Dar El Beida",
        "wilaya_code": "16",
        "commune_code": null,
        "commune": null,
        "commune_ar": null,
        "lat": 36.71845,
        "lng": 3.20531,
        "geo_precision": "exact",
        "geo_method": "operator_map",
        "source": "djezzy",
        "operator": "djezzy",
        "technology": "5G",
        "address": "DAR EL BEIDA"
      }
    },
    {
      "type": "Feature",
      "geometry": {
        "type": "Point",
        "coordinates": [
          6.89691,
          36.8678
        ]
      },
      "properties": {
        "id": "djezzy-17d6b1cd57",
        "name": "Cite Boulesnane",
        "wilaya_code": "21",
        "commune_code": null,
        "commune": null,
        "commune_ar": null,
        "lat": 36.8678,
        "lng": 6.89691,
        "geo_precision": "exact",
        "geo_method": "operator_map",
        "source": "djezzy",
        "operator": "djezzy",
        "technology": "5G",
        "address": "Skikda"
      }
    },
    {
      "type": "Feature",
      "geometry": {
        "type": "Point",
        "coordinates": [
          3.26232,
          36.77029
        ]
      },
      "properties": {
        "id": "djezzy-17e03c5b28",
        "name": "Cite Diplomatique",
        "wilaya_code": "16",
        "commune_code": null,
        "commune": null,
        "commune_ar": null,
        "lat": 36.77029,
        "lng": 3.26232,
        "geo_precision": "exact",
        "geo_method": "operator_map",
        "source": "djezzy",
        "operator": "djezzy",
        "technology": "5G",
        "address": "BORDJ EL KIFFAN"
      }
    },
    {
      "type": "Feature",
      "geometry": {
        "type": "Point",
        "coordinates": [
          3.075314,
          36.735651
        ]
      },
      "properties": {
        "id": "djezzy-18d9b175c0",
        "name": "Ministere des Affaires Etrangeres",
        "wilaya_code": "16",
        "commune_code": null,
        "commune": null,
        "commune_ar": null,
        "lat": 36.735651,
        "lng": 3.075314,
        "geo_precision": "exact",
        "geo_method": "operator_map",
        "source": "djezzy",
        "operator": "djezzy",
        "technology": "5G",
        "address": "KOUBA"
      }
    },
    {
      "type": "Feature",
      "geometry": {
        "type": "Point",
        "coordinates": [
          3.23494,
          36.75893
        ]
      },
      "properties": {
        "id": "djezzy-18ee28c11f",
        "name": "Palais d'Afrique",
        "wilaya_code": "16",
        "commune_code": null,
        "commune": null,
        "commune_ar": null,
        "lat": 36.75893,
        "lng": 3.23494,
        "geo_precision": "exact",
        "geo_method": "operator_map",
        "source": "djezzy",
        "operator": "djezzy",
        "technology": "5G",
        "address": "BORDJ EL KIFFAN"
      }
    },
    {
      "type": "Feature",
      "geometry": {
        "type": "Point",
        "coordinates": [
          3.00267,
          36.78116
        ]
      },
      "properties": {
        "id": "djezzy-18ef6b9308",
        "name": "Bouzereah Lotissement La Fumee",
        "wilaya_code": "16",
        "commune_code": null,
        "commune": null,
        "commune_ar": null,
        "lat": 36.78116,
        "lng": 3.00267,
        "geo_precision": "exact",
        "geo_method": "operator_map",
        "source": "djezzy",
        "operator": "djezzy",
        "technology": "5G",
        "address": "BOUZAREAH"
      }
    },
    {
      "type": "Feature",
      "geometry": {
        "type": "Point",
        "coordinates": [
          3.18977,
          36.73153
        ]
      },
      "properties": {
        "id": "djezzy-1a420d28c4",
        "name": "Cite SORICAL",
        "wilaya_code": "16",
        "commune_code": null,
        "commune": null,
        "commune_ar": null,
        "lat": 36.73153,
        "lng": 3.18977,
        "geo_precision": "exact",
        "geo_method": "operator_map",
        "source": "djezzy",
        "operator": "djezzy",
        "technology": "5G",
        "address": "BEB EZZOUAR"
      }
    },
    {
      "type": "Feature",
      "geometry": {
        "type": "Point",
        "coordinates": [
          3.05099,
          36.7761
        ]
      },
      "properties": {
        "id": "djezzy-1a47970538",
        "name": "Hotel Aurassi",
        "wilaya_code": "16",
        "commune_code": null,
        "commune": null,
        "commune_ar": null,
        "lat": 36.7761,
        "lng": 3.05099,
        "geo_precision": "exact",
        "geo_method": "operator_map",
        "source": "djezzy",
        "operator": "djezzy",
        "technology": "5G",
        "address": "Alger"
      }
    },
    {
      "type": "Feature",
      "geometry": {
        "type": "Point",
        "coordinates": [
          3.2283,
          36.7111
        ]
      },
      "properties": {
        "id": "djezzy-1b445aa409",
        "name": "DAR EL DEIDA 3",
        "wilaya_code": "16",
        "commune_code": null,
        "commune": null,
        "commune_ar": null,
        "lat": 36.7111,
        "lng": 3.2283,
        "geo_precision": "exact",
        "geo_method": "operator_map",
        "source": "djezzy",
        "operator": "djezzy",
        "technology": "5G",
        "address": "DAR EL BEIDA"
      }
    },
    {
      "type": "Feature",
      "geometry": {
        "type": "Point",
        "coordinates": [
          3.0529,
          36.74843
        ]
      },
      "properties": {
        "id": "djezzy-1c3284f234",
        "name": "Golf Centre Commercial",
        "wilaya_code": "16",
        "commune_code": null,
        "commune": null,
        "commune_ar": null,
        "lat": 36.74843,
        "lng": 3.0529,
        "geo_precision": "exact",
        "geo_method": "operator_map",
        "source": "djezzy",
        "operator": "djezzy",
        "technology": "5G",
        "address": "EL MOURADIA"
      }
    },
    {
      "type": "Feature",
      "geometry": {
        "type": "Point",
        "coordinates": [
          2.9585,
          36.6749
        ]
      },
      "properties": {
        "id": "djezzy-1c3defa49e",
        "name": "Nouvelle extention Baba Hacen",
        "wilaya_code": "16",
        "commune_code": null,
        "commune": null,
        "commune_ar": null,
        "lat": 36.6749,
        "lng": 2.9585,
        "geo_precision": "exact",
        "geo_method": "operator_map",
        "source": "djezzy",
        "operator": "djezzy",
        "technology": "5G",
        "address": "DOUERA"
      }
    },
    {
      "type": "Feature",
      "geometry": {
        "type": "Point",
        "coordinates": [
          3.003721,
          36.689073
        ]
      },
      "properties": {
        "id": "djezzy-1c510370b8",
        "name": "ROUTE KHRAICIA N63",
        "wilaya_code": "16",
        "commune_code": null,
        "commune": null,
        "commune_ar": null,
        "lat": 36.689073,
        "lng": 3.003721,
        "geo_precision": "exact",
        "geo_method": "operator_map",
        "source": "djezzy",
        "operator": "djezzy",
        "technology": "5G",
        "address": "KHRAISSIA"
      }
    },
    {
      "type": "Feature",
      "geometry": {
        "type": "Point",
        "coordinates": [
          -0.579435,
          35.694466
        ]
      },
      "properties": {
        "id": "djezzy-1c5b2cd17b",
        "name": "Faculte de medecine",
        "wilaya_code": "31",
        "commune_code": null,
        "commune": null,
        "commune_ar": null,
        "lat": 35.694466,
        "lng": -0.579435,
        "geo_precision": "exact",
        "geo_method": "operator_map",
        "source": "djezzy",
        "operator": "djezzy",
        "technology": "5G",
        "address": "SIDI CHAMI"
      }
    },
    {
      "type": "Feature",
      "geometry": {
        "type": "Point",
        "coordinates": [
          2.83502,
          36.7107
        ]
      },
      "properties": {
        "id": "djezzy-1ca065b9ba",
        "name": "Zeralda_3",
        "wilaya_code": "16",
        "commune_code": null,
        "commune": null,
        "commune_ar": null,
        "lat": 36.7107,
        "lng": 2.83502,
        "geo_precision": "exact",
        "geo_method": "operator_map",
        "source": "djezzy",
        "operator": "djezzy",
        "technology": "5G",
        "address": "ZERALDA"
      }
    },
    {
      "type": "Feature",
      "geometry": {
        "type": "Point",
        "coordinates": [
          3.22054,
          36.61665
        ]
      },
      "properties": {
        "id": "djezzy-1ca3512aa7",
        "name": "Meftah 5",
        "wilaya_code": "09",
        "commune_code": null,
        "commune": null,
        "commune_ar": null,
        "lat": 36.61665,
        "lng": 3.22054,
        "geo_precision": "exact",
        "geo_method": "operator_map",
        "source": "djezzy",
        "operator": "djezzy",
        "technology": "5G",
        "address": "MEFTAH"
      }
    },
    {
      "type": "Feature",
      "geometry": {
        "type": "Point",
        "coordinates": [
          -0.535406,
          35.753823
        ]
      },
      "properties": {
        "id": "djezzy-1d2c565796",
        "name": "OPGI Belgaid",
        "wilaya_code": "31",
        "commune_code": null,
        "commune": null,
        "commune_ar": null,
        "lat": 35.753823,
        "lng": -0.535406,
        "geo_precision": "exact",
        "geo_method": "operator_map",
        "source": "djezzy",
        "operator": "djezzy",
        "technology": "5G",
        "address": "BIR EL DJIR"
      }
    },
    {
      "type": "Feature",
      "geometry": {
        "type": "Point",
        "coordinates": [
          2.92066,
          36.76244
        ]
      },
      "properties": {
        "id": "djezzy-1d44cf8854",
        "name": "Les dunes",
        "wilaya_code": "16",
        "commune_code": null,
        "commune": null,
        "commune_ar": null,
        "lat": 36.76244,
        "lng": 2.92066,
        "geo_precision": "exact",
        "geo_method": "operator_map",
        "source": "djezzy",
        "operator": "djezzy",
        "technology": "5G",
        "address": "CHERAGA"
      }
    },
    {
      "type": "Feature",
      "geometry": {
        "type": "Point",
        "coordinates": [
          2.985355,
          36.662735
        ]
      },
      "properties": {
        "id": "djezzy-1d48713d03",
        "name": "Boukhriss_4",
        "wilaya_code": "16",
        "commune_code": null,
        "commune": null,
        "commune_ar": null,
        "lat": 36.662735,
        "lng": 2.985355,
        "geo_precision": "exact",
        "geo_method": "operator_map",
        "source": "djezzy",
        "operator": "djezzy",
        "technology": "5G",
        "address": "KHRAISSIA"
      }
    },
    {
      "type": "Feature",
      "geometry": {
        "type": "Point",
        "coordinates": [
          -1.71402,
          34.85909
        ]
      },
      "properties": {
        "id": "djezzy-1dae22b072",
        "name": "Nouveau Matmour",
        "wilaya_code": "13",
        "commune_code": null,
        "commune": null,
        "commune_ar": null,
        "lat": 34.85909,
        "lng": -1.71402,
        "geo_precision": "exact",
        "geo_method": "operator_map",
        "source": "djezzy",
        "operator": "djezzy",
        "technology": "5G",
        "address": "MAGHNIA"
      }
    },
    {
      "type": "Feature",
      "geometry": {
        "type": "Point",
        "coordinates": [
          -0.538916666666667,
          35.7573888888889
        ]
      },
      "properties": {
        "id": "djezzy-1def9339c4",
        "name": "Bel Gaied",
        "wilaya_code": "31",
        "commune_code": null,
        "commune": null,
        "commune_ar": null,
        "lat": 35.7573888888889,
        "lng": -0.538916666666667,
        "geo_precision": "exact",
        "geo_method": "operator_map",
        "source": "djezzy",
        "operator": "djezzy",
        "technology": "5G",
        "address": "BIR EL DJIR"
      }
    },
    {
      "type": "Feature",
      "geometry": {
        "type": "Point",
        "coordinates": [
          3.17373,
          36.64822
        ]
      },
      "properties": {
        "id": "djezzy-1ef1a67492",
        "name": "View Chrarba 2",
        "wilaya_code": "16",
        "commune_code": null,
        "commune": null,
        "commune_ar": null,
        "lat": 36.64822,
        "lng": 3.17373,
        "geo_precision": "exact",
        "geo_method": "operator_map",
        "source": "djezzy",
        "operator": "djezzy",
        "technology": "5G",
        "address": "LES EUCALYPTUS"
      }
    },
    {
      "type": "Feature",
      "geometry": {
        "type": "Point",
        "coordinates": [
          3.366,
          36.745
        ]
      },
      "properties": {
        "id": "djezzy-1ef5d8f4a8",
        "name": "Marhaba Mosque Ennour",
        "wilaya_code": "16",
        "commune_code": null,
        "commune": null,
        "commune_ar": null,
        "lat": 36.745,
        "lng": 3.366,
        "geo_precision": "exact",
        "geo_method": "operator_map",
        "source": "djezzy",
        "operator": "djezzy",
        "technology": "5G",
        "address": "REGHAIA"
      }
    },
    {
      "type": "Feature",
      "geometry": {
        "type": "Point",
        "coordinates": [
          2.9798,
          36.6639
        ]
      },
      "properties": {
        "id": "djezzy-1f0c9749b5",
        "name": "Boukhriss 2",
        "wilaya_code": "16",
        "commune_code": null,
        "commune": null,
        "commune_ar": null,
        "lat": 36.6639,
        "lng": 2.9798,
        "geo_precision": "exact",
        "geo_method": "operator_map",
        "source": "djezzy",
        "operator": "djezzy",
        "technology": "5G",
        "address": "KHRAISSIA"
      }
    },
    {
      "type": "Feature",
      "geometry": {
        "type": "Point",
        "coordinates": [
          3.24516,
          36.69
        ]
      },
      "properties": {
        "id": "djezzy-1fc7d116d2",
        "name": "Cite Abane Ramdane",
        "wilaya_code": "16",
        "commune_code": null,
        "commune": null,
        "commune_ar": null,
        "lat": 36.69,
        "lng": 3.24516,
        "geo_precision": "approximate",
        "geo_method": "operator_map",
        "source": "djezzy",
        "operator": "djezzy",
        "technology": "5G",
        "address": "DAR EL BEIDA"
      }
    },
    {
      "type": "Feature",
      "geometry": {
        "type": "Point",
        "coordinates": [
          3.25944,
          36.76776
        ]
      },
      "properties": {
        "id": "djezzy-205f4cce1f",
        "name": "DERGANA 2",
        "wilaya_code": "16",
        "commune_code": null,
        "commune": null,
        "commune_ar": null,
        "lat": 36.76776,
        "lng": 3.25944,
        "geo_precision": "exact",
        "geo_method": "operator_map",
        "source": "djezzy",
        "operator": "djezzy",
        "technology": "5G",
        "address": "BORDJ EL KIFFAN"
      }
    },
    {
      "type": "Feature",
      "geometry": {
        "type": "Point",
        "coordinates": [
          2.9409,
          36.67019
        ]
      },
      "properties": {
        "id": "djezzy-20dec580f8",
        "name": "Douera _4",
        "wilaya_code": "16",
        "commune_code": null,
        "commune": null,
        "commune_ar": null,
        "lat": 36.67019,
        "lng": 2.9409,
        "geo_precision": "exact",
        "geo_method": "operator_map",
        "source": "djezzy",
        "operator": "djezzy",
        "technology": "5G",
        "address": "DOUERA"
      }
    },
    {
      "type": "Feature",
      "geometry": {
        "type": "Point",
        "coordinates": [
          6.62325,
          36.27184
        ]
      },
      "properties": {
        "id": "djezzy-20fa079a1c",
        "name": "Freres Ferrad",
        "wilaya_code": "25",
        "commune_code": null,
        "commune": null,
        "commune_ar": null,
        "lat": 36.27184,
        "lng": 6.62325,
        "geo_precision": "exact",
        "geo_method": "operator_map",
        "source": "djezzy",
        "operator": "djezzy",
        "technology": "5G",
        "address": "Constantine"
      }
    },
    {
      "type": "Feature",
      "geometry": {
        "type": "Point",
        "coordinates": [
          5.372447,
          36.213361
        ]
      },
      "properties": {
        "id": "djezzy-2127c147aa",
        "name": "Chouf Lekdad_2",
        "wilaya_code": "19",
        "commune_code": null,
        "commune": null,
        "commune_ar": null,
        "lat": 36.213361,
        "lng": 5.372447,
        "geo_precision": "exact",
        "geo_method": "operator_map",
        "source": "djezzy",
        "operator": "djezzy",
        "technology": "5G",
        "address": "Setif"
      }
    },
    {
      "type": "Feature",
      "geometry": {
        "type": "Point",
        "coordinates": [
          5.428372,
          36.200006
        ]
      },
      "properties": {
        "id": "djezzy-217905e87e",
        "name": "Cite Lahchama",
        "wilaya_code": "19",
        "commune_code": null,
        "commune": null,
        "commune_ar": null,
        "lat": 36.200006,
        "lng": 5.428372,
        "geo_precision": "exact",
        "geo_method": "operator_map",
        "source": "djezzy",
        "operator": "djezzy",
        "technology": "5G",
        "address": "Setif"
      }
    },
    {
      "type": "Feature",
      "geometry": {
        "type": "Point",
        "coordinates": [
          5.63559,
          36.1557
        ]
      },
      "properties": {
        "id": "djezzy-218263de17",
        "name": "B.P SMARA",
        "wilaya_code": "19",
        "commune_code": null,
        "commune": null,
        "commune_ar": null,
        "lat": 36.1557,
        "lng": 5.63559,
        "geo_precision": "exact",
        "geo_method": "operator_map",
        "source": "djezzy",
        "operator": "djezzy",
        "technology": "5G",
        "address": "EL EULMA"
      }
    },
    {
      "type": "Feature",
      "geometry": {
        "type": "Point",
        "coordinates": [
          3.18439,
          36.7352
        ]
      },
      "properties": {
        "id": "djezzy-2199d9ceb8",
        "name": "Bab Ezzouar 3",
        "wilaya_code": "16",
        "commune_code": null,
        "commune": null,
        "commune_ar": null,
        "lat": 36.7352,
        "lng": 3.18439,
        "geo_precision": "exact",
        "geo_method": "operator_map",
        "source": "djezzy",
        "operator": "djezzy",
        "technology": "5G",
        "address": "BEB EZZOUAR"
      }
    },
    {
      "type": "Feature",
      "geometry": {
        "type": "Point",
        "coordinates": [
          3.21676,
          36.58887
        ]
      },
      "properties": {
        "id": "djezzy-22362b5e38",
        "name": "Haouch errih",
        "wilaya_code": "09",
        "commune_code": null,
        "commune": null,
        "commune_ar": null,
        "lat": 36.58887,
        "lng": 3.21676,
        "geo_precision": "exact",
        "geo_method": "operator_map",
        "source": "djezzy",
        "operator": "djezzy",
        "technology": "5G",
        "address": "MEFTAH"
      }
    },
    {
      "type": "Feature",
      "geometry": {
        "type": "Point",
        "coordinates": [
          -1.726194,
          34.851071
        ]
      },
      "properties": {
        "id": "djezzy-232d3b027e",
        "name": "CENTRE MAGHNIA ",
        "wilaya_code": "13",
        "commune_code": null,
        "commune": null,
        "commune_ar": null,
        "lat": 34.851071,
        "lng": -1.726194,
        "geo_precision": "exact",
        "geo_method": "operator_map",
        "source": "djezzy",
        "operator": "djezzy",
        "technology": "5G",
        "address": "MAGHNIA"
      }
    },
    {
      "type": "Feature",
      "geometry": {
        "type": "Point",
        "coordinates": [
          6.649825,
          36.14749
        ]
      },
      "properties": {
        "id": "djezzy-234cd7d69f",
        "name": "Cite El Mouna",
        "wilaya_code": "25",
        "commune_code": null,
        "commune": null,
        "commune_ar": null,
        "lat": 36.14749,
        "lng": 6.649825,
        "geo_precision": "exact",
        "geo_method": "operator_map",
        "source": "djezzy",
        "operator": "djezzy",
        "technology": "5G",
        "address": "Constantine"
      }
    },
    {
      "type": "Feature",
      "geometry": {
        "type": "Point",
        "coordinates": [
          2.8295,
          36.6976
        ]
      },
      "properties": {
        "id": "djezzy-234ef2dfe5",
        "name": "Sidi Mnif 2",
        "wilaya_code": "16",
        "commune_code": null,
        "commune": null,
        "commune_ar": null,
        "lat": 36.6976,
        "lng": 2.8295,
        "geo_precision": "exact",
        "geo_method": "operator_map",
        "source": "djezzy",
        "operator": "djezzy",
        "technology": "5G",
        "address": "ZERALDA"
      }
    },
    {
      "type": "Feature",
      "geometry": {
        "type": "Point",
        "coordinates": [
          3.08651,
          36.70301
        ]
      },
      "properties": {
        "id": "djezzy-23b876c046",
        "name": "cité 400 LPL Ain naadja",
        "wilaya_code": "16",
        "commune_code": null,
        "commune": null,
        "commune_ar": null,
        "lat": 36.70301,
        "lng": 3.08651,
        "geo_precision": "exact",
        "geo_method": "operator_map",
        "source": "djezzy",
        "operator": "djezzy",
        "technology": "5G",
        "address": "DJISR KSENTINA"
      }
    },
    {
      "type": "Feature",
      "geometry": {
        "type": "Point",
        "coordinates": [
          3.07502,
          36.732
        ]
      },
      "properties": {
        "id": "djezzy-23cdd7fdbd",
        "name": "Cite Les Anassers",
        "wilaya_code": "16",
        "commune_code": null,
        "commune": null,
        "commune_ar": null,
        "lat": 36.732,
        "lng": 3.07502,
        "geo_precision": "exact",
        "geo_method": "operator_map",
        "source": "djezzy",
        "operator": "djezzy",
        "technology": "5G",
        "address": "KOUBA"
      }
    },
    {
      "type": "Feature",
      "geometry": {
        "type": "Point",
        "coordinates": [
          6.62987,
          36.3519
        ]
      },
      "properties": {
        "id": "djezzy-23d8f384b3",
        "name": "LES MURIERS DCS",
        "wilaya_code": "25",
        "commune_code": null,
        "commune": null,
        "commune_ar": null,
        "lat": 36.3519,
        "lng": 6.62987,
        "geo_precision": "exact",
        "geo_method": "operator_map",
        "source": "djezzy",
        "operator": "djezzy",
        "technology": "5G",
        "address": "Constantine"
      }
    },
    {
      "type": "Feature",
      "geometry": {
        "type": "Point",
        "coordinates": [
          3.26151,
          36.77947
        ]
      },
      "properties": {
        "id": "djezzy-247df4e6d2",
        "name": "Cite Diplomatique",
        "wilaya_code": "16",
        "commune_code": null,
        "commune": null,
        "commune_ar": null,
        "lat": 36.77947,
        "lng": 3.26151,
        "geo_precision": "exact",
        "geo_method": "operator_map",
        "source": "djezzy",
        "operator": "djezzy",
        "technology": "5G",
        "address": "BORDJ EL KIFFAN"
      }
    },
    {
      "type": "Feature",
      "geometry": {
        "type": "Point",
        "coordinates": [
          -0.542,
          35.6865
        ]
      },
      "properties": {
        "id": "djezzy-24854eb150",
        "name": "ROUTE ZAOUIA ",
        "wilaya_code": "31",
        "commune_code": null,
        "commune": null,
        "commune_ar": null,
        "lat": 35.6865,
        "lng": -0.542,
        "geo_precision": "exact",
        "geo_method": "operator_map",
        "source": "djezzy",
        "operator": "djezzy",
        "technology": "5G",
        "address": "SIDI CHAMI"
      }
    },
    {
      "type": "Feature",
      "geometry": {
        "type": "Point",
        "coordinates": [
          5.3925,
          36.1972
        ]
      },
      "properties": {
        "id": "djezzy-24cc91dbf6",
        "name": "CITE GASRIA",
        "wilaya_code": "19",
        "commune_code": null,
        "commune": null,
        "commune_ar": null,
        "lat": 36.1972,
        "lng": 5.3925,
        "geo_precision": "exact",
        "geo_method": "operator_map",
        "source": "djezzy",
        "operator": "djezzy",
        "technology": "5G",
        "address": "Setif"
      }
    },
    {
      "type": "Feature",
      "geometry": {
        "type": "Point",
        "coordinates": [
          3.05494,
          36.69448
        ]
      },
      "properties": {
        "id": "djezzy-2511aaa970",
        "name": "Residence El Affak",
        "wilaya_code": "16",
        "commune_code": null,
        "commune": null,
        "commune_ar": null,
        "lat": 36.69448,
        "lng": 3.05494,
        "geo_precision": "exact",
        "geo_method": "operator_map",
        "source": "djezzy",
        "operator": "djezzy",
        "technology": "5G",
        "address": "DJISR KSENTINA"
      }
    },
    {
      "type": "Feature",
      "geometry": {
        "type": "Point",
        "coordinates": [
          3.05788,
          36.6938
        ]
      },
      "properties": {
        "id": "djezzy-253ca6996d",
        "name": "NAFTAL NATIONAL",
        "wilaya_code": "16",
        "commune_code": null,
        "commune": null,
        "commune_ar": null,
        "lat": 36.6938,
        "lng": 3.05788,
        "geo_precision": "exact",
        "geo_method": "operator_map",
        "source": "djezzy",
        "operator": "djezzy",
        "technology": "5G",
        "address": "DJISR KSENTINA"
      }
    },
    {
      "type": "Feature",
      "geometry": {
        "type": "Point",
        "coordinates": [
          2.9528,
          36.75711
        ]
      },
      "properties": {
        "id": "djezzy-255db1d676",
        "name": "Amara 2",
        "wilaya_code": "16",
        "commune_code": null,
        "commune": null,
        "commune_ar": null,
        "lat": 36.75711,
        "lng": 2.9528,
        "geo_precision": "exact",
        "geo_method": "operator_map",
        "source": "djezzy",
        "operator": "djezzy",
        "technology": "5G",
        "address": "CHERAGA"
      }
    },
    {
      "type": "Feature",
      "geometry": {
        "type": "Point",
        "coordinates": [
          -0.68753,
          35.661919
        ]
      },
      "properties": {
        "id": "djezzy-258b26c184",
        "name": "EL HASSI 3",
        "wilaya_code": "31",
        "commune_code": null,
        "commune": null,
        "commune_ar": null,
        "lat": 35.661919,
        "lng": -0.68753,
        "geo_precision": "exact",
        "geo_method": "operator_map",
        "source": "djezzy",
        "operator": "djezzy",
        "technology": "5G",
        "address": "Oran"
      }
    },
    {
      "type": "Feature",
      "geometry": {
        "type": "Point",
        "coordinates": [
          -0.633,
          35.70555
        ]
      },
      "properties": {
        "id": "djezzy-267d1d290f",
        "name": "Tripoli",
        "wilaya_code": "31",
        "commune_code": null,
        "commune": null,
        "commune_ar": null,
        "lat": 35.70555,
        "lng": -0.633,
        "geo_precision": "exact",
        "geo_method": "operator_map",
        "source": "djezzy",
        "operator": "djezzy",
        "technology": "5G",
        "address": "Oran"
      }
    },
    {
      "type": "Feature",
      "geometry": {
        "type": "Point",
        "coordinates": [
          2.9047,
          36.6368
        ]
      },
      "properties": {
        "id": "djezzy-267d5c571b",
        "name": "Dkakna 2",
        "wilaya_code": "16",
        "commune_code": null,
        "commune": null,
        "commune_ar": null,
        "lat": 36.6368,
        "lng": 2.9047,
        "geo_precision": "exact",
        "geo_method": "operator_map",
        "source": "djezzy",
        "operator": "djezzy",
        "technology": "5G",
        "address": "DOUERA"
      }
    },
    {
      "type": "Feature",
      "geometry": {
        "type": "Point",
        "coordinates": [
          3.24908,
          36.78052
        ]
      },
      "properties": {
        "id": "djezzy-2686271c41",
        "name": "BORDJ EL BAHRI_4",
        "wilaya_code": "16",
        "commune_code": null,
        "commune": null,
        "commune_ar": null,
        "lat": 36.78052,
        "lng": 3.24908,
        "geo_precision": "exact",
        "geo_method": "operator_map",
        "source": "djezzy",
        "operator": "djezzy",
        "technology": "5G",
        "address": "BORDJ EL BAHRI"
      }
    },
    {
      "type": "Feature",
      "geometry": {
        "type": "Point",
        "coordinates": [
          -1.3243,
          34.88597
        ]
      },
      "properties": {
        "id": "djezzy-26ea3c4915",
        "name": "Les manadier",
        "wilaya_code": "13",
        "commune_code": null,
        "commune": null,
        "commune_ar": null,
        "lat": 34.88597,
        "lng": -1.3243,
        "geo_precision": "exact",
        "geo_method": "operator_map",
        "source": "djezzy",
        "operator": "djezzy",
        "technology": "5G",
        "address": "Tlemcen"
      }
    },
    {
      "type": "Feature",
      "geometry": {
        "type": "Point",
        "coordinates": [
          -1.89257,
          35.01445
        ]
      },
      "properties": {
        "id": "djezzy-26fdeea647",
        "name": "Sidi Brahem",
        "wilaya_code": "13",
        "commune_code": null,
        "commune": null,
        "commune_ar": null,
        "lat": 35.01445,
        "lng": -1.89257,
        "geo_precision": "exact",
        "geo_method": "operator_map",
        "source": "djezzy",
        "operator": "djezzy",
        "technology": "5G",
        "address": "SOUAHLIA"
      }
    },
    {
      "type": "Feature",
      "geometry": {
        "type": "Point",
        "coordinates": [
          6.816273,
          36.666531
        ]
      },
      "properties": {
        "id": "djezzy-27055d0a7e",
        "name": "New City_El Harrouche",
        "wilaya_code": "21",
        "commune_code": null,
        "commune": null,
        "commune_ar": null,
        "lat": 36.666531,
        "lng": 6.816273,
        "geo_precision": "exact",
        "geo_method": "operator_map",
        "source": "djezzy",
        "operator": "djezzy",
        "technology": "5G",
        "address": "EL HARROUCH"
      }
    },
    {
      "type": "Feature",
      "geometry": {
        "type": "Point",
        "coordinates": [
          -1.72483333333333,
          34.8544722222222
        ]
      },
      "properties": {
        "id": "djezzy-27238ad6b3",
        "name": "Maghnia (TDA)",
        "wilaya_code": "13",
        "commune_code": null,
        "commune": null,
        "commune_ar": null,
        "lat": 34.8544722222222,
        "lng": -1.72483333333333,
        "geo_precision": "exact",
        "geo_method": "operator_map",
        "source": "djezzy",
        "operator": "djezzy",
        "technology": "5G",
        "address": "MAGHNIA"
      }
    },
    {
      "type": "Feature",
      "geometry": {
        "type": "Point",
        "coordinates": [
          5.442006,
          35.66925
        ]
      },
      "properties": {
        "id": "djezzy-273569c0a9",
        "name": "Cite_El_hidhab2",
        "wilaya_code": "19",
        "commune_code": null,
        "commune": null,
        "commune_ar": null,
        "lat": 35.66925,
        "lng": 5.442006,
        "geo_precision": "exact",
        "geo_method": "operator_map",
        "source": "djezzy",
        "operator": "djezzy",
        "technology": "5G",
        "address": "Setif"
      }
    },
    {
      "type": "Feature",
      "geometry": {
        "type": "Point",
        "coordinates": [
          3.017805,
          36.750302
        ]
      },
      "properties": {
        "id": "djezzy-28004c6c60",
        "name": "La Touche",
        "wilaya_code": "16",
        "commune_code": null,
        "commune": null,
        "commune_ar": null,
        "lat": 36.750302,
        "lng": 3.017805,
        "geo_precision": "exact",
        "geo_method": "operator_map",
        "source": "djezzy",
        "operator": "djezzy",
        "technology": "5G",
        "address": "HYDRA"
      }
    },
    {
      "type": "Feature",
      "geometry": {
        "type": "Point",
        "coordinates": [
          -0.586527777777778,
          35.7151388888889
        ]
      },
      "properties": {
        "id": "djezzy-28291b7ec6",
        "name": "Bir El Djir",
        "wilaya_code": "31",
        "commune_code": null,
        "commune": null,
        "commune_ar": null,
        "lat": 35.7151388888889,
        "lng": -0.586527777777778,
        "geo_precision": "exact",
        "geo_method": "operator_map",
        "source": "djezzy",
        "operator": "djezzy",
        "technology": "5G",
        "address": "BIR EL DJIR"
      }
    },
    {
      "type": "Feature",
      "geometry": {
        "type": "Point",
        "coordinates": [
          2.99108,
          36.76483
        ]
      },
      "properties": {
        "id": "djezzy-2833f6b844",
        "name": "EN NADJAH",
        "wilaya_code": "16",
        "commune_code": null,
        "commune": null,
        "commune_ar": null,
        "lat": 36.76483,
        "lng": 2.99108,
        "geo_precision": "exact",
        "geo_method": "operator_map",
        "source": "djezzy",
        "operator": "djezzy",
        "technology": "5G",
        "address": "DELY BRAHIM"
      }
    },
    {
      "type": "Feature",
      "geometry": {
        "type": "Point",
        "coordinates": [
          -0.26925,
          35.8070833333333
        ]
      },
      "properties": {
        "id": "djezzy-28514a39a9",
        "name": "BETHIOUA CENTRE",
        "wilaya_code": "31",
        "commune_code": null,
        "commune": null,
        "commune_ar": null,
        "lat": 35.8070833333333,
        "lng": -0.26925,
        "geo_precision": "exact",
        "geo_method": "operator_map",
        "source": "djezzy",
        "operator": "djezzy",
        "technology": "5G",
        "address": "BETHIOUA"
      }
    },
    {
      "type": "Feature",
      "geometry": {
        "type": "Point",
        "coordinates": [
          3.10563,
          36.62487
        ]
      },
      "properties": {
        "id": "djezzy-286cf94803",
        "name": "citÂ¯ Houaoura",
        "wilaya_code": "16",
        "commune_code": null,
        "commune": null,
        "commune_ar": null,
        "lat": 36.62487,
        "lng": 3.10563,
        "geo_precision": "exact",
        "geo_method": "operator_map",
        "source": "djezzy",
        "operator": "djezzy",
        "technology": "5G",
        "address": "SIDI MOUSSA"
      }
    },
    {
      "type": "Feature",
      "geometry": {
        "type": "Point",
        "coordinates": [
          6.62011,
          36.3687
        ]
      },
      "properties": {
        "id": "djezzy-2933f8b98a",
        "name": "GARE",
        "wilaya_code": "25",
        "commune_code": null,
        "commune": null,
        "commune_ar": null,
        "lat": 36.3687,
        "lng": 6.62011,
        "geo_precision": "exact",
        "geo_method": "operator_map",
        "source": "djezzy",
        "operator": "djezzy",
        "technology": "5G",
        "address": "Constantine"
      }
    },
    {
      "type": "Feature",
      "geometry": {
        "type": "Point",
        "coordinates": [
          6.643828,
          36.388409
        ]
      },
      "properties": {
        "id": "djezzy-295872cf80",
        "name": "Rouabah",
        "wilaya_code": "25",
        "commune_code": null,
        "commune": null,
        "commune_ar": null,
        "lat": 36.388409,
        "lng": 6.643828,
        "geo_precision": "exact",
        "geo_method": "operator_map",
        "source": "djezzy",
        "operator": "djezzy",
        "technology": "5G",
        "address": "Constantine"
      }
    },
    {
      "type": "Feature",
      "geometry": {
        "type": "Point",
        "coordinates": [
          3.02341,
          36.76083
        ]
      },
      "properties": {
        "id": "djezzy-2962bec725",
        "name": "Siege OTA Val d'Hydra",
        "wilaya_code": "16",
        "commune_code": null,
        "commune": null,
        "commune_ar": null,
        "lat": 36.76083,
        "lng": 3.02341,
        "geo_precision": "exact",
        "geo_method": "operator_map",
        "source": "djezzy",
        "operator": "djezzy",
        "technology": "5G",
        "address": "EL BIAR"
      }
    },
    {
      "type": "Feature",
      "geometry": {
        "type": "Point",
        "coordinates": [
          2.98974,
          36.72989
        ]
      },
      "properties": {
        "id": "djezzy-29651dd758",
        "name": "EL ACHOUR",
        "wilaya_code": "16",
        "commune_code": null,
        "commune": null,
        "commune_ar": null,
        "lat": 36.72989,
        "lng": 2.98974,
        "geo_precision": "exact",
        "geo_method": "operator_map",
        "source": "djezzy",
        "operator": "djezzy",
        "technology": "5G",
        "address": "DRARIA"
      }
    },
    {
      "type": "Feature",
      "geometry": {
        "type": "Point",
        "coordinates": [
          6.57523,
          36.56608
        ]
      },
      "properties": {
        "id": "djezzy-29aa3c8a5a",
        "name": "BP_Salah_Bey",
        "wilaya_code": "25",
        "commune_code": null,
        "commune": null,
        "commune_ar": null,
        "lat": 36.56608,
        "lng": 6.57523,
        "geo_precision": "exact",
        "geo_method": "operator_map",
        "source": "djezzy",
        "operator": "djezzy",
        "technology": "5G",
        "address": "Constantine"
      }
    },
    {
      "type": "Feature",
      "geometry": {
        "type": "Point",
        "coordinates": [
          3.23545,
          36.64112
        ]
      },
      "properties": {
        "id": "djezzy-29fa1a7b8d",
        "name": "Siporex",
        "wilaya_code": "09",
        "commune_code": null,
        "commune": null,
        "commune_ar": null,
        "lat": 36.64112,
        "lng": 3.23545,
        "geo_precision": "exact",
        "geo_method": "operator_map",
        "source": "djezzy",
        "operator": "djezzy",
        "technology": "5G",
        "address": "MEFTAH"
      }
    },
    {
      "type": "Feature",
      "geometry": {
        "type": "Point",
        "coordinates": [
          3.01722,
          36.76292
        ]
      },
      "properties": {
        "id": "djezzy-2a1a15143d",
        "name": "Fac de droit_1",
        "wilaya_code": "16",
        "commune_code": null,
        "commune": null,
        "commune_ar": null,
        "lat": 36.76292,
        "lng": 3.01722,
        "geo_precision": "exact",
        "geo_method": "operator_map",
        "source": "djezzy",
        "operator": "djezzy",
        "technology": "5G",
        "address": "BEN AKNOUN"
      }
    },
    {
      "type": "Feature",
      "geometry": {
        "type": "Point",
        "coordinates": [
          -0.61083,
          35.711758
        ]
      },
      "properties": {
        "id": "djezzy-2a4fb46783",
        "name": "Trais d'Union",
        "wilaya_code": "31",
        "commune_code": null,
        "commune": null,
        "commune_ar": null,
        "lat": 35.711758,
        "lng": -0.61083,
        "geo_precision": "exact",
        "geo_method": "operator_map",
        "source": "djezzy",
        "operator": "djezzy",
        "technology": "5G",
        "address": "Oran"
      }
    },
    {
      "type": "Feature",
      "geometry": {
        "type": "Point",
        "coordinates": [
          -0.701596,
          35.656979
        ]
      },
      "properties": {
        "id": "djezzy-2ae3847bc2",
        "name": "Douar Tiartia",
        "wilaya_code": "31",
        "commune_code": null,
        "commune": null,
        "commune_ar": null,
        "lat": 35.656979,
        "lng": -0.701596,
        "geo_precision": "exact",
        "geo_method": "operator_map",
        "source": "djezzy",
        "operator": "djezzy",
        "technology": "5G",
        "address": "Oran"
      }
    },
    {
      "type": "Feature",
      "geometry": {
        "type": "Point",
        "coordinates": [
          3.21497,
          36.62525
        ]
      },
      "properties": {
        "id": "djezzy-2b04a6d00d",
        "name": "Meftah4",
        "wilaya_code": "09",
        "commune_code": null,
        "commune": null,
        "commune_ar": null,
        "lat": 36.62525,
        "lng": 3.21497,
        "geo_precision": "exact",
        "geo_method": "operator_map",
        "source": "djezzy",
        "operator": "djezzy",
        "technology": "5G",
        "address": "MEFTAH"
      }
    },
    {
      "type": "Feature",
      "geometry": {
        "type": "Point",
        "coordinates": [
          3.192848,
          36.582213
        ]
      },
      "properties": {
        "id": "djezzy-2b20ed5a8c",
        "name": "DOUAR SIDI HAMMAD",
        "wilaya_code": "09",
        "commune_code": null,
        "commune": null,
        "commune_ar": null,
        "lat": 36.582213,
        "lng": 3.192848,
        "geo_precision": "exact",
        "geo_method": "operator_map",
        "source": "djezzy",
        "operator": "djezzy",
        "technology": "5G",
        "address": "MEFTAH"
      }
    },
    {
      "type": "Feature",
      "geometry": {
        "type": "Point",
        "coordinates": [
          5.29147,
          36.14886
        ]
      },
      "properties": {
        "id": "djezzy-2b40473472",
        "name": "Ain Arnet HW EP1",
        "wilaya_code": "19",
        "commune_code": null,
        "commune": null,
        "commune_ar": null,
        "lat": 36.14886,
        "lng": 5.29147,
        "geo_precision": "exact",
        "geo_method": "operator_map",
        "source": "djezzy",
        "operator": "djezzy",
        "technology": "5G",
        "address": "AIN ARNAT"
      }
    },
    {
      "type": "Feature",
      "geometry": {
        "type": "Point",
        "coordinates": [
          6.05683,
          31.68672
        ]
      },
      "properties": {
        "id": "djezzy-2b49f8dd5d",
        "name": "Hassi Masoud Down Town",
        "wilaya_code": "30",
        "commune_code": null,
        "commune": null,
        "commune_ar": null,
        "lat": 31.68672,
        "lng": 6.05683,
        "geo_precision": "exact",
        "geo_method": "operator_map",
        "source": "djezzy",
        "operator": "djezzy",
        "technology": "5G",
        "address": "HASSI MESSAOUD"
      }
    },
    {
      "type": "Feature",
      "geometry": {
        "type": "Point",
        "coordinates": [
          6.656,
          36.3593
        ]
      },
      "properties": {
        "id": "djezzy-2b8e625612",
        "name": "Cite El Riadh site 3",
        "wilaya_code": "25",
        "commune_code": null,
        "commune": null,
        "commune_ar": null,
        "lat": 36.3593,
        "lng": 6.656,
        "geo_precision": "exact",
        "geo_method": "operator_map",
        "source": "djezzy",
        "operator": "djezzy",
        "technology": "5G",
        "address": "Constantine"
      }
    },
    {
      "type": "Feature",
      "geometry": {
        "type": "Point",
        "coordinates": [
          -0.6698,
          35.6745
        ]
      },
      "properties": {
        "id": "djezzy-2bd8fd3c66",
        "name": "Cite Petit",
        "wilaya_code": "31",
        "commune_code": null,
        "commune": null,
        "commune_ar": null,
        "lat": 35.6745,
        "lng": -0.6698,
        "geo_precision": "exact",
        "geo_method": "operator_map",
        "source": "djezzy",
        "operator": "djezzy",
        "technology": "5G",
        "address": "Oran"
      }
    },
    {
      "type": "Feature",
      "geometry": {
        "type": "Point",
        "coordinates": [
          3.2321,
          36.7523
        ]
      },
      "properties": {
        "id": "djezzy-2c215bc3b9",
        "name": "Ali Sadek 2 BEK",
        "wilaya_code": "16",
        "commune_code": null,
        "commune": null,
        "commune_ar": null,
        "lat": 36.7523,
        "lng": 3.2321,
        "geo_precision": "exact",
        "geo_method": "operator_map",
        "source": "djezzy",
        "operator": "djezzy",
        "technology": "5G",
        "address": "BORDJ EL KIFFAN"
      }
    },
    {
      "type": "Feature",
      "geometry": {
        "type": "Point",
        "coordinates": [
          7.72388,
          36.8801
        ]
      },
      "properties": {
        "id": "djezzy-2c44f43a28",
        "name": "cite el rym",
        "wilaya_code": "23",
        "commune_code": null,
        "commune": null,
        "commune_ar": null,
        "lat": 36.8801,
        "lng": 7.72388,
        "geo_precision": "exact",
        "geo_method": "operator_map",
        "source": "djezzy",
        "operator": "djezzy",
        "technology": "5G",
        "address": "ANNABA"
      }
    },
    {
      "type": "Feature",
      "geometry": {
        "type": "Point",
        "coordinates": [
          6.628776,
          36.436322
        ]
      },
      "properties": {
        "id": "djezzy-2c751f4ba5",
        "name": "Zone D'activite Didouche Mourad",
        "wilaya_code": "25",
        "commune_code": null,
        "commune": null,
        "commune_ar": null,
        "lat": 36.436322,
        "lng": 6.628776,
        "geo_precision": "exact",
        "geo_method": "operator_map",
        "source": "djezzy",
        "operator": "djezzy",
        "technology": "5G",
        "address": "DIDOUCHE MOURAD"
      }
    },
    {
      "type": "Feature",
      "geometry": {
        "type": "Point",
        "coordinates": [
          -0.605305555555556,
          35.6937222222222
        ]
      },
      "properties": {
        "id": "djezzy-2d7679ad4c",
        "name": "Grande terre",
        "wilaya_code": "31",
        "commune_code": null,
        "commune": null,
        "commune_ar": null,
        "lat": 35.6937222222222,
        "lng": -0.605305555555556,
        "geo_precision": "exact",
        "geo_method": "operator_map",
        "source": "djezzy",
        "operator": "djezzy",
        "technology": "5G",
        "address": "Oran"
      }
    },
    {
      "type": "Feature",
      "geometry": {
        "type": "Point",
        "coordinates": [
          -0.565666666666667,
          35.7388611111111
        ]
      },
      "properties": {
        "id": "djezzy-2d803257ae",
        "name": "Canastel 2",
        "wilaya_code": "31",
        "commune_code": null,
        "commune": null,
        "commune_ar": null,
        "lat": 35.7388611111111,
        "lng": -0.565666666666667,
        "geo_precision": "exact",
        "geo_method": "operator_map",
        "source": "djezzy",
        "operator": "djezzy",
        "technology": "5G",
        "address": "BIR EL DJIR"
      }
    },
    {
      "type": "Feature",
      "geometry": {
        "type": "Point",
        "coordinates": [
          -0.483111111111111,
          35.7394166666667
        ]
      },
      "properties": {
        "id": "djezzy-2d8f729eb3",
        "name": "ZI_Hassi Okba",
        "wilaya_code": "31",
        "commune_code": null,
        "commune": null,
        "commune_ar": null,
        "lat": 35.7394166666667,
        "lng": -0.483111111111111,
        "geo_precision": "exact",
        "geo_method": "operator_map",
        "source": "djezzy",
        "operator": "djezzy",
        "technology": "5G",
        "address": "HASSI BEN OKBA"
      }
    },
    {
      "type": "Feature",
      "geometry": {
        "type": "Point",
        "coordinates": [
          -0.620833333333333,
          35.6783055555556
        ]
      },
      "properties": {
        "id": "djezzy-2d9cc3675a",
        "name": "ZI_ Petit Lac",
        "wilaya_code": "31",
        "commune_code": null,
        "commune": null,
        "commune_ar": null,
        "lat": 35.6783055555556,
        "lng": -0.620833333333333,
        "geo_precision": "exact",
        "geo_method": "operator_map",
        "source": "djezzy",
        "operator": "djezzy",
        "technology": "5G",
        "address": "Oran"
      }
    },
    {
      "type": "Feature",
      "geometry": {
        "type": "Point",
        "coordinates": [
          -0.570043,
          35.670653
        ]
      },
      "properties": {
        "id": "djezzy-2da220c062",
        "name": "Saint Remy_2",
        "wilaya_code": "31",
        "commune_code": null,
        "commune": null,
        "commune_ar": null,
        "lat": 35.670653,
        "lng": -0.570043,
        "geo_precision": "exact",
        "geo_method": "operator_map",
        "source": "djezzy",
        "operator": "djezzy",
        "technology": "5G",
        "address": "SIDI CHAMI"
      }
    },
    {
      "type": "Feature",
      "geometry": {
        "type": "Point",
        "coordinates": [
          2.89026,
          36.67215
        ]
      },
      "properties": {
        "id": "djezzy-2dc09c24f6",
        "name": "Mehalma sidi Abdelah",
        "wilaya_code": "16",
        "commune_code": null,
        "commune": null,
        "commune_ar": null,
        "lat": 36.67215,
        "lng": 2.89026,
        "geo_precision": "exact",
        "geo_method": "operator_map",
        "source": "djezzy",
        "operator": "djezzy",
        "technology": "5G",
        "address": "MAHELMA"
      }
    },
    {
      "type": "Feature",
      "geometry": {
        "type": "Point",
        "coordinates": [
          2.97458,
          36.75157
        ]
      },
      "properties": {
        "id": "djezzy-2dcb281344",
        "name": "Daly Brahim 4",
        "wilaya_code": "16",
        "commune_code": null,
        "commune": null,
        "commune_ar": null,
        "lat": 36.75157,
        "lng": 2.97458,
        "geo_precision": "exact",
        "geo_method": "operator_map",
        "source": "djezzy",
        "operator": "djezzy",
        "technology": "5G",
        "address": "DELY BRAHIM"
      }
    },
    {
      "type": "Feature",
      "geometry": {
        "type": "Point",
        "coordinates": [
          3.005031,
          36.728115
        ]
      },
      "properties": {
        "id": "djezzy-2dec030cbd",
        "name": "centre recherche Nucleaire Sebala",
        "wilaya_code": "16",
        "commune_code": null,
        "commune": null,
        "commune_ar": null,
        "lat": 36.728115,
        "lng": 3.005031,
        "geo_precision": "exact",
        "geo_method": "operator_map",
        "source": "djezzy",
        "operator": "djezzy",
        "technology": "5G",
        "address": "EL ACHOUR"
      }
    },
    {
      "type": "Feature",
      "geometry": {
        "type": "Point",
        "coordinates": [
          6.17543,
          35.5368
        ]
      },
      "properties": {
        "id": "djezzy-2df4fb98c1",
        "name": "BOUAKEL 3",
        "wilaya_code": "05",
        "commune_code": null,
        "commune": null,
        "commune_ar": null,
        "lat": 35.5368,
        "lng": 6.17543,
        "geo_precision": "exact",
        "geo_method": "operator_map",
        "source": "djezzy",
        "operator": "djezzy",
        "technology": "5G",
        "address": "Batna"
      }
    },
    {
      "type": "Feature",
      "geometry": {
        "type": "Point",
        "coordinates": [
          2.96071,
          36.76004
        ]
      },
      "properties": {
        "id": "djezzy-2e7f65fdff",
        "name": "Cite Bel Hadj Athmane",
        "wilaya_code": "16",
        "commune_code": null,
        "commune": null,
        "commune_ar": null,
        "lat": 36.76004,
        "lng": 2.96071,
        "geo_precision": "exact",
        "geo_method": "operator_map",
        "source": "djezzy",
        "operator": "djezzy",
        "technology": "5G",
        "address": "CHERAGA"
      }
    },
    {
      "type": "Feature",
      "geometry": {
        "type": "Point",
        "coordinates": [
          3.118547,
          36.664494
        ]
      },
      "properties": {
        "id": "djezzy-2f0d837471",
        "name": "BARAKI SMALL CELL",
        "wilaya_code": "16",
        "commune_code": null,
        "commune": null,
        "commune_ar": null,
        "lat": 36.664494,
        "lng": 3.118547,
        "geo_precision": "exact",
        "geo_method": "operator_map",
        "source": "djezzy",
        "operator": "djezzy",
        "technology": "5G",
        "address": "BARAKI"
      }
    },
    {
      "type": "Feature",
      "geometry": {
        "type": "Point",
        "coordinates": [
          5.4001,
          34.6301
        ]
      },
      "properties": {
        "id": "djezzy-2f51e05229",
        "name": "Setif NORD OUEST",
        "wilaya_code": "19",
        "commune_code": null,
        "commune": null,
        "commune_ar": null,
        "lat": 34.6301,
        "lng": 5.4001,
        "geo_precision": "exact",
        "geo_method": "operator_map",
        "source": "djezzy",
        "operator": "djezzy",
        "technology": "5G",
        "address": "Setif"
      }
    },
    {
      "type": "Feature",
      "geometry": {
        "type": "Point",
        "coordinates": [
          -0.484977,
          35.704576
        ]
      },
      "properties": {
        "id": "djezzy-2f55262f9b",
        "name": "ZI Hassi Amer 2",
        "wilaya_code": "31",
        "commune_code": null,
        "commune": null,
        "commune_ar": null,
        "lat": 35.704576,
        "lng": -0.484977,
        "geo_precision": "exact",
        "geo_method": "operator_map",
        "source": "djezzy",
        "operator": "djezzy",
        "technology": "5G",
        "address": "HASSI BOUNIF"
      }
    },
    {
      "type": "Feature",
      "geometry": {
        "type": "Point",
        "coordinates": [
          -0.6594,
          35.6794
        ]
      },
      "properties": {
        "id": "djezzy-2f62661182",
        "name": "Les Halles Centrales",
        "wilaya_code": "31",
        "commune_code": null,
        "commune": null,
        "commune_ar": null,
        "lat": 35.6794,
        "lng": -0.6594,
        "geo_precision": "exact",
        "geo_method": "operator_map",
        "source": "djezzy",
        "operator": "djezzy",
        "technology": "5G",
        "address": "Oran"
      }
    },
    {
      "type": "Feature",
      "geometry": {
        "type": "Point",
        "coordinates": [
          6.60165,
          36.34578
        ]
      },
      "properties": {
        "id": "djezzy-3010100ebc",
        "name": "Universite_Islamique_DCS_T",
        "wilaya_code": "25",
        "commune_code": null,
        "commune": null,
        "commune_ar": null,
        "lat": 36.34578,
        "lng": 6.60165,
        "geo_precision": "exact",
        "geo_method": "operator_map",
        "source": "djezzy",
        "operator": "djezzy",
        "technology": "5G",
        "address": "Constantine"
      }
    },
    {
      "type": "Feature",
      "geometry": {
        "type": "Point",
        "coordinates": [
          2.91685,
          36.76146
        ]
      },
      "properties": {
        "id": "djezzy-3011b998fb",
        "name": "Bouchaoui_2",
        "wilaya_code": "16",
        "commune_code": null,
        "commune": null,
        "commune_ar": null,
        "lat": 36.76146,
        "lng": 2.91685,
        "geo_precision": "exact",
        "geo_method": "operator_map",
        "source": "djezzy",
        "operator": "djezzy",
        "technology": "5G",
        "address": "CHERAGA"
      }
    },
    {
      "type": "Feature",
      "geometry": {
        "type": "Point",
        "coordinates": [
          6.91194,
          36.87591
        ]
      },
      "properties": {
        "id": "djezzy-303715a3ef",
        "name": "Cite bourdj ehmem",
        "wilaya_code": "21",
        "commune_code": null,
        "commune": null,
        "commune_ar": null,
        "lat": 36.87591,
        "lng": 6.91194,
        "geo_precision": "exact",
        "geo_method": "operator_map",
        "source": "djezzy",
        "operator": "djezzy",
        "technology": "5G",
        "address": "Skikda"
      }
    },
    {
      "type": "Feature",
      "geometry": {
        "type": "Point",
        "coordinates": [
          -1.87,
          35.09575
        ]
      },
      "properties": {
        "id": "djezzy-307e15e9f5",
        "name": "Ghazaouet (L'Fnar)",
        "wilaya_code": "13",
        "commune_code": null,
        "commune": null,
        "commune_ar": null,
        "lat": 35.09575,
        "lng": -1.87,
        "geo_precision": "approximate",
        "geo_method": "operator_map",
        "source": "djezzy",
        "operator": "djezzy",
        "technology": "5G",
        "address": "GHAZAOUET"
      }
    },
    {
      "type": "Feature",
      "geometry": {
        "type": "Point",
        "coordinates": [
          -0.594039,
          35.696501
        ]
      },
      "properties": {
        "id": "djezzy-30fa5cfd94",
        "name": "City Pyramides 3",
        "wilaya_code": "31",
        "commune_code": null,
        "commune": null,
        "commune_ar": null,
        "lat": 35.696501,
        "lng": -0.594039,
        "geo_precision": "exact",
        "geo_method": "operator_map",
        "source": "djezzy",
        "operator": "djezzy",
        "technology": "5G",
        "address": "Oran"
      }
    },
    {
      "type": "Feature",
      "geometry": {
        "type": "Point",
        "coordinates": [
          6.9966,
          35.01963889
        ]
      },
      "properties": {
        "id": "djezzy-3139da873e",
        "name": "JEANNE D'ARC 2",
        "wilaya_code": "21",
        "commune_code": null,
        "commune": null,
        "commune_ar": null,
        "lat": 35.01963889,
        "lng": 6.9966,
        "geo_precision": "exact",
        "geo_method": "operator_map",
        "source": "djezzy",
        "operator": "djezzy",
        "technology": "5G",
        "address": "Skikda"
      }
    },
    {
      "type": "Feature",
      "geometry": {
        "type": "Point",
        "coordinates": [
          6.6079,
          36.3445
        ]
      },
      "properties": {
        "id": "djezzy-3147b27e89",
        "name": "La Zone palma_site 2",
        "wilaya_code": "25",
        "commune_code": null,
        "commune": null,
        "commune_ar": null,
        "lat": 36.3445,
        "lng": 6.6079,
        "geo_precision": "exact",
        "geo_method": "operator_map",
        "source": "djezzy",
        "operator": "djezzy",
        "technology": "5G",
        "address": "Constantine"
      }
    },
    {
      "type": "Feature",
      "geometry": {
        "type": "Point",
        "coordinates": [
          5.411,
          36.18227
        ]
      },
      "properties": {
        "id": "djezzy-314cadf757",
        "name": "CITE BIZARD",
        "wilaya_code": "19",
        "commune_code": null,
        "commune": null,
        "commune_ar": null,
        "lat": 36.18227,
        "lng": 5.411,
        "geo_precision": "exact",
        "geo_method": "operator_map",
        "source": "djezzy",
        "operator": "djezzy",
        "technology": "5G",
        "address": "Setif"
      }
    },
    {
      "type": "Feature",
      "geometry": {
        "type": "Point",
        "coordinates": [
          3.25431,
          36.77678
        ]
      },
      "properties": {
        "id": "djezzy-3153074798",
        "name": "411 lgts café chergui",
        "wilaya_code": "16",
        "commune_code": null,
        "commune": null,
        "commune_ar": null,
        "lat": 36.77678,
        "lng": 3.25431,
        "geo_precision": "exact",
        "geo_method": "operator_map",
        "source": "djezzy",
        "operator": "djezzy",
        "technology": "5G",
        "address": "BORDJ EL KIFFAN"
      }
    },
    {
      "type": "Feature",
      "geometry": {
        "type": "Point",
        "coordinates": [
          -1.31572222222222,
          34.8881388888889
        ]
      },
      "properties": {
        "id": "djezzy-3164a04d56",
        "name": "Sidi Said",
        "wilaya_code": "13",
        "commune_code": null,
        "commune": null,
        "commune_ar": null,
        "lat": 34.8881388888889,
        "lng": -1.31572222222222,
        "geo_precision": "exact",
        "geo_method": "operator_map",
        "source": "djezzy",
        "operator": "djezzy",
        "technology": "5G",
        "address": "Tlemcen"
      }
    },
    {
      "type": "Feature",
      "geometry": {
        "type": "Point",
        "coordinates": [
          2.96761,
          36.69781
        ]
      },
      "properties": {
        "id": "djezzy-31a6e85d99",
        "name": "Cite Freres Nedir  Baba Hassen",
        "wilaya_code": "16",
        "commune_code": null,
        "commune": null,
        "commune_ar": null,
        "lat": 36.69781,
        "lng": 2.96761,
        "geo_precision": "exact",
        "geo_method": "operator_map",
        "source": "djezzy",
        "operator": "djezzy",
        "technology": "5G",
        "address": "BABA HASSEN"
      }
    },
    {
      "type": "Feature",
      "geometry": {
        "type": "Point",
        "coordinates": [
          6.75601,
          36.26222
        ]
      },
      "properties": {
        "id": "djezzy-3224d2de3f",
        "name": "ZI El HARIA",
        "wilaya_code": "25",
        "commune_code": null,
        "commune": null,
        "commune_ar": null,
        "lat": 36.26222,
        "lng": 6.75601,
        "geo_precision": "exact",
        "geo_method": "operator_map",
        "source": "djezzy",
        "operator": "djezzy",
        "technology": "5G",
        "address": "OULED RAHMOUN"
      }
    },
    {
      "type": "Feature",
      "geometry": {
        "type": "Point",
        "coordinates": [
          6.648874,
          36.03653
        ]
      },
      "properties": {
        "id": "djezzy-32aefc70ba",
        "name": " Onama",
        "wilaya_code": "25",
        "commune_code": null,
        "commune": null,
        "commune_ar": null,
        "lat": 36.03653,
        "lng": 6.648874,
        "geo_precision": "exact",
        "geo_method": "operator_map",
        "source": "djezzy",
        "operator": "djezzy",
        "technology": "5G",
        "address": "Constantine"
      }
    },
    {
      "type": "Feature",
      "geometry": {
        "type": "Point",
        "coordinates": [
          3.28861,
          36.76644
        ]
      },
      "properties": {
        "id": "djezzy-32f6dc5747",
        "name": "Siboualam",
        "wilaya_code": "16",
        "commune_code": null,
        "commune": null,
        "commune_ar": null,
        "lat": 36.76644,
        "lng": 3.28861,
        "geo_precision": "exact",
        "geo_method": "operator_map",
        "source": "djezzy",
        "operator": "djezzy",
        "technology": "5G",
        "address": "ROUIBA"
      }
    },
    {
      "type": "Feature",
      "geometry": {
        "type": "Point",
        "coordinates": [
          -1.306094,
          34.870345
        ]
      },
      "properties": {
        "id": "djezzy-330d059d1c",
        "name": "El KALAA SupÃ©rieur ",
        "wilaya_code": "13",
        "commune_code": null,
        "commune": null,
        "commune_ar": null,
        "lat": 34.870345,
        "lng": -1.306094,
        "geo_precision": "exact",
        "geo_method": "operator_map",
        "source": "djezzy",
        "operator": "djezzy",
        "technology": "5G",
        "address": "Tlemcen"
      }
    },
    {
      "type": "Feature",
      "geometry": {
        "type": "Point",
        "coordinates": [
          -0.555434,
          35.738218
        ]
      },
      "properties": {
        "id": "djezzy-3342e58e79",
        "name": "Cité Bahia Avenir",
        "wilaya_code": "31",
        "commune_code": null,
        "commune": null,
        "commune_ar": null,
        "lat": 35.738218,
        "lng": -0.555434,
        "geo_precision": "exact",
        "geo_method": "operator_map",
        "source": "djezzy",
        "operator": "djezzy",
        "technology": "5G",
        "address": "BIR EL DJIR"
      }
    },
    {
      "type": "Feature",
      "geometry": {
        "type": "Point",
        "coordinates": [
          2.99846,
          36.72789
        ]
      },
      "properties": {
        "id": "djezzy-33753d3c9b",
        "name": "cite AADL El achour",
        "wilaya_code": "16",
        "commune_code": null,
        "commune": null,
        "commune_ar": null,
        "lat": 36.72789,
        "lng": 2.99846,
        "geo_precision": "exact",
        "geo_method": "operator_map",
        "source": "djezzy",
        "operator": "djezzy",
        "technology": "5G",
        "address": "DRARIA"
      }
    },
    {
      "type": "Feature",
      "geometry": {
        "type": "Point",
        "coordinates": [
          -0.532788,
          35.748844
        ]
      },
      "properties": {
        "id": "djezzy-3380326a60",
        "name": "Village Olympique 01",
        "wilaya_code": "31",
        "commune_code": null,
        "commune": null,
        "commune_ar": null,
        "lat": 35.748844,
        "lng": -0.532788,
        "geo_precision": "exact",
        "geo_method": "operator_map",
        "source": "djezzy",
        "operator": "djezzy",
        "technology": "5G",
        "address": "BIR EL DJIR"
      }
    },
    {
      "type": "Feature",
      "geometry": {
        "type": "Point",
        "coordinates": [
          -0.544922,
          35.76151
        ]
      },
      "properties": {
        "id": "djezzy-33c2d88987",
        "name": "belgaid_3",
        "wilaya_code": "31",
        "commune_code": null,
        "commune": null,
        "commune_ar": null,
        "lat": 35.76151,
        "lng": -0.544922,
        "geo_precision": "exact",
        "geo_method": "operator_map",
        "source": "djezzy",
        "operator": "djezzy",
        "technology": "5G",
        "address": "BIR EL DJIR"
      }
    },
    {
      "type": "Feature",
      "geometry": {
        "type": "Point",
        "coordinates": [
          6.5911,
          36.33
        ]
      },
      "properties": {
        "id": "djezzy-343a8be728",
        "name": "Zone industrielle",
        "wilaya_code": "25",
        "commune_code": null,
        "commune": null,
        "commune_ar": null,
        "lat": 36.33,
        "lng": 6.5911,
        "geo_precision": "approximate",
        "geo_method": "operator_map",
        "source": "djezzy",
        "operator": "djezzy",
        "technology": "5G",
        "address": "Constantine"
      }
    },
    {
      "type": "Feature",
      "geometry": {
        "type": "Point",
        "coordinates": [
          3.09361,
          36.69951
        ]
      },
      "properties": {
        "id": "djezzy-346bf0bc9b",
        "name": "8 Mai 45 Semar",
        "wilaya_code": "16",
        "commune_code": null,
        "commune": null,
        "commune_ar": null,
        "lat": 36.69951,
        "lng": 3.09361,
        "geo_precision": "exact",
        "geo_method": "operator_map",
        "source": "djezzy",
        "operator": "djezzy",
        "technology": "5G",
        "address": "DJISR KSENTINA"
      }
    },
    {
      "type": "Feature",
      "geometry": {
        "type": "Point",
        "coordinates": [
          5.2983,
          35.93
        ]
      },
      "properties": {
        "id": "djezzy-3490cb2138",
        "name": "Ain Oulmane Site _3",
        "wilaya_code": "19",
        "commune_code": null,
        "commune": null,
        "commune_ar": null,
        "lat": 35.93,
        "lng": 5.2983,
        "geo_precision": "approximate",
        "geo_method": "operator_map",
        "source": "djezzy",
        "operator": "djezzy",
        "technology": "5G",
        "address": "AIN OULMANE"
      }
    },
    {
      "type": "Feature",
      "geometry": {
        "type": "Point",
        "coordinates": [
          -0.5673,
          35.74721
        ]
      },
      "properties": {
        "id": "djezzy-34bf641f51",
        "name": "CITE AHMED WAHID",
        "wilaya_code": "31",
        "commune_code": null,
        "commune": null,
        "commune_ar": null,
        "lat": 35.74721,
        "lng": -0.5673,
        "geo_precision": "exact",
        "geo_method": "operator_map",
        "source": "djezzy",
        "operator": "djezzy",
        "technology": "5G",
        "address": "Oran"
      }
    },
    {
      "type": "Feature",
      "geometry": {
        "type": "Point",
        "coordinates": [
          3.0531,
          36.77603
        ]
      },
      "properties": {
        "id": "djezzy-34d9d2100c",
        "name": "Aurassi",
        "wilaya_code": "16",
        "commune_code": null,
        "commune": null,
        "commune_ar": null,
        "lat": 36.77603,
        "lng": 3.0531,
        "geo_precision": "exact",
        "geo_method": "operator_map",
        "source": "djezzy",
        "operator": "djezzy",
        "technology": "5G",
        "address": "Alger"
      }
    },
    {
      "type": "Feature",
      "geometry": {
        "type": "Point",
        "coordinates": [
          -0.65425,
          35.6873055555556
        ]
      },
      "properties": {
        "id": "djezzy-3540eb66a9",
        "name": "Hai el Mokrani",
        "wilaya_code": "31",
        "commune_code": null,
        "commune": null,
        "commune_ar": null,
        "lat": 35.6873055555556,
        "lng": -0.65425,
        "geo_precision": "exact",
        "geo_method": "operator_map",
        "source": "djezzy",
        "operator": "djezzy",
        "technology": "5G",
        "address": "Oran"
      }
    },
    {
      "type": "Feature",
      "geometry": {
        "type": "Point",
        "coordinates": [
          3.16497,
          36.72355
        ]
      },
      "properties": {
        "id": "djezzy-356f752733",
        "name": "Allia",
        "wilaya_code": "16",
        "commune_code": null,
        "commune": null,
        "commune_ar": null,
        "lat": 36.72355,
        "lng": 3.16497,
        "geo_precision": "exact",
        "geo_method": "operator_map",
        "source": "djezzy",
        "operator": "djezzy",
        "technology": "5G",
        "address": "OUED SMAR"
      }
    },
    {
      "type": "Feature",
      "geometry": {
        "type": "Point",
        "coordinates": [
          2.93816,
          36.64439
        ]
      },
      "properties": {
        "id": "djezzy-35a86e7d91",
        "name": "Ramdania 2 Douera",
        "wilaya_code": "16",
        "commune_code": null,
        "commune": null,
        "commune_ar": null,
        "lat": 36.64439,
        "lng": 2.93816,
        "geo_precision": "exact",
        "geo_method": "operator_map",
        "source": "djezzy",
        "operator": "djezzy",
        "technology": "5G",
        "address": "DOUERA"
      }
    },
    {
      "type": "Feature",
      "geometry": {
        "type": "Point",
        "coordinates": [
          2.85346,
          36.66987
        ]
      },
      "properties": {
        "id": "djezzy-35b472f2c0",
        "name": "AADL  Sidi Abdellah Zone C",
        "wilaya_code": "16",
        "commune_code": null,
        "commune": null,
        "commune_ar": null,
        "lat": 36.66987,
        "lng": 2.85346,
        "geo_precision": "exact",
        "geo_method": "operator_map",
        "source": "djezzy",
        "operator": "djezzy",
        "technology": "5G",
        "address": "ZERALDA"
      }
    },
    {
      "type": "Feature",
      "geometry": {
        "type": "Point",
        "coordinates": [
          3.12391,
          36.66751
        ]
      },
      "properties": {
        "id": "djezzy-35c6e0376c",
        "name": "MENASRIA",
        "wilaya_code": "16",
        "commune_code": null,
        "commune": null,
        "commune_ar": null,
        "lat": 36.66751,
        "lng": 3.12391,
        "geo_precision": "exact",
        "geo_method": "operator_map",
        "source": "djezzy",
        "operator": "djezzy",
        "technology": "5G",
        "address": "BARAKI"
      }
    },
    {
      "type": "Feature",
      "geometry": {
        "type": "Point",
        "coordinates": [
          -0.5783,
          35.7264
        ]
      },
      "properties": {
        "id": "djezzy-360385a5ae",
        "name": "Cite Abad",
        "wilaya_code": "31",
        "commune_code": null,
        "commune": null,
        "commune_ar": null,
        "lat": 35.7264,
        "lng": -0.5783,
        "geo_precision": "exact",
        "geo_method": "operator_map",
        "source": "djezzy",
        "operator": "djezzy",
        "technology": "5G",
        "address": "BIR EL DJIR"
      }
    },
    {
      "type": "Feature",
      "geometry": {
        "type": "Point",
        "coordinates": [
          3.29575,
          36.73785
        ]
      },
      "properties": {
        "id": "djezzy-3612747954",
        "name": "Rouiba ZI 3",
        "wilaya_code": "16",
        "commune_code": null,
        "commune": null,
        "commune_ar": null,
        "lat": 36.73785,
        "lng": 3.29575,
        "geo_precision": "exact",
        "geo_method": "operator_map",
        "source": "djezzy",
        "operator": "djezzy",
        "technology": "5G",
        "address": "ROUIBA"
      }
    },
    {
      "type": "Feature",
      "geometry": {
        "type": "Point",
        "coordinates": [
          3.00964,
          36.66904
        ]
      },
      "properties": {
        "id": "djezzy-363dc8854b",
        "name": "Khraicia 2",
        "wilaya_code": "16",
        "commune_code": null,
        "commune": null,
        "commune_ar": null,
        "lat": 36.66904,
        "lng": 3.00964,
        "geo_precision": "exact",
        "geo_method": "operator_map",
        "source": "djezzy",
        "operator": "djezzy",
        "technology": "5G",
        "address": "KHRAISSIA"
      }
    },
    {
      "type": "Feature",
      "geometry": {
        "type": "Point",
        "coordinates": [
          2.84315,
          36.7118
        ]
      },
      "properties": {
        "id": "djezzy-365131b1c7",
        "name": "ZERALDA Communication Tower",
        "wilaya_code": "16",
        "commune_code": null,
        "commune": null,
        "commune_ar": null,
        "lat": 36.7118,
        "lng": 2.84315,
        "geo_precision": "exact",
        "geo_method": "operator_map",
        "source": "djezzy",
        "operator": "djezzy",
        "technology": "5G",
        "address": "ZERALDA"
      }
    },
    {
      "type": "Feature",
      "geometry": {
        "type": "Point",
        "coordinates": [
          6.58673,
          36.34657
        ]
      },
      "properties": {
        "id": "djezzy-365afe5fd2",
        "name": "Cite Zaouche",
        "wilaya_code": "25",
        "commune_code": null,
        "commune": null,
        "commune_ar": null,
        "lat": 36.34657,
        "lng": 6.58673,
        "geo_precision": "exact",
        "geo_method": "operator_map",
        "source": "djezzy",
        "operator": "djezzy",
        "technology": "5G",
        "address": "Constantine"
      }
    },
    {
      "type": "Feature",
      "geometry": {
        "type": "Point",
        "coordinates": [
          2.837,
          36.7158
        ]
      },
      "properties": {
        "id": "djezzy-36e54dc22c",
        "name": "Hotel Relax",
        "wilaya_code": "16",
        "commune_code": null,
        "commune": null,
        "commune_ar": null,
        "lat": 36.7158,
        "lng": 2.837,
        "geo_precision": "exact",
        "geo_method": "operator_map",
        "source": "djezzy",
        "operator": "djezzy",
        "technology": "5G",
        "address": "ZERALDA"
      }
    },
    {
      "type": "Feature",
      "geometry": {
        "type": "Point",
        "coordinates": [
          3.0946,
          36.7034
        ]
      },
      "properties": {
        "id": "djezzy-372524cf69",
        "name": "Gue de Canstatine 1er Novembre",
        "wilaya_code": "16",
        "commune_code": null,
        "commune": null,
        "commune_ar": null,
        "lat": 36.7034,
        "lng": 3.0946,
        "geo_precision": "exact",
        "geo_method": "operator_map",
        "source": "djezzy",
        "operator": "djezzy",
        "technology": "5G",
        "address": "DJISR KSENTINA"
      }
    },
    {
      "type": "Feature",
      "geometry": {
        "type": "Point",
        "coordinates": [
          3.20907,
          36.71803
        ]
      },
      "properties": {
        "id": "djezzy-3726aaa595",
        "name": "DAR EL BEIDA_3",
        "wilaya_code": "16",
        "commune_code": null,
        "commune": null,
        "commune_ar": null,
        "lat": 36.71803,
        "lng": 3.20907,
        "geo_precision": "exact",
        "geo_method": "operator_map",
        "source": "djezzy",
        "operator": "djezzy",
        "technology": "5G",
        "address": "DAR EL BEIDA"
      }
    },
    {
      "type": "Feature",
      "geometry": {
        "type": "Point",
        "coordinates": [
          3.00773,
          36.67298
        ]
      },
      "properties": {
        "id": "djezzy-374324d732",
        "name": "Sidi slimane",
        "wilaya_code": "16",
        "commune_code": null,
        "commune": null,
        "commune_ar": null,
        "lat": 36.67298,
        "lng": 3.00773,
        "geo_precision": "exact",
        "geo_method": "operator_map",
        "source": "djezzy",
        "operator": "djezzy",
        "technology": "5G",
        "address": "KHRAISSIA"
      }
    },
    {
      "type": "Feature",
      "geometry": {
        "type": "Point",
        "coordinates": [
          2.8937,
          36.7693
        ]
      },
      "properties": {
        "id": "djezzy-37aa59013e",
        "name": "C I C Club des Pins",
        "wilaya_code": "16",
        "commune_code": null,
        "commune": null,
        "commune_ar": null,
        "lat": 36.7693,
        "lng": 2.8937,
        "geo_precision": "exact",
        "geo_method": "operator_map",
        "source": "djezzy",
        "operator": "djezzy",
        "technology": "5G",
        "address": "CHERAGA"
      }
    },
    {
      "type": "Feature",
      "geometry": {
        "type": "Point",
        "coordinates": [
          3.0738,
          36.7248
        ]
      },
      "properties": {
        "id": "djezzy-37be3e2daf",
        "name": "Bir Khadem 4",
        "wilaya_code": "16",
        "commune_code": null,
        "commune": null,
        "commune_ar": null,
        "lat": 36.7248,
        "lng": 3.0738,
        "geo_precision": "exact",
        "geo_method": "operator_map",
        "source": "djezzy",
        "operator": "djezzy",
        "technology": "5G",
        "address": "BIR KHADEM"
      }
    },
    {
      "type": "Feature",
      "geometry": {
        "type": "Point",
        "coordinates": [
          3.2237,
          36.7568
        ]
      },
      "properties": {
        "id": "djezzy-37ce802c9c",
        "name": "Bateau casse 2",
        "wilaya_code": "16",
        "commune_code": null,
        "commune": null,
        "commune_ar": null,
        "lat": 36.7568,
        "lng": 3.2237,
        "geo_precision": "exact",
        "geo_method": "operator_map",
        "source": "djezzy",
        "operator": "djezzy",
        "technology": "5G",
        "address": "BORDJ EL KIFFAN"
      }
    },
    {
      "type": "Feature",
      "geometry": {
        "type": "Point",
        "coordinates": [
          3.18421,
          36.71674
        ]
      },
      "properties": {
        "id": "djezzy-37fd7a9073",
        "name": "universite Bab Ezzouar 1",
        "wilaya_code": "16",
        "commune_code": null,
        "commune": null,
        "commune_ar": null,
        "lat": 36.71674,
        "lng": 3.18421,
        "geo_precision": "exact",
        "geo_method": "operator_map",
        "source": "djezzy",
        "operator": "djezzy",
        "technology": "5G",
        "address": "BEB EZZOUAR"
      }
    },
    {
      "type": "Feature",
      "geometry": {
        "type": "Point",
        "coordinates": [
          3.00263,
          36.71673
        ]
      },
      "properties": {
        "id": "djezzy-382b1121f5",
        "name": "Draria_Sebbala",
        "wilaya_code": "16",
        "commune_code": null,
        "commune": null,
        "commune_ar": null,
        "lat": 36.71673,
        "lng": 3.00263,
        "geo_precision": "exact",
        "geo_method": "operator_map",
        "source": "djezzy",
        "operator": "djezzy",
        "technology": "5G",
        "address": "DRARIA"
      }
    },
    {
      "type": "Feature",
      "geometry": {
        "type": "Point",
        "coordinates": [
          -1.31098,
          34.89026
        ]
      },
      "properties": {
        "id": "djezzy-383661ec1d",
        "name": "Cite Sidi Said",
        "wilaya_code": "13",
        "commune_code": null,
        "commune": null,
        "commune_ar": null,
        "lat": 34.89026,
        "lng": -1.31098,
        "geo_precision": "exact",
        "geo_method": "operator_map",
        "source": "djezzy",
        "operator": "djezzy",
        "technology": "5G",
        "address": "Tlemcen"
      }
    },
    {
      "type": "Feature",
      "geometry": {
        "type": "Point",
        "coordinates": [
          3.172827,
          36.728276
        ]
      },
      "properties": {
        "id": "djezzy-3841c47480",
        "name": "Direction des Douanes les Bananiers",
        "wilaya_code": "16",
        "commune_code": null,
        "commune": null,
        "commune_ar": null,
        "lat": 36.728276,
        "lng": 3.172827,
        "geo_precision": "exact",
        "geo_method": "operator_map",
        "source": "djezzy",
        "operator": "djezzy",
        "technology": "5G",
        "address": "BEB EZZOUAR"
      }
    },
    {
      "type": "Feature",
      "geometry": {
        "type": "Point",
        "coordinates": [
          3.08441,
          36.6087
        ]
      },
      "properties": {
        "id": "djezzy-3872b46050",
        "name": "SIDI MOUSSA 3",
        "wilaya_code": "16",
        "commune_code": null,
        "commune": null,
        "commune_ar": null,
        "lat": 36.6087,
        "lng": 3.08441,
        "geo_precision": "exact",
        "geo_method": "operator_map",
        "source": "djezzy",
        "operator": "djezzy",
        "technology": "5G",
        "address": "SIDI MOUSSA"
      }
    },
    {
      "type": "Feature",
      "geometry": {
        "type": "Point",
        "coordinates": [
          3.02601,
          36.76641
        ]
      },
      "properties": {
        "id": "djezzy-38a7fd332d",
        "name": "Les Pins-El Biar ",
        "wilaya_code": "16",
        "commune_code": null,
        "commune": null,
        "commune_ar": null,
        "lat": 36.76641,
        "lng": 3.02601,
        "geo_precision": "exact",
        "geo_method": "operator_map",
        "source": "djezzy",
        "operator": "djezzy",
        "technology": "5G",
        "address": "EL BIAR"
      }
    },
    {
      "type": "Feature",
      "geometry": {
        "type": "Point",
        "coordinates": [
          2.9228,
          36.722
        ]
      },
      "properties": {
        "id": "djezzy-38ee91e330",
        "name": "Cite 1190 AADL Ouled Fayet",
        "wilaya_code": "16",
        "commune_code": null,
        "commune": null,
        "commune_ar": null,
        "lat": 36.722,
        "lng": 2.9228,
        "geo_precision": "exact",
        "geo_method": "operator_map",
        "source": "djezzy",
        "operator": "djezzy",
        "technology": "5G",
        "address": "OULED FAYET"
      }
    },
    {
      "type": "Feature",
      "geometry": {
        "type": "Point",
        "coordinates": [
          6.618274,
          36.299384
        ]
      },
      "properties": {
        "id": "djezzy-3913a17d4d",
        "name": " Sonatiba",
        "wilaya_code": "25",
        "commune_code": null,
        "commune": null,
        "commune_ar": null,
        "lat": 36.299384,
        "lng": 6.618274,
        "geo_precision": "exact",
        "geo_method": "operator_map",
        "source": "djezzy",
        "operator": "djezzy",
        "technology": "5G",
        "address": "Constantine"
      }
    },
    {
      "type": "Feature",
      "geometry": {
        "type": "Point",
        "coordinates": [
          2.867186,
          36.68066
        ]
      },
      "properties": {
        "id": "djezzy-3a1961e804",
        "name": "Mehalma l'Universite",
        "wilaya_code": "16",
        "commune_code": null,
        "commune": null,
        "commune_ar": null,
        "lat": 36.68066,
        "lng": 2.867186,
        "geo_precision": "exact",
        "geo_method": "operator_map",
        "source": "djezzy",
        "operator": "djezzy",
        "technology": "5G",
        "address": "MAHELMA"
      }
    },
    {
      "type": "Feature",
      "geometry": {
        "type": "Point",
        "coordinates": [
          3.3416,
          36.7507
        ]
      },
      "properties": {
        "id": "djezzy-3a5d1eed1c",
        "name": "Residence essalam",
        "wilaya_code": "16",
        "commune_code": null,
        "commune": null,
        "commune_ar": null,
        "lat": 36.7507,
        "lng": 3.3416,
        "geo_precision": "exact",
        "geo_method": "operator_map",
        "source": "djezzy",
        "operator": "djezzy",
        "technology": "5G",
        "address": "REGHAIA"
      }
    },
    {
      "type": "Feature",
      "geometry": {
        "type": "Point",
        "coordinates": [
          3.293776,
          36.721704
        ]
      },
      "properties": {
        "id": "djezzy-3a9f326820",
        "name": "LA FARGE ROUIBA",
        "wilaya_code": "16",
        "commune_code": null,
        "commune": null,
        "commune_ar": null,
        "lat": 36.721704,
        "lng": 3.293776,
        "geo_precision": "exact",
        "geo_method": "operator_map",
        "source": "djezzy",
        "operator": "djezzy",
        "technology": "5G",
        "address": "ROUIBA"
      }
    },
    {
      "type": "Feature",
      "geometry": {
        "type": "Point",
        "coordinates": [
          -1.6916,
          34.80802
        ]
      },
      "properties": {
        "id": "djezzy-3abd58511f",
        "name": "El Bkhata",
        "wilaya_code": "13",
        "commune_code": null,
        "commune": null,
        "commune_ar": null,
        "lat": 34.80802,
        "lng": -1.6916,
        "geo_precision": "exact",
        "geo_method": "operator_map",
        "source": "djezzy",
        "operator": "djezzy",
        "technology": "5G",
        "address": "MAGHNIA"
      }
    },
    {
      "type": "Feature",
      "geometry": {
        "type": "Point",
        "coordinates": [
          3.15183,
          36.6608
        ]
      },
      "properties": {
        "id": "djezzy-3adfa12110",
        "name": "Ecalyptus2",
        "wilaya_code": "16",
        "commune_code": null,
        "commune": null,
        "commune_ar": null,
        "lat": 36.6608,
        "lng": 3.15183,
        "geo_precision": "exact",
        "geo_method": "operator_map",
        "source": "djezzy",
        "operator": "djezzy",
        "technology": "5G",
        "address": "LES EUCALYPTUS"
      }
    },
    {
      "type": "Feature",
      "geometry": {
        "type": "Point",
        "coordinates": [
          3.14191,
          36.71381
        ]
      },
      "properties": {
        "id": "djezzy-3b37a695a5",
        "name": "Boumaati 2",
        "wilaya_code": "16",
        "commune_code": null,
        "commune": null,
        "commune_ar": null,
        "lat": 36.71381,
        "lng": 3.14191,
        "geo_precision": "exact",
        "geo_method": "operator_map",
        "source": "djezzy",
        "operator": "djezzy",
        "technology": "5G",
        "address": "EL HARRACH"
      }
    },
    {
      "type": "Feature",
      "geometry": {
        "type": "Point",
        "coordinates": [
          -0.599138888888889,
          35.7003055555556
        ]
      },
      "properties": {
        "id": "djezzy-3b934009c3",
        "name": "Orascom",
        "wilaya_code": "31",
        "commune_code": null,
        "commune": null,
        "commune_ar": null,
        "lat": 35.7003055555556,
        "lng": -0.599138888888889,
        "geo_precision": "exact",
        "geo_method": "operator_map",
        "source": "djezzy",
        "operator": "djezzy",
        "technology": "5G",
        "address": "Oran"
      }
    },
    {
      "type": "Feature",
      "geometry": {
        "type": "Point",
        "coordinates": [
          3.23724,
          36.72085
        ]
      },
      "properties": {
        "id": "djezzy-3c04694082",
        "name": "El Hamiz_3",
        "wilaya_code": "16",
        "commune_code": null,
        "commune": null,
        "commune_ar": null,
        "lat": 36.72085,
        "lng": 3.23724,
        "geo_precision": "exact",
        "geo_method": "operator_map",
        "source": "djezzy",
        "operator": "djezzy",
        "technology": "5G",
        "address": "DAR EL BEIDA"
      }
    },
    {
      "type": "Feature",
      "geometry": {
        "type": "Point",
        "coordinates": [
          5.30151,
          35.91962
        ]
      },
      "properties": {
        "id": "djezzy-3c093c48ec",
        "name": "Ain Oulemen Cite 616",
        "wilaya_code": "19",
        "commune_code": null,
        "commune": null,
        "commune_ar": null,
        "lat": 35.91962,
        "lng": 5.30151,
        "geo_precision": "exact",
        "geo_method": "operator_map",
        "source": "djezzy",
        "operator": "djezzy",
        "technology": "5G",
        "address": "AIN OULMANE"
      }
    },
    {
      "type": "Feature",
      "geometry": {
        "type": "Point",
        "coordinates": [
          -0.5847,
          35.72821
        ]
      },
      "properties": {
        "id": "djezzy-3c5dfcf001",
        "name": "Khemisti",
        "wilaya_code": "31",
        "commune_code": null,
        "commune": null,
        "commune_ar": null,
        "lat": 35.72821,
        "lng": -0.5847,
        "geo_precision": "exact",
        "geo_method": "operator_map",
        "source": "djezzy",
        "operator": "djezzy",
        "technology": "5G",
        "address": "Oran"
      }
    },
    {
      "type": "Feature",
      "geometry": {
        "type": "Point",
        "coordinates": [
          3.34229,
          36.74797
        ]
      },
      "properties": {
        "id": "djezzy-3cc7ec4b1e",
        "name": "Reghaia_3",
        "wilaya_code": "16",
        "commune_code": null,
        "commune": null,
        "commune_ar": null,
        "lat": 36.74797,
        "lng": 3.34229,
        "geo_precision": "exact",
        "geo_method": "operator_map",
        "source": "djezzy",
        "operator": "djezzy",
        "technology": "5G",
        "address": "REGHAIA"
      }
    },
    {
      "type": "Feature",
      "geometry": {
        "type": "Point",
        "coordinates": [
          2.9636,
          36.6464
        ]
      },
      "properties": {
        "id": "djezzy-3d011abb3c",
        "name": "OULED MENDHIL",
        "wilaya_code": "16",
        "commune_code": null,
        "commune": null,
        "commune_ar": null,
        "lat": 36.6464,
        "lng": 2.9636,
        "geo_precision": "exact",
        "geo_method": "operator_map",
        "source": "djezzy",
        "operator": "djezzy",
        "technology": "5G",
        "address": "DOUERA"
      }
    },
    {
      "type": "Feature",
      "geometry": {
        "type": "Point",
        "coordinates": [
          3.1814,
          36.6861
        ]
      },
      "properties": {
        "id": "djezzy-3d6f645dd0",
        "name": "CHERBAA",
        "wilaya_code": "16",
        "commune_code": null,
        "commune": null,
        "commune_ar": null,
        "lat": 36.6861,
        "lng": 3.1814,
        "geo_precision": "exact",
        "geo_method": "operator_map",
        "source": "djezzy",
        "operator": "djezzy",
        "technology": "5G",
        "address": "LES EUCALYPTUS"
      }
    },
    {
      "type": "Feature",
      "geometry": {
        "type": "Point",
        "coordinates": [
          -0.66105,
          35.6668
        ]
      },
      "properties": {
        "id": "djezzy-3db20e4a0a",
        "name": "Hai Tarik",
        "wilaya_code": "31",
        "commune_code": null,
        "commune": null,
        "commune_ar": null,
        "lat": 35.6668,
        "lng": -0.66105,
        "geo_precision": "exact",
        "geo_method": "operator_map",
        "source": "djezzy",
        "operator": "djezzy",
        "technology": "5G",
        "address": "Oran"
      }
    },
    {
      "type": "Feature",
      "geometry": {
        "type": "Point",
        "coordinates": [
          3.232444,
          36.775
        ]
      },
      "properties": {
        "id": "djezzy-3db9657015",
        "name": "CITE DOUME BEK",
        "wilaya_code": "16",
        "commune_code": null,
        "commune": null,
        "commune_ar": null,
        "lat": 36.775,
        "lng": 3.232444,
        "geo_precision": "exact",
        "geo_method": "operator_map",
        "source": "djezzy",
        "operator": "djezzy",
        "technology": "5G",
        "address": "BORDJ EL KIFFAN"
      }
    },
    {
      "type": "Feature",
      "geometry": {
        "type": "Point",
        "coordinates": [
          3.01785,
          36.7016
        ]
      },
      "properties": {
        "id": "djezzy-3ded35ec9f",
        "name": "Shaoula 2",
        "wilaya_code": "16",
        "commune_code": null,
        "commune": null,
        "commune_ar": null,
        "lat": 36.7016,
        "lng": 3.01785,
        "geo_precision": "exact",
        "geo_method": "operator_map",
        "source": "djezzy",
        "operator": "djezzy",
        "technology": "5G",
        "address": "SAOULA"
      }
    },
    {
      "type": "Feature",
      "geometry": {
        "type": "Point",
        "coordinates": [
          6.644989,
          36.356909
        ]
      },
      "properties": {
        "id": "djezzy-3dfa22aa91",
        "name": "Oued El Had",
        "wilaya_code": "25",
        "commune_code": null,
        "commune": null,
        "commune_ar": null,
        "lat": 36.356909,
        "lng": 6.644989,
        "geo_precision": "exact",
        "geo_method": "operator_map",
        "source": "djezzy",
        "operator": "djezzy",
        "technology": "5G",
        "address": "Constantine"
      }
    },
    {
      "type": "Feature",
      "geometry": {
        "type": "Point",
        "coordinates": [
          -1.43311111111111,
          35.0643888888889
        ]
      },
      "properties": {
        "id": "djezzy-3e2b147341",
        "name": "Cite freres Bouanani",
        "wilaya_code": "13",
        "commune_code": null,
        "commune": null,
        "commune_ar": null,
        "lat": 35.0643888888889,
        "lng": -1.43311111111111,
        "geo_precision": "exact",
        "geo_method": "operator_map",
        "source": "djezzy",
        "operator": "djezzy",
        "technology": "5G",
        "address": "REMCHI"
      }
    },
    {
      "type": "Feature",
      "geometry": {
        "type": "Point",
        "coordinates": [
          2.970855,
          36.775977
        ]
      },
      "properties": {
        "id": "djezzy-3e80e0e3ab",
        "name": "Lot Sidi Saadi Beni Messous",
        "wilaya_code": "16",
        "commune_code": null,
        "commune": null,
        "commune_ar": null,
        "lat": 36.775977,
        "lng": 2.970855,
        "geo_precision": "exact",
        "geo_method": "operator_map",
        "source": "djezzy",
        "operator": "djezzy",
        "technology": "5G",
        "address": "BENI MESSOUS"
      }
    },
    {
      "type": "Feature",
      "geometry": {
        "type": "Point",
        "coordinates": [
          2.869765,
          36.68753
        ]
      },
      "properties": {
        "id": "djezzy-3e8bcd5e34",
        "name": "ONOU_cite universitaire Mahelma 6",
        "wilaya_code": "16",
        "commune_code": null,
        "commune": null,
        "commune_ar": null,
        "lat": 36.68753,
        "lng": 2.869765,
        "geo_precision": "exact",
        "geo_method": "operator_map",
        "source": "djezzy",
        "operator": "djezzy",
        "technology": "5G",
        "address": "MAHELMA"
      }
    },
    {
      "type": "Feature",
      "geometry": {
        "type": "Point",
        "coordinates": [
          6.0965,
          35.5269
        ]
      },
      "properties": {
        "id": "djezzy-3ec0c06486",
        "name": "Hamla3 site_2",
        "wilaya_code": "05",
        "commune_code": null,
        "commune": null,
        "commune_ar": null,
        "lat": 35.5269,
        "lng": 6.0965,
        "geo_precision": "exact",
        "geo_method": "operator_map",
        "source": "djezzy",
        "operator": "djezzy",
        "technology": "5G",
        "address": "OUED CHAABA"
      }
    },
    {
      "type": "Feature",
      "geometry": {
        "type": "Point",
        "coordinates": [
          6.04835,
          31.7212
        ]
      },
      "properties": {
        "id": "djezzy-3f1b632a37",
        "name": "Hasi massoud Z.E",
        "wilaya_code": "30",
        "commune_code": null,
        "commune": null,
        "commune_ar": null,
        "lat": 31.7212,
        "lng": 6.04835,
        "geo_precision": "exact",
        "geo_method": "operator_map",
        "source": "djezzy",
        "operator": "djezzy",
        "technology": "5G",
        "address": "HASSI MESSAOUD"
      }
    },
    {
      "type": "Feature",
      "geometry": {
        "type": "Point",
        "coordinates": [
          2.97644,
          36.64833
        ]
      },
      "properties": {
        "id": "djezzy-3f2b81229a",
        "name": "Ben Addeche Birtouta",
        "wilaya_code": "16",
        "commune_code": null,
        "commune": null,
        "commune_ar": null,
        "lat": 36.64833,
        "lng": 2.97644,
        "geo_precision": "exact",
        "geo_method": "operator_map",
        "source": "djezzy",
        "operator": "djezzy",
        "technology": "5G",
        "address": "DOUERA"
      }
    },
    {
      "type": "Feature",
      "geometry": {
        "type": "Point",
        "coordinates": [
          7.71564,
          36.8872
        ]
      },
      "properties": {
        "id": "djezzy-3f4d7fbd76",
        "name": "Cite 5 Juillet",
        "wilaya_code": "23",
        "commune_code": null,
        "commune": null,
        "commune_ar": null,
        "lat": 36.8872,
        "lng": 7.71564,
        "geo_precision": "exact",
        "geo_method": "operator_map",
        "source": "djezzy",
        "operator": "djezzy",
        "technology": "5G",
        "address": "ANNABA"
      }
    },
    {
      "type": "Feature",
      "geometry": {
        "type": "Point",
        "coordinates": [
          3.220981,
          36.715307
        ]
      },
      "properties": {
        "id": "djezzy-3f56fac7b6",
        "name": "Bvd Mouloud Feraoun",
        "wilaya_code": "16",
        "commune_code": null,
        "commune": null,
        "commune_ar": null,
        "lat": 36.715307,
        "lng": 3.220981,
        "geo_precision": "exact",
        "geo_method": "operator_map",
        "source": "djezzy",
        "operator": "djezzy",
        "technology": "5G",
        "address": "DAR EL BEIDA"
      }
    },
    {
      "type": "Feature",
      "geometry": {
        "type": "Point",
        "coordinates": [
          6.17781,
          31.62233
        ]
      },
      "properties": {
        "id": "djezzy-3f82676e03",
        "name": "HASSI MESSAOUD RED MED",
        "wilaya_code": "30",
        "commune_code": null,
        "commune": null,
        "commune_ar": null,
        "lat": 31.62233,
        "lng": 6.17781,
        "geo_precision": "exact",
        "geo_method": "operator_map",
        "source": "djezzy",
        "operator": "djezzy",
        "technology": "5G",
        "address": "HASSI MESSAOUD"
      }
    },
    {
      "type": "Feature",
      "geometry": {
        "type": "Point",
        "coordinates": [
          -0.6427,
          35.6983
        ]
      },
      "properties": {
        "id": "djezzy-3fcb3c2a7e",
        "name": "Bd Zirout Youcef",
        "wilaya_code": "31",
        "commune_code": null,
        "commune": null,
        "commune_ar": null,
        "lat": 35.6983,
        "lng": -0.6427,
        "geo_precision": "exact",
        "geo_method": "operator_map",
        "source": "djezzy",
        "operator": "djezzy",
        "technology": "5G",
        "address": "Oran"
      }
    },
    {
      "type": "Feature",
      "geometry": {
        "type": "Point",
        "coordinates": [
          -1.37204,
          34.87529
        ]
      },
      "properties": {
        "id": "djezzy-3fddadce32",
        "name": "Nouveau Bouhenak",
        "wilaya_code": "13",
        "commune_code": null,
        "commune": null,
        "commune_ar": null,
        "lat": 34.87529,
        "lng": -1.37204,
        "geo_precision": "exact",
        "geo_method": "operator_map",
        "source": "djezzy",
        "operator": "djezzy",
        "technology": "5G",
        "address": "MANSOURAH"
      }
    },
    {
      "type": "Feature",
      "geometry": {
        "type": "Point",
        "coordinates": [
          2.988339,
          36.747835
        ]
      },
      "properties": {
        "id": "djezzy-4000e12be8",
        "name": "Ain Allah Dely Ibrahim",
        "wilaya_code": "16",
        "commune_code": null,
        "commune": null,
        "commune_ar": null,
        "lat": 36.747835,
        "lng": 2.988339,
        "geo_precision": "exact",
        "geo_method": "operator_map",
        "source": "djezzy",
        "operator": "djezzy",
        "technology": "5G",
        "address": "DELY BRAHIM"
      }
    },
    {
      "type": "Feature",
      "geometry": {
        "type": "Point",
        "coordinates": [
          3.33328,
          36.73712
        ]
      },
      "properties": {
        "id": "djezzy-4067371254",
        "name": "SIGHNA",
        "wilaya_code": "16",
        "commune_code": null,
        "commune": null,
        "commune_ar": null,
        "lat": 36.73712,
        "lng": 3.33328,
        "geo_precision": "exact",
        "geo_method": "operator_map",
        "source": "djezzy",
        "operator": "djezzy",
        "technology": "5G",
        "address": "REGHAIA"
      }
    },
    {
      "type": "Feature",
      "geometry": {
        "type": "Point",
        "coordinates": [
          3.0481,
          36.6705
        ]
      },
      "properties": {
        "id": "djezzy-409e7dc433",
        "name": "Baba Ali RN 01",
        "wilaya_code": "16",
        "commune_code": null,
        "commune": null,
        "commune_ar": null,
        "lat": 36.6705,
        "lng": 3.0481,
        "geo_precision": "exact",
        "geo_method": "operator_map",
        "source": "djezzy",
        "operator": "djezzy",
        "technology": "5G",
        "address": "SAOULA"
      }
    },
    {
      "type": "Feature",
      "geometry": {
        "type": "Point",
        "coordinates": [
          6.891468,
          36.848112
        ]
      },
      "properties": {
        "id": "djezzy-40dc1fafe5",
        "name": "UniversitÃ© 20 Aout 1955_Skikda",
        "wilaya_code": "21",
        "commune_code": null,
        "commune": null,
        "commune_ar": null,
        "lat": 36.848112,
        "lng": 6.891468,
        "geo_precision": "exact",
        "geo_method": "operator_map",
        "source": "djezzy",
        "operator": "djezzy",
        "technology": "5G",
        "address": "EL HADAIEK"
      }
    },
    {
      "type": "Feature",
      "geometry": {
        "type": "Point",
        "coordinates": [
          2.96651,
          36.66551
        ]
      },
      "properties": {
        "id": "djezzy-410f680157",
        "name": "HAI TELEGRAPHE, DOUERA",
        "wilaya_code": "16",
        "commune_code": null,
        "commune": null,
        "commune_ar": null,
        "lat": 36.66551,
        "lng": 2.96651,
        "geo_precision": "exact",
        "geo_method": "operator_map",
        "source": "djezzy",
        "operator": "djezzy",
        "technology": "5G",
        "address": "DOUERA"
      }
    },
    {
      "type": "Feature",
      "geometry": {
        "type": "Point",
        "coordinates": [
          6.589563,
          36.361467
        ]
      },
      "properties": {
        "id": "djezzy-41198d9e05",
        "name": "Cite el Bir",
        "wilaya_code": "25",
        "commune_code": null,
        "commune": null,
        "commune_ar": null,
        "lat": 36.361467,
        "lng": 6.589563,
        "geo_precision": "exact",
        "geo_method": "operator_map",
        "source": "djezzy",
        "operator": "djezzy",
        "technology": "5G",
        "address": "Constantine"
      }
    },
    {
      "type": "Feature",
      "geometry": {
        "type": "Point",
        "coordinates": [
          3.20851,
          36.72134
        ]
      },
      "properties": {
        "id": "djezzy-41c24dd963",
        "name": "HAOUCH ATTAR 2 ",
        "wilaya_code": "16",
        "commune_code": null,
        "commune": null,
        "commune_ar": null,
        "lat": 36.72134,
        "lng": 3.20851,
        "geo_precision": "exact",
        "geo_method": "operator_map",
        "source": "djezzy",
        "operator": "djezzy",
        "technology": "5G",
        "address": "DAR EL BEIDA"
      }
    },
    {
      "type": "Feature",
      "geometry": {
        "type": "Point",
        "coordinates": [
          -0.536553,
          35.758858
        ]
      },
      "properties": {
        "id": "djezzy-41da7779c9",
        "name": "Bel Gaied_2",
        "wilaya_code": "31",
        "commune_code": null,
        "commune": null,
        "commune_ar": null,
        "lat": 35.758858,
        "lng": -0.536553,
        "geo_precision": "exact",
        "geo_method": "operator_map",
        "source": "djezzy",
        "operator": "djezzy",
        "technology": "5G",
        "address": "BIR EL DJIR"
      }
    },
    {
      "type": "Feature",
      "geometry": {
        "type": "Point",
        "coordinates": [
          -0.601083333333333,
          35.7066944444444
        ]
      },
      "properties": {
        "id": "djezzy-420b7e9d55",
        "name": "Communication Tower",
        "wilaya_code": "31",
        "commune_code": null,
        "commune": null,
        "commune_ar": null,
        "lat": 35.7066944444444,
        "lng": -0.601083333333333,
        "geo_precision": "exact",
        "geo_method": "operator_map",
        "source": "djezzy",
        "operator": "djezzy",
        "technology": "5G",
        "address": "Oran"
      }
    },
    {
      "type": "Feature",
      "geometry": {
        "type": "Point",
        "coordinates": [
          6.6313,
          36.2576
        ]
      },
      "properties": {
        "id": "djezzy-420eaec3ae",
        "name": "laiterie soummam",
        "wilaya_code": "25",
        "commune_code": null,
        "commune": null,
        "commune_ar": null,
        "lat": 36.2576,
        "lng": 6.6313,
        "geo_precision": "exact",
        "geo_method": "operator_map",
        "source": "djezzy",
        "operator": "djezzy",
        "technology": "5G",
        "address": "EL KHROUB"
      }
    },
    {
      "type": "Feature",
      "geometry": {
        "type": "Point",
        "coordinates": [
          3.10312,
          36.7054
        ]
      },
      "properties": {
        "id": "djezzy-421035b67e",
        "name": "Cooperative El Hanaa",
        "wilaya_code": "16",
        "commune_code": null,
        "commune": null,
        "commune_ar": null,
        "lat": 36.7054,
        "lng": 3.10312,
        "geo_precision": "exact",
        "geo_method": "operator_map",
        "source": "djezzy",
        "operator": "djezzy",
        "technology": "5G",
        "address": "DJISR KSENTINA"
      }
    },
    {
      "type": "Feature",
      "geometry": {
        "type": "Point",
        "coordinates": [
          5.42738,
          36.1791
        ]
      },
      "properties": {
        "id": "djezzy-4223b3015c",
        "name": "Z.I Sétif",
        "wilaya_code": "19",
        "commune_code": null,
        "commune": null,
        "commune_ar": null,
        "lat": 36.1791,
        "lng": 5.42738,
        "geo_precision": "exact",
        "geo_method": "operator_map",
        "source": "djezzy",
        "operator": "djezzy",
        "technology": "5G",
        "address": "Setif"
      }
    },
    {
      "type": "Feature",
      "geometry": {
        "type": "Point",
        "coordinates": [
          2.94575,
          36.72718
        ]
      },
      "properties": {
        "id": "djezzy-4238a6db33",
        "name": "Cite Semrouni",
        "wilaya_code": "16",
        "commune_code": null,
        "commune": null,
        "commune_ar": null,
        "lat": 36.72718,
        "lng": 2.94575,
        "geo_precision": "exact",
        "geo_method": "operator_map",
        "source": "djezzy",
        "operator": "djezzy",
        "technology": "5G",
        "address": "OULED FAYET"
      }
    },
    {
      "type": "Feature",
      "geometry": {
        "type": "Point",
        "coordinates": [
          2.96083,
          36.76763
        ]
      },
      "properties": {
        "id": "djezzy-42d2919d23",
        "name": "Cheraga Ben Badis",
        "wilaya_code": "16",
        "commune_code": null,
        "commune": null,
        "commune_ar": null,
        "lat": 36.76763,
        "lng": 2.96083,
        "geo_precision": "exact",
        "geo_method": "operator_map",
        "source": "djezzy",
        "operator": "djezzy",
        "technology": "5G",
        "address": "CHERAGA"
      }
    },
    {
      "type": "Feature",
      "geometry": {
        "type": "Point",
        "coordinates": [
          3.3541,
          36.7702
        ]
      },
      "properties": {
        "id": "djezzy-42d9ff9e55",
        "name": "ECHET",
        "wilaya_code": "16",
        "commune_code": null,
        "commune": null,
        "commune_ar": null,
        "lat": 36.7702,
        "lng": 3.3541,
        "geo_precision": "exact",
        "geo_method": "operator_map",
        "source": "djezzy",
        "operator": "djezzy",
        "technology": "5G",
        "address": "REGHAIA"
      }
    },
    {
      "type": "Feature",
      "geometry": {
        "type": "Point",
        "coordinates": [
          -1.31388,
          34.86861
        ]
      },
      "properties": {
        "id": "djezzy-42eeee9ba2",
        "name": "Lala Seti Tlemcen",
        "wilaya_code": "13",
        "commune_code": null,
        "commune": null,
        "commune_ar": null,
        "lat": 34.86861,
        "lng": -1.31388,
        "geo_precision": "exact",
        "geo_method": "operator_map",
        "source": "djezzy",
        "operator": "djezzy",
        "technology": "5G",
        "address": "Tlemcen"
      }
    },
    {
      "type": "Feature",
      "geometry": {
        "type": "Point",
        "coordinates": [
          3.0583,
          36.7433
        ]
      },
      "properties": {
        "id": "djezzy-437a464caa",
        "name": "Diar El Saada",
        "wilaya_code": "16",
        "commune_code": null,
        "commune": null,
        "commune_ar": null,
        "lat": 36.7433,
        "lng": 3.0583,
        "geo_precision": "exact",
        "geo_method": "operator_map",
        "source": "djezzy",
        "operator": "djezzy",
        "technology": "5G",
        "address": "EL MOURADIA"
      }
    },
    {
      "type": "Feature",
      "geometry": {
        "type": "Point",
        "coordinates": [
          7.02877,
          36.89662
        ]
      },
      "properties": {
        "id": "djezzy-44542b2658",
        "name": "Hotel Royal Tulip",
        "wilaya_code": "21",
        "commune_code": null,
        "commune": null,
        "commune_ar": null,
        "lat": 36.89662,
        "lng": 7.02877,
        "geo_precision": "exact",
        "geo_method": "operator_map",
        "source": "djezzy",
        "operator": "djezzy",
        "technology": "5G",
        "address": "FIL FILA"
      }
    },
    {
      "type": "Feature",
      "geometry": {
        "type": "Point",
        "coordinates": [
          -1.72397,
          34.85011
        ]
      },
      "properties": {
        "id": "djezzy-4472fa08ce",
        "name": "Rue 1er novombre",
        "wilaya_code": "13",
        "commune_code": null,
        "commune": null,
        "commune_ar": null,
        "lat": 34.85011,
        "lng": -1.72397,
        "geo_precision": "exact",
        "geo_method": "operator_map",
        "source": "djezzy",
        "operator": "djezzy",
        "technology": "5G",
        "address": "MAGHNIA"
      }
    },
    {
      "type": "Feature",
      "geometry": {
        "type": "Point",
        "coordinates": [
          6.91347,
          36.86466
        ]
      },
      "properties": {
        "id": "djezzy-447f547c07",
        "name": "Cite 20 aout",
        "wilaya_code": "21",
        "commune_code": null,
        "commune": null,
        "commune_ar": null,
        "lat": 36.86466,
        "lng": 6.91347,
        "geo_precision": "exact",
        "geo_method": "operator_map",
        "source": "djezzy",
        "operator": "djezzy",
        "technology": "5G",
        "address": "Skikda"
      }
    },
    {
      "type": "Feature",
      "geometry": {
        "type": "Point",
        "coordinates": [
          3.07932,
          36.6993
        ]
      },
      "properties": {
        "id": "djezzy-4484832c1c",
        "name": "2740 Semar",
        "wilaya_code": "16",
        "commune_code": null,
        "commune": null,
        "commune_ar": null,
        "lat": 36.6993,
        "lng": 3.07932,
        "geo_precision": "exact",
        "geo_method": "operator_map",
        "source": "djezzy",
        "operator": "djezzy",
        "technology": "5G",
        "address": "DJISR KSENTINA"
      }
    },
    {
      "type": "Feature",
      "geometry": {
        "type": "Point",
        "coordinates": [
          3.01309,
          36.7243
        ]
      },
      "properties": {
        "id": "djezzy-44a47036e8",
        "name": "SEBBALA",
        "wilaya_code": "16",
        "commune_code": null,
        "commune": null,
        "commune_ar": null,
        "lat": 36.7243,
        "lng": 3.01309,
        "geo_precision": "exact",
        "geo_method": "operator_map",
        "source": "djezzy",
        "operator": "djezzy",
        "technology": "5G",
        "address": "DRARIA"
      }
    },
    {
      "type": "Feature",
      "geometry": {
        "type": "Point",
        "coordinates": [
          2.94317,
          36.74741
        ]
      },
      "properties": {
        "id": "djezzy-4509c42c18",
        "name": "Cheraga_Field",
        "wilaya_code": "16",
        "commune_code": null,
        "commune": null,
        "commune_ar": null,
        "lat": 36.74741,
        "lng": 2.94317,
        "geo_precision": "exact",
        "geo_method": "operator_map",
        "source": "djezzy",
        "operator": "djezzy",
        "technology": "5G",
        "address": "CHERAGA"
      }
    },
    {
      "type": "Feature",
      "geometry": {
        "type": "Point",
        "coordinates": [
          -0.570836,
          35.740798
        ]
      },
      "properties": {
        "id": "djezzy-4569ba21b1",
        "name": "Cite 20 Aout_CANASTEL",
        "wilaya_code": "31",
        "commune_code": null,
        "commune": null,
        "commune_ar": null,
        "lat": 35.740798,
        "lng": -0.570836,
        "geo_precision": "exact",
        "geo_method": "operator_map",
        "source": "djezzy",
        "operator": "djezzy",
        "technology": "5G",
        "address": "Oran"
      }
    },
    {
      "type": "Feature",
      "geometry": {
        "type": "Point",
        "coordinates": [
          -0.6185,
          35.7054166666667
        ]
      },
      "properties": {
        "id": "djezzy-4583195a6f",
        "name": "Sedd Boug Khalifa",
        "wilaya_code": "31",
        "commune_code": null,
        "commune": null,
        "commune_ar": null,
        "lat": 35.7054166666667,
        "lng": -0.6185,
        "geo_precision": "exact",
        "geo_method": "operator_map",
        "source": "djezzy",
        "operator": "djezzy",
        "technology": "5G",
        "address": "Oran"
      }
    },
    {
      "type": "Feature",
      "geometry": {
        "type": "Point",
        "coordinates": [
          3.14672,
          36.7337
        ]
      },
      "properties": {
        "id": "djezzy-4593d6d6ff",
        "name": "Autoroute mohamadia",
        "wilaya_code": "16",
        "commune_code": null,
        "commune": null,
        "commune_ar": null,
        "lat": 36.7337,
        "lng": 3.14672,
        "geo_precision": "exact",
        "geo_method": "operator_map",
        "source": "djezzy",
        "operator": "djezzy",
        "technology": "5G",
        "address": "MOHAMMADIA"
      }
    },
    {
      "type": "Feature",
      "geometry": {
        "type": "Point",
        "coordinates": [
          5.812177,
          35.975278
        ]
      },
      "properties": {
        "id": "djezzy-45dd0310f4",
        "name": "Extension Est_Hammam Sokhna",
        "wilaya_code": "19",
        "commune_code": null,
        "commune": null,
        "commune_ar": null,
        "lat": 35.975278,
        "lng": 5.812177,
        "geo_precision": "exact",
        "geo_method": "operator_map",
        "source": "djezzy",
        "operator": "djezzy",
        "technology": "5G",
        "address": "HAMMAM SOUKHNA"
      }
    },
    {
      "type": "Feature",
      "geometry": {
        "type": "Point",
        "coordinates": [
          5.26508,
          36.19974
        ]
      },
      "properties": {
        "id": "djezzy-45e796bcd7",
        "name": "Ain Messaoud Ain Arnat",
        "wilaya_code": "19",
        "commune_code": null,
        "commune": null,
        "commune_ar": null,
        "lat": 36.19974,
        "lng": 5.26508,
        "geo_precision": "exact",
        "geo_method": "operator_map",
        "source": "djezzy",
        "operator": "djezzy",
        "technology": "5G",
        "address": "AIN ARNAT"
      }
    },
    {
      "type": "Feature",
      "geometry": {
        "type": "Point",
        "coordinates": [
          5.711178,
          36.051917
        ]
      },
      "properties": {
        "id": "djezzy-4654acc198",
        "name": "Promo Anes",
        "wilaya_code": "19",
        "commune_code": null,
        "commune": null,
        "commune_ar": null,
        "lat": 36.051917,
        "lng": 5.711178,
        "geo_precision": "exact",
        "geo_method": "operator_map",
        "source": "djezzy",
        "operator": "djezzy",
        "technology": "5G",
        "address": "EL EULMA"
      }
    },
    {
      "type": "Feature",
      "geometry": {
        "type": "Point",
        "coordinates": [
          6.619716,
          36.338218
        ]
      },
      "properties": {
        "id": "djezzy-46af680869",
        "name": "Faculté Tidjani Haddam",
        "wilaya_code": "25",
        "commune_code": null,
        "commune": null,
        "commune_ar": null,
        "lat": 36.338218,
        "lng": 6.619716,
        "geo_precision": "exact",
        "geo_method": "operator_map",
        "source": "djezzy",
        "operator": "djezzy",
        "technology": "5G",
        "address": "Constantine"
      }
    },
    {
      "type": "Feature",
      "geometry": {
        "type": "Point",
        "coordinates": [
          -1.2927,
          34.909
        ]
      },
      "properties": {
        "id": "djezzy-46cff63429",
        "name": "Zone Industrielle",
        "wilaya_code": "13",
        "commune_code": null,
        "commune": null,
        "commune_ar": null,
        "lat": 34.909,
        "lng": -1.2927,
        "geo_precision": "exact",
        "geo_method": "operator_map",
        "source": "djezzy",
        "operator": "djezzy",
        "technology": "5G",
        "address": "CHETOUANE"
      }
    },
    {
      "type": "Feature",
      "geometry": {
        "type": "Point",
        "coordinates": [
          3.004698,
          36.529868
        ]
      },
      "properties": {
        "id": "djezzy-46f61130af",
        "name": " SUD ETANCHE _Z.A BOUINANE",
        "wilaya_code": "09",
        "commune_code": null,
        "commune": null,
        "commune_ar": null,
        "lat": 36.529868,
        "lng": 3.004698,
        "geo_precision": "exact",
        "geo_method": "operator_map",
        "source": "djezzy",
        "operator": "djezzy",
        "technology": "5G",
        "address": "BOUINAN"
      }
    },
    {
      "type": "Feature",
      "geometry": {
        "type": "Point",
        "coordinates": [
          3.07359,
          36.751324
        ]
      },
      "properties": {
        "id": "djezzy-47f736f4eb",
        "name": "Hotel sofitel1",
        "wilaya_code": "16",
        "commune_code": null,
        "commune": null,
        "commune_ar": null,
        "lat": 36.751324,
        "lng": 3.07359,
        "geo_precision": "exact",
        "geo_method": "operator_map",
        "source": "djezzy",
        "operator": "djezzy",
        "technology": "5G",
        "address": "HAMMA ANASSERS"
      }
    },
    {
      "type": "Feature",
      "geometry": {
        "type": "Point",
        "coordinates": [
          -1.65027777777778,
          34.8904444444444
        ]
      },
      "properties": {
        "id": "djezzy-47f8b35ba1",
        "name": "Hamma Boughrara",
        "wilaya_code": "13",
        "commune_code": null,
        "commune": null,
        "commune_ar": null,
        "lat": 34.8904444444444,
        "lng": -1.65027777777778,
        "geo_precision": "exact",
        "geo_method": "operator_map",
        "source": "djezzy",
        "operator": "djezzy",
        "technology": "5G",
        "address": "HAMMAM BOUGHRARA"
      }
    },
    {
      "type": "Feature",
      "geometry": {
        "type": "Point",
        "coordinates": [
          3.18039,
          36.73328
        ]
      },
      "properties": {
        "id": "djezzy-48579c0b8d",
        "name": "Les Bannaniers_2",
        "wilaya_code": "16",
        "commune_code": null,
        "commune": null,
        "commune_ar": null,
        "lat": 36.73328,
        "lng": 3.18039,
        "geo_precision": "exact",
        "geo_method": "operator_map",
        "source": "djezzy",
        "operator": "djezzy",
        "technology": "5G",
        "address": "BEB EZZOUAR"
      }
    },
    {
      "type": "Feature",
      "geometry": {
        "type": "Point",
        "coordinates": [
          -0.573302,
          35.727888
        ]
      },
      "properties": {
        "id": "djezzy-48cf862077",
        "name": "El Kodse",
        "wilaya_code": "31",
        "commune_code": null,
        "commune": null,
        "commune_ar": null,
        "lat": 35.727888,
        "lng": -0.573302,
        "geo_precision": "exact",
        "geo_method": "operator_map",
        "source": "djezzy",
        "operator": "djezzy",
        "technology": "5G",
        "address": "BIR EL DJIR"
      }
    },
    {
      "type": "Feature",
      "geometry": {
        "type": "Point",
        "coordinates": [
          3.08142,
          36.60261
        ]
      },
      "properties": {
        "id": "djezzy-493731b2fe",
        "name": "cite Ouled Allal",
        "wilaya_code": "16",
        "commune_code": null,
        "commune": null,
        "commune_ar": null,
        "lat": 36.60261,
        "lng": 3.08142,
        "geo_precision": "exact",
        "geo_method": "operator_map",
        "source": "djezzy",
        "operator": "djezzy",
        "technology": "5G",
        "address": "SIDI MOUSSA"
      }
    },
    {
      "type": "Feature",
      "geometry": {
        "type": "Point",
        "coordinates": [
          2.96234,
          36.754466
        ]
      },
      "properties": {
        "id": "djezzy-4956764612",
        "name": "route du petit Staoueli",
        "wilaya_code": "16",
        "commune_code": null,
        "commune": null,
        "commune_ar": null,
        "lat": 36.754466,
        "lng": 2.96234,
        "geo_precision": "exact",
        "geo_method": "operator_map",
        "source": "djezzy",
        "operator": "djezzy",
        "technology": "5G",
        "address": "CHERAGA"
      }
    },
    {
      "type": "Feature",
      "geometry": {
        "type": "Point",
        "coordinates": [
          3.18466,
          36.74555
        ]
      },
      "properties": {
        "id": "djezzy-4970d22689",
        "name": "Cite Claire Matin",
        "wilaya_code": "16",
        "commune_code": null,
        "commune": null,
        "commune_ar": null,
        "lat": 36.74555,
        "lng": 3.18466,
        "geo_precision": "exact",
        "geo_method": "operator_map",
        "source": "djezzy",
        "operator": "djezzy",
        "technology": "5G",
        "address": "BORDJ EL KIFFAN"
      }
    },
    {
      "type": "Feature",
      "geometry": {
        "type": "Point",
        "coordinates": [
          3.3502,
          36.73862
        ]
      },
      "properties": {
        "id": "djezzy-49af5879c8",
        "name": "REGHAIA_2",
        "wilaya_code": "16",
        "commune_code": null,
        "commune": null,
        "commune_ar": null,
        "lat": 36.73862,
        "lng": 3.3502,
        "geo_precision": "exact",
        "geo_method": "operator_map",
        "source": "djezzy",
        "operator": "djezzy",
        "technology": "5G",
        "address": "REGHAIA"
      }
    },
    {
      "type": "Feature",
      "geometry": {
        "type": "Point",
        "coordinates": [
          3.01754,
          36.77511
        ]
      },
      "properties": {
        "id": "djezzy-49bd141bde",
        "name": "Baraness",
        "wilaya_code": "16",
        "commune_code": null,
        "commune": null,
        "commune_ar": null,
        "lat": 36.77511,
        "lng": 3.01754,
        "geo_precision": "exact",
        "geo_method": "operator_map",
        "source": "djezzy",
        "operator": "djezzy",
        "technology": "5G",
        "address": "BOUZAREAH"
      }
    },
    {
      "type": "Feature",
      "geometry": {
        "type": "Point",
        "coordinates": [
          3.20182,
          36.74451
        ]
      },
      "properties": {
        "id": "djezzy-4a609e381d",
        "name": "Mouhous",
        "wilaya_code": "16",
        "commune_code": null,
        "commune": null,
        "commune_ar": null,
        "lat": 36.74451,
        "lng": 3.20182,
        "geo_precision": "exact",
        "geo_method": "operator_map",
        "source": "djezzy",
        "operator": "djezzy",
        "technology": "5G",
        "address": "BORDJ EL KIFFAN"
      }
    },
    {
      "type": "Feature",
      "geometry": {
        "type": "Point",
        "coordinates": [
          3.09541,
          36.64404
        ]
      },
      "properties": {
        "id": "djezzy-4ac5d3f078",
        "name": "SIDI MOUSSA ZONE INSDUTRIEL",
        "wilaya_code": "16",
        "commune_code": null,
        "commune": null,
        "commune_ar": null,
        "lat": 36.64404,
        "lng": 3.09541,
        "geo_precision": "exact",
        "geo_method": "operator_map",
        "source": "djezzy",
        "operator": "djezzy",
        "technology": "5G",
        "address": "SIDI MOUSSA"
      }
    },
    {
      "type": "Feature",
      "geometry": {
        "type": "Point",
        "coordinates": [
          -0.48778,
          35.56219
        ]
      },
      "properties": {
        "id": "djezzy-4adb694d3f",
        "name": "RENAULT",
        "wilaya_code": "31",
        "commune_code": null,
        "commune": null,
        "commune_ar": null,
        "lat": 35.56219,
        "lng": -0.48778,
        "geo_precision": "exact",
        "geo_method": "operator_map",
        "source": "djezzy",
        "operator": "djezzy",
        "technology": "5G",
        "address": "OUED TLELAT"
      }
    },
    {
      "type": "Feature",
      "geometry": {
        "type": "Point",
        "coordinates": [
          3.09819,
          36.65851
        ]
      },
      "properties": {
        "id": "djezzy-4bf372bebe",
        "name": "Cite Ahmed ghazi baraki",
        "wilaya_code": "16",
        "commune_code": null,
        "commune": null,
        "commune_ar": null,
        "lat": 36.65851,
        "lng": 3.09819,
        "geo_precision": "exact",
        "geo_method": "operator_map",
        "source": "djezzy",
        "operator": "djezzy",
        "technology": "5G",
        "address": "BARAKI"
      }
    },
    {
      "type": "Feature",
      "geometry": {
        "type": "Point",
        "coordinates": [
          5.67934,
          35.797482
        ]
      },
      "properties": {
        "id": "djezzy-4c03ca2037",
        "name": "Zraia",
        "wilaya_code": "19",
        "commune_code": null,
        "commune": null,
        "commune_ar": null,
        "lat": 35.797482,
        "lng": 5.67934,
        "geo_precision": "exact",
        "geo_method": "operator_map",
        "source": "djezzy",
        "operator": "djezzy",
        "technology": "5G",
        "address": "AIN AZAL"
      }
    },
    {
      "type": "Feature",
      "geometry": {
        "type": "Point",
        "coordinates": [
          3.14431,
          36.66647
        ]
      },
      "properties": {
        "id": "djezzy-4c051aac2e",
        "name": "Cite El kebir",
        "wilaya_code": "16",
        "commune_code": null,
        "commune": null,
        "commune_ar": null,
        "lat": 36.66647,
        "lng": 3.14431,
        "geo_precision": "exact",
        "geo_method": "operator_map",
        "source": "djezzy",
        "operator": "djezzy",
        "technology": "5G",
        "address": "LES EUCALYPTUS"
      }
    },
    {
      "type": "Feature",
      "geometry": {
        "type": "Point",
        "coordinates": [
          -1.28429,
          34.93542
        ]
      },
      "properties": {
        "id": "djezzy-4c063a2e3b",
        "name": "Ouzidane",
        "wilaya_code": "13",
        "commune_code": null,
        "commune": null,
        "commune_ar": null,
        "lat": 34.93542,
        "lng": -1.28429,
        "geo_precision": "exact",
        "geo_method": "operator_map",
        "source": "djezzy",
        "operator": "djezzy",
        "technology": "5G",
        "address": "CHETOUANE"
      }
    },
    {
      "type": "Feature",
      "geometry": {
        "type": "Point",
        "coordinates": [
          -0.3437,
          35.7834
        ]
      },
      "properties": {
        "id": "djezzy-4c0666b58c",
        "name": "ZI Ayayda",
        "wilaya_code": "31",
        "commune_code": null,
        "commune": null,
        "commune_ar": null,
        "lat": 35.7834,
        "lng": -0.3437,
        "geo_precision": "exact",
        "geo_method": "operator_map",
        "source": "djezzy",
        "operator": "djezzy",
        "technology": "5G",
        "address": "AIN BIYA"
      }
    },
    {
      "type": "Feature",
      "geometry": {
        "type": "Point",
        "coordinates": [
          3.17245,
          36.70157
        ]
      },
      "properties": {
        "id": "djezzy-4cb0699663",
        "name": "Satee oued smar",
        "wilaya_code": "16",
        "commune_code": null,
        "commune": null,
        "commune_ar": null,
        "lat": 36.70157,
        "lng": 3.17245,
        "geo_precision": "exact",
        "geo_method": "operator_map",
        "source": "djezzy",
        "operator": "djezzy",
        "technology": "5G",
        "address": "OUED SMAR"
      }
    },
    {
      "type": "Feature",
      "geometry": {
        "type": "Point",
        "coordinates": [
          2.9233,
          36.761
        ]
      },
      "properties": {
        "id": "djezzy-4d4da9dcd7",
        "name": "Village Cheraga",
        "wilaya_code": "16",
        "commune_code": null,
        "commune": null,
        "commune_ar": null,
        "lat": 36.761,
        "lng": 2.9233,
        "geo_precision": "exact",
        "geo_method": "operator_map",
        "source": "djezzy",
        "operator": "djezzy",
        "technology": "5G",
        "address": "CHERAGA"
      }
    },
    {
      "type": "Feature",
      "geometry": {
        "type": "Point",
        "coordinates": [
          3.20198,
          36.75137
        ]
      },
      "properties": {
        "id": "djezzy-4dd31744cc",
        "name": "Verte rive",
        "wilaya_code": "16",
        "commune_code": null,
        "commune": null,
        "commune_ar": null,
        "lat": 36.75137,
        "lng": 3.20198,
        "geo_precision": "exact",
        "geo_method": "operator_map",
        "source": "djezzy",
        "operator": "djezzy",
        "technology": "5G",
        "address": "BORDJ EL KIFFAN"
      }
    },
    {
      "type": "Feature",
      "geometry": {
        "type": "Point",
        "coordinates": [
          -0.579694444444444,
          35.7224444444444
        ]
      },
      "properties": {
        "id": "djezzy-4e0cf7013c",
        "name": "Emir Aek Cite",
        "wilaya_code": "31",
        "commune_code": null,
        "commune": null,
        "commune_ar": null,
        "lat": 35.7224444444444,
        "lng": -0.579694444444444,
        "geo_precision": "exact",
        "geo_method": "operator_map",
        "source": "djezzy",
        "operator": "djezzy",
        "technology": "5G",
        "address": "BIR EL DJIR"
      }
    },
    {
      "type": "Feature",
      "geometry": {
        "type": "Point",
        "coordinates": [
          2.88913,
          36.758
        ]
      },
      "properties": {
        "id": "djezzy-4e2a93717d",
        "name": "Staoualy_5",
        "wilaya_code": "16",
        "commune_code": null,
        "commune": null,
        "commune_ar": null,
        "lat": 36.758,
        "lng": 2.88913,
        "geo_precision": "exact",
        "geo_method": "operator_map",
        "source": "djezzy",
        "operator": "djezzy",
        "technology": "5G",
        "address": "STAOUELI"
      }
    },
    {
      "type": "Feature",
      "geometry": {
        "type": "Point",
        "coordinates": [
          6.63139,
          36.4418
        ]
      },
      "properties": {
        "id": "djezzy-4e33885746",
        "name": "Didouche Mourad 3",
        "wilaya_code": "25",
        "commune_code": null,
        "commune": null,
        "commune_ar": null,
        "lat": 36.4418,
        "lng": 6.63139,
        "geo_precision": "exact",
        "geo_method": "operator_map",
        "source": "djezzy",
        "operator": "djezzy",
        "technology": "5G",
        "address": "DIDOUCHE MOURAD"
      }
    },
    {
      "type": "Feature",
      "geometry": {
        "type": "Point",
        "coordinates": [
          2.9856,
          36.72298
        ]
      },
      "properties": {
        "id": "djezzy-4e5d87a4c3",
        "name": "Draria oued tarfa",
        "wilaya_code": "16",
        "commune_code": null,
        "commune": null,
        "commune_ar": null,
        "lat": 36.72298,
        "lng": 2.9856,
        "geo_precision": "exact",
        "geo_method": "operator_map",
        "source": "djezzy",
        "operator": "djezzy",
        "technology": "5G",
        "address": "EL ACHOUR"
      }
    },
    {
      "type": "Feature",
      "geometry": {
        "type": "Point",
        "coordinates": [
          2.83476,
          36.6966
        ]
      },
      "properties": {
        "id": "djezzy-4ec9de524f",
        "name": "Sidi Mnif",
        "wilaya_code": "16",
        "commune_code": null,
        "commune": null,
        "commune_ar": null,
        "lat": 36.6966,
        "lng": 2.83476,
        "geo_precision": "exact",
        "geo_method": "operator_map",
        "source": "djezzy",
        "operator": "djezzy",
        "technology": "5G",
        "address": "ZERALDA"
      }
    },
    {
      "type": "Feature",
      "geometry": {
        "type": "Point",
        "coordinates": [
          5.66048,
          36.17096
        ]
      },
      "properties": {
        "id": "djezzy-4f142799b3",
        "name": "El Eulma Cite Zoubir",
        "wilaya_code": "19",
        "commune_code": null,
        "commune": null,
        "commune_ar": null,
        "lat": 36.17096,
        "lng": 5.66048,
        "geo_precision": "exact",
        "geo_method": "operator_map",
        "source": "djezzy",
        "operator": "djezzy",
        "technology": "5G",
        "address": "EL EULMA"
      }
    },
    {
      "type": "Feature",
      "geometry": {
        "type": "Point",
        "coordinates": [
          2.84428,
          36.48078
        ]
      },
      "properties": {
        "id": "djezzy-4f4cd37a03",
        "name": "Ouled Yaiche 19 JUIN",
        "wilaya_code": "09",
        "commune_code": null,
        "commune": null,
        "commune_ar": null,
        "lat": 36.48078,
        "lng": 2.84428,
        "geo_precision": "exact",
        "geo_method": "operator_map",
        "source": "djezzy",
        "operator": "djezzy",
        "technology": "5G",
        "address": "Blida"
      }
    },
    {
      "type": "Feature",
      "geometry": {
        "type": "Point",
        "coordinates": [
          5.447065,
          36.192762
        ]
      },
      "properties": {
        "id": "djezzy-4f669ee180",
        "name": "Cité CNL",
        "wilaya_code": "19",
        "commune_code": null,
        "commune": null,
        "commune_ar": null,
        "lat": 36.192762,
        "lng": 5.447065,
        "geo_precision": "exact",
        "geo_method": "operator_map",
        "source": "djezzy",
        "operator": "djezzy",
        "technology": "5G",
        "address": "Setif"
      }
    },
    {
      "type": "Feature",
      "geometry": {
        "type": "Point",
        "coordinates": [
          2.90187,
          36.66598
        ]
      },
      "properties": {
        "id": "djezzy-4fb227108b",
        "name": "AADL Q19 Rahmania",
        "wilaya_code": "16",
        "commune_code": null,
        "commune": null,
        "commune_ar": null,
        "lat": 36.66598,
        "lng": 2.90187,
        "geo_precision": "exact",
        "geo_method": "operator_map",
        "source": "djezzy",
        "operator": "djezzy",
        "technology": "5G",
        "address": "RAHMANIA"
      }
    },
    {
      "type": "Feature",
      "geometry": {
        "type": "Point",
        "coordinates": [
          3.03928,
          36.67324
        ]
      },
      "properties": {
        "id": "djezzy-4fb3dfe4fc",
        "name": "Small cell AADL Saoula",
        "wilaya_code": "16",
        "commune_code": null,
        "commune": null,
        "commune_ar": null,
        "lat": 36.67324,
        "lng": 3.03928,
        "geo_precision": "exact",
        "geo_method": "operator_map",
        "source": "djezzy",
        "operator": "djezzy",
        "technology": "5G",
        "address": "SAOULA"
      }
    },
    {
      "type": "Feature",
      "geometry": {
        "type": "Point",
        "coordinates": [
          2.9871,
          36.7675
        ]
      },
      "properties": {
        "id": "djezzy-500e7294d0",
        "name": "Hai Errahma Delly Brahim",
        "wilaya_code": "16",
        "commune_code": null,
        "commune": null,
        "commune_ar": null,
        "lat": 36.7675,
        "lng": 2.9871,
        "geo_precision": "exact",
        "geo_method": "operator_map",
        "source": "djezzy",
        "operator": "djezzy",
        "technology": "5G",
        "address": "DELY BRAHIM"
      }
    },
    {
      "type": "Feature",
      "geometry": {
        "type": "Point",
        "coordinates": [
          3.0772,
          36.5394
        ]
      },
      "properties": {
        "id": "djezzy-50136efcc5",
        "name": "Bougara6",
        "wilaya_code": "09",
        "commune_code": null,
        "commune": null,
        "commune_ar": null,
        "lat": 36.5394,
        "lng": 3.0772,
        "geo_precision": "exact",
        "geo_method": "operator_map",
        "source": "djezzy",
        "operator": "djezzy",
        "technology": "5G",
        "address": "BOUGARA"
      }
    },
    {
      "type": "Feature",
      "geometry": {
        "type": "Point",
        "coordinates": [
          3.22591,
          36.76811
        ]
      },
      "properties": {
        "id": "djezzy-508151ac1f",
        "name": "cite les Dunes BEK",
        "wilaya_code": "16",
        "commune_code": null,
        "commune": null,
        "commune_ar": null,
        "lat": 36.76811,
        "lng": 3.22591,
        "geo_precision": "exact",
        "geo_method": "operator_map",
        "source": "djezzy",
        "operator": "djezzy",
        "technology": "5G",
        "address": "BORDJ EL KIFFAN"
      }
    },
    {
      "type": "Feature",
      "geometry": {
        "type": "Point",
        "coordinates": [
          6.68176,
          36.3049
        ]
      },
      "properties": {
        "id": "djezzy-50a426d64a",
        "name": "V_El Guemmas",
        "wilaya_code": "25",
        "commune_code": null,
        "commune": null,
        "commune_ar": null,
        "lat": 36.3049,
        "lng": 6.68176,
        "geo_precision": "exact",
        "geo_method": "operator_map",
        "source": "djezzy",
        "operator": "djezzy",
        "technology": "5G",
        "address": "Constantine"
      }
    },
    {
      "type": "Feature",
      "geometry": {
        "type": "Point",
        "coordinates": [
          3.21645,
          36.72916
        ]
      },
      "properties": {
        "id": "djezzy-5115c62c55",
        "name": "HAMIZ 5",
        "wilaya_code": "16",
        "commune_code": null,
        "commune": null,
        "commune_ar": null,
        "lat": 36.72916,
        "lng": 3.21645,
        "geo_precision": "exact",
        "geo_method": "operator_map",
        "source": "djezzy",
        "operator": "djezzy",
        "technology": "5G",
        "address": "DAR EL BEIDA"
      }
    },
    {
      "type": "Feature",
      "geometry": {
        "type": "Point",
        "coordinates": [
          3.0936,
          36.6553
        ]
      },
      "properties": {
        "id": "djezzy-51237a0947",
        "name": "citéMihoub1400lgts",
        "wilaya_code": "16",
        "commune_code": null,
        "commune": null,
        "commune_ar": null,
        "lat": 36.6553,
        "lng": 3.0936,
        "geo_precision": "exact",
        "geo_method": "operator_map",
        "source": "djezzy",
        "operator": "djezzy",
        "technology": "5G",
        "address": "BARAKI"
      }
    },
    {
      "type": "Feature",
      "geometry": {
        "type": "Point",
        "coordinates": [
          2.8173,
          36.4766
        ]
      },
      "properties": {
        "id": "djezzy-512bad246d",
        "name": "Blida-Boulevard Med Boudiaf",
        "wilaya_code": "09",
        "commune_code": null,
        "commune": null,
        "commune_ar": null,
        "lat": 36.4766,
        "lng": 2.8173,
        "geo_precision": "exact",
        "geo_method": "operator_map",
        "source": "djezzy",
        "operator": "djezzy",
        "technology": "5G",
        "address": "Blida"
      }
    },
    {
      "type": "Feature",
      "geometry": {
        "type": "Point",
        "coordinates": [
          -0.62763,
          35.63921
        ]
      },
      "properties": {
        "id": "djezzy-517607d339",
        "name": "Cite kara",
        "wilaya_code": "31",
        "commune_code": null,
        "commune": null,
        "commune_ar": null,
        "lat": 35.63921,
        "lng": -0.62763,
        "geo_precision": "exact",
        "geo_method": "operator_map",
        "source": "djezzy",
        "operator": "djezzy",
        "technology": "5G",
        "address": "ES SENIA"
      }
    },
    {
      "type": "Feature",
      "geometry": {
        "type": "Point",
        "coordinates": [
          6.64453,
          36.3649
        ]
      },
      "properties": {
        "id": "djezzy-52c26f8e4b",
        "name": "V_CITE FRERE ABESS",
        "wilaya_code": "25",
        "commune_code": null,
        "commune": null,
        "commune_ar": null,
        "lat": 36.3649,
        "lng": 6.64453,
        "geo_precision": "exact",
        "geo_method": "operator_map",
        "source": "djezzy",
        "operator": "djezzy",
        "technology": "5G",
        "address": "Constantine"
      }
    },
    {
      "type": "Feature",
      "geometry": {
        "type": "Point",
        "coordinates": [
          3.0913,
          36.68888
        ]
      },
      "properties": {
        "id": "djezzy-52e42a0adc",
        "name": "ZI SEMAR",
        "wilaya_code": "16",
        "commune_code": null,
        "commune": null,
        "commune_ar": null,
        "lat": 36.68888,
        "lng": 3.0913,
        "geo_precision": "exact",
        "geo_method": "operator_map",
        "source": "djezzy",
        "operator": "djezzy",
        "technology": "5G",
        "address": "DJISR KSENTINA"
      }
    },
    {
      "type": "Feature",
      "geometry": {
        "type": "Point",
        "coordinates": [
          6.6529,
          36.34112
        ]
      },
      "properties": {
        "id": "djezzy-53134044d1",
        "name": "Guemas cite Zouad",
        "wilaya_code": "25",
        "commune_code": null,
        "commune": null,
        "commune_ar": null,
        "lat": 36.34112,
        "lng": 6.6529,
        "geo_precision": "exact",
        "geo_method": "operator_map",
        "source": "djezzy",
        "operator": "djezzy",
        "technology": "5G",
        "address": "Constantine"
      }
    },
    {
      "type": "Feature",
      "geometry": {
        "type": "Point",
        "coordinates": [
          -8.12811111111111,
          27.6486944444444
        ]
      },
      "properties": {
        "id": "djezzy-531a53d756",
        "name": "Cite Tindouf Lotfi",
        "wilaya_code": "37",
        "commune_code": null,
        "commune": null,
        "commune_ar": null,
        "lat": 27.6486944444444,
        "lng": -8.12811111111111,
        "geo_precision": "exact",
        "geo_method": "operator_map",
        "source": "djezzy",
        "operator": "djezzy",
        "technology": "5G",
        "address": "Tindouf"
      }
    },
    {
      "type": "Feature",
      "geometry": {
        "type": "Point",
        "coordinates": [
          3.01905,
          36.67958
        ]
      },
      "properties": {
        "id": "djezzy-53e3a6a529",
        "name": "Saoula 2",
        "wilaya_code": "16",
        "commune_code": null,
        "commune": null,
        "commune_ar": null,
        "lat": 36.67958,
        "lng": 3.01905,
        "geo_precision": "exact",
        "geo_method": "operator_map",
        "source": "djezzy",
        "operator": "djezzy",
        "technology": "5G",
        "address": "SAOULA"
      }
    },
    {
      "type": "Feature",
      "geometry": {
        "type": "Point",
        "coordinates": [
          2.9708,
          36.5306
        ]
      },
      "properties": {
        "id": "djezzy-53ef757145",
        "name": "AMROUSSA",
        "wilaya_code": "09",
        "commune_code": null,
        "commune": null,
        "commune_ar": null,
        "lat": 36.5306,
        "lng": 2.9708,
        "geo_precision": "exact",
        "geo_method": "operator_map",
        "source": "djezzy",
        "operator": "djezzy",
        "technology": "5G",
        "address": "BOUINAN"
      }
    },
    {
      "type": "Feature",
      "geometry": {
        "type": "Point",
        "coordinates": [
          -1.328639,
          34.925855
        ]
      },
      "properties": {
        "id": "djezzy-546db14289",
        "name": "OUJLIDA",
        "wilaya_code": "13",
        "commune_code": null,
        "commune": null,
        "commune_ar": null,
        "lat": 34.925855,
        "lng": -1.328639,
        "geo_precision": "exact",
        "geo_method": "operator_map",
        "source": "djezzy",
        "operator": "djezzy",
        "technology": "5G",
        "address": "Tlemcen"
      }
    },
    {
      "type": "Feature",
      "geometry": {
        "type": "Point",
        "coordinates": [
          5.42701,
          36.195
        ]
      },
      "properties": {
        "id": "djezzy-547925f504",
        "name": "Cite Ouled Brahim_2",
        "wilaya_code": "19",
        "commune_code": null,
        "commune": null,
        "commune_ar": null,
        "lat": 36.195,
        "lng": 5.42701,
        "geo_precision": "exact",
        "geo_method": "operator_map",
        "source": "djezzy",
        "operator": "djezzy",
        "technology": "5G",
        "address": "Setif"
      }
    },
    {
      "type": "Feature",
      "geometry": {
        "type": "Point",
        "coordinates": [
          3.16931,
          36.72611
        ]
      },
      "properties": {
        "id": "djezzy-549240a5c8",
        "name": "Cité les Bananiers",
        "wilaya_code": "16",
        "commune_code": null,
        "commune": null,
        "commune_ar": null,
        "lat": 36.72611,
        "lng": 3.16931,
        "geo_precision": "exact",
        "geo_method": "operator_map",
        "source": "djezzy",
        "operator": "djezzy",
        "technology": "5G",
        "address": "BEB EZZOUAR"
      }
    },
    {
      "type": "Feature",
      "geometry": {
        "type": "Point",
        "coordinates": [
          5.708683,
          36.162764
        ]
      },
      "properties": {
        "id": "djezzy-54e4ead393",
        "name": "Youssif Moussa_El Eulma Site2",
        "wilaya_code": "19",
        "commune_code": null,
        "commune": null,
        "commune_ar": null,
        "lat": 36.162764,
        "lng": 5.708683,
        "geo_precision": "exact",
        "geo_method": "operator_map",
        "source": "djezzy",
        "operator": "djezzy",
        "technology": "5G",
        "address": "EL EULMA"
      }
    },
    {
      "type": "Feature",
      "geometry": {
        "type": "Point",
        "coordinates": [
          -0.53934,
          35.67454
        ]
      },
      "properties": {
        "id": "djezzy-54fda01d43",
        "name": "Sidi Maarouf_3",
        "wilaya_code": "31",
        "commune_code": null,
        "commune": null,
        "commune_ar": null,
        "lat": 35.67454,
        "lng": -0.53934,
        "geo_precision": "exact",
        "geo_method": "operator_map",
        "source": "djezzy",
        "operator": "djezzy",
        "technology": "5G",
        "address": "SIDI CHAMI"
      }
    },
    {
      "type": "Feature",
      "geometry": {
        "type": "Point",
        "coordinates": [
          2.90643,
          36.7944
        ]
      },
      "properties": {
        "id": "djezzy-5517b41f51",
        "name": "Ain Benian Ville 1",
        "wilaya_code": "16",
        "commune_code": null,
        "commune": null,
        "commune_ar": null,
        "lat": 36.7944,
        "lng": 2.90643,
        "geo_precision": "exact",
        "geo_method": "operator_map",
        "source": "djezzy",
        "operator": "djezzy",
        "technology": "5G",
        "address": "AIN BENIAN"
      }
    },
    {
      "type": "Feature",
      "geometry": {
        "type": "Point",
        "coordinates": [
          3.34262,
          36.73735
        ]
      },
      "properties": {
        "id": "djezzy-5566c3ccbe",
        "name": "Reghaia",
        "wilaya_code": "16",
        "commune_code": null,
        "commune": null,
        "commune_ar": null,
        "lat": 36.73735,
        "lng": 3.34262,
        "geo_precision": "exact",
        "geo_method": "operator_map",
        "source": "djezzy",
        "operator": "djezzy",
        "technology": "5G",
        "address": "REGHAIA"
      }
    },
    {
      "type": "Feature",
      "geometry": {
        "type": "Point",
        "coordinates": [
          2.87094,
          36.69068
        ]
      },
      "properties": {
        "id": "djezzy-5576f6b44d",
        "name": "Ali Bentayeb Mahelma",
        "wilaya_code": "16",
        "commune_code": null,
        "commune": null,
        "commune_ar": null,
        "lat": 36.69068,
        "lng": 2.87094,
        "geo_precision": "exact",
        "geo_method": "operator_map",
        "source": "djezzy",
        "operator": "djezzy",
        "technology": "5G",
        "address": "MAHELMA"
      }
    },
    {
      "type": "Feature",
      "geometry": {
        "type": "Point",
        "coordinates": [
          3.17079,
          36.73992
        ]
      },
      "properties": {
        "id": "djezzy-55db9fa730",
        "name": "Lido_2",
        "wilaya_code": "16",
        "commune_code": null,
        "commune": null,
        "commune_ar": null,
        "lat": 36.73992,
        "lng": 3.17079,
        "geo_precision": "exact",
        "geo_method": "operator_map",
        "source": "djezzy",
        "operator": "djezzy",
        "technology": "5G",
        "address": "MOHAMMADIA"
      }
    },
    {
      "type": "Feature",
      "geometry": {
        "type": "Point",
        "coordinates": [
          3.02411,
          36.77492
        ]
      },
      "properties": {
        "id": "djezzy-5645789387",
        "name": "Baranesse 2",
        "wilaya_code": "16",
        "commune_code": null,
        "commune": null,
        "commune_ar": null,
        "lat": 36.77492,
        "lng": 3.02411,
        "geo_precision": "exact",
        "geo_method": "operator_map",
        "source": "djezzy",
        "operator": "djezzy",
        "technology": "5G",
        "address": "BOUZAREAH"
      }
    },
    {
      "type": "Feature",
      "geometry": {
        "type": "Point",
        "coordinates": [
          3.08042,
          36.7306
        ]
      },
      "properties": {
        "id": "djezzy-565cf191a0",
        "name": "KOUBA_II",
        "wilaya_code": "16",
        "commune_code": null,
        "commune": null,
        "commune_ar": null,
        "lat": 36.7306,
        "lng": 3.08042,
        "geo_precision": "exact",
        "geo_method": "operator_map",
        "source": "djezzy",
        "operator": "djezzy",
        "technology": "5G",
        "address": "KOUBA"
      }
    },
    {
      "type": "Feature",
      "geometry": {
        "type": "Point",
        "coordinates": [
          6.594831,
          35.702
        ]
      },
      "properties": {
        "id": "djezzy-56ad53b60f",
        "name": "EL MOUNCHAR_T",
        "wilaya_code": "25",
        "commune_code": null,
        "commune": null,
        "commune_ar": null,
        "lat": 35.702,
        "lng": 6.594831,
        "geo_precision": "exact",
        "geo_method": "operator_map",
        "source": "djezzy",
        "operator": "djezzy",
        "technology": "5G",
        "address": "Constantine"
      }
    },
    {
      "type": "Feature",
      "geometry": {
        "type": "Point",
        "coordinates": [
          2.98594,
          36.76015
        ]
      },
      "properties": {
        "id": "djezzy-56df0667f7",
        "name": "Switch Delly Brahim",
        "wilaya_code": "16",
        "commune_code": null,
        "commune": null,
        "commune_ar": null,
        "lat": 36.76015,
        "lng": 2.98594,
        "geo_precision": "exact",
        "geo_method": "operator_map",
        "source": "djezzy",
        "operator": "djezzy",
        "technology": "5G",
        "address": "DELY BRAHIM"
      }
    },
    {
      "type": "Feature",
      "geometry": {
        "type": "Point",
        "coordinates": [
          3.0222,
          36.67494
        ]
      },
      "properties": {
        "id": "djezzy-57040a8e47",
        "name": "Ouled el hadj",
        "wilaya_code": "16",
        "commune_code": null,
        "commune": null,
        "commune_ar": null,
        "lat": 36.67494,
        "lng": 3.0222,
        "geo_precision": "exact",
        "geo_method": "operator_map",
        "source": "djezzy",
        "operator": "djezzy",
        "technology": "5G",
        "address": "SAOULA"
      }
    },
    {
      "type": "Feature",
      "geometry": {
        "type": "Point",
        "coordinates": [
          -0.570873,
          35.746334
        ]
      },
      "properties": {
        "id": "djezzy-5751cac6c7",
        "name": "Haï El Menzah",
        "wilaya_code": "31",
        "commune_code": null,
        "commune": null,
        "commune_ar": null,
        "lat": 35.746334,
        "lng": -0.570873,
        "geo_precision": "exact",
        "geo_method": "operator_map",
        "source": "djezzy",
        "operator": "djezzy",
        "technology": "5G",
        "address": "Oran"
      }
    },
    {
      "type": "Feature",
      "geometry": {
        "type": "Point",
        "coordinates": [
          3.20181,
          36.74666
        ]
      },
      "properties": {
        "id": "djezzy-577d505fdd",
        "name": "CitÃ© Mimouni  Bordj El Kiffan",
        "wilaya_code": "16",
        "commune_code": null,
        "commune": null,
        "commune_ar": null,
        "lat": 36.74666,
        "lng": 3.20181,
        "geo_precision": "exact",
        "geo_method": "operator_map",
        "source": "djezzy",
        "operator": "djezzy",
        "technology": "5G",
        "address": "BORDJ EL KIFFAN"
      }
    },
    {
      "type": "Feature",
      "geometry": {
        "type": "Point",
        "coordinates": [
          5.96901,
          35.95966
        ]
      },
      "properties": {
        "id": "djezzy-57cb0f5bc5",
        "name": "TAYA_O",
        "wilaya_code": "19",
        "commune_code": null,
        "commune": null,
        "commune_ar": null,
        "lat": 35.95966,
        "lng": 5.96901,
        "geo_precision": "exact",
        "geo_method": "operator_map",
        "source": "djezzy",
        "operator": "djezzy",
        "technology": "5G",
        "address": "TAYA"
      }
    },
    {
      "type": "Feature",
      "geometry": {
        "type": "Point",
        "coordinates": [
          5.42953,
          36.1543
        ]
      },
      "properties": {
        "id": "djezzy-57d439e0f4",
        "name": "Zone industrielle Setif Site3",
        "wilaya_code": "19",
        "commune_code": null,
        "commune": null,
        "commune_ar": null,
        "lat": 36.1543,
        "lng": 5.42953,
        "geo_precision": "exact",
        "geo_method": "operator_map",
        "source": "djezzy",
        "operator": "djezzy",
        "technology": "5G",
        "address": "Setif"
      }
    },
    {
      "type": "Feature",
      "geometry": {
        "type": "Point",
        "coordinates": [
          5.413074,
          36.203043
        ]
      },
      "properties": {
        "id": "djezzy-582547361f",
        "name": "Cite Laararsa",
        "wilaya_code": "19",
        "commune_code": null,
        "commune": null,
        "commune_ar": null,
        "lat": 36.203043,
        "lng": 5.413074,
        "geo_precision": "exact",
        "geo_method": "operator_map",
        "source": "djezzy",
        "operator": "djezzy",
        "technology": "5G",
        "address": "Setif"
      }
    },
    {
      "type": "Feature",
      "geometry": {
        "type": "Point",
        "coordinates": [
          2.953098,
          36.532246
        ]
      },
      "properties": {
        "id": "djezzy-5839f48f3e",
        "name": "Amroussa Extension 2",
        "wilaya_code": "09",
        "commune_code": null,
        "commune": null,
        "commune_ar": null,
        "lat": 36.532246,
        "lng": 2.953098,
        "geo_precision": "exact",
        "geo_method": "operator_map",
        "source": "djezzy",
        "operator": "djezzy",
        "technology": "5G",
        "address": "BOUINAN"
      }
    },
    {
      "type": "Feature",
      "geometry": {
        "type": "Point",
        "coordinates": [
          6.16416,
          35.55446
        ]
      },
      "properties": {
        "id": "djezzy-588ecfd0f4",
        "name": "EDIMCO",
        "wilaya_code": "05",
        "commune_code": null,
        "commune": null,
        "commune_ar": null,
        "lat": 35.55446,
        "lng": 6.16416,
        "geo_precision": "exact",
        "geo_method": "operator_map",
        "source": "djezzy",
        "operator": "djezzy",
        "technology": "5G",
        "address": "Batna"
      }
    },
    {
      "type": "Feature",
      "geometry": {
        "type": "Point",
        "coordinates": [
          3.08991,
          36.7249
        ]
      },
      "properties": {
        "id": "djezzy-590b974ab7",
        "name": "Kouba 4",
        "wilaya_code": "16",
        "commune_code": null,
        "commune": null,
        "commune_ar": null,
        "lat": 36.7249,
        "lng": 3.08991,
        "geo_precision": "exact",
        "geo_method": "operator_map",
        "source": "djezzy",
        "operator": "djezzy",
        "technology": "5G",
        "address": "KOUBA"
      }
    },
    {
      "type": "Feature",
      "geometry": {
        "type": "Point",
        "coordinates": [
          6.62255,
          36.297895
        ]
      },
      "properties": {
        "id": "djezzy-596c9e074b",
        "name": "Zenith Constantine",
        "wilaya_code": "25",
        "commune_code": null,
        "commune": null,
        "commune_ar": null,
        "lat": 36.297895,
        "lng": 6.62255,
        "geo_precision": "exact",
        "geo_method": "operator_map",
        "source": "djezzy",
        "operator": "djezzy",
        "technology": "5G",
        "address": "Constantine"
      }
    },
    {
      "type": "Feature",
      "geometry": {
        "type": "Point",
        "coordinates": [
          5.30094,
          35.925017
        ]
      },
      "properties": {
        "id": "djezzy-59cb178f46",
        "name": " Cité 583 Log Ain Oulman",
        "wilaya_code": "19",
        "commune_code": null,
        "commune": null,
        "commune_ar": null,
        "lat": 35.925017,
        "lng": 5.30094,
        "geo_precision": "exact",
        "geo_method": "operator_map",
        "source": "djezzy",
        "operator": "djezzy",
        "technology": "5G",
        "address": "AIN OULMANE"
      }
    },
    {
      "type": "Feature",
      "geometry": {
        "type": "Point",
        "coordinates": [
          6.630418,
          36.9063
        ]
      },
      "properties": {
        "id": "djezzy-59dc53c9b7",
        "name": "V_CITE MRABET KHOUTHIR",
        "wilaya_code": "25",
        "commune_code": null,
        "commune": null,
        "commune_ar": null,
        "lat": 36.9063,
        "lng": 6.630418,
        "geo_precision": "exact",
        "geo_method": "operator_map",
        "source": "djezzy",
        "operator": "djezzy",
        "technology": "5G",
        "address": "Constantine"
      }
    },
    {
      "type": "Feature",
      "geometry": {
        "type": "Point",
        "coordinates": [
          -0.564916666666667,
          35.7223611111111
        ]
      },
      "properties": {
        "id": "djezzy-5a131f35f7",
        "name": "Cite Universitaire NÂ°02",
        "wilaya_code": "31",
        "commune_code": null,
        "commune": null,
        "commune_ar": null,
        "lat": 35.7223611111111,
        "lng": -0.564916666666667,
        "geo_precision": "exact",
        "geo_method": "operator_map",
        "source": "djezzy",
        "operator": "djezzy",
        "technology": "5G",
        "address": "BIR EL DJIR"
      }
    },
    {
      "type": "Feature",
      "geometry": {
        "type": "Point",
        "coordinates": [
          3.093102,
          36.664147
        ]
      },
      "properties": {
        "id": "djezzy-5a2d19f221",
        "name": "route de Larbaa baraki",
        "wilaya_code": "16",
        "commune_code": null,
        "commune": null,
        "commune_ar": null,
        "lat": 36.664147,
        "lng": 3.093102,
        "geo_precision": "exact",
        "geo_method": "operator_map",
        "source": "djezzy",
        "operator": "djezzy",
        "technology": "5G",
        "address": "BARAKI"
      }
    },
    {
      "type": "Feature",
      "geometry": {
        "type": "Point",
        "coordinates": [
          3.2873,
          36.7374
        ]
      },
      "properties": {
        "id": "djezzy-5a5af9c8cf",
        "name": "Z.I Rouiba ",
        "wilaya_code": "16",
        "commune_code": null,
        "commune": null,
        "commune_ar": null,
        "lat": 36.7374,
        "lng": 3.2873,
        "geo_precision": "exact",
        "geo_method": "operator_map",
        "source": "djezzy",
        "operator": "djezzy",
        "technology": "5G",
        "address": "ROUIBA"
      }
    },
    {
      "type": "Feature",
      "geometry": {
        "type": "Point",
        "coordinates": [
          6.63791,
          36.3861
        ]
      },
      "properties": {
        "id": "djezzy-5a5f91849f",
        "name": "CITE ZIADIA",
        "wilaya_code": "25",
        "commune_code": null,
        "commune": null,
        "commune_ar": null,
        "lat": 36.3861,
        "lng": 6.63791,
        "geo_precision": "exact",
        "geo_method": "operator_map",
        "source": "djezzy",
        "operator": "djezzy",
        "technology": "5G",
        "address": "Constantine"
      }
    },
    {
      "type": "Feature",
      "geometry": {
        "type": "Point",
        "coordinates": [
          -0.625837,
          35.704617
        ]
      },
      "properties": {
        "id": "djezzy-5a848df5ce",
        "name": "SQ Port Said",
        "wilaya_code": "31",
        "commune_code": null,
        "commune": null,
        "commune_ar": null,
        "lat": 35.704617,
        "lng": -0.625837,
        "geo_precision": "exact",
        "geo_method": "operator_map",
        "source": "djezzy",
        "operator": "djezzy",
        "technology": "5G",
        "address": "Oran"
      }
    },
    {
      "type": "Feature",
      "geometry": {
        "type": "Point",
        "coordinates": [
          3.0955,
          36.6625
        ]
      },
      "properties": {
        "id": "djezzy-5a93b44071",
        "name": "BARAKI_4",
        "wilaya_code": "16",
        "commune_code": null,
        "commune": null,
        "commune_ar": null,
        "lat": 36.6625,
        "lng": 3.0955,
        "geo_precision": "exact",
        "geo_method": "operator_map",
        "source": "djezzy",
        "operator": "djezzy",
        "technology": "5G",
        "address": "BARAKI"
      }
    },
    {
      "type": "Feature",
      "geometry": {
        "type": "Point",
        "coordinates": [
          6.871412,
          36.761366
        ]
      },
      "properties": {
        "id": "djezzy-5ae6e06f8c",
        "name": "Sidi Ahmed ",
        "wilaya_code": "21",
        "commune_code": null,
        "commune": null,
        "commune_ar": null,
        "lat": 36.761366,
        "lng": 6.871412,
        "geo_precision": "exact",
        "geo_method": "operator_map",
        "source": "djezzy",
        "operator": "djezzy",
        "technology": "5G",
        "address": "Skikda"
      }
    },
    {
      "type": "Feature",
      "geometry": {
        "type": "Point",
        "coordinates": [
          5.67121,
          34.838415
        ]
      },
      "properties": {
        "id": "djezzy-5af603a579",
        "name": "logements covalente",
        "wilaya_code": "19",
        "commune_code": null,
        "commune": null,
        "commune_ar": null,
        "lat": 34.838415,
        "lng": 5.67121,
        "geo_precision": "exact",
        "geo_method": "operator_map",
        "source": "djezzy",
        "operator": "djezzy",
        "technology": "5G",
        "address": "EL EULMA"
      }
    },
    {
      "type": "Feature",
      "geometry": {
        "type": "Point",
        "coordinates": [
          3.17778,
          36.73051
        ]
      },
      "properties": {
        "id": "djezzy-5b1cf45530",
        "name": "Hai zahouri",
        "wilaya_code": "16",
        "commune_code": null,
        "commune": null,
        "commune_ar": null,
        "lat": 36.73051,
        "lng": 3.17778,
        "geo_precision": "exact",
        "geo_method": "operator_map",
        "source": "djezzy",
        "operator": "djezzy",
        "technology": "5G",
        "address": "MOHAMMADIA"
      }
    },
    {
      "type": "Feature",
      "geometry": {
        "type": "Point",
        "coordinates": [
          3.0197,
          36.72764
        ]
      },
      "properties": {
        "id": "djezzy-5b91ab35a9",
        "name": "El achour 2",
        "wilaya_code": "16",
        "commune_code": null,
        "commune": null,
        "commune_ar": null,
        "lat": 36.72764,
        "lng": 3.0197,
        "geo_precision": "exact",
        "geo_method": "operator_map",
        "source": "djezzy",
        "operator": "djezzy",
        "technology": "5G",
        "address": "DRARIA"
      }
    },
    {
      "type": "Feature",
      "geometry": {
        "type": "Point",
        "coordinates": [
          -0.636593,
          35.675794
        ]
      },
      "properties": {
        "id": "djezzy-5b9dc3f5d9",
        "name": "SIGA",
        "wilaya_code": "31",
        "commune_code": null,
        "commune": null,
        "commune_ar": null,
        "lat": 35.675794,
        "lng": -0.636593,
        "geo_precision": "exact",
        "geo_method": "operator_map",
        "source": "djezzy",
        "operator": "djezzy",
        "technology": "5G",
        "address": "Oran"
      }
    },
    {
      "type": "Feature",
      "geometry": {
        "type": "Point",
        "coordinates": [
          3.0098,
          36.7713
        ]
      },
      "properties": {
        "id": "djezzy-5c51c7b27f",
        "name": "Parc Mirmont_1",
        "wilaya_code": "16",
        "commune_code": null,
        "commune": null,
        "commune_ar": null,
        "lat": 36.7713,
        "lng": 3.0098,
        "geo_precision": "exact",
        "geo_method": "operator_map",
        "source": "djezzy",
        "operator": "djezzy",
        "technology": "5G",
        "address": "BOUZAREAH"
      }
    },
    {
      "type": "Feature",
      "geometry": {
        "type": "Point",
        "coordinates": [
          -8.1238,
          27.6784166666667
        ]
      },
      "properties": {
        "id": "djezzy-5c60341f58",
        "name": "SELLAGA",
        "wilaya_code": "37",
        "commune_code": null,
        "commune": null,
        "commune_ar": null,
        "lat": 27.6784166666667,
        "lng": -8.1238,
        "geo_precision": "exact",
        "geo_method": "operator_map",
        "source": "djezzy",
        "operator": "djezzy",
        "technology": "5G",
        "address": "Tindouf"
      }
    },
    {
      "type": "Feature",
      "geometry": {
        "type": "Point",
        "coordinates": [
          6.65686,
          36.3394
        ]
      },
      "properties": {
        "id": "djezzy-5c775eef93",
        "name": "El Guemmas_2",
        "wilaya_code": "25",
        "commune_code": null,
        "commune": null,
        "commune_ar": null,
        "lat": 36.3394,
        "lng": 6.65686,
        "geo_precision": "exact",
        "geo_method": "operator_map",
        "source": "djezzy",
        "operator": "djezzy",
        "technology": "5G",
        "address": "Constantine"
      }
    },
    {
      "type": "Feature",
      "geometry": {
        "type": "Point",
        "coordinates": [
          2.9381,
          36.7337
        ]
      },
      "properties": {
        "id": "djezzy-5c8c054151",
        "name": "cite LPP Semrouni 1",
        "wilaya_code": "16",
        "commune_code": null,
        "commune": null,
        "commune_ar": null,
        "lat": 36.7337,
        "lng": 2.9381,
        "geo_precision": "exact",
        "geo_method": "operator_map",
        "source": "djezzy",
        "operator": "djezzy",
        "technology": "5G",
        "address": "OULED FAYET"
      }
    },
    {
      "type": "Feature",
      "geometry": {
        "type": "Point",
        "coordinates": [
          2.9675002,
          36.6518999
        ]
      },
      "properties": {
        "id": "djezzy-5c927d3c40",
        "name": "Ouled Mendil 3",
        "wilaya_code": "16",
        "commune_code": null,
        "commune": null,
        "commune_ar": null,
        "lat": 36.6518999,
        "lng": 2.9675002,
        "geo_precision": "exact",
        "geo_method": "operator_map",
        "source": "djezzy",
        "operator": "djezzy",
        "technology": "5G",
        "address": "DOUERA"
      }
    },
    {
      "type": "Feature",
      "geometry": {
        "type": "Point",
        "coordinates": [
          3.18768,
          36.71418
        ]
      },
      "properties": {
        "id": "djezzy-5ca759bd0f",
        "name": "universite Bab Ezzouar 2",
        "wilaya_code": "16",
        "commune_code": null,
        "commune": null,
        "commune_ar": null,
        "lat": 36.71418,
        "lng": 3.18768,
        "geo_precision": "exact",
        "geo_method": "operator_map",
        "source": "djezzy",
        "operator": "djezzy",
        "technology": "5G",
        "address": "BEB EZZOUAR"
      }
    },
    {
      "type": "Feature",
      "geometry": {
        "type": "Point",
        "coordinates": [
          3.1931,
          36.6972
        ]
      },
      "properties": {
        "id": "djezzy-5cf60248b2",
        "name": "New airport",
        "wilaya_code": "16",
        "commune_code": null,
        "commune": null,
        "commune_ar": null,
        "lat": 36.6972,
        "lng": 3.1931,
        "geo_precision": "exact",
        "geo_method": "operator_map",
        "source": "djezzy",
        "operator": "djezzy",
        "technology": "5G",
        "address": "DAR EL BEIDA"
      }
    },
    {
      "type": "Feature",
      "geometry": {
        "type": "Point",
        "coordinates": [
          6.57172,
          36.7685
        ]
      },
      "properties": {
        "id": "djezzy-5d8495c6eb",
        "name": "Naadja Seghira",
        "wilaya_code": "25",
        "commune_code": null,
        "commune": null,
        "commune_ar": null,
        "lat": 36.7685,
        "lng": 6.57172,
        "geo_precision": "exact",
        "geo_method": "operator_map",
        "source": "djezzy",
        "operator": "djezzy",
        "technology": "5G",
        "address": "Constantine"
      }
    },
    {
      "type": "Feature",
      "geometry": {
        "type": "Point",
        "coordinates": [
          3.09098,
          36.7089
        ]
      },
      "properties": {
        "id": "djezzy-5e89424dde",
        "name": "Mechtour Akli",
        "wilaya_code": "16",
        "commune_code": null,
        "commune": null,
        "commune_ar": null,
        "lat": 36.7089,
        "lng": 3.09098,
        "geo_precision": "exact",
        "geo_method": "operator_map",
        "source": "djezzy",
        "operator": "djezzy",
        "technology": "5G",
        "address": "DJISR KSENTINA"
      }
    },
    {
      "type": "Feature",
      "geometry": {
        "type": "Point",
        "coordinates": [
          3.17063,
          36.66642
        ]
      },
      "properties": {
        "id": "djezzy-5ee8f08464",
        "name": "Cite El Dalia",
        "wilaya_code": "16",
        "commune_code": null,
        "commune": null,
        "commune_ar": null,
        "lat": 36.66642,
        "lng": 3.17063,
        "geo_precision": "exact",
        "geo_method": "operator_map",
        "source": "djezzy",
        "operator": "djezzy",
        "technology": "5G",
        "address": "LES EUCALYPTUS"
      }
    },
    {
      "type": "Feature",
      "geometry": {
        "type": "Point",
        "coordinates": [
          3.12459,
          36.61285
        ]
      },
      "properties": {
        "id": "djezzy-5f080c25af",
        "name": "ERRAIS",
        "wilaya_code": "16",
        "commune_code": null,
        "commune": null,
        "commune_ar": null,
        "lat": 36.61285,
        "lng": 3.12459,
        "geo_precision": "exact",
        "geo_method": "operator_map",
        "source": "djezzy",
        "operator": "djezzy",
        "technology": "5G",
        "address": "SIDI MOUSSA"
      }
    },
    {
      "type": "Feature",
      "geometry": {
        "type": "Point",
        "coordinates": [
          2.82764,
          36.48131
        ]
      },
      "properties": {
        "id": "djezzy-5f09057f46",
        "name": "BlidaChrif Chalabi",
        "wilaya_code": "09",
        "commune_code": null,
        "commune": null,
        "commune_ar": null,
        "lat": 36.48131,
        "lng": 2.82764,
        "geo_precision": "exact",
        "geo_method": "operator_map",
        "source": "djezzy",
        "operator": "djezzy",
        "technology": "5G",
        "address": "Blida"
      }
    },
    {
      "type": "Feature",
      "geometry": {
        "type": "Point",
        "coordinates": [
          6.07448,
          31.6946
        ]
      },
      "properties": {
        "id": "djezzy-5f4d2639fb",
        "name": "Cite Cheikh Boummama",
        "wilaya_code": "30",
        "commune_code": null,
        "commune": null,
        "commune_ar": null,
        "lat": 31.6946,
        "lng": 6.07448,
        "geo_precision": "exact",
        "geo_method": "operator_map",
        "source": "djezzy",
        "operator": "djezzy",
        "technology": "5G",
        "address": "HASSI MESSAOUD"
      }
    },
    {
      "type": "Feature",
      "geometry": {
        "type": "Point",
        "coordinates": [
          3.2785,
          36.71936
        ]
      },
      "properties": {
        "id": "djezzy-5fe198cdae",
        "name": "70 Logements",
        "wilaya_code": "16",
        "commune_code": null,
        "commune": null,
        "commune_ar": null,
        "lat": 36.71936,
        "lng": 3.2785,
        "geo_precision": "exact",
        "geo_method": "operator_map",
        "source": "djezzy",
        "operator": "djezzy",
        "technology": "5G",
        "address": "ROUIBA"
      }
    },
    {
      "type": "Feature",
      "geometry": {
        "type": "Point",
        "coordinates": [
          2.78481,
          36.50227
        ]
      },
      "properties": {
        "id": "djezzy-5fe2b0fc39",
        "name": "Blida_Chiffa RN01",
        "wilaya_code": "09",
        "commune_code": null,
        "commune": null,
        "commune_ar": null,
        "lat": 36.50227,
        "lng": 2.78481,
        "geo_precision": "exact",
        "geo_method": "operator_map",
        "source": "djezzy",
        "operator": "djezzy",
        "technology": "5G",
        "address": "Blida"
      }
    },
    {
      "type": "Feature",
      "geometry": {
        "type": "Point",
        "coordinates": [
          6.933803,
          36.74747
        ]
      },
      "properties": {
        "id": "djezzy-5ffd2f4338",
        "name": "Altro Hammadi krouma ",
        "wilaya_code": "21",
        "commune_code": null,
        "commune": null,
        "commune_ar": null,
        "lat": 36.74747,
        "lng": 6.933803,
        "geo_precision": "exact",
        "geo_method": "operator_map",
        "source": "djezzy",
        "operator": "djezzy",
        "technology": "5G",
        "address": "EL MARSA"
      }
    },
    {
      "type": "Feature",
      "geometry": {
        "type": "Point",
        "coordinates": [
          2.94191,
          36.65701
        ]
      },
      "properties": {
        "id": "djezzy-5ffe558533",
        "name": "Ramdania douera west",
        "wilaya_code": "16",
        "commune_code": null,
        "commune": null,
        "commune_ar": null,
        "lat": 36.65701,
        "lng": 2.94191,
        "geo_precision": "exact",
        "geo_method": "operator_map",
        "source": "djezzy",
        "operator": "djezzy",
        "technology": "5G",
        "address": "DOUERA"
      }
    },
    {
      "type": "Feature",
      "geometry": {
        "type": "Point",
        "coordinates": [
          -1.73734,
          34.79799
        ]
      },
      "properties": {
        "id": "djezzy-603c2e931b",
        "name": "Asfor Messamda",
        "wilaya_code": "13",
        "commune_code": null,
        "commune": null,
        "commune_ar": null,
        "lat": 34.79799,
        "lng": -1.73734,
        "geo_precision": "exact",
        "geo_method": "operator_map",
        "source": "djezzy",
        "operator": "djezzy",
        "technology": "5G",
        "address": "MAGHNIA"
      }
    },
    {
      "type": "Feature",
      "geometry": {
        "type": "Point",
        "coordinates": [
          3.23312,
          36.77847
        ]
      },
      "properties": {
        "id": "djezzy-607692e402",
        "name": "BORDJ EL BAHRI_5",
        "wilaya_code": "16",
        "commune_code": null,
        "commune": null,
        "commune_ar": null,
        "lat": 36.77847,
        "lng": 3.23312,
        "geo_precision": "exact",
        "geo_method": "operator_map",
        "source": "djezzy",
        "operator": "djezzy",
        "technology": "5G",
        "address": "BORDJ EL BAHRI"
      }
    },
    {
      "type": "Feature",
      "geometry": {
        "type": "Point",
        "coordinates": [
          -0.624398,
          35.665774
        ]
      },
      "properties": {
        "id": "djezzy-610db12c5d",
        "name": "ENSET_2",
        "wilaya_code": "31",
        "commune_code": null,
        "commune": null,
        "commune_ar": null,
        "lat": 35.665774,
        "lng": -0.624398,
        "geo_precision": "exact",
        "geo_method": "operator_map",
        "source": "djezzy",
        "operator": "djezzy",
        "technology": "5G",
        "address": "Oran"
      }
    },
    {
      "type": "Feature",
      "geometry": {
        "type": "Point",
        "coordinates": [
          -0.614638888888889,
          35.7033333333333
        ]
      },
      "properties": {
        "id": "djezzy-61e844d6a6",
        "name": "Guambetta 2",
        "wilaya_code": "31",
        "commune_code": null,
        "commune": null,
        "commune_ar": null,
        "lat": 35.7033333333333,
        "lng": -0.614638888888889,
        "geo_precision": "exact",
        "geo_method": "operator_map",
        "source": "djezzy",
        "operator": "djezzy",
        "technology": "5G",
        "address": "Oran"
      }
    },
    {
      "type": "Feature",
      "geometry": {
        "type": "Point",
        "coordinates": [
          3.06041,
          36.79211
        ]
      },
      "properties": {
        "id": "djezzy-623009c7bc",
        "name": "placette El Kitani",
        "wilaya_code": "16",
        "commune_code": null,
        "commune": null,
        "commune_ar": null,
        "lat": 36.79211,
        "lng": 3.06041,
        "geo_precision": "exact",
        "geo_method": "operator_map",
        "source": "djezzy",
        "operator": "djezzy",
        "technology": "5G",
        "address": "BAB EL OUED"
      }
    },
    {
      "type": "Feature",
      "geometry": {
        "type": "Point",
        "coordinates": [
          5.41718,
          36.20376
        ]
      },
      "properties": {
        "id": "djezzy-62951a6c60",
        "name": "Cite 300 logts CNEP_A+",
        "wilaya_code": "19",
        "commune_code": null,
        "commune": null,
        "commune_ar": null,
        "lat": 36.20376,
        "lng": 5.41718,
        "geo_precision": "exact",
        "geo_method": "operator_map",
        "source": "djezzy",
        "operator": "djezzy",
        "technology": "5G",
        "address": "Setif"
      }
    },
    {
      "type": "Feature",
      "geometry": {
        "type": "Point",
        "coordinates": [
          -1.711115,
          34.856373
        ]
      },
      "properties": {
        "id": "djezzy-638e9bb2b5",
        "name": "Ben damou 3",
        "wilaya_code": "13",
        "commune_code": null,
        "commune": null,
        "commune_ar": null,
        "lat": 34.856373,
        "lng": -1.711115,
        "geo_precision": "exact",
        "geo_method": "operator_map",
        "source": "djezzy",
        "operator": "djezzy",
        "technology": "5G",
        "address": "MAGHNIA"
      }
    },
    {
      "type": "Feature",
      "geometry": {
        "type": "Point",
        "coordinates": [
          -1.73256,
          34.851
        ]
      },
      "properties": {
        "id": "djezzy-63efda4515",
        "name": "Maghnia Centre",
        "wilaya_code": "13",
        "commune_code": null,
        "commune": null,
        "commune_ar": null,
        "lat": 34.851,
        "lng": -1.73256,
        "geo_precision": "exact",
        "geo_method": "operator_map",
        "source": "djezzy",
        "operator": "djezzy",
        "technology": "5G",
        "address": "MAGHNIA"
      }
    },
    {
      "type": "Feature",
      "geometry": {
        "type": "Point",
        "coordinates": [
          3.10904,
          36.74132
        ]
      },
      "properties": {
        "id": "djezzy-642119ca2b",
        "name": "Gare Routiere",
        "wilaya_code": "16",
        "commune_code": null,
        "commune": null,
        "commune_ar": null,
        "lat": 36.74132,
        "lng": 3.10904,
        "geo_precision": "exact",
        "geo_method": "operator_map",
        "source": "djezzy",
        "operator": "djezzy",
        "technology": "5G",
        "address": "HUSSEIN DEY"
      }
    },
    {
      "type": "Feature",
      "geometry": {
        "type": "Point",
        "coordinates": [
          2.85183,
          36.65869
        ]
      },
      "properties": {
        "id": "djezzy-642c980922",
        "name": "cite  AADL ZAATRIA",
        "wilaya_code": "16",
        "commune_code": null,
        "commune": null,
        "commune_ar": null,
        "lat": 36.65869,
        "lng": 2.85183,
        "geo_precision": "exact",
        "geo_method": "operator_map",
        "source": "djezzy",
        "operator": "djezzy",
        "technology": "5G",
        "address": "MAHELMA"
      }
    },
    {
      "type": "Feature",
      "geometry": {
        "type": "Point",
        "coordinates": [
          2.98458,
          36.72001
        ]
      },
      "properties": {
        "id": "djezzy-6484e40117",
        "name": "Tarfa",
        "wilaya_code": "16",
        "commune_code": null,
        "commune": null,
        "commune_ar": null,
        "lat": 36.72001,
        "lng": 2.98458,
        "geo_precision": "exact",
        "geo_method": "operator_map",
        "source": "djezzy",
        "operator": "djezzy",
        "technology": "5G",
        "address": "EL ACHOUR"
      }
    },
    {
      "type": "Feature",
      "geometry": {
        "type": "Point",
        "coordinates": [
          2.97099,
          36.75512
        ]
      },
      "properties": {
        "id": "djezzy-64c2b7c7e4",
        "name": "Atrouss Ibrahim",
        "wilaya_code": "16",
        "commune_code": null,
        "commune": null,
        "commune_ar": null,
        "lat": 36.75512,
        "lng": 2.97099,
        "geo_precision": "exact",
        "geo_method": "operator_map",
        "source": "djezzy",
        "operator": "djezzy",
        "technology": "5G",
        "address": "DELY BRAHIM"
      }
    },
    {
      "type": "Feature",
      "geometry": {
        "type": "Point",
        "coordinates": [
          3.00805,
          36.75311
        ]
      },
      "properties": {
        "id": "djezzy-650eaad3de",
        "name": "Ben aknoun 2",
        "wilaya_code": "16",
        "commune_code": null,
        "commune": null,
        "commune_ar": null,
        "lat": 36.75311,
        "lng": 3.00805,
        "geo_precision": "exact",
        "geo_method": "operator_map",
        "source": "djezzy",
        "operator": "djezzy",
        "technology": "5G",
        "address": "BEN AKNOUN"
      }
    },
    {
      "type": "Feature",
      "geometry": {
        "type": "Point",
        "coordinates": [
          -0.626361111111111,
          35.69175
        ]
      },
      "properties": {
        "id": "djezzy-651839b09e",
        "name": "Khaledi",
        "wilaya_code": "31",
        "commune_code": null,
        "commune": null,
        "commune_ar": null,
        "lat": 35.69175,
        "lng": -0.626361111111111,
        "geo_precision": "exact",
        "geo_method": "operator_map",
        "source": "djezzy",
        "operator": "djezzy",
        "technology": "5G",
        "address": "Oran"
      }
    },
    {
      "type": "Feature",
      "geometry": {
        "type": "Point",
        "coordinates": [
          6.63028,
          35.45503
        ]
      },
      "properties": {
        "id": "djezzy-651e362949",
        "name": "Zouagui 2",
        "wilaya_code": "25",
        "commune_code": null,
        "commune": null,
        "commune_ar": null,
        "lat": 35.45503,
        "lng": 6.63028,
        "geo_precision": "exact",
        "geo_method": "operator_map",
        "source": "djezzy",
        "operator": "djezzy",
        "technology": "5G",
        "address": "Constantine"
      }
    },
    {
      "type": "Feature",
      "geometry": {
        "type": "Point",
        "coordinates": [
          5.330922,
          31.967815
        ]
      },
      "properties": {
        "id": "djezzy-652f59df3a",
        "name": "Hotel Tassili",
        "wilaya_code": "30",
        "commune_code": null,
        "commune": null,
        "commune_ar": null,
        "lat": 31.967815,
        "lng": 5.330922,
        "geo_precision": "exact",
        "geo_method": "operator_map",
        "source": "djezzy",
        "operator": "djezzy",
        "technology": "5G",
        "address": "Ouargla"
      }
    },
    {
      "type": "Feature",
      "geometry": {
        "type": "Point",
        "coordinates": [
          -0.6333,
          35.6983
        ]
      },
      "properties": {
        "id": "djezzy-655c9a5c2e",
        "name": "Aboukamel",
        "wilaya_code": "31",
        "commune_code": null,
        "commune": null,
        "commune_ar": null,
        "lat": 35.6983,
        "lng": -0.6333,
        "geo_precision": "exact",
        "geo_method": "operator_map",
        "source": "djezzy",
        "operator": "djezzy",
        "technology": "5G",
        "address": "Oran"
      }
    },
    {
      "type": "Feature",
      "geometry": {
        "type": "Point",
        "coordinates": [
          2.96762,
          36.53581
        ]
      },
      "properties": {
        "id": "djezzy-6590692158",
        "name": "Amroussa Extention",
        "wilaya_code": "09",
        "commune_code": null,
        "commune": null,
        "commune_ar": null,
        "lat": 36.53581,
        "lng": 2.96762,
        "geo_precision": "exact",
        "geo_method": "operator_map",
        "source": "djezzy",
        "operator": "djezzy",
        "technology": "5G",
        "address": "BOUINAN"
      }
    },
    {
      "type": "Feature",
      "geometry": {
        "type": "Point",
        "coordinates": [
          7.024578,
          36.894647
        ]
      },
      "properties": {
        "id": "djezzy-66c8bfe0ec",
        "name": "Rusicada Park",
        "wilaya_code": "21",
        "commune_code": null,
        "commune": null,
        "commune_ar": null,
        "lat": 36.894647,
        "lng": 7.024578,
        "geo_precision": "exact",
        "geo_method": "operator_map",
        "source": "djezzy",
        "operator": "djezzy",
        "technology": "5G",
        "address": "FIL FILA"
      }
    },
    {
      "type": "Feature",
      "geometry": {
        "type": "Point",
        "coordinates": [
          -0.6163,
          35.6881
        ]
      },
      "properties": {
        "id": "djezzy-671aa72584",
        "name": "Complexe Sportif",
        "wilaya_code": "31",
        "commune_code": null,
        "commune": null,
        "commune_ar": null,
        "lat": 35.6881,
        "lng": -0.6163,
        "geo_precision": "exact",
        "geo_method": "operator_map",
        "source": "djezzy",
        "operator": "djezzy",
        "technology": "5G",
        "address": "Oran"
      }
    },
    {
      "type": "Feature",
      "geometry": {
        "type": "Point",
        "coordinates": [
          3.0024,
          36.6618
        ]
      },
      "properties": {
        "id": "djezzy-673ed8c88f",
        "name": "Tunnel rocade Zeralda",
        "wilaya_code": "16",
        "commune_code": null,
        "commune": null,
        "commune_ar": null,
        "lat": 36.6618,
        "lng": 3.0024,
        "geo_precision": "exact",
        "geo_method": "operator_map",
        "source": "djezzy",
        "operator": "djezzy",
        "technology": "5G",
        "address": "KHRAISSIA"
      }
    },
    {
      "type": "Feature",
      "geometry": {
        "type": "Point",
        "coordinates": [
          3.11324,
          36.71835
        ]
      },
      "properties": {
        "id": "djezzy-6757423a6f",
        "name": "BOUROUBA",
        "wilaya_code": "16",
        "commune_code": null,
        "commune": null,
        "commune_ar": null,
        "lat": 36.71835,
        "lng": 3.11324,
        "geo_precision": "exact",
        "geo_method": "operator_map",
        "source": "djezzy",
        "operator": "djezzy",
        "technology": "5G",
        "address": "BOUROUBA"
      }
    },
    {
      "type": "Feature",
      "geometry": {
        "type": "Point",
        "coordinates": [
          3.227878,
          36.755851
        ]
      },
      "properties": {
        "id": "djezzy-67f4fce5a8",
        "name": "cite Ben Redouane BEK",
        "wilaya_code": "16",
        "commune_code": null,
        "commune": null,
        "commune_ar": null,
        "lat": 36.755851,
        "lng": 3.227878,
        "geo_precision": "exact",
        "geo_method": "operator_map",
        "source": "djezzy",
        "operator": "djezzy",
        "technology": "5G",
        "address": "BORDJ EL KIFFAN"
      }
    },
    {
      "type": "Feature",
      "geometry": {
        "type": "Point",
        "coordinates": [
          -1.35009,
          34.88248
        ]
      },
      "properties": {
        "id": "djezzy-689c02e557",
        "name": "BP Imama",
        "wilaya_code": "13",
        "commune_code": null,
        "commune": null,
        "commune_ar": null,
        "lat": 34.88248,
        "lng": -1.35009,
        "geo_precision": "exact",
        "geo_method": "operator_map",
        "source": "djezzy",
        "operator": "djezzy",
        "technology": "5G",
        "address": "MANSOURAH"
      }
    },
    {
      "type": "Feature",
      "geometry": {
        "type": "Point",
        "coordinates": [
          3.08683,
          36.71265
        ]
      },
      "properties": {
        "id": "djezzy-68ce6741fc",
        "name": "Gue de Constantine",
        "wilaya_code": "16",
        "commune_code": null,
        "commune": null,
        "commune_ar": null,
        "lat": 36.71265,
        "lng": 3.08683,
        "geo_precision": "exact",
        "geo_method": "operator_map",
        "source": "djezzy",
        "operator": "djezzy",
        "technology": "5G",
        "address": "KOUBA"
      }
    },
    {
      "type": "Feature",
      "geometry": {
        "type": "Point",
        "coordinates": [
          2.99581,
          36.64583
        ]
      },
      "properties": {
        "id": "djezzy-68e1553fc7",
        "name": "ADACHE",
        "wilaya_code": "16",
        "commune_code": null,
        "commune": null,
        "commune_ar": null,
        "lat": 36.64583,
        "lng": 2.99581,
        "geo_precision": "exact",
        "geo_method": "operator_map",
        "source": "djezzy",
        "operator": "djezzy",
        "technology": "5G",
        "address": "BIRTOUTA"
      }
    },
    {
      "type": "Feature",
      "geometry": {
        "type": "Point",
        "coordinates": [
          5.38952,
          36.19817
        ]
      },
      "properties": {
        "id": "djezzy-6927873a58",
        "name": "Cite 2000",
        "wilaya_code": "19",
        "commune_code": null,
        "commune": null,
        "commune_ar": null,
        "lat": 36.19817,
        "lng": 5.38952,
        "geo_precision": "exact",
        "geo_method": "operator_map",
        "source": "djezzy",
        "operator": "djezzy",
        "technology": "5G",
        "address": "Setif"
      }
    },
    {
      "type": "Feature",
      "geometry": {
        "type": "Point",
        "coordinates": [
          3.2153,
          36.5948
        ]
      },
      "properties": {
        "id": "djezzy-695c87a053",
        "name": "Meftah AADL",
        "wilaya_code": "09",
        "commune_code": null,
        "commune": null,
        "commune_ar": null,
        "lat": 36.5948,
        "lng": 3.2153,
        "geo_precision": "exact",
        "geo_method": "operator_map",
        "source": "djezzy",
        "operator": "djezzy",
        "technology": "5G",
        "address": "MEFTAH"
      }
    },
    {
      "type": "Feature",
      "geometry": {
        "type": "Point",
        "coordinates": [
          2.9984,
          36.7454
        ]
      },
      "properties": {
        "id": "djezzy-69d6ab620d",
        "name": "Cite Police Sahraoui_1",
        "wilaya_code": "16",
        "commune_code": null,
        "commune": null,
        "commune_ar": null,
        "lat": 36.7454,
        "lng": 2.9984,
        "geo_precision": "exact",
        "geo_method": "operator_map",
        "source": "djezzy",
        "operator": "djezzy",
        "technology": "5G",
        "address": "EL ACHOUR"
      }
    },
    {
      "type": "Feature",
      "geometry": {
        "type": "Point",
        "coordinates": [
          -1.25232,
          34.92899
        ]
      },
      "properties": {
        "id": "djezzy-69e6d2d185",
        "name": "Chetouane Road",
        "wilaya_code": "13",
        "commune_code": null,
        "commune": null,
        "commune_ar": null,
        "lat": 34.92899,
        "lng": -1.25232,
        "geo_precision": "exact",
        "geo_method": "operator_map",
        "source": "djezzy",
        "operator": "djezzy",
        "technology": "5G",
        "address": "CHETOUANE"
      }
    },
    {
      "type": "Feature",
      "geometry": {
        "type": "Point",
        "coordinates": [
          2.923098,
          36.799899
        ]
      },
      "properties": {
        "id": "djezzy-6a2dea04f0",
        "name": "LOTISSEMENT A",
        "wilaya_code": "16",
        "commune_code": null,
        "commune": null,
        "commune_ar": null,
        "lat": 36.799899,
        "lng": 2.923098,
        "geo_precision": "exact",
        "geo_method": "operator_map",
        "source": "djezzy",
        "operator": "djezzy",
        "technology": "5G",
        "address": "AIN BENIAN"
      }
    },
    {
      "type": "Feature",
      "geometry": {
        "type": "Point",
        "coordinates": [
          3.089,
          36.6005
        ]
      },
      "properties": {
        "id": "djezzy-6a2faac095",
        "name": "Sidi Moussa Sud",
        "wilaya_code": "16",
        "commune_code": null,
        "commune": null,
        "commune_ar": null,
        "lat": 36.6005,
        "lng": 3.089,
        "geo_precision": "exact",
        "geo_method": "operator_map",
        "source": "djezzy",
        "operator": "djezzy",
        "technology": "5G",
        "address": "SIDI MOUSSA"
      }
    },
    {
      "type": "Feature",
      "geometry": {
        "type": "Point",
        "coordinates": [
          3.09516,
          36.74363
        ]
      },
      "properties": {
        "id": "djezzy-6a499929c3",
        "name": "Hussein_Day_7",
        "wilaya_code": "16",
        "commune_code": null,
        "commune": null,
        "commune_ar": null,
        "lat": 36.74363,
        "lng": 3.09516,
        "geo_precision": "exact",
        "geo_method": "operator_map",
        "source": "djezzy",
        "operator": "djezzy",
        "technology": "5G",
        "address": "HUSSEIN DEY"
      }
    },
    {
      "type": "Feature",
      "geometry": {
        "type": "Point",
        "coordinates": [
          3.18441,
          36.72652
        ]
      },
      "properties": {
        "id": "djezzy-6a698e4adc",
        "name": "Bab_Ezzouar",
        "wilaya_code": "16",
        "commune_code": null,
        "commune": null,
        "commune_ar": null,
        "lat": 36.72652,
        "lng": 3.18441,
        "geo_precision": "exact",
        "geo_method": "operator_map",
        "source": "djezzy",
        "operator": "djezzy",
        "technology": "5G",
        "address": "BEB EZZOUAR"
      }
    },
    {
      "type": "Feature",
      "geometry": {
        "type": "Point",
        "coordinates": [
          3.27184,
          36.70734
        ]
      },
      "properties": {
        "id": "djezzy-6a91a40bf7",
        "name": "Ben Choubane 2",
        "wilaya_code": "16",
        "commune_code": null,
        "commune": null,
        "commune_ar": null,
        "lat": 36.70734,
        "lng": 3.27184,
        "geo_precision": "exact",
        "geo_method": "operator_map",
        "source": "djezzy",
        "operator": "djezzy",
        "technology": "5G",
        "address": "EL ACHOUR"
      }
    },
    {
      "type": "Feature",
      "geometry": {
        "type": "Point",
        "coordinates": [
          3.171997,
          36.660142
        ]
      },
      "properties": {
        "id": "djezzy-6ac8e03b34",
        "name": "Sidi Ambarek Les Eucalyptus",
        "wilaya_code": "16",
        "commune_code": null,
        "commune": null,
        "commune_ar": null,
        "lat": 36.660142,
        "lng": 3.171997,
        "geo_precision": "exact",
        "geo_method": "operator_map",
        "source": "djezzy",
        "operator": "djezzy",
        "technology": "5G",
        "address": "LES EUCALYPTUS"
      }
    },
    {
      "type": "Feature",
      "geometry": {
        "type": "Point",
        "coordinates": [
          3.30286,
          36.73364
        ]
      },
      "properties": {
        "id": "djezzy-6b397833dc",
        "name": "ZI Rouiba-2",
        "wilaya_code": "16",
        "commune_code": null,
        "commune": null,
        "commune_ar": null,
        "lat": 36.73364,
        "lng": 3.30286,
        "geo_precision": "exact",
        "geo_method": "operator_map",
        "source": "djezzy",
        "operator": "djezzy",
        "technology": "5G",
        "address": "ROUIBA"
      }
    },
    {
      "type": "Feature",
      "geometry": {
        "type": "Point",
        "coordinates": [
          2.99494,
          36.75389
        ]
      },
      "properties": {
        "id": "djezzy-6c3e822b07",
        "name": "Delly Brahim",
        "wilaya_code": "16",
        "commune_code": null,
        "commune": null,
        "commune_ar": null,
        "lat": 36.75389,
        "lng": 2.99494,
        "geo_precision": "exact",
        "geo_method": "operator_map",
        "source": "djezzy",
        "operator": "djezzy",
        "technology": "5G",
        "address": "DELY BRAHIM"
      }
    },
    {
      "type": "Feature",
      "geometry": {
        "type": "Point",
        "coordinates": [
          2.94903,
          36.75832
        ]
      },
      "properties": {
        "id": "djezzy-6c541a339b",
        "name": "Cherraga",
        "wilaya_code": "16",
        "commune_code": null,
        "commune": null,
        "commune_ar": null,
        "lat": 36.75832,
        "lng": 2.94903,
        "geo_precision": "exact",
        "geo_method": "operator_map",
        "source": "djezzy",
        "operator": "djezzy",
        "technology": "5G",
        "address": "CHERAGA"
      }
    },
    {
      "type": "Feature",
      "geometry": {
        "type": "Point",
        "coordinates": [
          3.0964,
          36.72435
        ]
      },
      "properties": {
        "id": "djezzy-6c664b5c5b",
        "name": "Djenane Ben Omar",
        "wilaya_code": "16",
        "commune_code": null,
        "commune": null,
        "commune_ar": null,
        "lat": 36.72435,
        "lng": 3.0964,
        "geo_precision": "exact",
        "geo_method": "operator_map",
        "source": "djezzy",
        "operator": "djezzy",
        "technology": "5G",
        "address": "KOUBA"
      }
    },
    {
      "type": "Feature",
      "geometry": {
        "type": "Point",
        "coordinates": [
          5.67095,
          36.1557
        ]
      },
      "properties": {
        "id": "djezzy-6cd2adc3d0",
        "name": "DUBAI Site_2_A+",
        "wilaya_code": "19",
        "commune_code": null,
        "commune": null,
        "commune_ar": null,
        "lat": 36.1557,
        "lng": 5.67095,
        "geo_precision": "exact",
        "geo_method": "operator_map",
        "source": "djezzy",
        "operator": "djezzy",
        "technology": "5G",
        "address": "EL EULMA"
      }
    },
    {
      "type": "Feature",
      "geometry": {
        "type": "Point",
        "coordinates": [
          6.58898,
          36.3885
        ]
      },
      "properties": {
        "id": "djezzy-6d1ede7246",
        "name": "Cite_Jebli_Ahmed_T",
        "wilaya_code": "25",
        "commune_code": null,
        "commune": null,
        "commune_ar": null,
        "lat": 36.3885,
        "lng": 6.58898,
        "geo_precision": "exact",
        "geo_method": "operator_map",
        "source": "djezzy",
        "operator": "djezzy",
        "technology": "5G",
        "address": "Constantine"
      }
    },
    {
      "type": "Feature",
      "geometry": {
        "type": "Point",
        "coordinates": [
          -0.602027777777778,
          35.6517222222222
        ]
      },
      "properties": {
        "id": "djezzy-6d3b879b77",
        "name": "Zone industriel",
        "wilaya_code": "31",
        "commune_code": null,
        "commune": null,
        "commune_ar": null,
        "lat": 35.6517222222222,
        "lng": -0.602027777777778,
        "geo_precision": "exact",
        "geo_method": "operator_map",
        "source": "djezzy",
        "operator": "djezzy",
        "technology": "5G",
        "address": "ES SENIA"
      }
    },
    {
      "type": "Feature",
      "geometry": {
        "type": "Point",
        "coordinates": [
          -0.59555,
          35.631045
        ]
      },
      "properties": {
        "id": "djezzy-6d418f4899",
        "name": "ZI_Senia_7",
        "wilaya_code": "31",
        "commune_code": null,
        "commune": null,
        "commune_ar": null,
        "lat": 35.631045,
        "lng": -0.59555,
        "geo_precision": "exact",
        "geo_method": "operator_map",
        "source": "djezzy",
        "operator": "djezzy",
        "technology": "5G",
        "address": "EL KARMA"
      }
    },
    {
      "type": "Feature",
      "geometry": {
        "type": "Point",
        "coordinates": [
          2.951075,
          36.748815
        ]
      },
      "properties": {
        "id": "djezzy-6dde442f3f",
        "name": "HÃ´tel Holiday Inn",
        "wilaya_code": "16",
        "commune_code": null,
        "commune": null,
        "commune_ar": null,
        "lat": 36.748815,
        "lng": 2.951075,
        "geo_precision": "exact",
        "geo_method": "operator_map",
        "source": "djezzy",
        "operator": "djezzy",
        "technology": "5G",
        "address": "CHERAGA"
      }
    },
    {
      "type": "Feature",
      "geometry": {
        "type": "Point",
        "coordinates": [
          2.9694,
          36.7786
        ]
      },
      "properties": {
        "id": "djezzy-6de4683000",
        "name": "Cite Moudjahidinne",
        "wilaya_code": "16",
        "commune_code": null,
        "commune": null,
        "commune_ar": null,
        "lat": 36.7786,
        "lng": 2.9694,
        "geo_precision": "exact",
        "geo_method": "operator_map",
        "source": "djezzy",
        "operator": "djezzy",
        "technology": "5G",
        "address": "BENI MESSOUS"
      }
    },
    {
      "type": "Feature",
      "geometry": {
        "type": "Point",
        "coordinates": [
          3.05499,
          36.77038
        ]
      },
      "properties": {
        "id": "djezzy-6e31690147",
        "name": "Universite d'Alger",
        "wilaya_code": "16",
        "commune_code": null,
        "commune": null,
        "commune_ar": null,
        "lat": 36.77038,
        "lng": 3.05499,
        "geo_precision": "exact",
        "geo_method": "operator_map",
        "source": "djezzy",
        "operator": "djezzy",
        "technology": "5G",
        "address": "Alger"
      }
    },
    {
      "type": "Feature",
      "geometry": {
        "type": "Point",
        "coordinates": [
          -0.5534,
          35.6937
        ]
      },
      "properties": {
        "id": "djezzy-6e7d3e0bc1",
        "name": "Sidi Maarouf_2",
        "wilaya_code": "31",
        "commune_code": null,
        "commune": null,
        "commune_ar": null,
        "lat": 35.6937,
        "lng": -0.5534,
        "geo_precision": "exact",
        "geo_method": "operator_map",
        "source": "djezzy",
        "operator": "djezzy",
        "technology": "5G",
        "address": "SIDI CHAMI"
      }
    },
    {
      "type": "Feature",
      "geometry": {
        "type": "Point",
        "coordinates": [
          6.59822,
          35.42816
        ]
      },
      "properties": {
        "id": "djezzy-6eb33244ce",
        "name": "El Hadhaba",
        "wilaya_code": "25",
        "commune_code": null,
        "commune": null,
        "commune_ar": null,
        "lat": 35.42816,
        "lng": 6.59822,
        "geo_precision": "exact",
        "geo_method": "operator_map",
        "source": "djezzy",
        "operator": "djezzy",
        "technology": "5G",
        "address": "Constantine"
      }
    },
    {
      "type": "Feature",
      "geometry": {
        "type": "Point",
        "coordinates": [
          3.154797,
          36.662238
        ]
      },
      "properties": {
        "id": "djezzy-6f13e5f37c",
        "name": "Les Eucalyptus Centre",
        "wilaya_code": "16",
        "commune_code": null,
        "commune": null,
        "commune_ar": null,
        "lat": 36.662238,
        "lng": 3.154797,
        "geo_precision": "exact",
        "geo_method": "operator_map",
        "source": "djezzy",
        "operator": "djezzy",
        "technology": "5G",
        "address": "LES EUCALYPTUS"
      }
    },
    {
      "type": "Feature",
      "geometry": {
        "type": "Point",
        "coordinates": [
          3.04286,
          36.6912
        ]
      },
      "properties": {
        "id": "djezzy-6fd9034f48",
        "name": "Shaoula Meridja_2",
        "wilaya_code": "16",
        "commune_code": null,
        "commune": null,
        "commune_ar": null,
        "lat": 36.6912,
        "lng": 3.04286,
        "geo_precision": "exact",
        "geo_method": "operator_map",
        "source": "djezzy",
        "operator": "djezzy",
        "technology": "5G",
        "address": "SAOULA"
      }
    },
    {
      "type": "Feature",
      "geometry": {
        "type": "Point",
        "coordinates": [
          5.378195,
          36.212937
        ]
      },
      "properties": {
        "id": "djezzy-709347e35d",
        "name": "Cite Chouf Lekdad 2",
        "wilaya_code": "19",
        "commune_code": null,
        "commune": null,
        "commune_ar": null,
        "lat": 36.212937,
        "lng": 5.378195,
        "geo_precision": "exact",
        "geo_method": "operator_map",
        "source": "djezzy",
        "operator": "djezzy",
        "technology": "5G",
        "address": "Setif"
      }
    },
    {
      "type": "Feature",
      "geometry": {
        "type": "Point",
        "coordinates": [
          3.0391,
          36.68257
        ]
      },
      "properties": {
        "id": "djezzy-717b9d99d1",
        "name": "BETROUNA",
        "wilaya_code": "16",
        "commune_code": null,
        "commune": null,
        "commune_ar": null,
        "lat": 36.68257,
        "lng": 3.0391,
        "geo_precision": "exact",
        "geo_method": "operator_map",
        "source": "djezzy",
        "operator": "djezzy",
        "technology": "5G",
        "address": "BIRTOUTA"
      }
    },
    {
      "type": "Feature",
      "geometry": {
        "type": "Point",
        "coordinates": [
          3.35459,
          36.74261
        ]
      },
      "properties": {
        "id": "djezzy-719a87e9c2",
        "name": "cite Korichi Reghaia",
        "wilaya_code": "16",
        "commune_code": null,
        "commune": null,
        "commune_ar": null,
        "lat": 36.74261,
        "lng": 3.35459,
        "geo_precision": "exact",
        "geo_method": "operator_map",
        "source": "djezzy",
        "operator": "djezzy",
        "technology": "5G",
        "address": "REGHAIA"
      }
    },
    {
      "type": "Feature",
      "geometry": {
        "type": "Point",
        "coordinates": [
          -0.603632,
          35.695901
        ]
      },
      "properties": {
        "id": "djezzy-71bc56d815",
        "name": "Mosque ibn badis",
        "wilaya_code": "31",
        "commune_code": null,
        "commune": null,
        "commune_ar": null,
        "lat": 35.695901,
        "lng": -0.603632,
        "geo_precision": "exact",
        "geo_method": "operator_map",
        "source": "djezzy",
        "operator": "djezzy",
        "technology": "5G",
        "address": "Oran"
      }
    },
    {
      "type": "Feature",
      "geometry": {
        "type": "Point",
        "coordinates": [
          -0.608555555555556,
          35.6997222222222
        ]
      },
      "properties": {
        "id": "djezzy-720de8b261",
        "name": "El Macta",
        "wilaya_code": "31",
        "commune_code": null,
        "commune": null,
        "commune_ar": null,
        "lat": 35.6997222222222,
        "lng": -0.608555555555556,
        "geo_precision": "exact",
        "geo_method": "operator_map",
        "source": "djezzy",
        "operator": "djezzy",
        "technology": "5G",
        "address": "Oran"
      }
    },
    {
      "type": "Feature",
      "geometry": {
        "type": "Point",
        "coordinates": [
          2.85008,
          36.71808
        ]
      },
      "properties": {
        "id": "djezzy-72198fc8b8",
        "name": "Genie Zeralda",
        "wilaya_code": "16",
        "commune_code": null,
        "commune": null,
        "commune_ar": null,
        "lat": 36.71808,
        "lng": 2.85008,
        "geo_precision": "exact",
        "geo_method": "operator_map",
        "source": "djezzy",
        "operator": "djezzy",
        "technology": "5G",
        "address": "ZERALDA"
      }
    },
    {
      "type": "Feature",
      "geometry": {
        "type": "Point",
        "coordinates": [
          -1.299324,
          34.872817
        ]
      },
      "properties": {
        "id": "djezzy-72207b1260",
        "name": "BIROUANA",
        "wilaya_code": "13",
        "commune_code": null,
        "commune": null,
        "commune_ar": null,
        "lat": 34.872817,
        "lng": -1.299324,
        "geo_precision": "exact",
        "geo_method": "operator_map",
        "source": "djezzy",
        "operator": "djezzy",
        "technology": "5G",
        "address": "Tlemcen"
      }
    },
    {
      "type": "Feature",
      "geometry": {
        "type": "Point",
        "coordinates": [
          3.11834,
          36.67031
        ]
      },
      "properties": {
        "id": "djezzy-72a1a543d2",
        "name": "HAOUCHE MERIEM",
        "wilaya_code": "16",
        "commune_code": null,
        "commune": null,
        "commune_ar": null,
        "lat": 36.67031,
        "lng": 3.11834,
        "geo_precision": "exact",
        "geo_method": "operator_map",
        "source": "djezzy",
        "operator": "djezzy",
        "technology": "5G",
        "address": "BARAKI"
      }
    },
    {
      "type": "Feature",
      "geometry": {
        "type": "Point",
        "coordinates": [
          3.15845,
          36.71986
        ]
      },
      "properties": {
        "id": "djezzy-738f2ecc28",
        "name": "Oued Smar La Fouriere",
        "wilaya_code": "16",
        "commune_code": null,
        "commune": null,
        "commune_ar": null,
        "lat": 36.71986,
        "lng": 3.15845,
        "geo_precision": "exact",
        "geo_method": "operator_map",
        "source": "djezzy",
        "operator": "djezzy",
        "technology": "5G",
        "address": "OUED SMAR"
      }
    },
    {
      "type": "Feature",
      "geometry": {
        "type": "Point",
        "coordinates": [
          3.11575,
          36.7268
        ]
      },
      "properties": {
        "id": "djezzy-739fd09707",
        "name": "Cite des palmiers",
        "wilaya_code": "16",
        "commune_code": null,
        "commune": null,
        "commune_ar": null,
        "lat": 36.7268,
        "lng": 3.11575,
        "geo_precision": "exact",
        "geo_method": "operator_map",
        "source": "djezzy",
        "operator": "djezzy",
        "technology": "5G",
        "address": "BACH DJERRAH"
      }
    },
    {
      "type": "Feature",
      "geometry": {
        "type": "Point",
        "coordinates": [
          3.15667,
          36.73414
        ]
      },
      "properties": {
        "id": "djezzy-73a4591788",
        "name": "Hilton",
        "wilaya_code": "16",
        "commune_code": null,
        "commune": null,
        "commune_ar": null,
        "lat": 36.73414,
        "lng": 3.15667,
        "geo_precision": "exact",
        "geo_method": "operator_map",
        "source": "djezzy",
        "operator": "djezzy",
        "technology": "5G",
        "address": "MOHAMMADIA"
      }
    },
    {
      "type": "Feature",
      "geometry": {
        "type": "Point",
        "coordinates": [
          6.504162,
          36.260298
        ]
      },
      "properties": {
        "id": "djezzy-73b6b16534",
        "name": "ZI Ain Smara",
        "wilaya_code": "25",
        "commune_code": null,
        "commune": null,
        "commune_ar": null,
        "lat": 36.260298,
        "lng": 6.504162,
        "geo_precision": "exact",
        "geo_method": "operator_map",
        "source": "djezzy",
        "operator": "djezzy",
        "technology": "5G",
        "address": "AIN SMARA"
      }
    },
    {
      "type": "Feature",
      "geometry": {
        "type": "Point",
        "coordinates": [
          6.92142,
          34.8948
        ]
      },
      "properties": {
        "id": "djezzy-73ebe7a070",
        "name": "Bouabaz 2",
        "wilaya_code": "21",
        "commune_code": null,
        "commune": null,
        "commune_ar": null,
        "lat": 34.8948,
        "lng": 6.92142,
        "geo_precision": "exact",
        "geo_method": "operator_map",
        "source": "djezzy",
        "operator": "djezzy",
        "technology": "5G",
        "address": "Skikda"
      }
    },
    {
      "type": "Feature",
      "geometry": {
        "type": "Point",
        "coordinates": [
          3.36014,
          36.74414
        ]
      },
      "properties": {
        "id": "djezzy-74b2c04d11",
        "name": "Mohamed El Bay",
        "wilaya_code": "16",
        "commune_code": null,
        "commune": null,
        "commune_ar": null,
        "lat": 36.74414,
        "lng": 3.36014,
        "geo_precision": "exact",
        "geo_method": "operator_map",
        "source": "djezzy",
        "operator": "djezzy",
        "technology": "5G",
        "address": "REGHAIA"
      }
    },
    {
      "type": "Feature",
      "geometry": {
        "type": "Point",
        "coordinates": [
          5.677983,
          36.147065
        ]
      },
      "properties": {
        "id": "djezzy-74fef970be",
        "name": "Cite Bourafraf",
        "wilaya_code": "19",
        "commune_code": null,
        "commune": null,
        "commune_ar": null,
        "lat": 36.147065,
        "lng": 5.677983,
        "geo_precision": "exact",
        "geo_method": "operator_map",
        "source": "djezzy",
        "operator": "djezzy",
        "technology": "5G",
        "address": "EL EULMA"
      }
    },
    {
      "type": "Feature",
      "geometry": {
        "type": "Point",
        "coordinates": [
          2.906923,
          36.801515
        ]
      },
      "properties": {
        "id": "djezzy-754ec6c9e3",
        "name": "CITE 500 LGTS AIN BENIANE",
        "wilaya_code": "16",
        "commune_code": null,
        "commune": null,
        "commune_ar": null,
        "lat": 36.801515,
        "lng": 2.906923,
        "geo_precision": "exact",
        "geo_method": "operator_map",
        "source": "djezzy",
        "operator": "djezzy",
        "technology": "5G",
        "address": "AIN BENIAN"
      }
    },
    {
      "type": "Feature",
      "geometry": {
        "type": "Point",
        "coordinates": [
          -0.55998,
          35.74288
        ]
      },
      "properties": {
        "id": "djezzy-75916a0ddb",
        "name": "HAI_NAKHLA",
        "wilaya_code": "31",
        "commune_code": null,
        "commune": null,
        "commune_ar": null,
        "lat": 35.74288,
        "lng": -0.55998,
        "geo_precision": "exact",
        "geo_method": "operator_map",
        "source": "djezzy",
        "operator": "djezzy",
        "technology": "5G",
        "address": "BIR EL DJIR"
      }
    },
    {
      "type": "Feature",
      "geometry": {
        "type": "Point",
        "coordinates": [
          3.32448,
          36.7196
        ]
      },
      "properties": {
        "id": "djezzy-75b6692687",
        "name": "Reghaia Zl 1_2",
        "wilaya_code": "16",
        "commune_code": null,
        "commune": null,
        "commune_ar": null,
        "lat": 36.7196,
        "lng": 3.32448,
        "geo_precision": "exact",
        "geo_method": "operator_map",
        "source": "djezzy",
        "operator": "djezzy",
        "technology": "5G",
        "address": "REGHAIA"
      }
    },
    {
      "type": "Feature",
      "geometry": {
        "type": "Point",
        "coordinates": [
          2.97593,
          36.65678
        ]
      },
      "properties": {
        "id": "djezzy-75f286db4c",
        "name": "ouled mendil",
        "wilaya_code": "16",
        "commune_code": null,
        "commune": null,
        "commune_ar": null,
        "lat": 36.65678,
        "lng": 2.97593,
        "geo_precision": "exact",
        "geo_method": "operator_map",
        "source": "djezzy",
        "operator": "djezzy",
        "technology": "5G",
        "address": "DOUERA"
      }
    },
    {
      "type": "Feature",
      "geometry": {
        "type": "Point",
        "coordinates": [
          -1.33343,
          34.88655
        ]
      },
      "properties": {
        "id": "djezzy-761a6298e8",
        "name": "Cite Nassim",
        "wilaya_code": "13",
        "commune_code": null,
        "commune": null,
        "commune_ar": null,
        "lat": 34.88655,
        "lng": -1.33343,
        "geo_precision": "exact",
        "geo_method": "operator_map",
        "source": "djezzy",
        "operator": "djezzy",
        "technology": "5G",
        "address": "MANSOURAH"
      }
    },
    {
      "type": "Feature",
      "geometry": {
        "type": "Point",
        "coordinates": [
          6.554167,
          36.24696
        ]
      },
      "properties": {
        "id": "djezzy-7682b6cd90",
        "name": "Universite_2 Ali Mendjeli_UV14",
        "wilaya_code": "25",
        "commune_code": null,
        "commune": null,
        "commune_ar": null,
        "lat": 36.24696,
        "lng": 6.554167,
        "geo_precision": "exact",
        "geo_method": "operator_map",
        "source": "djezzy",
        "operator": "djezzy",
        "technology": "5G",
        "address": "AIN SMARA"
      }
    },
    {
      "type": "Feature",
      "geometry": {
        "type": "Point",
        "coordinates": [
          -0.652102,
          35.699307
        ]
      },
      "properties": {
        "id": "djezzy-76c0b3a2c1",
        "name": "EL DERB",
        "wilaya_code": "31",
        "commune_code": null,
        "commune": null,
        "commune_ar": null,
        "lat": 35.699307,
        "lng": -0.652102,
        "geo_precision": "exact",
        "geo_method": "operator_map",
        "source": "djezzy",
        "operator": "djezzy",
        "technology": "5G",
        "address": "Oran"
      }
    },
    {
      "type": "Feature",
      "geometry": {
        "type": "Point",
        "coordinates": [
          3.01482,
          36.6969
        ]
      },
      "properties": {
        "id": "djezzy-76d953dfc1",
        "name": "Shaoula 3",
        "wilaya_code": "16",
        "commune_code": null,
        "commune": null,
        "commune_ar": null,
        "lat": 36.6969,
        "lng": 3.01482,
        "geo_precision": "exact",
        "geo_method": "operator_map",
        "source": "djezzy",
        "operator": "djezzy",
        "technology": "5G",
        "address": "SAOULA"
      }
    },
    {
      "type": "Feature",
      "geometry": {
        "type": "Point",
        "coordinates": [
          5.43322,
          34.89463889
        ]
      },
      "properties": {
        "id": "djezzy-76db3e1993",
        "name": "Cite DALAS",
        "wilaya_code": "19",
        "commune_code": null,
        "commune": null,
        "commune_ar": null,
        "lat": 34.89463889,
        "lng": 5.43322,
        "geo_precision": "exact",
        "geo_method": "operator_map",
        "source": "djezzy",
        "operator": "djezzy",
        "technology": "5G",
        "address": "Setif"
      }
    },
    {
      "type": "Feature",
      "geometry": {
        "type": "Point",
        "coordinates": [
          6.632385,
          36.365775
        ]
      },
      "properties": {
        "id": "djezzy-772c2ced10",
        "name": "Mensoura ",
        "wilaya_code": "25",
        "commune_code": null,
        "commune": null,
        "commune_ar": null,
        "lat": 36.365775,
        "lng": 6.632385,
        "geo_precision": "exact",
        "geo_method": "operator_map",
        "source": "djezzy",
        "operator": "djezzy",
        "technology": "5G",
        "address": "Constantine"
      }
    },
    {
      "type": "Feature",
      "geometry": {
        "type": "Point",
        "coordinates": [
          3.16017,
          36.66014
        ]
      },
      "properties": {
        "id": "djezzy-774b426a4b",
        "name": "Ouled elhadj_1",
        "wilaya_code": "16",
        "commune_code": null,
        "commune": null,
        "commune_ar": null,
        "lat": 36.66014,
        "lng": 3.16017,
        "geo_precision": "exact",
        "geo_method": "operator_map",
        "source": "djezzy",
        "operator": "djezzy",
        "technology": "5G",
        "address": "LES EUCALYPTUS"
      }
    },
    {
      "type": "Feature",
      "geometry": {
        "type": "Point",
        "coordinates": [
          3.2394,
          36.7731
        ]
      },
      "properties": {
        "id": "djezzy-77d9c3fe12",
        "name": "cite Doum 2",
        "wilaya_code": "16",
        "commune_code": null,
        "commune": null,
        "commune_ar": null,
        "lat": 36.7731,
        "lng": 3.2394,
        "geo_precision": "exact",
        "geo_method": "operator_map",
        "source": "djezzy",
        "operator": "djezzy",
        "technology": "5G",
        "address": "BORDJ EL KIFFAN"
      }
    },
    {
      "type": "Feature",
      "geometry": {
        "type": "Point",
        "coordinates": [
          3.06782,
          36.73052
        ]
      },
      "properties": {
        "id": "djezzy-77e24bf98a",
        "name": "Guaidi_G2_T",
        "wilaya_code": "16",
        "commune_code": null,
        "commune": null,
        "commune_ar": null,
        "lat": 36.73052,
        "lng": 3.06782,
        "geo_precision": "exact",
        "geo_method": "operator_map",
        "source": "djezzy",
        "operator": "djezzy",
        "technology": "5G",
        "address": "KOUBA"
      }
    },
    {
      "type": "Feature",
      "geometry": {
        "type": "Point",
        "coordinates": [
          3.03838,
          36.7218
        ]
      },
      "properties": {
        "id": "djezzy-79231c1faa",
        "name": "Bir Khadem Hai Saada",
        "wilaya_code": "16",
        "commune_code": null,
        "commune": null,
        "commune_ar": null,
        "lat": 36.7218,
        "lng": 3.03838,
        "geo_precision": "exact",
        "geo_method": "operator_map",
        "source": "djezzy",
        "operator": "djezzy",
        "technology": "5G",
        "address": "BIR KHADEM"
      }
    },
    {
      "type": "Feature",
      "geometry": {
        "type": "Point",
        "coordinates": [
          3.16842,
          36.71365
        ]
      },
      "properties": {
        "id": "djezzy-797b591abc",
        "name": "Allia 2",
        "wilaya_code": "16",
        "commune_code": null,
        "commune": null,
        "commune_ar": null,
        "lat": 36.71365,
        "lng": 3.16842,
        "geo_precision": "exact",
        "geo_method": "operator_map",
        "source": "djezzy",
        "operator": "djezzy",
        "technology": "5G",
        "address": "OUED SMAR"
      }
    },
    {
      "type": "Feature",
      "geometry": {
        "type": "Point",
        "coordinates": [
          3.011292,
          36.769091
        ]
      },
      "properties": {
        "id": "djezzy-798d089125",
        "name": "AL ARKAM",
        "wilaya_code": "16",
        "commune_code": null,
        "commune": null,
        "commune_ar": null,
        "lat": 36.769091,
        "lng": 3.011292,
        "geo_precision": "exact",
        "geo_method": "operator_map",
        "source": "djezzy",
        "operator": "djezzy",
        "technology": "5G",
        "address": "BOUZAREAH"
      }
    },
    {
      "type": "Feature",
      "geometry": {
        "type": "Point",
        "coordinates": [
          2.63741,
          36.45376
        ]
      },
      "properties": {
        "id": "djezzy-7a09784699",
        "name": "Afroun Université",
        "wilaya_code": "09",
        "commune_code": null,
        "commune": null,
        "commune_ar": null,
        "lat": 36.45376,
        "lng": 2.63741,
        "geo_precision": "exact",
        "geo_method": "operator_map",
        "source": "djezzy",
        "operator": "djezzy",
        "technology": "5G",
        "address": "EL AFFROUN"
      }
    },
    {
      "type": "Feature",
      "geometry": {
        "type": "Point",
        "coordinates": [
          2.90798,
          36.6424
        ]
      },
      "properties": {
        "id": "djezzy-7aabd187a1",
        "name": "Dkakna",
        "wilaya_code": "16",
        "commune_code": null,
        "commune": null,
        "commune_ar": null,
        "lat": 36.6424,
        "lng": 2.90798,
        "geo_precision": "exact",
        "geo_method": "operator_map",
        "source": "djezzy",
        "operator": "djezzy",
        "technology": "5G",
        "address": "DOUERA"
      }
    },
    {
      "type": "Feature",
      "geometry": {
        "type": "Point",
        "coordinates": [
          5.68791,
          36.15844
        ]
      },
      "properties": {
        "id": "djezzy-7aed1866ca",
        "name": "Douar Esoug_A+",
        "wilaya_code": "19",
        "commune_code": null,
        "commune": null,
        "commune_ar": null,
        "lat": 36.15844,
        "lng": 5.68791,
        "geo_precision": "exact",
        "geo_method": "operator_map",
        "source": "djezzy",
        "operator": "djezzy",
        "technology": "5G",
        "address": "EL EULMA"
      }
    },
    {
      "type": "Feature",
      "geometry": {
        "type": "Point",
        "coordinates": [
          -0.589131,
          35.727175
        ]
      },
      "properties": {
        "id": "djezzy-7af3997984",
        "name": "CCO_2",
        "wilaya_code": "31",
        "commune_code": null,
        "commune": null,
        "commune_ar": null,
        "lat": 35.727175,
        "lng": -0.589131,
        "geo_precision": "exact",
        "geo_method": "operator_map",
        "source": "djezzy",
        "operator": "djezzy",
        "technology": "5G",
        "address": "Oran"
      }
    },
    {
      "type": "Feature",
      "geometry": {
        "type": "Point",
        "coordinates": [
          -0.583952,
          35.719362
        ]
      },
      "properties": {
        "id": "djezzy-7b04610baa",
        "name": "Milinum",
        "wilaya_code": "31",
        "commune_code": null,
        "commune": null,
        "commune_ar": null,
        "lat": 35.719362,
        "lng": -0.583952,
        "geo_precision": "exact",
        "geo_method": "operator_map",
        "source": "djezzy",
        "operator": "djezzy",
        "technology": "5G",
        "address": "BIR EL DJIR"
      }
    },
    {
      "type": "Feature",
      "geometry": {
        "type": "Point",
        "coordinates": [
          3.06288,
          36.7087
        ]
      },
      "properties": {
        "id": "djezzy-7b2eb24fcb",
        "name": "Zonca",
        "wilaya_code": "16",
        "commune_code": null,
        "commune": null,
        "commune_ar": null,
        "lat": 36.7087,
        "lng": 3.06288,
        "geo_precision": "exact",
        "geo_method": "operator_map",
        "source": "djezzy",
        "operator": "djezzy",
        "technology": "5G",
        "address": "BIR KHADEM"
      }
    },
    {
      "type": "Feature",
      "geometry": {
        "type": "Point",
        "coordinates": [
          2.99444,
          36.72081
        ]
      },
      "properties": {
        "id": "djezzy-7bbcdf2be2",
        "name": "Draria 3",
        "wilaya_code": "16",
        "commune_code": null,
        "commune": null,
        "commune_ar": null,
        "lat": 36.72081,
        "lng": 2.99444,
        "geo_precision": "exact",
        "geo_method": "operator_map",
        "source": "djezzy",
        "operator": "djezzy",
        "technology": "5G",
        "address": "DRARIA"
      }
    },
    {
      "type": "Feature",
      "geometry": {
        "type": "Point",
        "coordinates": [
          -1.81944444444444,
          35.0632222222222
        ]
      },
      "properties": {
        "id": "djezzy-7c347cc35d",
        "name": "B.P Jamaa sakhra",
        "wilaya_code": "13",
        "commune_code": null,
        "commune": null,
        "commune_ar": null,
        "lat": 35.0632222222222,
        "lng": -1.81944444444444,
        "geo_precision": "exact",
        "geo_method": "operator_map",
        "source": "djezzy",
        "operator": "djezzy",
        "technology": "5G",
        "address": "GHAZAOUET"
      }
    },
    {
      "type": "Feature",
      "geometry": {
        "type": "Point",
        "coordinates": [
          3.01946,
          36.756
        ]
      },
      "properties": {
        "id": "djezzy-7c503f4ad7",
        "name": "Frais Vallon",
        "wilaya_code": "16",
        "commune_code": null,
        "commune": null,
        "commune_ar": null,
        "lat": 36.756,
        "lng": 3.01946,
        "geo_precision": "exact",
        "geo_method": "operator_map",
        "source": "djezzy",
        "operator": "djezzy",
        "technology": "5G",
        "address": "BEN AKNOUN"
      }
    },
    {
      "type": "Feature",
      "geometry": {
        "type": "Point",
        "coordinates": [
          6.83234,
          36.65417
        ]
      },
      "properties": {
        "id": "djezzy-7c57ff664d",
        "name": "El Harrouche 7",
        "wilaya_code": "21",
        "commune_code": null,
        "commune": null,
        "commune_ar": null,
        "lat": 36.65417,
        "lng": 6.83234,
        "geo_precision": "exact",
        "geo_method": "operator_map",
        "source": "djezzy",
        "operator": "djezzy",
        "technology": "5G",
        "address": "EL HARROUCH"
      }
    },
    {
      "type": "Feature",
      "geometry": {
        "type": "Point",
        "coordinates": [
          -0.609452,
          35.703829
        ]
      },
      "properties": {
        "id": "djezzy-7c979aa487",
        "name": "cite HLM",
        "wilaya_code": "31",
        "commune_code": null,
        "commune": null,
        "commune_ar": null,
        "lat": 35.703829,
        "lng": -0.609452,
        "geo_precision": "exact",
        "geo_method": "operator_map",
        "source": "djezzy",
        "operator": "djezzy",
        "technology": "5G",
        "address": "Oran"
      }
    },
    {
      "type": "Feature",
      "geometry": {
        "type": "Point",
        "coordinates": [
          5.58666,
          36.03867
        ]
      },
      "properties": {
        "id": "djezzy-7cf9644096",
        "name": "Rmada",
        "wilaya_code": "19",
        "commune_code": null,
        "commune": null,
        "commune_ar": null,
        "lat": 36.03867,
        "lng": 5.58666,
        "geo_precision": "exact",
        "geo_method": "operator_map",
        "source": "djezzy",
        "operator": "djezzy",
        "technology": "5G",
        "address": "AIN LAHDJAR"
      }
    },
    {
      "type": "Feature",
      "geometry": {
        "type": "Point",
        "coordinates": [
          3.08661,
          36.72859
        ]
      },
      "properties": {
        "id": "djezzy-7d0f44e32d",
        "name": "KOUBA_3",
        "wilaya_code": "16",
        "commune_code": null,
        "commune": null,
        "commune_ar": null,
        "lat": 36.72859,
        "lng": 3.08661,
        "geo_precision": "exact",
        "geo_method": "operator_map",
        "source": "djezzy",
        "operator": "djezzy",
        "technology": "5G",
        "address": "KOUBA"
      }
    },
    {
      "type": "Feature",
      "geometry": {
        "type": "Point",
        "coordinates": [
          -0.588389,
          35.720694
        ]
      },
      "properties": {
        "id": "djezzy-7db32919ad",
        "name": "Promotion TCE Akaid Lotfi",
        "wilaya_code": "31",
        "commune_code": null,
        "commune": null,
        "commune_ar": null,
        "lat": 35.720694,
        "lng": -0.588389,
        "geo_precision": "exact",
        "geo_method": "operator_map",
        "source": "djezzy",
        "operator": "djezzy",
        "technology": "5G",
        "address": "Oran"
      }
    },
    {
      "type": "Feature",
      "geometry": {
        "type": "Point",
        "coordinates": [
          3.06701,
          36.70221
        ]
      },
      "properties": {
        "id": "djezzy-7de838fb8d",
        "name": "Sefsafa Gue Constantine",
        "wilaya_code": "16",
        "commune_code": null,
        "commune": null,
        "commune_ar": null,
        "lat": 36.70221,
        "lng": 3.06701,
        "geo_precision": "exact",
        "geo_method": "operator_map",
        "source": "djezzy",
        "operator": "djezzy",
        "technology": "5G",
        "address": "DJISR KSENTINA"
      }
    },
    {
      "type": "Feature",
      "geometry": {
        "type": "Point",
        "coordinates": [
          6.65355,
          36.3443
        ]
      },
      "properties": {
        "id": "djezzy-7f046f9c07",
        "name": "El Guemmas 3",
        "wilaya_code": "25",
        "commune_code": null,
        "commune": null,
        "commune_ar": null,
        "lat": 36.3443,
        "lng": 6.65355,
        "geo_precision": "exact",
        "geo_method": "operator_map",
        "source": "djezzy",
        "operator": "djezzy",
        "technology": "5G",
        "address": "Constantine"
      }
    },
    {
      "type": "Feature",
      "geometry": {
        "type": "Point",
        "coordinates": [
          2.99754,
          36.79377
        ]
      },
      "properties": {
        "id": "djezzy-7f0ef85ebe",
        "name": "Cite Lmamri Bouzereah",
        "wilaya_code": "16",
        "commune_code": null,
        "commune": null,
        "commune_ar": null,
        "lat": 36.79377,
        "lng": 2.99754,
        "geo_precision": "exact",
        "geo_method": "operator_map",
        "source": "djezzy",
        "operator": "djezzy",
        "technology": "5G",
        "address": "BOUZAREAH"
      }
    },
    {
      "type": "Feature",
      "geometry": {
        "type": "Point",
        "coordinates": [
          -0.653083333333333,
          35.7018611111111
        ]
      },
      "properties": {
        "id": "djezzy-7f38cf4239",
        "name": "Rue De Phillipe",
        "wilaya_code": "31",
        "commune_code": null,
        "commune": null,
        "commune_ar": null,
        "lat": 35.7018611111111,
        "lng": -0.653083333333333,
        "geo_precision": "exact",
        "geo_method": "operator_map",
        "source": "djezzy",
        "operator": "djezzy",
        "technology": "5G",
        "address": "Oran"
      }
    },
    {
      "type": "Feature",
      "geometry": {
        "type": "Point",
        "coordinates": [
          3.1842,
          36.72425
        ]
      },
      "properties": {
        "id": "djezzy-7f3f460705",
        "name": "CITE RABIA",
        "wilaya_code": "16",
        "commune_code": null,
        "commune": null,
        "commune_ar": null,
        "lat": 36.72425,
        "lng": 3.1842,
        "geo_precision": "exact",
        "geo_method": "operator_map",
        "source": "djezzy",
        "operator": "djezzy",
        "technology": "5G",
        "address": "BEB EZZOUAR"
      }
    },
    {
      "type": "Feature",
      "geometry": {
        "type": "Point",
        "coordinates": [
          5.43801,
          36.14657
        ]
      },
      "properties": {
        "id": "djezzy-7f5937903e",
        "name": "Ain Trik 2eme tranche",
        "wilaya_code": "19",
        "commune_code": null,
        "commune": null,
        "commune_ar": null,
        "lat": 36.14657,
        "lng": 5.43801,
        "geo_precision": "exact",
        "geo_method": "operator_map",
        "source": "djezzy",
        "operator": "djezzy",
        "technology": "5G",
        "address": "Setif"
      }
    },
    {
      "type": "Feature",
      "geometry": {
        "type": "Point",
        "coordinates": [
          6.146722,
          31.67322
        ]
      },
      "properties": {
        "id": "djezzy-7f867c235b",
        "name": "HASSI MESSAOUD AIRPORT_1",
        "wilaya_code": "30",
        "commune_code": null,
        "commune": null,
        "commune_ar": null,
        "lat": 31.67322,
        "lng": 6.146722,
        "geo_precision": "exact",
        "geo_method": "operator_map",
        "source": "djezzy",
        "operator": "djezzy",
        "technology": "5G",
        "address": "HASSI MESSAOUD"
      }
    },
    {
      "type": "Feature",
      "geometry": {
        "type": "Point",
        "coordinates": [
          6.176786,
          35.552221
        ]
      },
      "properties": {
        "id": "djezzy-8030e7a001",
        "name": "Marche couvert Batna",
        "wilaya_code": "05",
        "commune_code": null,
        "commune": null,
        "commune_ar": null,
        "lat": 35.552221,
        "lng": 6.176786,
        "geo_precision": "exact",
        "geo_method": "operator_map",
        "source": "djezzy",
        "operator": "djezzy",
        "technology": "5G",
        "address": "Batna"
      }
    },
    {
      "type": "Feature",
      "geometry": {
        "type": "Point",
        "coordinates": [
          6.61177,
          36.38247
        ]
      },
      "properties": {
        "id": "djezzy-8032afb092",
        "name": "Sidi Mcid",
        "wilaya_code": "25",
        "commune_code": null,
        "commune": null,
        "commune_ar": null,
        "lat": 36.38247,
        "lng": 6.61177,
        "geo_precision": "exact",
        "geo_method": "operator_map",
        "source": "djezzy",
        "operator": "djezzy",
        "technology": "5G",
        "address": "Constantine"
      }
    },
    {
      "type": "Feature",
      "geometry": {
        "type": "Point",
        "coordinates": [
          6.61998,
          36.3084
        ]
      },
      "properties": {
        "id": "djezzy-81dac619c6",
        "name": "BP Constantine-FRERES-FERAD",
        "wilaya_code": "25",
        "commune_code": null,
        "commune": null,
        "commune_ar": null,
        "lat": 36.3084,
        "lng": 6.61998,
        "geo_precision": "exact",
        "geo_method": "operator_map",
        "source": "djezzy",
        "operator": "djezzy",
        "technology": "5G",
        "address": "Constantine"
      }
    },
    {
      "type": "Feature",
      "geometry": {
        "type": "Point",
        "coordinates": [
          3.03505,
          36.78428
        ]
      },
      "properties": {
        "id": "djezzy-821a5e2019",
        "name": "SKAFINO",
        "wilaya_code": "16",
        "commune_code": null,
        "commune": null,
        "commune_ar": null,
        "lat": 36.78428,
        "lng": 3.03505,
        "geo_precision": "exact",
        "geo_method": "operator_map",
        "source": "djezzy",
        "operator": "djezzy",
        "technology": "5G",
        "address": "BOUZAREAH"
      }
    },
    {
      "type": "Feature",
      "geometry": {
        "type": "Point",
        "coordinates": [
          -0.593166666666667,
          35.7172222222222
        ]
      },
      "properties": {
        "id": "djezzy-823b3e3f1e",
        "name": "Cite colonel Lotfi",
        "wilaya_code": "31",
        "commune_code": null,
        "commune": null,
        "commune_ar": null,
        "lat": 35.7172222222222,
        "lng": -0.593166666666667,
        "geo_precision": "exact",
        "geo_method": "operator_map",
        "source": "djezzy",
        "operator": "djezzy",
        "technology": "5G",
        "address": "Oran"
      }
    },
    {
      "type": "Feature",
      "geometry": {
        "type": "Point",
        "coordinates": [
          5.4146,
          36.1956
        ]
      },
      "properties": {
        "id": "djezzy-8264c9920f",
        "name": "Beb Tandja",
        "wilaya_code": "19",
        "commune_code": null,
        "commune": null,
        "commune_ar": null,
        "lat": 36.1956,
        "lng": 5.4146,
        "geo_precision": "exact",
        "geo_method": "operator_map",
        "source": "djezzy",
        "operator": "djezzy",
        "technology": "5G",
        "address": "Setif"
      }
    },
    {
      "type": "Feature",
      "geometry": {
        "type": "Point",
        "coordinates": [
          3.28594,
          36.7423
        ]
      },
      "properties": {
        "id": "djezzy-8284e2d5c8",
        "name": "Rouiba_3",
        "wilaya_code": "16",
        "commune_code": null,
        "commune": null,
        "commune_ar": null,
        "lat": 36.7423,
        "lng": 3.28594,
        "geo_precision": "exact",
        "geo_method": "operator_map",
        "source": "djezzy",
        "operator": "djezzy",
        "technology": "5G",
        "address": "ROUIBA"
      }
    },
    {
      "type": "Feature",
      "geometry": {
        "type": "Point",
        "coordinates": [
          6.60194,
          32.47098
        ]
      },
      "properties": {
        "id": "djezzy-8297e72d8e",
        "name": "Cite des Martyres",
        "wilaya_code": "25",
        "commune_code": null,
        "commune": null,
        "commune_ar": null,
        "lat": 32.47098,
        "lng": 6.60194,
        "geo_precision": "exact",
        "geo_method": "operator_map",
        "source": "djezzy",
        "operator": "djezzy",
        "technology": "5G",
        "address": "Constantine"
      }
    },
    {
      "type": "Feature",
      "geometry": {
        "type": "Point",
        "coordinates": [
          -0.606666666666667,
          35.6204166666667
        ]
      },
      "properties": {
        "id": "djezzy-8299c8e54a",
        "name": "Aeroport",
        "wilaya_code": "31",
        "commune_code": null,
        "commune": null,
        "commune_ar": null,
        "lat": 35.6204166666667,
        "lng": -0.606666666666667,
        "geo_precision": "exact",
        "geo_method": "operator_map",
        "source": "djezzy",
        "operator": "djezzy",
        "technology": "5G",
        "address": "EL KARMA"
      }
    },
    {
      "type": "Feature",
      "geometry": {
        "type": "Point",
        "coordinates": [
          3.1095,
          36.6464
        ]
      },
      "properties": {
        "id": "djezzy-82c1add7cf",
        "name": "Usine Continental",
        "wilaya_code": "16",
        "commune_code": null,
        "commune": null,
        "commune_ar": null,
        "lat": 36.6464,
        "lng": 3.1095,
        "geo_precision": "exact",
        "geo_method": "operator_map",
        "source": "djezzy",
        "operator": "djezzy",
        "technology": "5G",
        "address": "BARAKI"
      }
    },
    {
      "type": "Feature",
      "geometry": {
        "type": "Point",
        "coordinates": [
          3.2565,
          36.76919
        ]
      },
      "properties": {
        "id": "djezzy-832bbeb0ab",
        "name": "Dergana",
        "wilaya_code": "16",
        "commune_code": null,
        "commune": null,
        "commune_ar": null,
        "lat": 36.76919,
        "lng": 3.2565,
        "geo_precision": "exact",
        "geo_method": "operator_map",
        "source": "djezzy",
        "operator": "djezzy",
        "technology": "5G",
        "address": "BORDJ EL KIFFAN"
      }
    },
    {
      "type": "Feature",
      "geometry": {
        "type": "Point",
        "coordinates": [
          -0.616305555555556,
          35.69475
        ]
      },
      "properties": {
        "id": "djezzy-832e36cfae",
        "name": "Dar El Beida",
        "wilaya_code": "31",
        "commune_code": null,
        "commune": null,
        "commune_ar": null,
        "lat": 35.69475,
        "lng": -0.616305555555556,
        "geo_precision": "exact",
        "geo_method": "operator_map",
        "source": "djezzy",
        "operator": "djezzy",
        "technology": "5G",
        "address": "Oran"
      }
    },
    {
      "type": "Feature",
      "geometry": {
        "type": "Point",
        "coordinates": [
          -1.263645,
          34.89729
        ]
      },
      "properties": {
        "id": "djezzy-834a6b01a3",
        "name": "Medig Sidi Aissa",
        "wilaya_code": "13",
        "commune_code": null,
        "commune": null,
        "commune_ar": null,
        "lat": 34.89729,
        "lng": -1.263645,
        "geo_precision": "exact",
        "geo_method": "operator_map",
        "source": "djezzy",
        "operator": "djezzy",
        "technology": "5G",
        "address": "Tlemcen"
      }
    },
    {
      "type": "Feature",
      "geometry": {
        "type": "Point",
        "coordinates": [
          2.91382,
          36.77711
        ]
      },
      "properties": {
        "id": "djezzy-835fe0a130",
        "name": "Cheraga cite les dunes",
        "wilaya_code": "16",
        "commune_code": null,
        "commune": null,
        "commune_ar": null,
        "lat": 36.77711,
        "lng": 2.91382,
        "geo_precision": "exact",
        "geo_method": "operator_map",
        "source": "djezzy",
        "operator": "djezzy",
        "technology": "5G",
        "address": "CHERAGA"
      }
    },
    {
      "type": "Feature",
      "geometry": {
        "type": "Point",
        "coordinates": [
          2.95018,
          36.73719
        ]
      },
      "properties": {
        "id": "djezzy-836ab76576",
        "name": "Ouled Fayet 2",
        "wilaya_code": "16",
        "commune_code": null,
        "commune": null,
        "commune_ar": null,
        "lat": 36.73719,
        "lng": 2.95018,
        "geo_precision": "exact",
        "geo_method": "operator_map",
        "source": "djezzy",
        "operator": "djezzy",
        "technology": "5G",
        "address": "OULED FAYET"
      }
    },
    {
      "type": "Feature",
      "geometry": {
        "type": "Point",
        "coordinates": [
          2.91358,
          36.7428
        ]
      },
      "properties": {
        "id": "djezzy-843cbee1c6",
        "name": "Bouchaoui Centre",
        "wilaya_code": "16",
        "commune_code": null,
        "commune": null,
        "commune_ar": null,
        "lat": 36.7428,
        "lng": 2.91358,
        "geo_precision": "exact",
        "geo_method": "operator_map",
        "source": "djezzy",
        "operator": "djezzy",
        "technology": "5G",
        "address": "CHERAGA"
      }
    },
    {
      "type": "Feature",
      "geometry": {
        "type": "Point",
        "coordinates": [
          6.15169,
          35.5551
        ]
      },
      "properties": {
        "id": "djezzy-8464505890",
        "name": "KECHIDA SUD",
        "wilaya_code": "05",
        "commune_code": null,
        "commune": null,
        "commune_ar": null,
        "lat": 35.5551,
        "lng": 6.15169,
        "geo_precision": "exact",
        "geo_method": "operator_map",
        "source": "djezzy",
        "operator": "djezzy",
        "technology": "5G",
        "address": "Batna"
      }
    },
    {
      "type": "Feature",
      "geometry": {
        "type": "Point",
        "coordinates": [
          2.92685,
          36.7634
        ]
      },
      "properties": {
        "id": "djezzy-846edaa83b",
        "name": "les Dunes",
        "wilaya_code": "16",
        "commune_code": null,
        "commune": null,
        "commune_ar": null,
        "lat": 36.7634,
        "lng": 2.92685,
        "geo_precision": "exact",
        "geo_method": "operator_map",
        "source": "djezzy",
        "operator": "djezzy",
        "technology": "5G",
        "address": "CHERAGA"
      }
    },
    {
      "type": "Feature",
      "geometry": {
        "type": "Point",
        "coordinates": [
          3.07084,
          36.70314
        ]
      },
      "properties": {
        "id": "djezzy-8480c060ee",
        "name": "Ain Naadja",
        "wilaya_code": "16",
        "commune_code": null,
        "commune": null,
        "commune_ar": null,
        "lat": 36.70314,
        "lng": 3.07084,
        "geo_precision": "exact",
        "geo_method": "operator_map",
        "source": "djezzy",
        "operator": "djezzy",
        "technology": "5G",
        "address": "BIR KHADEM"
      }
    },
    {
      "type": "Feature",
      "geometry": {
        "type": "Point",
        "coordinates": [
          3.030623,
          36.731879
        ]
      },
      "properties": {
        "id": "djezzy-848f9dde1d",
        "name": "Hopital texrain",
        "wilaya_code": "16",
        "commune_code": null,
        "commune": null,
        "commune_ar": null,
        "lat": 36.731879,
        "lng": 3.030623,
        "geo_precision": "exact",
        "geo_method": "operator_map",
        "source": "djezzy",
        "operator": "djezzy",
        "technology": "5G",
        "address": "BIR MOURAD RAIS"
      }
    },
    {
      "type": "Feature",
      "geometry": {
        "type": "Point",
        "coordinates": [
          3.18019,
          36.72094
        ]
      },
      "properties": {
        "id": "djezzy-8532f71e59",
        "name": "CitÃ© EPLF Beb Ezzouar",
        "wilaya_code": "16",
        "commune_code": null,
        "commune": null,
        "commune_ar": null,
        "lat": 36.72094,
        "lng": 3.18019,
        "geo_precision": "exact",
        "geo_method": "operator_map",
        "source": "djezzy",
        "operator": "djezzy",
        "technology": "5G",
        "address": "BEB EZZOUAR"
      }
    },
    {
      "type": "Feature",
      "geometry": {
        "type": "Point",
        "coordinates": [
          3.1026,
          36.6589
        ]
      },
      "properties": {
        "id": "djezzy-8558604161",
        "name": "Marhaba Sidi Moussa",
        "wilaya_code": "16",
        "commune_code": null,
        "commune": null,
        "commune_ar": null,
        "lat": 36.6589,
        "lng": 3.1026,
        "geo_precision": "exact",
        "geo_method": "operator_map",
        "source": "djezzy",
        "operator": "djezzy",
        "technology": "5G",
        "address": "BARAKI"
      }
    },
    {
      "type": "Feature",
      "geometry": {
        "type": "Point",
        "coordinates": [
          -1.33475,
          34.929218
        ]
      },
      "properties": {
        "id": "djezzy-855b3e31d0",
        "name": "Oudjelida Highway",
        "wilaya_code": "13",
        "commune_code": null,
        "commune": null,
        "commune_ar": null,
        "lat": 34.929218,
        "lng": -1.33475,
        "geo_precision": "exact",
        "geo_method": "operator_map",
        "source": "djezzy",
        "operator": "djezzy",
        "technology": "5G",
        "address": "Tlemcen"
      }
    },
    {
      "type": "Feature",
      "geometry": {
        "type": "Point",
        "coordinates": [
          6.6445,
          36.34131
        ]
      },
      "properties": {
        "id": "djezzy-8574200f91",
        "name": "Cite Enacime_T",
        "wilaya_code": "25",
        "commune_code": null,
        "commune": null,
        "commune_ar": null,
        "lat": 36.34131,
        "lng": 6.6445,
        "geo_precision": "exact",
        "geo_method": "operator_map",
        "source": "djezzy",
        "operator": "djezzy",
        "technology": "5G",
        "address": "Constantine"
      }
    },
    {
      "type": "Feature",
      "geometry": {
        "type": "Point",
        "coordinates": [
          6.6984,
          36.2673
        ]
      },
      "properties": {
        "id": "djezzy-866e98d402",
        "name": "Khroub 1_T",
        "wilaya_code": "25",
        "commune_code": null,
        "commune": null,
        "commune_ar": null,
        "lat": 36.2673,
        "lng": 6.6984,
        "geo_precision": "exact",
        "geo_method": "operator_map",
        "source": "djezzy",
        "operator": "djezzy",
        "technology": "5G",
        "address": "EL KHROUB"
      }
    },
    {
      "type": "Feature",
      "geometry": {
        "type": "Point",
        "coordinates": [
          5.43534,
          36.2097
        ]
      },
      "properties": {
        "id": "djezzy-8682edca1c",
        "name": "Cite El hidhab",
        "wilaya_code": "19",
        "commune_code": null,
        "commune": null,
        "commune_ar": null,
        "lat": 36.2097,
        "lng": 5.43534,
        "geo_precision": "exact",
        "geo_method": "operator_map",
        "source": "djezzy",
        "operator": "djezzy",
        "technology": "5G",
        "address": "Setif"
      }
    },
    {
      "type": "Feature",
      "geometry": {
        "type": "Point",
        "coordinates": [
          3.15434,
          36.733155
        ]
      },
      "properties": {
        "id": "djezzy-86870be069",
        "name": "Safex Pavillon G",
        "wilaya_code": "16",
        "commune_code": null,
        "commune": null,
        "commune_ar": null,
        "lat": 36.733155,
        "lng": 3.15434,
        "geo_precision": "exact",
        "geo_method": "operator_map",
        "source": "djezzy",
        "operator": "djezzy",
        "technology": "5G",
        "address": "MOHAMMADIA"
      }
    },
    {
      "type": "Feature",
      "geometry": {
        "type": "Point",
        "coordinates": [
          -0.54823,
          35.75207
        ]
      },
      "properties": {
        "id": "djezzy-869831e325",
        "name": "Coopérative Karama",
        "wilaya_code": "31",
        "commune_code": null,
        "commune": null,
        "commune_ar": null,
        "lat": 35.75207,
        "lng": -0.54823,
        "geo_precision": "exact",
        "geo_method": "operator_map",
        "source": "djezzy",
        "operator": "djezzy",
        "technology": "5G",
        "address": "BIR EL DJIR"
      }
    },
    {
      "type": "Feature",
      "geometry": {
        "type": "Point",
        "coordinates": [
          -1.80619444444444,
          34.8315277777778
        ]
      },
      "properties": {
        "id": "djezzy-86d81af0bc",
        "name": "BTAIM",
        "wilaya_code": "13",
        "commune_code": null,
        "commune": null,
        "commune_ar": null,
        "lat": 34.8315277777778,
        "lng": -1.80619444444444,
        "geo_precision": "exact",
        "geo_method": "operator_map",
        "source": "djezzy",
        "operator": "djezzy",
        "technology": "5G",
        "address": "MAGHNIA"
      }
    },
    {
      "type": "Feature",
      "geometry": {
        "type": "Point",
        "coordinates": [
          -0.609947,
          35.685995
        ]
      },
      "properties": {
        "id": "djezzy-86e680e5f8",
        "name": "cité Zitoune ",
        "wilaya_code": "31",
        "commune_code": null,
        "commune": null,
        "commune_ar": null,
        "lat": 35.685995,
        "lng": -0.609947,
        "geo_precision": "exact",
        "geo_method": "operator_map",
        "source": "djezzy",
        "operator": "djezzy",
        "technology": "5G",
        "address": "Oran"
      }
    },
    {
      "type": "Feature",
      "geometry": {
        "type": "Point",
        "coordinates": [
          5.694489,
          36.143779
        ]
      },
      "properties": {
        "id": "djezzy-8778552472",
        "name": "Cite 40 Logs SONALGAZ",
        "wilaya_code": "19",
        "commune_code": null,
        "commune": null,
        "commune_ar": null,
        "lat": 36.143779,
        "lng": 5.694489,
        "geo_precision": "exact",
        "geo_method": "operator_map",
        "source": "djezzy",
        "operator": "djezzy",
        "technology": "5G",
        "address": "EL EULMA"
      }
    },
    {
      "type": "Feature",
      "geometry": {
        "type": "Point",
        "coordinates": [
          2.86558,
          36.68949
        ]
      },
      "properties": {
        "id": "djezzy-877958b0bc",
        "name": "station Mobile université Sidi Abdellah ",
        "wilaya_code": "16",
        "commune_code": null,
        "commune": null,
        "commune_ar": null,
        "lat": 36.68949,
        "lng": 2.86558,
        "geo_precision": "exact",
        "geo_method": "operator_map",
        "source": "djezzy",
        "operator": "djezzy",
        "technology": "5G",
        "address": "MAHELMA"
      }
    },
    {
      "type": "Feature",
      "geometry": {
        "type": "Point",
        "coordinates": [
          3.1387,
          36.6634
        ]
      },
      "properties": {
        "id": "djezzy-87b6c6202c",
        "name": "Les Eucaliptus 1",
        "wilaya_code": "16",
        "commune_code": null,
        "commune": null,
        "commune_ar": null,
        "lat": 36.6634,
        "lng": 3.1387,
        "geo_precision": "exact",
        "geo_method": "operator_map",
        "source": "djezzy",
        "operator": "djezzy",
        "technology": "5G",
        "address": "LES EUCALYPTUS"
      }
    },
    {
      "type": "Feature",
      "geometry": {
        "type": "Point",
        "coordinates": [
          3.19424,
          36.71261
        ]
      },
      "properties": {
        "id": "djezzy-87bc101ea0",
        "name": "Marriott Hotel",
        "wilaya_code": "16",
        "commune_code": null,
        "commune": null,
        "commune_ar": null,
        "lat": 36.71261,
        "lng": 3.19424,
        "geo_precision": "exact",
        "geo_method": "operator_map",
        "source": "djezzy",
        "operator": "djezzy",
        "technology": "5G",
        "address": "BEB EZZOUAR"
      }
    },
    {
      "type": "Feature",
      "geometry": {
        "type": "Point",
        "coordinates": [
          -0.592138888888889,
          35.7227222222222
        ]
      },
      "properties": {
        "id": "djezzy-87c4f7df00",
        "name": "Seddikia_Tribunal",
        "wilaya_code": "31",
        "commune_code": null,
        "commune": null,
        "commune_ar": null,
        "lat": 35.7227222222222,
        "lng": -0.592138888888889,
        "geo_precision": "exact",
        "geo_method": "operator_map",
        "source": "djezzy",
        "operator": "djezzy",
        "technology": "5G",
        "address": "Oran"
      }
    },
    {
      "type": "Feature",
      "geometry": {
        "type": "Point",
        "coordinates": [
          3.00637,
          36.78632
        ]
      },
      "properties": {
        "id": "djezzy-87d48dbd8d",
        "name": "Beau sejour",
        "wilaya_code": "16",
        "commune_code": null,
        "commune": null,
        "commune_ar": null,
        "lat": 36.78632,
        "lng": 3.00637,
        "geo_precision": "exact",
        "geo_method": "operator_map",
        "source": "djezzy",
        "operator": "djezzy",
        "technology": "5G",
        "address": "BOUZAREAH"
      }
    },
    {
      "type": "Feature",
      "geometry": {
        "type": "Point",
        "coordinates": [
          3.1696,
          36.6737
        ]
      },
      "properties": {
        "id": "djezzy-88a221ffe1",
        "name": "cite Amir Cherarba",
        "wilaya_code": "16",
        "commune_code": null,
        "commune": null,
        "commune_ar": null,
        "lat": 36.6737,
        "lng": 3.1696,
        "geo_precision": "exact",
        "geo_method": "operator_map",
        "source": "djezzy",
        "operator": "djezzy",
        "technology": "5G",
        "address": "LES EUCALYPTUS"
      }
    },
    {
      "type": "Feature",
      "geometry": {
        "type": "Point",
        "coordinates": [
          5.41425,
          36.1903
        ]
      },
      "properties": {
        "id": "djezzy-88a9747405",
        "name": "Avenue du 1er November",
        "wilaya_code": "19",
        "commune_code": null,
        "commune": null,
        "commune_ar": null,
        "lat": 36.1903,
        "lng": 5.41425,
        "geo_precision": "exact",
        "geo_method": "operator_map",
        "source": "djezzy",
        "operator": "djezzy",
        "technology": "5G",
        "address": "Setif"
      }
    },
    {
      "type": "Feature",
      "geometry": {
        "type": "Point",
        "coordinates": [
          3.23627,
          36.71576
        ]
      },
      "properties": {
        "id": "djezzy-88d90b3950",
        "name": "Cité des Palmiers Dar El Beida",
        "wilaya_code": "16",
        "commune_code": null,
        "commune": null,
        "commune_ar": null,
        "lat": 36.71576,
        "lng": 3.23627,
        "geo_precision": "exact",
        "geo_method": "operator_map",
        "source": "djezzy",
        "operator": "djezzy",
        "technology": "5G",
        "address": "DAR EL BEIDA"
      }
    },
    {
      "type": "Feature",
      "geometry": {
        "type": "Point",
        "coordinates": [
          4.747706,
          36.085805
        ]
      },
      "properties": {
        "id": "djezzy-88db990765",
        "name": "Cité El Anasser",
        "wilaya_code": "34",
        "commune_code": null,
        "commune": null,
        "commune_ar": null,
        "lat": 36.085805,
        "lng": 4.747706,
        "geo_precision": "exact",
        "geo_method": "operator_map",
        "source": "djezzy",
        "operator": "djezzy",
        "technology": "5G",
        "address": "Bordj Bou Arreridj"
      }
    },
    {
      "type": "Feature",
      "geometry": {
        "type": "Point",
        "coordinates": [
          3.0851,
          36.73173
        ]
      },
      "properties": {
        "id": "djezzy-8907eb994d",
        "name": "Hussein_Dey_6",
        "wilaya_code": "16",
        "commune_code": null,
        "commune": null,
        "commune_ar": null,
        "lat": 36.73173,
        "lng": 3.0851,
        "geo_precision": "exact",
        "geo_method": "operator_map",
        "source": "djezzy",
        "operator": "djezzy",
        "technology": "5G",
        "address": "KOUBA"
      }
    },
    {
      "type": "Feature",
      "geometry": {
        "type": "Point",
        "coordinates": [
          6.64394,
          36.149191
        ]
      },
      "properties": {
        "id": "djezzy-899ff9f15e",
        "name": "COJAAL Camp 4",
        "wilaya_code": "25",
        "commune_code": null,
        "commune": null,
        "commune_ar": null,
        "lat": 36.149191,
        "lng": 6.64394,
        "geo_precision": "exact",
        "geo_method": "operator_map",
        "source": "djezzy",
        "operator": "djezzy",
        "technology": "5G",
        "address": "Constantine"
      }
    },
    {
      "type": "Feature",
      "geometry": {
        "type": "Point",
        "coordinates": [
          3.17417,
          36.72107
        ]
      },
      "properties": {
        "id": "djezzy-8a141e3066",
        "name": "cité El Djorf bab Ezzouar",
        "wilaya_code": "16",
        "commune_code": null,
        "commune": null,
        "commune_ar": null,
        "lat": 36.72107,
        "lng": 3.17417,
        "geo_precision": "exact",
        "geo_method": "operator_map",
        "source": "djezzy",
        "operator": "djezzy",
        "technology": "5G",
        "address": "BEB EZZOUAR"
      }
    },
    {
      "type": "Feature",
      "geometry": {
        "type": "Point",
        "coordinates": [
          3.19379,
          36.73605
        ]
      },
      "properties": {
        "id": "djezzy-8a4f9100cd",
        "name": "Cite Kaidi",
        "wilaya_code": "16",
        "commune_code": null,
        "commune": null,
        "commune_ar": null,
        "lat": 36.73605,
        "lng": 3.19379,
        "geo_precision": "exact",
        "geo_method": "operator_map",
        "source": "djezzy",
        "operator": "djezzy",
        "technology": "5G",
        "address": "BEB EZZOUAR"
      }
    },
    {
      "type": "Feature",
      "geometry": {
        "type": "Point",
        "coordinates": [
          6.69212,
          36.2559
        ]
      },
      "properties": {
        "id": "djezzy-8a70933acc",
        "name": "KHROUB_7",
        "wilaya_code": "25",
        "commune_code": null,
        "commune": null,
        "commune_ar": null,
        "lat": 36.2559,
        "lng": 6.69212,
        "geo_precision": "exact",
        "geo_method": "operator_map",
        "source": "djezzy",
        "operator": "djezzy",
        "technology": "5G",
        "address": "EL KHROUB"
      }
    },
    {
      "type": "Feature",
      "geometry": {
        "type": "Point",
        "coordinates": [
          -0.6451,
          35.6757
        ]
      },
      "properties": {
        "id": "djezzy-8a77d8036a",
        "name": "les palmiers_2",
        "wilaya_code": "31",
        "commune_code": null,
        "commune": null,
        "commune_ar": null,
        "lat": 35.6757,
        "lng": -0.6451,
        "geo_precision": "exact",
        "geo_method": "operator_map",
        "source": "djezzy",
        "operator": "djezzy",
        "technology": "5G",
        "address": "Oran"
      }
    },
    {
      "type": "Feature",
      "geometry": {
        "type": "Point",
        "coordinates": [
          3.23399,
          36.72532
        ]
      },
      "properties": {
        "id": "djezzy-8aafc1608f",
        "name": "Cité les Oranges  El Hamiz",
        "wilaya_code": "16",
        "commune_code": null,
        "commune": null,
        "commune_ar": null,
        "lat": 36.72532,
        "lng": 3.23399,
        "geo_precision": "exact",
        "geo_method": "operator_map",
        "source": "djezzy",
        "operator": "djezzy",
        "technology": "5G",
        "address": "DAR EL BEIDA"
      }
    },
    {
      "type": "Feature",
      "geometry": {
        "type": "Point",
        "coordinates": [
          3.08859,
          36.6996
        ]
      },
      "properties": {
        "id": "djezzy-8ad62bbedf",
        "name": "Semar village",
        "wilaya_code": "16",
        "commune_code": null,
        "commune": null,
        "commune_ar": null,
        "lat": 36.6996,
        "lng": 3.08859,
        "geo_precision": "exact",
        "geo_method": "operator_map",
        "source": "djezzy",
        "operator": "djezzy",
        "technology": "5G",
        "address": "DJISR KSENTINA"
      }
    },
    {
      "type": "Feature",
      "geometry": {
        "type": "Point",
        "coordinates": [
          3.00852,
          36.79948
        ]
      },
      "properties": {
        "id": "djezzy-8b00238b97",
        "name": "Bouzereah 2",
        "wilaya_code": "16",
        "commune_code": null,
        "commune": null,
        "commune_ar": null,
        "lat": 36.79948,
        "lng": 3.00852,
        "geo_precision": "exact",
        "geo_method": "operator_map",
        "source": "djezzy",
        "operator": "djezzy",
        "technology": "5G",
        "address": "BOUZAREAH"
      }
    },
    {
      "type": "Feature",
      "geometry": {
        "type": "Point",
        "coordinates": [
          2.91545,
          36.79131
        ]
      },
      "properties": {
        "id": "djezzy-8b01265d4a",
        "name": "Cite 536 lgts Ain Benian",
        "wilaya_code": "16",
        "commune_code": null,
        "commune": null,
        "commune_ar": null,
        "lat": 36.79131,
        "lng": 2.91545,
        "geo_precision": "exact",
        "geo_method": "operator_map",
        "source": "djezzy",
        "operator": "djezzy",
        "technology": "5G",
        "address": "AIN BENIAN"
      }
    },
    {
      "type": "Feature",
      "geometry": {
        "type": "Point",
        "coordinates": [
          6.57972,
          36.32699
        ]
      },
      "properties": {
        "id": "djezzy-8b246c8ecd",
        "name": "SNTV Boussouf",
        "wilaya_code": "25",
        "commune_code": null,
        "commune": null,
        "commune_ar": null,
        "lat": 36.32699,
        "lng": 6.57972,
        "geo_precision": "exact",
        "geo_method": "operator_map",
        "source": "djezzy",
        "operator": "djezzy",
        "technology": "5G",
        "address": "Constantine"
      }
    },
    {
      "type": "Feature",
      "geometry": {
        "type": "Point",
        "coordinates": [
          2.925,
          36.7956
        ]
      },
      "properties": {
        "id": "djezzy-8b2fed8d21",
        "name": "Résidence Ain Benian tante",
        "wilaya_code": "16",
        "commune_code": null,
        "commune": null,
        "commune_ar": null,
        "lat": 36.7956,
        "lng": 2.925,
        "geo_precision": "exact",
        "geo_method": "operator_map",
        "source": "djezzy",
        "operator": "djezzy",
        "technology": "5G",
        "address": "AIN BENIAN"
      }
    },
    {
      "type": "Feature",
      "geometry": {
        "type": "Point",
        "coordinates": [
          5.50256,
          36.3633
        ]
      },
      "properties": {
        "id": "djezzy-8c55d1bada",
        "name": "Ain El Kebira",
        "wilaya_code": "19",
        "commune_code": null,
        "commune": null,
        "commune_ar": null,
        "lat": 36.3633,
        "lng": 5.50256,
        "geo_precision": "exact",
        "geo_method": "operator_map",
        "source": "djezzy",
        "operator": "djezzy",
        "technology": "5G",
        "address": "AIN EL KEBIRA"
      }
    },
    {
      "type": "Feature",
      "geometry": {
        "type": "Point",
        "coordinates": [
          -0.548576,
          35.749331
        ]
      },
      "properties": {
        "id": "djezzy-8c58a10927",
        "name": "Cite panorama",
        "wilaya_code": "31",
        "commune_code": null,
        "commune": null,
        "commune_ar": null,
        "lat": 35.749331,
        "lng": -0.548576,
        "geo_precision": "exact",
        "geo_method": "operator_map",
        "source": "djezzy",
        "operator": "djezzy",
        "technology": "5G",
        "address": "BIR EL DJIR"
      }
    },
    {
      "type": "Feature",
      "geometry": {
        "type": "Point",
        "coordinates": [
          3.15902,
          36.65673
        ]
      },
      "properties": {
        "id": "djezzy-8c6371ff3c",
        "name": "Hay Hidouci",
        "wilaya_code": "16",
        "commune_code": null,
        "commune": null,
        "commune_ar": null,
        "lat": 36.65673,
        "lng": 3.15902,
        "geo_precision": "exact",
        "geo_method": "operator_map",
        "source": "djezzy",
        "operator": "djezzy",
        "technology": "5G",
        "address": "LES EUCALYPTUS"
      }
    },
    {
      "type": "Feature",
      "geometry": {
        "type": "Point",
        "coordinates": [
          5.04656,
          36.7276
        ]
      },
      "properties": {
        "id": "djezzy-8ca2f61286",
        "name": "KRIM BELKACEM",
        "wilaya_code": "06",
        "commune_code": null,
        "commune": null,
        "commune_ar": null,
        "lat": 36.7276,
        "lng": 5.04656,
        "geo_precision": "exact",
        "geo_method": "operator_map",
        "source": "djezzy",
        "operator": "djezzy",
        "technology": "5G",
        "address": "Bejaia"
      }
    },
    {
      "type": "Feature",
      "geometry": {
        "type": "Point",
        "coordinates": [
          -1.3245,
          34.8741944444444
        ]
      },
      "properties": {
        "id": "djezzy-8cf2042531",
        "name": "Beau Sejour",
        "wilaya_code": "13",
        "commune_code": null,
        "commune": null,
        "commune_ar": null,
        "lat": 34.8741944444444,
        "lng": -1.3245,
        "geo_precision": "exact",
        "geo_method": "operator_map",
        "source": "djezzy",
        "operator": "djezzy",
        "technology": "5G",
        "address": "Tlemcen"
      }
    },
    {
      "type": "Feature",
      "geometry": {
        "type": "Point",
        "coordinates": [
          3.01235,
          36.65803
        ]
      },
      "properties": {
        "id": "djezzy-8cf454357f",
        "name": "Domaine Laroussi",
        "wilaya_code": "16",
        "commune_code": null,
        "commune": null,
        "commune_ar": null,
        "lat": 36.65803,
        "lng": 3.01235,
        "geo_precision": "exact",
        "geo_method": "operator_map",
        "source": "djezzy",
        "operator": "djezzy",
        "technology": "5G",
        "address": "KHRAISSIA"
      }
    },
    {
      "type": "Feature",
      "geometry": {
        "type": "Point",
        "coordinates": [
          3.20898,
          36.60087
        ]
      },
      "properties": {
        "id": "djezzy-8d174b08cf",
        "name": "Safsaf",
        "wilaya_code": "09",
        "commune_code": null,
        "commune": null,
        "commune_ar": null,
        "lat": 36.60087,
        "lng": 3.20898,
        "geo_precision": "exact",
        "geo_method": "operator_map",
        "source": "djezzy",
        "operator": "djezzy",
        "technology": "5G",
        "address": "MEFTAH"
      }
    },
    {
      "type": "Feature",
      "geometry": {
        "type": "Point",
        "coordinates": [
          2.988,
          36.5351
        ]
      },
      "properties": {
        "id": "djezzy-8ec38ff350",
        "name": "Cite 5000 Lgts AADL",
        "wilaya_code": "09",
        "commune_code": null,
        "commune": null,
        "commune_ar": null,
        "lat": 36.5351,
        "lng": 2.988,
        "geo_precision": "exact",
        "geo_method": "operator_map",
        "source": "djezzy",
        "operator": "djezzy",
        "technology": "5G",
        "address": "BOUINAN"
      }
    },
    {
      "type": "Feature",
      "geometry": {
        "type": "Point",
        "coordinates": [
          3.1075,
          36.6659
        ]
      },
      "properties": {
        "id": "djezzy-8ed8496669",
        "name": "Touileb 2",
        "wilaya_code": "16",
        "commune_code": null,
        "commune": null,
        "commune_ar": null,
        "lat": 36.6659,
        "lng": 3.1075,
        "geo_precision": "exact",
        "geo_method": "operator_map",
        "source": "djezzy",
        "operator": "djezzy",
        "technology": "5G",
        "address": "BARAKI"
      }
    },
    {
      "type": "Feature",
      "geometry": {
        "type": "Point",
        "coordinates": [
          6.68834,
          36.26
        ]
      },
      "properties": {
        "id": "djezzy-8ef9a89fef",
        "name": "Khroub_9",
        "wilaya_code": "25",
        "commune_code": null,
        "commune": null,
        "commune_ar": null,
        "lat": 36.26,
        "lng": 6.68834,
        "geo_precision": "approximate",
        "geo_method": "operator_map",
        "source": "djezzy",
        "operator": "djezzy",
        "technology": "5G",
        "address": "EL KHROUB"
      }
    },
    {
      "type": "Feature",
      "geometry": {
        "type": "Point",
        "coordinates": [
          2.93163,
          36.71144
        ]
      },
      "properties": {
        "id": "djezzy-8f58e16ab8",
        "name": "AADL PLATEAU SUD OULED FAYET",
        "wilaya_code": "16",
        "commune_code": null,
        "commune": null,
        "commune_ar": null,
        "lat": 36.71144,
        "lng": 2.93163,
        "geo_precision": "exact",
        "geo_method": "operator_map",
        "source": "djezzy",
        "operator": "djezzy",
        "technology": "5G",
        "address": "OULED FAYET"
      }
    },
    {
      "type": "Feature",
      "geometry": {
        "type": "Point",
        "coordinates": [
          6.57875,
          36.23189
        ]
      },
      "properties": {
        "id": "djezzy-8f5ca76545",
        "name": "Nouvelle ville UV20",
        "wilaya_code": "25",
        "commune_code": null,
        "commune": null,
        "commune_ar": null,
        "lat": 36.23189,
        "lng": 6.57875,
        "geo_precision": "exact",
        "geo_method": "operator_map",
        "source": "djezzy",
        "operator": "djezzy",
        "technology": "5G",
        "address": "EL KHROUB"
      }
    },
    {
      "type": "Feature",
      "geometry": {
        "type": "Point",
        "coordinates": [
          2.9245,
          36.80369
        ]
      },
      "properties": {
        "id": "djezzy-8fc516198d",
        "name": "AIN BENIAN 2",
        "wilaya_code": "16",
        "commune_code": null,
        "commune": null,
        "commune_ar": null,
        "lat": 36.80369,
        "lng": 2.9245,
        "geo_precision": "exact",
        "geo_method": "operator_map",
        "source": "djezzy",
        "operator": "djezzy",
        "technology": "5G",
        "address": "AIN BENIAN"
      }
    },
    {
      "type": "Feature",
      "geometry": {
        "type": "Point",
        "coordinates": [
          6.947517,
          36.840719
        ]
      },
      "properties": {
        "id": "djezzy-900ac98f71",
        "name": "ZI Hammadi Krouma",
        "wilaya_code": "21",
        "commune_code": null,
        "commune": null,
        "commune_ar": null,
        "lat": 36.840719,
        "lng": 6.947517,
        "geo_precision": "exact",
        "geo_method": "operator_map",
        "source": "djezzy",
        "operator": "djezzy",
        "technology": "5G",
        "address": "HAMADI KROUMA"
      }
    },
    {
      "type": "Feature",
      "geometry": {
        "type": "Point",
        "coordinates": [
          3.154461,
          36.65616
        ]
      },
      "properties": {
        "id": "djezzy-900b493ba1",
        "name": "Chahid Mnaouar Les eucalyptus",
        "wilaya_code": "16",
        "commune_code": null,
        "commune": null,
        "commune_ar": null,
        "lat": 36.65616,
        "lng": 3.154461,
        "geo_precision": "exact",
        "geo_method": "operator_map",
        "source": "djezzy",
        "operator": "djezzy",
        "technology": "5G",
        "address": "LES EUCALYPTUS"
      }
    },
    {
      "type": "Feature",
      "geometry": {
        "type": "Point",
        "coordinates": [
          6.05642,
          31.7121
        ]
      },
      "properties": {
        "id": "djezzy-901d9addf3",
        "name": "HASSI MESSAOUD INDUSTRIAL SOUTH",
        "wilaya_code": "30",
        "commune_code": null,
        "commune": null,
        "commune_ar": null,
        "lat": 31.7121,
        "lng": 6.05642,
        "geo_precision": "exact",
        "geo_method": "operator_map",
        "source": "djezzy",
        "operator": "djezzy",
        "technology": "5G",
        "address": "HASSI MESSAOUD"
      }
    },
    {
      "type": "Feature",
      "geometry": {
        "type": "Point",
        "coordinates": [
          3.173776,
          36.736789
        ]
      },
      "properties": {
        "id": "djezzy-90b70cd690",
        "name": "Pin Maritime",
        "wilaya_code": "16",
        "commune_code": null,
        "commune": null,
        "commune_ar": null,
        "lat": 36.736789,
        "lng": 3.173776,
        "geo_precision": "exact",
        "geo_method": "operator_map",
        "source": "djezzy",
        "operator": "djezzy",
        "technology": "5G",
        "address": "MOHAMMADIA"
      }
    },
    {
      "type": "Feature",
      "geometry": {
        "type": "Point",
        "coordinates": [
          0.06858,
          35.9094
        ]
      },
      "properties": {
        "id": "djezzy-90dee607d0",
        "name": "Mosta Entrance",
        "wilaya_code": "27",
        "commune_code": null,
        "commune": null,
        "commune_ar": null,
        "lat": 35.9094,
        "lng": 0.06858,
        "geo_precision": "exact",
        "geo_method": "operator_map",
        "source": "djezzy",
        "operator": "djezzy",
        "technology": "5G",
        "address": "MEZAGHRANE"
      }
    },
    {
      "type": "Feature",
      "geometry": {
        "type": "Point",
        "coordinates": [
          -1.33212,
          34.89046
        ]
      },
      "properties": {
        "id": "djezzy-90f62baed8",
        "name": "Kiffane Centre",
        "wilaya_code": "13",
        "commune_code": null,
        "commune": null,
        "commune_ar": null,
        "lat": 34.89046,
        "lng": -1.33212,
        "geo_precision": "exact",
        "geo_method": "operator_map",
        "source": "djezzy",
        "operator": "djezzy",
        "technology": "5G",
        "address": "Tlemcen"
      }
    },
    {
      "type": "Feature",
      "geometry": {
        "type": "Point",
        "coordinates": [
          -0.52542,
          35.66185
        ]
      },
      "properties": {
        "id": "djezzy-9102238f8e",
        "name": "Cité 344 logts",
        "wilaya_code": "31",
        "commune_code": null,
        "commune": null,
        "commune_ar": null,
        "lat": 35.66185,
        "lng": -0.52542,
        "geo_precision": "exact",
        "geo_method": "operator_map",
        "source": "djezzy",
        "operator": "djezzy",
        "technology": "5G",
        "address": "SIDI CHAMI"
      }
    },
    {
      "type": "Feature",
      "geometry": {
        "type": "Point",
        "coordinates": [
          2.99622,
          36.70003
        ]
      },
      "properties": {
        "id": "djezzy-9114dbde59",
        "name": "Draria Babahasan",
        "wilaya_code": "16",
        "commune_code": null,
        "commune": null,
        "commune_ar": null,
        "lat": 36.70003,
        "lng": 2.99622,
        "geo_precision": "exact",
        "geo_method": "operator_map",
        "source": "djezzy",
        "operator": "djezzy",
        "technology": "5G",
        "address": "DRARIA"
      }
    },
    {
      "type": "Feature",
      "geometry": {
        "type": "Point",
        "coordinates": [
          2.80613,
          36.5173
        ]
      },
      "properties": {
        "id": "djezzy-91cc6aa2fa",
        "name": "Zaouiya3",
        "wilaya_code": "09",
        "commune_code": null,
        "commune": null,
        "commune_ar": null,
        "lat": 36.5173,
        "lng": 2.80613,
        "geo_precision": "exact",
        "geo_method": "operator_map",
        "source": "djezzy",
        "operator": "djezzy",
        "technology": "5G",
        "address": "BENI TAMOU"
      }
    },
    {
      "type": "Feature",
      "geometry": {
        "type": "Point",
        "coordinates": [
          3.21306,
          36.71963
        ]
      },
      "properties": {
        "id": "djezzy-91e694c13c",
        "name": "Cité Fatma Nsoumer",
        "wilaya_code": "16",
        "commune_code": null,
        "commune": null,
        "commune_ar": null,
        "lat": 36.71963,
        "lng": 3.21306,
        "geo_precision": "exact",
        "geo_method": "operator_map",
        "source": "djezzy",
        "operator": "djezzy",
        "technology": "5G",
        "address": "DAR EL BEIDA"
      }
    },
    {
      "type": "Feature",
      "geometry": {
        "type": "Point",
        "coordinates": [
          6.59853,
          36.335904
        ]
      },
      "properties": {
        "id": "djezzy-929c0ad551",
        "name": "ZI PALMA site 4",
        "wilaya_code": "25",
        "commune_code": null,
        "commune": null,
        "commune_ar": null,
        "lat": 36.335904,
        "lng": 6.59853,
        "geo_precision": "exact",
        "geo_method": "operator_map",
        "source": "djezzy",
        "operator": "djezzy",
        "technology": "5G",
        "address": "Constantine"
      }
    },
    {
      "type": "Feature",
      "geometry": {
        "type": "Point",
        "coordinates": [
          2.98178,
          36.75306
        ]
      },
      "properties": {
        "id": "djezzy-92b0b6429c",
        "name": "Delly Brahim Ceramica",
        "wilaya_code": "16",
        "commune_code": null,
        "commune": null,
        "commune_ar": null,
        "lat": 36.75306,
        "lng": 2.98178,
        "geo_precision": "exact",
        "geo_method": "operator_map",
        "source": "djezzy",
        "operator": "djezzy",
        "technology": "5G",
        "address": "DELY BRAHIM"
      }
    },
    {
      "type": "Feature",
      "geometry": {
        "type": "Point",
        "coordinates": [
          3.0493,
          36.79204
        ]
      },
      "properties": {
        "id": "djezzy-92cb39b50a",
        "name": "Hopital Maillot",
        "wilaya_code": "16",
        "commune_code": null,
        "commune": null,
        "commune_ar": null,
        "lat": 36.79204,
        "lng": 3.0493,
        "geo_precision": "exact",
        "geo_method": "operator_map",
        "source": "djezzy",
        "operator": "djezzy",
        "technology": "5G",
        "address": "BAB EL OUED"
      }
    },
    {
      "type": "Feature",
      "geometry": {
        "type": "Point",
        "coordinates": [
          6.87914,
          36.21124
        ]
      },
      "properties": {
        "id": "djezzy-92e58f3ae0",
        "name": "Stora",
        "wilaya_code": "21",
        "commune_code": null,
        "commune": null,
        "commune_ar": null,
        "lat": 36.21124,
        "lng": 6.87914,
        "geo_precision": "exact",
        "geo_method": "operator_map",
        "source": "djezzy",
        "operator": "djezzy",
        "technology": "5G",
        "address": "Skikda"
      }
    },
    {
      "type": "Feature",
      "geometry": {
        "type": "Point",
        "coordinates": [
          5.3176,
          31.93676
        ]
      },
      "properties": {
        "id": "djezzy-92fdceb364",
        "name": "Ourgla Z.E.",
        "wilaya_code": "30",
        "commune_code": null,
        "commune": null,
        "commune_ar": null,
        "lat": 31.93676,
        "lng": 5.3176,
        "geo_precision": "exact",
        "geo_method": "operator_map",
        "source": "djezzy",
        "operator": "djezzy",
        "technology": "5G",
        "address": "ROUISSAT"
      }
    },
    {
      "type": "Feature",
      "geometry": {
        "type": "Point",
        "coordinates": [
          -0.626376,
          35.699353
        ]
      },
      "properties": {
        "id": "djezzy-93014e6567",
        "name": "Bel Air",
        "wilaya_code": "31",
        "commune_code": null,
        "commune": null,
        "commune_ar": null,
        "lat": 35.699353,
        "lng": -0.626376,
        "geo_precision": "exact",
        "geo_method": "operator_map",
        "source": "djezzy",
        "operator": "djezzy",
        "technology": "5G",
        "address": "Oran"
      }
    },
    {
      "type": "Feature",
      "geometry": {
        "type": "Point",
        "coordinates": [
          -0.57119,
          35.73613
        ]
      },
      "properties": {
        "id": "djezzy-93090321ce",
        "name": "Cooperative Larouia",
        "wilaya_code": "31",
        "commune_code": null,
        "commune": null,
        "commune_ar": null,
        "lat": 35.73613,
        "lng": -0.57119,
        "geo_precision": "exact",
        "geo_method": "operator_map",
        "source": "djezzy",
        "operator": "djezzy",
        "technology": "5G",
        "address": "BIR EL DJIR"
      }
    },
    {
      "type": "Feature",
      "geometry": {
        "type": "Point",
        "coordinates": [
          -0.599019,
          35.712617
        ]
      },
      "properties": {
        "id": "djezzy-93d8245ab7",
        "name": "Canastel Sign Board",
        "wilaya_code": "31",
        "commune_code": null,
        "commune": null,
        "commune_ar": null,
        "lat": 35.712617,
        "lng": -0.599019,
        "geo_precision": "exact",
        "geo_method": "operator_map",
        "source": "djezzy",
        "operator": "djezzy",
        "technology": "5G",
        "address": "Oran"
      }
    },
    {
      "type": "Feature",
      "geometry": {
        "type": "Point",
        "coordinates": [
          5.37145,
          36.2082
        ]
      },
      "properties": {
        "id": "djezzy-93da1dc597",
        "name": "Chouf Lekdad_A+",
        "wilaya_code": "19",
        "commune_code": null,
        "commune": null,
        "commune_ar": null,
        "lat": 36.2082,
        "lng": 5.37145,
        "geo_precision": "exact",
        "geo_method": "operator_map",
        "source": "djezzy",
        "operator": "djezzy",
        "technology": "5G",
        "address": "Setif"
      }
    },
    {
      "type": "Feature",
      "geometry": {
        "type": "Point",
        "coordinates": [
          0.23872222222222,
          29.258472222222
        ]
      },
      "properties": {
        "id": "djezzy-94257cc6fa",
        "name": "BENANI Med",
        "wilaya_code": "49",
        "commune_code": null,
        "commune": null,
        "commune_ar": null,
        "lat": 29.258472222222,
        "lng": 0.23872222222222,
        "geo_precision": "exact",
        "geo_method": "operator_map",
        "source": "djezzy",
        "operator": "djezzy",
        "technology": "5G",
        "address": "Timimoun"
      }
    },
    {
      "type": "Feature",
      "geometry": {
        "type": "Point",
        "coordinates": [
          6.896,
          36.8829
        ]
      },
      "properties": {
        "id": "djezzy-94ad21563d",
        "name": "Cite BOULEKROUD",
        "wilaya_code": "21",
        "commune_code": null,
        "commune": null,
        "commune_ar": null,
        "lat": 36.8829,
        "lng": 6.896,
        "geo_precision": "exact",
        "geo_method": "operator_map",
        "source": "djezzy",
        "operator": "djezzy",
        "technology": "5G",
        "address": "Skikda"
      }
    },
    {
      "type": "Feature",
      "geometry": {
        "type": "Point",
        "coordinates": [
          6.90468,
          36.85882
        ]
      },
      "properties": {
        "id": "djezzy-94b38df1ed",
        "name": "Cite Houari Boumediene",
        "wilaya_code": "21",
        "commune_code": null,
        "commune": null,
        "commune_ar": null,
        "lat": 36.85882,
        "lng": 6.90468,
        "geo_precision": "exact",
        "geo_method": "operator_map",
        "source": "djezzy",
        "operator": "djezzy",
        "technology": "5G",
        "address": "Skikda"
      }
    },
    {
      "type": "Feature",
      "geometry": {
        "type": "Point",
        "coordinates": [
          5.41823,
          36.1642
        ]
      },
      "properties": {
        "id": "djezzy-9577f32a04",
        "name": "Zone Industrielle Setif",
        "wilaya_code": "19",
        "commune_code": null,
        "commune": null,
        "commune_ar": null,
        "lat": 36.1642,
        "lng": 5.41823,
        "geo_precision": "exact",
        "geo_method": "operator_map",
        "source": "djezzy",
        "operator": "djezzy",
        "technology": "5G",
        "address": "Setif"
      }
    },
    {
      "type": "Feature",
      "geometry": {
        "type": "Point",
        "coordinates": [
          -1.88089,
          34.86844
        ]
      },
      "properties": {
        "id": "djezzy-95d688459f",
        "name": "CHBIKIA",
        "wilaya_code": "13",
        "commune_code": null,
        "commune": null,
        "commune_ar": null,
        "lat": 34.86844,
        "lng": -1.88089,
        "geo_precision": "exact",
        "geo_method": "operator_map",
        "source": "djezzy",
        "operator": "djezzy",
        "technology": "5G",
        "address": "MAGHNIA"
      }
    },
    {
      "type": "Feature",
      "geometry": {
        "type": "Point",
        "coordinates": [
          3.35417,
          36.75658
        ]
      },
      "properties": {
        "id": "djezzy-961d9b4a37",
        "name": "Reghaia North",
        "wilaya_code": "16",
        "commune_code": null,
        "commune": null,
        "commune_ar": null,
        "lat": 36.75658,
        "lng": 3.35417,
        "geo_precision": "exact",
        "geo_method": "operator_map",
        "source": "djezzy",
        "operator": "djezzy",
        "technology": "5G",
        "address": "REGHAIA"
      }
    },
    {
      "type": "Feature",
      "geometry": {
        "type": "Point",
        "coordinates": [
          5.40817,
          35.366527
        ]
      },
      "properties": {
        "id": "djezzy-96a6ff5021",
        "name": "Cite Kaaboub 2",
        "wilaya_code": "19",
        "commune_code": null,
        "commune": null,
        "commune_ar": null,
        "lat": 35.366527,
        "lng": 5.40817,
        "geo_precision": "exact",
        "geo_method": "operator_map",
        "source": "djezzy",
        "operator": "djezzy",
        "technology": "5G",
        "address": "Setif"
      }
    },
    {
      "type": "Feature",
      "geometry": {
        "type": "Point",
        "coordinates": [
          6.587915,
          36.238275
        ]
      },
      "properties": {
        "id": "djezzy-978cf32ab9",
        "name": "Groupement gendarmerie nationale",
        "wilaya_code": "25",
        "commune_code": null,
        "commune": null,
        "commune_ar": null,
        "lat": 36.238275,
        "lng": 6.587915,
        "geo_precision": "exact",
        "geo_method": "operator_map",
        "source": "djezzy",
        "operator": "djezzy",
        "technology": "5G",
        "address": "EL KHROUB"
      }
    },
    {
      "type": "Feature",
      "geometry": {
        "type": "Point",
        "coordinates": [
          -0.529541,
          35.724856
        ]
      },
      "properties": {
        "id": "djezzy-9893840030",
        "name": "Sid el Bachir 11",
        "wilaya_code": "31",
        "commune_code": null,
        "commune": null,
        "commune_ar": null,
        "lat": 35.724856,
        "lng": -0.529541,
        "geo_precision": "exact",
        "geo_method": "operator_map",
        "source": "djezzy",
        "operator": "djezzy",
        "technology": "5G",
        "address": "BIR EL DJIR"
      }
    },
    {
      "type": "Feature",
      "geometry": {
        "type": "Point",
        "coordinates": [
          3.34725,
          36.75727
        ]
      },
      "properties": {
        "id": "djezzy-98dfba102c",
        "name": "Station épuration Reghaia",
        "wilaya_code": "16",
        "commune_code": null,
        "commune": null,
        "commune_ar": null,
        "lat": 36.75727,
        "lng": 3.34725,
        "geo_precision": "exact",
        "geo_method": "operator_map",
        "source": "djezzy",
        "operator": "djezzy",
        "technology": "5G",
        "address": "REGHAIA"
      }
    },
    {
      "type": "Feature",
      "geometry": {
        "type": "Point",
        "coordinates": [
          2.8996,
          36.6803
        ]
      },
      "properties": {
        "id": "djezzy-9904286999",
        "name": "Cyber Parc",
        "wilaya_code": "16",
        "commune_code": null,
        "commune": null,
        "commune_ar": null,
        "lat": 36.6803,
        "lng": 2.8996,
        "geo_precision": "exact",
        "geo_method": "operator_map",
        "source": "djezzy",
        "operator": "djezzy",
        "technology": "5G",
        "address": "RAHMANIA"
      }
    },
    {
      "type": "Feature",
      "geometry": {
        "type": "Point",
        "coordinates": [
          2.82511,
          36.47793
        ]
      },
      "properties": {
        "id": "djezzy-9904959ee8",
        "name": "Cherif Chalabi 2",
        "wilaya_code": "09",
        "commune_code": null,
        "commune": null,
        "commune_ar": null,
        "lat": 36.47793,
        "lng": 2.82511,
        "geo_precision": "exact",
        "geo_method": "operator_map",
        "source": "djezzy",
        "operator": "djezzy",
        "technology": "5G",
        "address": "Blida"
      }
    },
    {
      "type": "Feature",
      "geometry": {
        "type": "Point",
        "coordinates": [
          2.8339,
          36.70287
        ]
      },
      "properties": {
        "id": "djezzy-99e539b9d1",
        "name": "Auto Route_1",
        "wilaya_code": "16",
        "commune_code": null,
        "commune": null,
        "commune_ar": null,
        "lat": 36.70287,
        "lng": 2.8339,
        "geo_precision": "exact",
        "geo_method": "operator_map",
        "source": "djezzy",
        "operator": "djezzy",
        "technology": "5G",
        "address": "ZERALDA"
      }
    },
    {
      "type": "Feature",
      "geometry": {
        "type": "Point",
        "coordinates": [
          3.3614,
          36.7482
        ]
      },
      "properties": {
        "id": "djezzy-9a0cea3d51",
        "name": "Djaafri 2",
        "wilaya_code": "16",
        "commune_code": null,
        "commune": null,
        "commune_ar": null,
        "lat": 36.7482,
        "lng": 3.3614,
        "geo_precision": "exact",
        "geo_method": "operator_map",
        "source": "djezzy",
        "operator": "djezzy",
        "technology": "5G",
        "address": "REGHAIA"
      }
    },
    {
      "type": "Feature",
      "geometry": {
        "type": "Point",
        "coordinates": [
          6.583492,
          36.342923
        ]
      },
      "properties": {
        "id": "djezzy-9a2969adc4",
        "name": "Zaouche site 2",
        "wilaya_code": "25",
        "commune_code": null,
        "commune": null,
        "commune_ar": null,
        "lat": 36.342923,
        "lng": 6.583492,
        "geo_precision": "exact",
        "geo_method": "operator_map",
        "source": "djezzy",
        "operator": "djezzy",
        "technology": "5G",
        "address": "Constantine"
      }
    },
    {
      "type": "Feature",
      "geometry": {
        "type": "Point",
        "coordinates": [
          2.86661,
          36.64741
        ]
      },
      "properties": {
        "id": "djezzy-9a40ddab48",
        "name": "Sidi Bennour 2",
        "wilaya_code": "16",
        "commune_code": null,
        "commune": null,
        "commune_ar": null,
        "lat": 36.64741,
        "lng": 2.86661,
        "geo_precision": "exact",
        "geo_method": "operator_map",
        "source": "djezzy",
        "operator": "djezzy",
        "technology": "5G",
        "address": "MAHELMA"
      }
    },
    {
      "type": "Feature",
      "geometry": {
        "type": "Point",
        "coordinates": [
          3.38115,
          36.72926
        ]
      },
      "properties": {
        "id": "djezzy-9af394aaf4",
        "name": "DJELLOULA",
        "wilaya_code": "16",
        "commune_code": null,
        "commune": null,
        "commune_ar": null,
        "lat": 36.72926,
        "lng": 3.38115,
        "geo_precision": "exact",
        "geo_method": "operator_map",
        "source": "djezzy",
        "operator": "djezzy",
        "technology": "5G",
        "address": "REGHAIA"
      }
    },
    {
      "type": "Feature",
      "geometry": {
        "type": "Point",
        "coordinates": [
          3.161,
          36.712
        ]
      },
      "properties": {
        "id": "djezzy-9b9785bc98",
        "name": "CITE BEAULLIEU 2",
        "wilaya_code": "16",
        "commune_code": null,
        "commune": null,
        "commune_ar": null,
        "lat": 36.712,
        "lng": 3.161,
        "geo_precision": "exact",
        "geo_method": "operator_map",
        "source": "djezzy",
        "operator": "djezzy",
        "technology": "5G",
        "address": "OUED SMAR"
      }
    },
    {
      "type": "Feature",
      "geometry": {
        "type": "Point",
        "coordinates": [
          3.2053,
          36.7542
        ]
      },
      "properties": {
        "id": "djezzy-9c006345b5",
        "name": "VERTE RIVE_3",
        "wilaya_code": "16",
        "commune_code": null,
        "commune": null,
        "commune_ar": null,
        "lat": 36.7542,
        "lng": 3.2053,
        "geo_precision": "exact",
        "geo_method": "operator_map",
        "source": "djezzy",
        "operator": "djezzy",
        "technology": "5G",
        "address": "BORDJ EL KIFFAN"
      }
    },
    {
      "type": "Feature",
      "geometry": {
        "type": "Point",
        "coordinates": [
          3.03146,
          36.67853
        ]
      },
      "properties": {
        "id": "djezzy-9c19dfa66d",
        "name": "Ouled  El Hadj 2",
        "wilaya_code": "16",
        "commune_code": null,
        "commune": null,
        "commune_ar": null,
        "lat": 36.67853,
        "lng": 3.03146,
        "geo_precision": "exact",
        "geo_method": "operator_map",
        "source": "djezzy",
        "operator": "djezzy",
        "technology": "5G",
        "address": "SAOULA"
      }
    },
    {
      "type": "Feature",
      "geometry": {
        "type": "Point",
        "coordinates": [
          3.11991,
          36.7225
        ]
      },
      "properties": {
        "id": "djezzy-9c1b463d01",
        "name": "B. Poste Bach Djarrah",
        "wilaya_code": "16",
        "commune_code": null,
        "commune": null,
        "commune_ar": null,
        "lat": 36.7225,
        "lng": 3.11991,
        "geo_precision": "exact",
        "geo_method": "operator_map",
        "source": "djezzy",
        "operator": "djezzy",
        "technology": "5G",
        "address": "BACH DJERRAH"
      }
    },
    {
      "type": "Feature",
      "geometry": {
        "type": "Point",
        "coordinates": [
          3.08578,
          36.67391
        ]
      },
      "properties": {
        "id": "djezzy-9c2612d9bb",
        "name": "Baraki_Baba ali",
        "wilaya_code": "16",
        "commune_code": null,
        "commune": null,
        "commune_ar": null,
        "lat": 36.67391,
        "lng": 3.08578,
        "geo_precision": "exact",
        "geo_method": "operator_map",
        "source": "djezzy",
        "operator": "djezzy",
        "technology": "5G",
        "address": "BARAKI"
      }
    },
    {
      "type": "Feature",
      "geometry": {
        "type": "Point",
        "coordinates": [
          3.16458,
          36.7343
        ]
      },
      "properties": {
        "id": "djezzy-9c832efe8e",
        "name": "Pin maritime",
        "wilaya_code": "16",
        "commune_code": null,
        "commune": null,
        "commune_ar": null,
        "lat": 36.7343,
        "lng": 3.16458,
        "geo_precision": "exact",
        "geo_method": "operator_map",
        "source": "djezzy",
        "operator": "djezzy",
        "technology": "5G",
        "address": "MOHAMMADIA"
      }
    },
    {
      "type": "Feature",
      "geometry": {
        "type": "Point",
        "coordinates": [
          3.10071,
          36.68609
        ]
      },
      "properties": {
        "id": "djezzy-9cbaf6fecc",
        "name": "Benghazi 2",
        "wilaya_code": "16",
        "commune_code": null,
        "commune": null,
        "commune_ar": null,
        "lat": 36.68609,
        "lng": 3.10071,
        "geo_precision": "exact",
        "geo_method": "operator_map",
        "source": "djezzy",
        "operator": "djezzy",
        "technology": "5G",
        "address": "BARAKI"
      }
    },
    {
      "type": "Feature",
      "geometry": {
        "type": "Point",
        "coordinates": [
          -1.353671,
          34.89289
        ]
      },
      "properties": {
        "id": "djezzy-9cc73202e5",
        "name": "Bâtiments université ",
        "wilaya_code": "13",
        "commune_code": null,
        "commune": null,
        "commune_ar": null,
        "lat": 34.89289,
        "lng": -1.353671,
        "geo_precision": "exact",
        "geo_method": "operator_map",
        "source": "djezzy",
        "operator": "djezzy",
        "technology": "5G",
        "address": "MANSOURAH"
      }
    },
    {
      "type": "Feature",
      "geometry": {
        "type": "Point",
        "coordinates": [
          5.2339,
          36.1704
        ]
      },
      "properties": {
        "id": "djezzy-9d19561f60",
        "name": "Mahdia_A+",
        "wilaya_code": "19",
        "commune_code": null,
        "commune": null,
        "commune_ar": null,
        "lat": 36.1704,
        "lng": 5.2339,
        "geo_precision": "exact",
        "geo_method": "operator_map",
        "source": "djezzy",
        "operator": "djezzy",
        "technology": "5G",
        "address": "AIN ARNAT"
      }
    },
    {
      "type": "Feature",
      "geometry": {
        "type": "Point",
        "coordinates": [
          3.07208,
          36.72486
        ]
      },
      "properties": {
        "id": "djezzy-9d349fc923",
        "name": "lotissement Zouatna Kouba",
        "wilaya_code": "16",
        "commune_code": null,
        "commune": null,
        "commune_ar": null,
        "lat": 36.72486,
        "lng": 3.07208,
        "geo_precision": "exact",
        "geo_method": "operator_map",
        "source": "djezzy",
        "operator": "djezzy",
        "technology": "5G",
        "address": "KOUBA"
      }
    },
    {
      "type": "Feature",
      "geometry": {
        "type": "Point",
        "coordinates": [
          5.69603,
          36.1358
        ]
      },
      "properties": {
        "id": "djezzy-9d5971e7ae",
        "name": "Z.I El Eulma",
        "wilaya_code": "19",
        "commune_code": null,
        "commune": null,
        "commune_ar": null,
        "lat": 36.1358,
        "lng": 5.69603,
        "geo_precision": "exact",
        "geo_method": "operator_map",
        "source": "djezzy",
        "operator": "djezzy",
        "technology": "5G",
        "address": "EL EULMA"
      }
    },
    {
      "type": "Feature",
      "geometry": {
        "type": "Point",
        "coordinates": [
          4.017822,
          36.721773
        ]
      },
      "properties": {
        "id": "djezzy-9d88d13c44",
        "name": "Zone de DepÃ´t",
        "wilaya_code": "15",
        "commune_code": null,
        "commune": null,
        "commune_ar": null,
        "lat": 36.721773,
        "lng": 4.017822,
        "geo_precision": "exact",
        "geo_method": "operator_map",
        "source": "djezzy",
        "operator": "djezzy",
        "technology": "5G",
        "address": "Tizi Ouzou"
      }
    },
    {
      "type": "Feature",
      "geometry": {
        "type": "Point",
        "coordinates": [
          6.91664,
          36.8598
        ]
      },
      "properties": {
        "id": "djezzy-9ddce08958",
        "name": "cite saleh boukeroua",
        "wilaya_code": "21",
        "commune_code": null,
        "commune": null,
        "commune_ar": null,
        "lat": 36.8598,
        "lng": 6.91664,
        "geo_precision": "exact",
        "geo_method": "operator_map",
        "source": "djezzy",
        "operator": "djezzy",
        "technology": "5G",
        "address": "Skikda"
      }
    },
    {
      "type": "Feature",
      "geometry": {
        "type": "Point",
        "coordinates": [
          6.59267,
          35.102019
        ]
      },
      "properties": {
        "id": "djezzy-9de1425077",
        "name": "Freres Arafa",
        "wilaya_code": "25",
        "commune_code": null,
        "commune": null,
        "commune_ar": null,
        "lat": 35.102019,
        "lng": 6.59267,
        "geo_precision": "exact",
        "geo_method": "operator_map",
        "source": "djezzy",
        "operator": "djezzy",
        "technology": "5G",
        "address": "Constantine"
      }
    },
    {
      "type": "Feature",
      "geometry": {
        "type": "Point",
        "coordinates": [
          6.91771,
          36.8577
        ]
      },
      "properties": {
        "id": "djezzy-9e08655852",
        "name": "Cite Zramna 3",
        "wilaya_code": "21",
        "commune_code": null,
        "commune": null,
        "commune_ar": null,
        "lat": 36.8577,
        "lng": 6.91771,
        "geo_precision": "exact",
        "geo_method": "operator_map",
        "source": "djezzy",
        "operator": "djezzy",
        "technology": "5G",
        "address": "Skikda"
      }
    },
    {
      "type": "Feature",
      "geometry": {
        "type": "Point",
        "coordinates": [
          3.22464,
          36.72624
        ]
      },
      "properties": {
        "id": "djezzy-9e4ef46367",
        "name": "El Hamiz_7",
        "wilaya_code": "16",
        "commune_code": null,
        "commune": null,
        "commune_ar": null,
        "lat": 36.72624,
        "lng": 3.22464,
        "geo_precision": "exact",
        "geo_method": "operator_map",
        "source": "djezzy",
        "operator": "djezzy",
        "technology": "5G",
        "address": "DAR EL BEIDA"
      }
    },
    {
      "type": "Feature",
      "geometry": {
        "type": "Point",
        "coordinates": [
          3.11851,
          36.7018
        ]
      },
      "properties": {
        "id": "djezzy-9e5233ce8d",
        "name": "Site d'Autoroute",
        "wilaya_code": "16",
        "commune_code": null,
        "commune": null,
        "commune_ar": null,
        "lat": 36.7018,
        "lng": 3.11851,
        "geo_precision": "exact",
        "geo_method": "operator_map",
        "source": "djezzy",
        "operator": "djezzy",
        "technology": "5G",
        "address": "EL HARRACH"
      }
    },
    {
      "type": "Feature",
      "geometry": {
        "type": "Point",
        "coordinates": [
          2.82524,
          36.49701
        ]
      },
      "properties": {
        "id": "djezzy-9e790bef81",
        "name": "Cite Ben Mokkadem",
        "wilaya_code": "09",
        "commune_code": null,
        "commune": null,
        "commune_ar": null,
        "lat": 36.49701,
        "lng": 2.82524,
        "geo_precision": "exact",
        "geo_method": "operator_map",
        "source": "djezzy",
        "operator": "djezzy",
        "technology": "5G",
        "address": "Blida"
      }
    },
    {
      "type": "Feature",
      "geometry": {
        "type": "Point",
        "coordinates": [
          2.9553,
          36.7548
        ]
      },
      "properties": {
        "id": "djezzy-9f8f0080e7",
        "name": "Autoroute Cheraga",
        "wilaya_code": "16",
        "commune_code": null,
        "commune": null,
        "commune_ar": null,
        "lat": 36.7548,
        "lng": 2.9553,
        "geo_precision": "exact",
        "geo_method": "operator_map",
        "source": "djezzy",
        "operator": "djezzy",
        "technology": "5G",
        "address": "CHERAGA"
      }
    },
    {
      "type": "Feature",
      "geometry": {
        "type": "Point",
        "coordinates": [
          3.03998,
          36.714935
        ]
      },
      "properties": {
        "id": "djezzy-9fc817d8a5",
        "name": "Chemin amrane Ouamrane",
        "wilaya_code": "16",
        "commune_code": null,
        "commune": null,
        "commune_ar": null,
        "lat": 36.714935,
        "lng": 3.03998,
        "geo_precision": "exact",
        "geo_method": "operator_map",
        "source": "djezzy",
        "operator": "djezzy",
        "technology": "5G",
        "address": "BIR KHADEM"
      }
    },
    {
      "type": "Feature",
      "geometry": {
        "type": "Point",
        "coordinates": [
          6.57938,
          36.2555
        ]
      },
      "properties": {
        "id": "djezzy-a00a922cdd",
        "name": "BP Nouvelle Ville",
        "wilaya_code": "25",
        "commune_code": null,
        "commune": null,
        "commune_ar": null,
        "lat": 36.2555,
        "lng": 6.57938,
        "geo_precision": "exact",
        "geo_method": "operator_map",
        "source": "djezzy",
        "operator": "djezzy",
        "technology": "5G",
        "address": "EL KHROUB"
      }
    },
    {
      "type": "Feature",
      "geometry": {
        "type": "Point",
        "coordinates": [
          3.24955,
          36.75782
        ]
      },
      "properties": {
        "id": "djezzy-a06178e2e4",
        "name": "Ben Zerga_1",
        "wilaya_code": "16",
        "commune_code": null,
        "commune": null,
        "commune_ar": null,
        "lat": 36.75782,
        "lng": 3.24955,
        "geo_precision": "exact",
        "geo_method": "operator_map",
        "source": "djezzy",
        "operator": "djezzy",
        "technology": "5G",
        "address": "BORDJ EL KIFFAN"
      }
    },
    {
      "type": "Feature",
      "geometry": {
        "type": "Point",
        "coordinates": [
          2.93573,
          36.80173
        ]
      },
      "properties": {
        "id": "djezzy-a1120039c1",
        "name": "Ain Beniane 11 Decembre",
        "wilaya_code": "16",
        "commune_code": null,
        "commune": null,
        "commune_ar": null,
        "lat": 36.80173,
        "lng": 2.93573,
        "geo_precision": "exact",
        "geo_method": "operator_map",
        "source": "djezzy",
        "operator": "djezzy",
        "technology": "5G",
        "address": "AIN BENIAN"
      }
    },
    {
      "type": "Feature",
      "geometry": {
        "type": "Point",
        "coordinates": [
          -1.32558,
          34.87897
        ]
      },
      "properties": {
        "id": "djezzy-a145bd1539",
        "name": "Bel Horizon",
        "wilaya_code": "13",
        "commune_code": null,
        "commune": null,
        "commune_ar": null,
        "lat": 34.87897,
        "lng": -1.32558,
        "geo_precision": "exact",
        "geo_method": "operator_map",
        "source": "djezzy",
        "operator": "djezzy",
        "technology": "5G",
        "address": "Tlemcen"
      }
    },
    {
      "type": "Feature",
      "geometry": {
        "type": "Point",
        "coordinates": [
          3.09134,
          36.66131
        ]
      },
      "properties": {
        "id": "djezzy-a1a422dfb2",
        "name": "Haouch Mihoub 2",
        "wilaya_code": "16",
        "commune_code": null,
        "commune": null,
        "commune_ar": null,
        "lat": 36.66131,
        "lng": 3.09134,
        "geo_precision": "exact",
        "geo_method": "operator_map",
        "source": "djezzy",
        "operator": "djezzy",
        "technology": "5G",
        "address": "BARAKI"
      }
    },
    {
      "type": "Feature",
      "geometry": {
        "type": "Point",
        "coordinates": [
          3.170861,
          36.721236
        ]
      },
      "properties": {
        "id": "djezzy-a1cdceef4e",
        "name": "Cite Boushaki",
        "wilaya_code": "16",
        "commune_code": null,
        "commune": null,
        "commune_ar": null,
        "lat": 36.721236,
        "lng": 3.170861,
        "geo_precision": "exact",
        "geo_method": "operator_map",
        "source": "djezzy",
        "operator": "djezzy",
        "technology": "5G",
        "address": "OUED SMAR"
      }
    },
    {
      "type": "Feature",
      "geometry": {
        "type": "Point",
        "coordinates": [
          2.853594,
          36.71842
        ]
      },
      "properties": {
        "id": "djezzy-a1e8fa9481",
        "name": "Résidence Les Genets",
        "wilaya_code": "16",
        "commune_code": null,
        "commune": null,
        "commune_ar": null,
        "lat": 36.71842,
        "lng": 2.853594,
        "geo_precision": "exact",
        "geo_method": "operator_map",
        "source": "djezzy",
        "operator": "djezzy",
        "technology": "5G",
        "address": "STAOUELI"
      }
    },
    {
      "type": "Feature",
      "geometry": {
        "type": "Point",
        "coordinates": [
          5.29378,
          35.8577
        ]
      },
      "properties": {
        "id": "djezzy-a1ee044239",
        "name": "Salah Bey Centre",
        "wilaya_code": "19",
        "commune_code": null,
        "commune": null,
        "commune_ar": null,
        "lat": 35.8577,
        "lng": 5.29378,
        "geo_precision": "exact",
        "geo_method": "operator_map",
        "source": "djezzy",
        "operator": "djezzy",
        "technology": "5G",
        "address": "SALAH BEY"
      }
    },
    {
      "type": "Feature",
      "geometry": {
        "type": "Point",
        "coordinates": [
          3.27965,
          36.73325
        ]
      },
      "properties": {
        "id": "djezzy-a291b4c05a",
        "name": "Cite 20 Aouet ( Rouiba)",
        "wilaya_code": "16",
        "commune_code": null,
        "commune": null,
        "commune_ar": null,
        "lat": 36.73325,
        "lng": 3.27965,
        "geo_precision": "exact",
        "geo_method": "operator_map",
        "source": "djezzy",
        "operator": "djezzy",
        "technology": "5G",
        "address": "ROUIBA"
      }
    },
    {
      "type": "Feature",
      "geometry": {
        "type": "Point",
        "coordinates": [
          -1.32619444444444,
          34.9033611111111
        ]
      },
      "properties": {
        "id": "djezzy-a2bc55a3d8",
        "name": "Braya Entrance TLM",
        "wilaya_code": "13",
        "commune_code": null,
        "commune": null,
        "commune_ar": null,
        "lat": 34.9033611111111,
        "lng": -1.32619444444444,
        "geo_precision": "exact",
        "geo_method": "operator_map",
        "source": "djezzy",
        "operator": "djezzy",
        "technology": "5G",
        "address": "Tlemcen"
      }
    },
    {
      "type": "Feature",
      "geometry": {
        "type": "Point",
        "coordinates": [
          5.414563,
          36.20748
        ]
      },
      "properties": {
        "id": "djezzy-a2c409c5bc",
        "name": "Cite Boussekine",
        "wilaya_code": "19",
        "commune_code": null,
        "commune": null,
        "commune_ar": null,
        "lat": 36.20748,
        "lng": 5.414563,
        "geo_precision": "exact",
        "geo_method": "operator_map",
        "source": "djezzy",
        "operator": "djezzy",
        "technology": "5G",
        "address": "Setif"
      }
    },
    {
      "type": "Feature",
      "geometry": {
        "type": "Point",
        "coordinates": [
          -0.679703,
          35.66347
        ]
      },
      "properties": {
        "id": "djezzy-a302cf2900",
        "name": "Grava El hassi",
        "wilaya_code": "31",
        "commune_code": null,
        "commune": null,
        "commune_ar": null,
        "lat": 35.66347,
        "lng": -0.679703,
        "geo_precision": "exact",
        "geo_method": "operator_map",
        "source": "djezzy",
        "operator": "djezzy",
        "technology": "5G",
        "address": "Oran"
      }
    },
    {
      "type": "Feature",
      "geometry": {
        "type": "Point",
        "coordinates": [
          3.18973,
          36.72177
        ]
      },
      "properties": {
        "id": "djezzy-a337754f76",
        "name": "Cinq juillet",
        "wilaya_code": "16",
        "commune_code": null,
        "commune": null,
        "commune_ar": null,
        "lat": 36.72177,
        "lng": 3.18973,
        "geo_precision": "exact",
        "geo_method": "operator_map",
        "source": "djezzy",
        "operator": "djezzy",
        "technology": "5G",
        "address": "BEB EZZOUAR"
      }
    },
    {
      "type": "Feature",
      "geometry": {
        "type": "Point",
        "coordinates": [
          3.15431,
          36.6948
        ]
      },
      "properties": {
        "id": "djezzy-a35ea5375a",
        "name": "OuedSemar_1",
        "wilaya_code": "16",
        "commune_code": null,
        "commune": null,
        "commune_ar": null,
        "lat": 36.6948,
        "lng": 3.15431,
        "geo_precision": "exact",
        "geo_method": "operator_map",
        "source": "djezzy",
        "operator": "djezzy",
        "technology": "5G",
        "address": "LES EUCALYPTUS"
      }
    },
    {
      "type": "Feature",
      "geometry": {
        "type": "Point",
        "coordinates": [
          3.00307,
          36.7959
        ]
      },
      "properties": {
        "id": "djezzy-a37eb26d1c",
        "name": "cite Bouhamam Villa N=24 Bouzareah",
        "wilaya_code": "16",
        "commune_code": null,
        "commune": null,
        "commune_ar": null,
        "lat": 36.7959,
        "lng": 3.00307,
        "geo_precision": "exact",
        "geo_method": "operator_map",
        "source": "djezzy",
        "operator": "djezzy",
        "technology": "5G",
        "address": "BOUZAREAH"
      }
    },
    {
      "type": "Feature",
      "geometry": {
        "type": "Point",
        "coordinates": [
          6.5794,
          36.196822
        ]
      },
      "properties": {
        "id": "djezzy-a3cf3df9f2",
        "name": "La Coupole",
        "wilaya_code": "25",
        "commune_code": null,
        "commune": null,
        "commune_ar": null,
        "lat": 36.196822,
        "lng": 6.5794,
        "geo_precision": "exact",
        "geo_method": "operator_map",
        "source": "djezzy",
        "operator": "djezzy",
        "technology": "5G",
        "address": "EL KHROUB"
      }
    },
    {
      "type": "Feature",
      "geometry": {
        "type": "Point",
        "coordinates": [
          6.6258,
          36.32912
        ]
      },
      "properties": {
        "id": "djezzy-a421510f91",
        "name": "Cite Mazia",
        "wilaya_code": "25",
        "commune_code": null,
        "commune": null,
        "commune_ar": null,
        "lat": 36.32912,
        "lng": 6.6258,
        "geo_precision": "exact",
        "geo_method": "operator_map",
        "source": "djezzy",
        "operator": "djezzy",
        "technology": "5G",
        "address": "Constantine"
      }
    },
    {
      "type": "Feature",
      "geometry": {
        "type": "Point",
        "coordinates": [
          3.187963,
          36.708236
        ]
      },
      "properties": {
        "id": "djezzy-a441b83ced",
        "name": "Huawei OBP",
        "wilaya_code": "16",
        "commune_code": null,
        "commune": null,
        "commune_ar": null,
        "lat": 36.708236,
        "lng": 3.187963,
        "geo_precision": "exact",
        "geo_method": "operator_map",
        "source": "djezzy",
        "operator": "djezzy",
        "technology": "5G",
        "address": "BEB EZZOUAR"
      }
    },
    {
      "type": "Feature",
      "geometry": {
        "type": "Point",
        "coordinates": [
          -0.628388888888889,
          35.6758611111111
        ]
      },
      "properties": {
        "id": "djezzy-a4bce0f4be",
        "name": "Noussair",
        "wilaya_code": "31",
        "commune_code": null,
        "commune": null,
        "commune_ar": null,
        "lat": 35.6758611111111,
        "lng": -0.628388888888889,
        "geo_precision": "exact",
        "geo_method": "operator_map",
        "source": "djezzy",
        "operator": "djezzy",
        "technology": "5G",
        "address": "Oran"
      }
    },
    {
      "type": "Feature",
      "geometry": {
        "type": "Point",
        "coordinates": [
          -0.5235,
          35.7279
        ]
      },
      "properties": {
        "id": "djezzy-a4ddaa69a5",
        "name": "sidi el bachir nouvelle cite",
        "wilaya_code": "31",
        "commune_code": null,
        "commune": null,
        "commune_ar": null,
        "lat": 35.7279,
        "lng": -0.5235,
        "geo_precision": "exact",
        "geo_method": "operator_map",
        "source": "djezzy",
        "operator": "djezzy",
        "technology": "5G",
        "address": "BIR EL DJIR"
      }
    },
    {
      "type": "Feature",
      "geometry": {
        "type": "Point",
        "coordinates": [
          5.4335,
          36.1957
        ]
      },
      "properties": {
        "id": "djezzy-a51fb19790",
        "name": "Setif NORD EST_A+",
        "wilaya_code": "19",
        "commune_code": null,
        "commune": null,
        "commune_ar": null,
        "lat": 36.1957,
        "lng": 5.4335,
        "geo_precision": "exact",
        "geo_method": "operator_map",
        "source": "djezzy",
        "operator": "djezzy",
        "technology": "5G",
        "address": "Setif"
      }
    },
    {
      "type": "Feature",
      "geometry": {
        "type": "Point",
        "coordinates": [
          -0.647741,
          35.695104
        ]
      },
      "properties": {
        "id": "djezzy-a55c43508a",
        "name": "Madina Djdida_2",
        "wilaya_code": "31",
        "commune_code": null,
        "commune": null,
        "commune_ar": null,
        "lat": 35.695104,
        "lng": -0.647741,
        "geo_precision": "exact",
        "geo_method": "operator_map",
        "source": "djezzy",
        "operator": "djezzy",
        "technology": "5G",
        "address": "Oran"
      }
    },
    {
      "type": "Feature",
      "geometry": {
        "type": "Point",
        "coordinates": [
          3.03861,
          36.72691
        ]
      },
      "properties": {
        "id": "djezzy-a562077ed6",
        "name": "hey El Amel Birkhadem",
        "wilaya_code": "16",
        "commune_code": null,
        "commune": null,
        "commune_ar": null,
        "lat": 36.72691,
        "lng": 3.03861,
        "geo_precision": "exact",
        "geo_method": "operator_map",
        "source": "djezzy",
        "operator": "djezzy",
        "technology": "5G",
        "address": "BIR KHADEM"
      }
    },
    {
      "type": "Feature",
      "geometry": {
        "type": "Point",
        "coordinates": [
          5.99581,
          31.8781
        ]
      },
      "properties": {
        "id": "djezzy-a586b6ec4b",
        "name": "Oued El Hamra",
        "wilaya_code": "30",
        "commune_code": null,
        "commune": null,
        "commune_ar": null,
        "lat": 31.8781,
        "lng": 5.99581,
        "geo_precision": "exact",
        "geo_method": "operator_map",
        "source": "djezzy",
        "operator": "djezzy",
        "technology": "5G",
        "address": "HASSI MESSAOUD"
      }
    },
    {
      "type": "Feature",
      "geometry": {
        "type": "Point",
        "coordinates": [
          3.19802,
          36.71455
        ]
      },
      "properties": {
        "id": "djezzy-a594f2b0fa",
        "name": "Mercure",
        "wilaya_code": "16",
        "commune_code": null,
        "commune": null,
        "commune_ar": null,
        "lat": 36.71455,
        "lng": 3.19802,
        "geo_precision": "exact",
        "geo_method": "operator_map",
        "source": "djezzy",
        "operator": "djezzy",
        "technology": "5G",
        "address": "BEB EZZOUAR"
      }
    },
    {
      "type": "Feature",
      "geometry": {
        "type": "Point",
        "coordinates": [
          -1.78059,
          34.83946
        ]
      },
      "properties": {
        "id": "djezzy-a682620310",
        "name": "Cite Ouled Bensaber",
        "wilaya_code": "13",
        "commune_code": null,
        "commune": null,
        "commune_ar": null,
        "lat": 34.83946,
        "lng": -1.78059,
        "geo_precision": "exact",
        "geo_method": "operator_map",
        "source": "djezzy",
        "operator": "djezzy",
        "technology": "5G",
        "address": "MAGHNIA"
      }
    },
    {
      "type": "Feature",
      "geometry": {
        "type": "Point",
        "coordinates": [
          6.63627,
          36.4527
        ]
      },
      "properties": {
        "id": "djezzy-a70ea72ebb",
        "name": "Didouche site 4",
        "wilaya_code": "25",
        "commune_code": null,
        "commune": null,
        "commune_ar": null,
        "lat": 36.4527,
        "lng": 6.63627,
        "geo_precision": "exact",
        "geo_method": "operator_map",
        "source": "djezzy",
        "operator": "djezzy",
        "technology": "5G",
        "address": "DIDOUCHE MOURAD"
      }
    },
    {
      "type": "Feature",
      "geometry": {
        "type": "Point",
        "coordinates": [
          -0.63716,
          35.6706
        ]
      },
      "properties": {
        "id": "djezzy-a7236da6ed",
        "name": "RODINA HOTEL",
        "wilaya_code": "31",
        "commune_code": null,
        "commune": null,
        "commune_ar": null,
        "lat": 35.6706,
        "lng": -0.63716,
        "geo_precision": "exact",
        "geo_method": "operator_map",
        "source": "djezzy",
        "operator": "djezzy",
        "technology": "5G",
        "address": "Oran"
      }
    },
    {
      "type": "Feature",
      "geometry": {
        "type": "Point",
        "coordinates": [
          2.95258,
          36.73461
        ]
      },
      "properties": {
        "id": "djezzy-a72b20d006",
        "name": "OULED FAYET",
        "wilaya_code": "16",
        "commune_code": null,
        "commune": null,
        "commune_ar": null,
        "lat": 36.73461,
        "lng": 2.95258,
        "geo_precision": "exact",
        "geo_method": "operator_map",
        "source": "djezzy",
        "operator": "djezzy",
        "technology": "5G",
        "address": "OULED FAYET"
      }
    },
    {
      "type": "Feature",
      "geometry": {
        "type": "Point",
        "coordinates": [
          6.64289,
          36.32613
        ]
      },
      "properties": {
        "id": "djezzy-a755668126",
        "name": "Bounaffa",
        "wilaya_code": "25",
        "commune_code": null,
        "commune": null,
        "commune_ar": null,
        "lat": 36.32613,
        "lng": 6.64289,
        "geo_precision": "exact",
        "geo_method": "operator_map",
        "source": "djezzy",
        "operator": "djezzy",
        "technology": "5G",
        "address": "Constantine"
      }
    },
    {
      "type": "Feature",
      "geometry": {
        "type": "Point",
        "coordinates": [
          5.369245,
          36.197099
        ]
      },
      "properties": {
        "id": "djezzy-a76d10e44c",
        "name": "Universite El Baz",
        "wilaya_code": "19",
        "commune_code": null,
        "commune": null,
        "commune_ar": null,
        "lat": 36.197099,
        "lng": 5.369245,
        "geo_precision": "exact",
        "geo_method": "operator_map",
        "source": "djezzy",
        "operator": "djezzy",
        "technology": "5G",
        "address": "Setif"
      }
    },
    {
      "type": "Feature",
      "geometry": {
        "type": "Point",
        "coordinates": [
          3.24259,
          36.73199
        ]
      },
      "properties": {
        "id": "djezzy-a8118260ce",
        "name": "El Hamiz 5",
        "wilaya_code": "16",
        "commune_code": null,
        "commune": null,
        "commune_ar": null,
        "lat": 36.73199,
        "lng": 3.24259,
        "geo_precision": "exact",
        "geo_method": "operator_map",
        "source": "djezzy",
        "operator": "djezzy",
        "technology": "5G",
        "address": "DAR EL BEIDA"
      }
    },
    {
      "type": "Feature",
      "geometry": {
        "type": "Point",
        "coordinates": [
          6.59907,
          35.8258
        ]
      },
      "properties": {
        "id": "djezzy-a8d0001832",
        "name": "Kaddour Bou Meddous",
        "wilaya_code": "25",
        "commune_code": null,
        "commune": null,
        "commune_ar": null,
        "lat": 35.8258,
        "lng": 6.59907,
        "geo_precision": "exact",
        "geo_method": "operator_map",
        "source": "djezzy",
        "operator": "djezzy",
        "technology": "5G",
        "address": "Constantine"
      }
    },
    {
      "type": "Feature",
      "geometry": {
        "type": "Point",
        "coordinates": [
          3.12203,
          36.70532
        ]
      },
      "properties": {
        "id": "djezzy-a8d7c8b627",
        "name": "Hopital Zmirli 2",
        "wilaya_code": "16",
        "commune_code": null,
        "commune": null,
        "commune_ar": null,
        "lat": 36.70532,
        "lng": 3.12203,
        "geo_precision": "exact",
        "geo_method": "operator_map",
        "source": "djezzy",
        "operator": "djezzy",
        "technology": "5G",
        "address": "EL HARRACH"
      }
    },
    {
      "type": "Feature",
      "geometry": {
        "type": "Point",
        "coordinates": [
          3.05564,
          36.7245
        ]
      },
      "properties": {
        "id": "djezzy-a906beab1f",
        "name": "Cooperative El marhba",
        "wilaya_code": "16",
        "commune_code": null,
        "commune": null,
        "commune_ar": null,
        "lat": 36.7245,
        "lng": 3.05564,
        "geo_precision": "exact",
        "geo_method": "operator_map",
        "source": "djezzy",
        "operator": "djezzy",
        "technology": "5G",
        "address": "KOUBA"
      }
    },
    {
      "type": "Feature",
      "geometry": {
        "type": "Point",
        "coordinates": [
          3.03405,
          36.78039
        ]
      },
      "properties": {
        "id": "djezzy-a9218dd43c",
        "name": "Cite 800 logts",
        "wilaya_code": "16",
        "commune_code": null,
        "commune": null,
        "commune_ar": null,
        "lat": 36.78039,
        "lng": 3.03405,
        "geo_precision": "exact",
        "geo_method": "operator_map",
        "source": "djezzy",
        "operator": "djezzy",
        "technology": "5G",
        "address": "BOUZAREAH"
      }
    },
    {
      "type": "Feature",
      "geometry": {
        "type": "Point",
        "coordinates": [
          2.98719,
          36.65285
        ]
      },
      "properties": {
        "id": "djezzy-a93447f3b2",
        "name": "Aadache 2",
        "wilaya_code": "16",
        "commune_code": null,
        "commune": null,
        "commune_ar": null,
        "lat": 36.65285,
        "lng": 2.98719,
        "geo_precision": "exact",
        "geo_method": "operator_map",
        "source": "djezzy",
        "operator": "djezzy",
        "technology": "5G",
        "address": "BIRTOUTA"
      }
    },
    {
      "type": "Feature",
      "geometry": {
        "type": "Point",
        "coordinates": [
          3.1997,
          36.7079
        ]
      },
      "properties": {
        "id": "djezzy-a946fe6799",
        "name": "Haouch Elmir Oued Smar",
        "wilaya_code": "16",
        "commune_code": null,
        "commune": null,
        "commune_ar": null,
        "lat": 36.7079,
        "lng": 3.1997,
        "geo_precision": "exact",
        "geo_method": "operator_map",
        "source": "djezzy",
        "operator": "djezzy",
        "technology": "5G",
        "address": "OUED SMAR"
      }
    },
    {
      "type": "Feature",
      "geometry": {
        "type": "Point",
        "coordinates": [
          -0.6537,
          35.66849
        ]
      },
      "properties": {
        "id": "djezzy-a9602e6372",
        "name": "Lalofa",
        "wilaya_code": "31",
        "commune_code": null,
        "commune": null,
        "commune_ar": null,
        "lat": 35.66849,
        "lng": -0.6537,
        "geo_precision": "exact",
        "geo_method": "operator_map",
        "source": "djezzy",
        "operator": "djezzy",
        "technology": "5G",
        "address": "Oran"
      }
    },
    {
      "type": "Feature",
      "geometry": {
        "type": "Point",
        "coordinates": [
          -0.576044,
          35.702505
        ]
      },
      "properties": {
        "id": "djezzy-a96c64e105",
        "name": "AADL Hai Sabah",
        "wilaya_code": "31",
        "commune_code": null,
        "commune": null,
        "commune_ar": null,
        "lat": 35.702505,
        "lng": -0.576044,
        "geo_precision": "exact",
        "geo_method": "operator_map",
        "source": "djezzy",
        "operator": "djezzy",
        "technology": "5G",
        "address": "BIR EL DJIR"
      }
    },
    {
      "type": "Feature",
      "geometry": {
        "type": "Point",
        "coordinates": [
          2.87417,
          36.7622
        ]
      },
      "properties": {
        "id": "djezzy-a99d488c08",
        "name": "Sheraton Alger",
        "wilaya_code": "16",
        "commune_code": null,
        "commune": null,
        "commune_ar": null,
        "lat": 36.7622,
        "lng": 2.87417,
        "geo_precision": "exact",
        "geo_method": "operator_map",
        "source": "djezzy",
        "operator": "djezzy",
        "technology": "5G",
        "address": "STAOUELI"
      }
    },
    {
      "type": "Feature",
      "geometry": {
        "type": "Point",
        "coordinates": [
          3.02969,
          36.76029
        ]
      },
      "properties": {
        "id": "djezzy-a9aec3130d",
        "name": "Bdjaoui El Biar",
        "wilaya_code": "16",
        "commune_code": null,
        "commune": null,
        "commune_ar": null,
        "lat": 36.76029,
        "lng": 3.02969,
        "geo_precision": "exact",
        "geo_method": "operator_map",
        "source": "djezzy",
        "operator": "djezzy",
        "technology": "5G",
        "address": "EL BIAR"
      }
    },
    {
      "type": "Feature",
      "geometry": {
        "type": "Point",
        "coordinates": [
          5.31267,
          31.9423
        ]
      },
      "properties": {
        "id": "djezzy-a9c7f796cf",
        "name": "Ouargla OUEST",
        "wilaya_code": "30",
        "commune_code": null,
        "commune": null,
        "commune_ar": null,
        "lat": 31.9423,
        "lng": 5.31267,
        "geo_precision": "exact",
        "geo_method": "operator_map",
        "source": "djezzy",
        "operator": "djezzy",
        "technology": "5G",
        "address": "Ouargla"
      }
    },
    {
      "type": "Feature",
      "geometry": {
        "type": "Point",
        "coordinates": [
          2.873,
          36.7437
        ]
      },
      "properties": {
        "id": "djezzy-a9e450be70",
        "name": "Bridja Staoueli",
        "wilaya_code": "16",
        "commune_code": null,
        "commune": null,
        "commune_ar": null,
        "lat": 36.7437,
        "lng": 2.873,
        "geo_precision": "exact",
        "geo_method": "operator_map",
        "source": "djezzy",
        "operator": "djezzy",
        "technology": "5G",
        "address": "STAOUELI"
      }
    },
    {
      "type": "Feature",
      "geometry": {
        "type": "Point",
        "coordinates": [
          3.28196,
          36.73825
        ]
      },
      "properties": {
        "id": "djezzy-aa5e65ec33",
        "name": "B_P_Rouiba",
        "wilaya_code": "16",
        "commune_code": null,
        "commune": null,
        "commune_ar": null,
        "lat": 36.73825,
        "lng": 3.28196,
        "geo_precision": "exact",
        "geo_method": "operator_map",
        "source": "djezzy",
        "operator": "djezzy",
        "technology": "5G",
        "address": "ROUIBA"
      }
    },
    {
      "type": "Feature",
      "geometry": {
        "type": "Point",
        "coordinates": [
          2.956602,
          36.668164
        ]
      },
      "properties": {
        "id": "djezzy-aa81dc5290",
        "name": "1800 Logts Riacha",
        "wilaya_code": "16",
        "commune_code": null,
        "commune": null,
        "commune_ar": null,
        "lat": 36.668164,
        "lng": 2.956602,
        "geo_precision": "exact",
        "geo_method": "operator_map",
        "source": "djezzy",
        "operator": "djezzy",
        "technology": "5G",
        "address": "DOUERA"
      }
    },
    {
      "type": "Feature",
      "geometry": {
        "type": "Point",
        "coordinates": [
          3.21612,
          36.71279
        ]
      },
      "properties": {
        "id": "djezzy-aacafb936a",
        "name": "DAR EL BAIDA_4",
        "wilaya_code": "16",
        "commune_code": null,
        "commune": null,
        "commune_ar": null,
        "lat": 36.71279,
        "lng": 3.21612,
        "geo_precision": "exact",
        "geo_method": "operator_map",
        "source": "djezzy",
        "operator": "djezzy",
        "technology": "5G",
        "address": "DAR EL BEIDA"
      }
    },
    {
      "type": "Feature",
      "geometry": {
        "type": "Point",
        "coordinates": [
          3.1891,
          36.7083
        ]
      },
      "properties": {
        "id": "djezzy-ab20d15c36",
        "name": "zone industriel oued smar",
        "wilaya_code": "16",
        "commune_code": null,
        "commune": null,
        "commune_ar": null,
        "lat": 36.7083,
        "lng": 3.1891,
        "geo_precision": "exact",
        "geo_method": "operator_map",
        "source": "djezzy",
        "operator": "djezzy",
        "technology": "5G",
        "address": "BEB EZZOUAR"
      }
    },
    {
      "type": "Feature",
      "geometry": {
        "type": "Point",
        "coordinates": [
          5.316079,
          36.170172
        ]
      },
      "properties": {
        "id": "djezzy-ab4628a822",
        "name": "ZI Ain Arnat",
        "wilaya_code": "19",
        "commune_code": null,
        "commune": null,
        "commune_ar": null,
        "lat": 36.170172,
        "lng": 5.316079,
        "geo_precision": "exact",
        "geo_method": "operator_map",
        "source": "djezzy",
        "operator": "djezzy",
        "technology": "5G",
        "address": "AIN ARNAT"
      }
    },
    {
      "type": "Feature",
      "geometry": {
        "type": "Point",
        "coordinates": [
          3.0212,
          36.7697
        ]
      },
      "properties": {
        "id": "djezzy-ab9214ccec",
        "name": "EL IRIDJA",
        "wilaya_code": "16",
        "commune_code": null,
        "commune": null,
        "commune_ar": null,
        "lat": 36.7697,
        "lng": 3.0212,
        "geo_precision": "exact",
        "geo_method": "operator_map",
        "source": "djezzy",
        "operator": "djezzy",
        "technology": "5G",
        "address": "EL BIAR"
      }
    },
    {
      "type": "Feature",
      "geometry": {
        "type": "Point",
        "coordinates": [
          3.0116,
          36.6397
        ]
      },
      "properties": {
        "id": "djezzy-abcd61946b",
        "name": "Birtouta 4",
        "wilaya_code": "16",
        "commune_code": null,
        "commune": null,
        "commune_ar": null,
        "lat": 36.6397,
        "lng": 3.0116,
        "geo_precision": "exact",
        "geo_method": "operator_map",
        "source": "djezzy",
        "operator": "djezzy",
        "technology": "5G",
        "address": "BIRTOUTA"
      }
    },
    {
      "type": "Feature",
      "geometry": {
        "type": "Point",
        "coordinates": [
          6.05862,
          31.6951
        ]
      },
      "properties": {
        "id": "djezzy-ac6fe70000",
        "name": "Cite 442 Logts",
        "wilaya_code": "30",
        "commune_code": null,
        "commune": null,
        "commune_ar": null,
        "lat": 31.6951,
        "lng": 6.05862,
        "geo_precision": "exact",
        "geo_method": "operator_map",
        "source": "djezzy",
        "operator": "djezzy",
        "technology": "5G",
        "address": "HASSI MESSAOUD"
      }
    },
    {
      "type": "Feature",
      "geometry": {
        "type": "Point",
        "coordinates": [
          2.84316,
          36.49999
        ]
      },
      "properties": {
        "id": "djezzy-aca9747038",
        "name": "Cite Khazrouna",
        "wilaya_code": "09",
        "commune_code": null,
        "commune": null,
        "commune_ar": null,
        "lat": 36.49999,
        "lng": 2.84316,
        "geo_precision": "exact",
        "geo_method": "operator_map",
        "source": "djezzy",
        "operator": "djezzy",
        "technology": "5G",
        "address": "Blida"
      }
    },
    {
      "type": "Feature",
      "geometry": {
        "type": "Point",
        "coordinates": [
          -0.5385,
          35.745
        ]
      },
      "properties": {
        "id": "djezzy-ad26bd7708",
        "name": "Universite_Belgaid",
        "wilaya_code": "31",
        "commune_code": null,
        "commune": null,
        "commune_ar": null,
        "lat": 35.745,
        "lng": -0.5385,
        "geo_precision": "exact",
        "geo_method": "operator_map",
        "source": "djezzy",
        "operator": "djezzy",
        "technology": "5G",
        "address": "BIR EL DJIR"
      }
    },
    {
      "type": "Feature",
      "geometry": {
        "type": "Point",
        "coordinates": [
          2.902,
          36.7833
        ]
      },
      "properties": {
        "id": "djezzy-ad26eaed11",
        "name": "Bahdja Beach",
        "wilaya_code": "16",
        "commune_code": null,
        "commune": null,
        "commune_ar": null,
        "lat": 36.7833,
        "lng": 2.902,
        "geo_precision": "exact",
        "geo_method": "operator_map",
        "source": "djezzy",
        "operator": "djezzy",
        "technology": "5G",
        "address": "AIN BENIAN"
      }
    },
    {
      "type": "Feature",
      "geometry": {
        "type": "Point",
        "coordinates": [
          5.516419,
          36.353789
        ]
      },
      "properties": {
        "id": "djezzy-ad27025c36",
        "name": "Ain Touila",
        "wilaya_code": "19",
        "commune_code": null,
        "commune": null,
        "commune_ar": null,
        "lat": 36.353789,
        "lng": 5.516419,
        "geo_precision": "exact",
        "geo_method": "operator_map",
        "source": "djezzy",
        "operator": "djezzy",
        "technology": "5G",
        "address": "AIN EL KEBIRA"
      }
    },
    {
      "type": "Feature",
      "geometry": {
        "type": "Point",
        "coordinates": [
          2.89812,
          36.7682
        ]
      },
      "properties": {
        "id": "djezzy-ade6e36572",
        "name": "Club Des Pins entrance",
        "wilaya_code": "16",
        "commune_code": null,
        "commune": null,
        "commune_ar": null,
        "lat": 36.7682,
        "lng": 2.89812,
        "geo_precision": "exact",
        "geo_method": "operator_map",
        "source": "djezzy",
        "operator": "djezzy",
        "technology": "5G",
        "address": "CHERAGA"
      }
    },
    {
      "type": "Feature",
      "geometry": {
        "type": "Point",
        "coordinates": [
          3.21211,
          36.72251
        ]
      },
      "properties": {
        "id": "djezzy-ae061057a9",
        "name": "Dar El Beida_4",
        "wilaya_code": "16",
        "commune_code": null,
        "commune": null,
        "commune_ar": null,
        "lat": 36.72251,
        "lng": 3.21211,
        "geo_precision": "exact",
        "geo_method": "operator_map",
        "source": "djezzy",
        "operator": "djezzy",
        "technology": "5G",
        "address": "DAR EL BEIDA"
      }
    },
    {
      "type": "Feature",
      "geometry": {
        "type": "Point",
        "coordinates": [
          -0.6585,
          35.6692
        ]
      },
      "properties": {
        "id": "djezzy-ae185cd452",
        "name": "Yaghmoracen_2",
        "wilaya_code": "31",
        "commune_code": null,
        "commune": null,
        "commune_ar": null,
        "lat": 35.6692,
        "lng": -0.6585,
        "geo_precision": "exact",
        "geo_method": "operator_map",
        "source": "djezzy",
        "operator": "djezzy",
        "technology": "5G",
        "address": "Oran"
      }
    },
    {
      "type": "Feature",
      "geometry": {
        "type": "Point",
        "coordinates": [
          2.93135,
          36.79577
        ]
      },
      "properties": {
        "id": "djezzy-ae1b29563b",
        "name": "Sonelgaz Ain Benian",
        "wilaya_code": "16",
        "commune_code": null,
        "commune": null,
        "commune_ar": null,
        "lat": 36.79577,
        "lng": 2.93135,
        "geo_precision": "exact",
        "geo_method": "operator_map",
        "source": "djezzy",
        "operator": "djezzy",
        "technology": "5G",
        "address": "AIN BENIAN"
      }
    },
    {
      "type": "Feature",
      "geometry": {
        "type": "Point",
        "coordinates": [
          3.27034,
          36.76869
        ]
      },
      "properties": {
        "id": "djezzy-ae59a1e06b",
        "name": "Cite DNC",
        "wilaya_code": "16",
        "commune_code": null,
        "commune": null,
        "commune_ar": null,
        "lat": 36.76869,
        "lng": 3.27034,
        "geo_precision": "exact",
        "geo_method": "operator_map",
        "source": "djezzy",
        "operator": "djezzy",
        "technology": "5G",
        "address": "BORDJ EL KIFFAN"
      }
    },
    {
      "type": "Feature",
      "geometry": {
        "type": "Point",
        "coordinates": [
          2.8343,
          36.4782
        ]
      },
      "properties": {
        "id": "djezzy-ae852f8d4f",
        "name": "Cimenterie de Meftah",
        "wilaya_code": "09",
        "commune_code": null,
        "commune": null,
        "commune_ar": null,
        "lat": 36.4782,
        "lng": 2.8343,
        "geo_precision": "approximate",
        "geo_method": "operator_map",
        "source": "djezzy",
        "operator": "djezzy",
        "technology": "5G",
        "address": "MEFTAH"
      }
    },
    {
      "type": "Feature",
      "geometry": {
        "type": "Point",
        "coordinates": [
          -0.68032,
          35.67828
        ]
      },
      "properties": {
        "id": "djezzy-aeb518e4c6",
        "name": "Cite Bentazi Houari",
        "wilaya_code": "31",
        "commune_code": null,
        "commune": null,
        "commune_ar": null,
        "lat": 35.67828,
        "lng": -0.68032,
        "geo_precision": "exact",
        "geo_method": "operator_map",
        "source": "djezzy",
        "operator": "djezzy",
        "technology": "5G",
        "address": "Oran"
      }
    },
    {
      "type": "Feature",
      "geometry": {
        "type": "Point",
        "coordinates": [
          2.96683,
          36.75697
        ]
      },
      "properties": {
        "id": "djezzy-aedf83a8d5",
        "name": "EMIR Hotel",
        "wilaya_code": "16",
        "commune_code": null,
        "commune": null,
        "commune_ar": null,
        "lat": 36.75697,
        "lng": 2.96683,
        "geo_precision": "exact",
        "geo_method": "operator_map",
        "source": "djezzy",
        "operator": "djezzy",
        "technology": "5G",
        "address": "CHERAGA"
      }
    },
    {
      "type": "Feature",
      "geometry": {
        "type": "Point",
        "coordinates": [
          6.748102,
          36.239666
        ]
      },
      "properties": {
        "id": "djezzy-af0745c611",
        "name": "BIOPHARM.ZI.El Kheroub",
        "wilaya_code": "25",
        "commune_code": null,
        "commune": null,
        "commune_ar": null,
        "lat": 36.239666,
        "lng": 6.748102,
        "geo_precision": "exact",
        "geo_method": "operator_map",
        "source": "djezzy",
        "operator": "djezzy",
        "technology": "5G",
        "address": "OULED RAHMOUN"
      }
    },
    {
      "type": "Feature",
      "geometry": {
        "type": "Point",
        "coordinates": [
          7.72855,
          36.8903
        ]
      },
      "properties": {
        "id": "djezzy-af45527364",
        "name": "Cite Es Safsaf",
        "wilaya_code": "23",
        "commune_code": null,
        "commune": null,
        "commune_ar": null,
        "lat": 36.8903,
        "lng": 7.72855,
        "geo_precision": "exact",
        "geo_method": "operator_map",
        "source": "djezzy",
        "operator": "djezzy",
        "technology": "5G",
        "address": "ANNABA"
      }
    },
    {
      "type": "Feature",
      "geometry": {
        "type": "Point",
        "coordinates": [
          3.21519,
          36.6147
        ]
      },
      "properties": {
        "id": "djezzy-af8b32e471",
        "name": "MEFTAH 3",
        "wilaya_code": "09",
        "commune_code": null,
        "commune": null,
        "commune_ar": null,
        "lat": 36.6147,
        "lng": 3.21519,
        "geo_precision": "exact",
        "geo_method": "operator_map",
        "source": "djezzy",
        "operator": "djezzy",
        "technology": "5G",
        "address": "MEFTAH"
      }
    },
    {
      "type": "Feature",
      "geometry": {
        "type": "Point",
        "coordinates": [
          3.2384,
          36.7346
        ]
      },
      "properties": {
        "id": "djezzy-afbc303631",
        "name": "El hamiz6",
        "wilaya_code": "16",
        "commune_code": null,
        "commune": null,
        "commune_ar": null,
        "lat": 36.7346,
        "lng": 3.2384,
        "geo_precision": "exact",
        "geo_method": "operator_map",
        "source": "djezzy",
        "operator": "djezzy",
        "technology": "5G",
        "address": "DAR EL BEIDA"
      }
    },
    {
      "type": "Feature",
      "geometry": {
        "type": "Point",
        "coordinates": [
          5.41966,
          36.18956
        ]
      },
      "properties": {
        "id": "djezzy-afd9386905",
        "name": "TECHNICUM",
        "wilaya_code": "19",
        "commune_code": null,
        "commune": null,
        "commune_ar": null,
        "lat": 36.18956,
        "lng": 5.41966,
        "geo_precision": "exact",
        "geo_method": "operator_map",
        "source": "djezzy",
        "operator": "djezzy",
        "technology": "5G",
        "address": "Setif"
      }
    },
    {
      "type": "Feature",
      "geometry": {
        "type": "Point",
        "coordinates": [
          2.940168,
          36.791927
        ]
      },
      "properties": {
        "id": "djezzy-b0996d69a9",
        "name": "Hauteur Ain Benian",
        "wilaya_code": "16",
        "commune_code": null,
        "commune": null,
        "commune_ar": null,
        "lat": 36.791927,
        "lng": 2.940168,
        "geo_precision": "exact",
        "geo_method": "operator_map",
        "source": "djezzy",
        "operator": "djezzy",
        "technology": "5G",
        "address": "AIN BENIAN"
      }
    },
    {
      "type": "Feature",
      "geometry": {
        "type": "Point",
        "coordinates": [
          2.9191,
          36.7875
        ]
      },
      "properties": {
        "id": "djezzy-b0bb97f89b",
        "name": "Ain Benian 4",
        "wilaya_code": "16",
        "commune_code": null,
        "commune": null,
        "commune_ar": null,
        "lat": 36.7875,
        "lng": 2.9191,
        "geo_precision": "exact",
        "geo_method": "operator_map",
        "source": "djezzy",
        "operator": "djezzy",
        "technology": "5G",
        "address": "AIN BENIAN"
      }
    },
    {
      "type": "Feature",
      "geometry": {
        "type": "Point",
        "coordinates": [
          3.22097,
          36.74966
        ]
      },
      "properties": {
        "id": "djezzy-b11e8b84fb",
        "name": "BEN MERABET",
        "wilaya_code": "16",
        "commune_code": null,
        "commune": null,
        "commune_ar": null,
        "lat": 36.74966,
        "lng": 3.22097,
        "geo_precision": "exact",
        "geo_method": "operator_map",
        "source": "djezzy",
        "operator": "djezzy",
        "technology": "5G",
        "address": "BORDJ EL KIFFAN"
      }
    },
    {
      "type": "Feature",
      "geometry": {
        "type": "Point",
        "coordinates": [
          3.22304,
          36.70793
        ]
      },
      "properties": {
        "id": "djezzy-b136763a52",
        "name": "cite Krim belkacem",
        "wilaya_code": "16",
        "commune_code": null,
        "commune": null,
        "commune_ar": null,
        "lat": 36.70793,
        "lng": 3.22304,
        "geo_precision": "exact",
        "geo_method": "operator_map",
        "source": "djezzy",
        "operator": "djezzy",
        "technology": "5G",
        "address": "DAR EL BEIDA"
      }
    },
    {
      "type": "Feature",
      "geometry": {
        "type": "Point",
        "coordinates": [
          6.61326,
          36.37058
        ]
      },
      "properties": {
        "id": "djezzy-b136d0c14c",
        "name": "Souk El Asr",
        "wilaya_code": "25",
        "commune_code": null,
        "commune": null,
        "commune_ar": null,
        "lat": 36.37058,
        "lng": 6.61326,
        "geo_precision": "exact",
        "geo_method": "operator_map",
        "source": "djezzy",
        "operator": "djezzy",
        "technology": "5G",
        "address": "Constantine"
      }
    },
    {
      "type": "Feature",
      "geometry": {
        "type": "Point",
        "coordinates": [
          3.0245,
          36.6828
        ]
      },
      "properties": {
        "id": "djezzy-b19f5d640c",
        "name": "Ouled Belhadj 3",
        "wilaya_code": "16",
        "commune_code": null,
        "commune": null,
        "commune_ar": null,
        "lat": 36.6828,
        "lng": 3.0245,
        "geo_precision": "exact",
        "geo_method": "operator_map",
        "source": "djezzy",
        "operator": "djezzy",
        "technology": "5G",
        "address": "SAOULA"
      }
    },
    {
      "type": "Feature",
      "geometry": {
        "type": "Point",
        "coordinates": [
          2.9454,
          36.6693
        ]
      },
      "properties": {
        "id": "djezzy-b1f688b021",
        "name": "DOUIRA",
        "wilaya_code": "16",
        "commune_code": null,
        "commune": null,
        "commune_ar": null,
        "lat": 36.6693,
        "lng": 2.9454,
        "geo_precision": "exact",
        "geo_method": "operator_map",
        "source": "djezzy",
        "operator": "djezzy",
        "technology": "5G",
        "address": "DOUERA"
      }
    },
    {
      "type": "Feature",
      "geometry": {
        "type": "Point",
        "coordinates": [
          2.8899,
          36.7504
        ]
      },
      "properties": {
        "id": "djezzy-b1fb766ee9",
        "name": "cite 62lgts Staoueli",
        "wilaya_code": "16",
        "commune_code": null,
        "commune": null,
        "commune_ar": null,
        "lat": 36.7504,
        "lng": 2.8899,
        "geo_precision": "exact",
        "geo_method": "operator_map",
        "source": "djezzy",
        "operator": "djezzy",
        "technology": "5G",
        "address": "STAOUELI"
      }
    },
    {
      "type": "Feature",
      "geometry": {
        "type": "Point",
        "coordinates": [
          6.096012,
          35.541115
        ]
      },
      "properties": {
        "id": "djezzy-b24aa5ed6d",
        "name": "600 Logmt Hamla 3",
        "wilaya_code": "05",
        "commune_code": null,
        "commune": null,
        "commune_ar": null,
        "lat": 35.541115,
        "lng": 6.096012,
        "geo_precision": "exact",
        "geo_method": "operator_map",
        "source": "djezzy",
        "operator": "djezzy",
        "technology": "5G",
        "address": "OUED CHAABA"
      }
    },
    {
      "type": "Feature",
      "geometry": {
        "type": "Point",
        "coordinates": [
          -1.30343,
          34.924448
        ]
      },
      "properties": {
        "id": "djezzy-b2a0cc2d09",
        "name": "Bâtiments Chetouane ",
        "wilaya_code": "13",
        "commune_code": null,
        "commune": null,
        "commune_ar": null,
        "lat": 34.924448,
        "lng": -1.30343,
        "geo_precision": "exact",
        "geo_method": "operator_map",
        "source": "djezzy",
        "operator": "djezzy",
        "technology": "5G",
        "address": "CHETOUANE"
      }
    },
    {
      "type": "Feature",
      "geometry": {
        "type": "Point",
        "coordinates": [
          6.60997,
          36.3667
        ]
      },
      "properties": {
        "id": "djezzy-b2b0712218",
        "name": "Vieille ville",
        "wilaya_code": "25",
        "commune_code": null,
        "commune": null,
        "commune_ar": null,
        "lat": 36.3667,
        "lng": 6.60997,
        "geo_precision": "exact",
        "geo_method": "operator_map",
        "source": "djezzy",
        "operator": "djezzy",
        "technology": "5G",
        "address": "Constantine"
      }
    },
    {
      "type": "Feature",
      "geometry": {
        "type": "Point",
        "coordinates": [
          5.385991,
          36.171034
        ]
      },
      "properties": {
        "id": "djezzy-b2bd26962c",
        "name": "Nouvelle Ville Guessoum Laid",
        "wilaya_code": "19",
        "commune_code": null,
        "commune": null,
        "commune_ar": null,
        "lat": 36.171034,
        "lng": 5.385991,
        "geo_precision": "exact",
        "geo_method": "operator_map",
        "source": "djezzy",
        "operator": "djezzy",
        "technology": "5G",
        "address": "Setif"
      }
    },
    {
      "type": "Feature",
      "geometry": {
        "type": "Point",
        "coordinates": [
          5.42701,
          36.1853
        ]
      },
      "properties": {
        "id": "djezzy-b31285af5b",
        "name": "Zone Industrielle",
        "wilaya_code": "19",
        "commune_code": null,
        "commune": null,
        "commune_ar": null,
        "lat": 36.1853,
        "lng": 5.42701,
        "geo_precision": "exact",
        "geo_method": "operator_map",
        "source": "djezzy",
        "operator": "djezzy",
        "technology": "5G",
        "address": "Setif"
      }
    },
    {
      "type": "Feature",
      "geometry": {
        "type": "Point",
        "coordinates": [
          2.837678,
          36.696448
        ]
      },
      "properties": {
        "id": "djezzy-b316b4fe2b",
        "name": "Zeralda 2",
        "wilaya_code": "16",
        "commune_code": null,
        "commune": null,
        "commune_ar": null,
        "lat": 36.696448,
        "lng": 2.837678,
        "geo_precision": "exact",
        "geo_method": "operator_map",
        "source": "djezzy",
        "operator": "djezzy",
        "technology": "5G",
        "address": "ZERALDA"
      }
    },
    {
      "type": "Feature",
      "geometry": {
        "type": "Point",
        "coordinates": [
          2.8569,
          36.489
        ]
      },
      "properties": {
        "id": "djezzy-b39c20bfef",
        "name": "Ouled Yaich South",
        "wilaya_code": "09",
        "commune_code": null,
        "commune": null,
        "commune_ar": null,
        "lat": 36.489,
        "lng": 2.8569,
        "geo_precision": "exact",
        "geo_method": "operator_map",
        "source": "djezzy",
        "operator": "djezzy",
        "technology": "5G",
        "address": "Blida"
      }
    },
    {
      "type": "Feature",
      "geometry": {
        "type": "Point",
        "coordinates": [
          5.204248,
          31.903425
        ]
      },
      "properties": {
        "id": "djezzy-b3c15d6bae",
        "name": "GOR5",
        "wilaya_code": "30",
        "commune_code": null,
        "commune": null,
        "commune_ar": null,
        "lat": 31.903425,
        "lng": 5.204248,
        "geo_precision": "exact",
        "geo_method": "operator_map",
        "source": "djezzy",
        "operator": "djezzy",
        "technology": "5G",
        "address": "Ouargla"
      }
    },
    {
      "type": "Feature",
      "geometry": {
        "type": "Point",
        "coordinates": [
          5.73683333,
          36.3151111
        ]
      },
      "properties": {
        "id": "djezzy-b3e1c3862a",
        "name": "DJMILA",
        "wilaya_code": "19",
        "commune_code": null,
        "commune": null,
        "commune_ar": null,
        "lat": 36.3151111,
        "lng": 5.73683333,
        "geo_precision": "exact",
        "geo_method": "operator_map",
        "source": "djezzy",
        "operator": "djezzy",
        "technology": "5G",
        "address": "DJEMILA"
      }
    },
    {
      "type": "Feature",
      "geometry": {
        "type": "Point",
        "coordinates": [
          2.84553,
          36.7174
        ]
      },
      "properties": {
        "id": "djezzy-b3e989fcec",
        "name": "ZERALDA city",
        "wilaya_code": "16",
        "commune_code": null,
        "commune": null,
        "commune_ar": null,
        "lat": 36.7174,
        "lng": 2.84553,
        "geo_precision": "exact",
        "geo_method": "operator_map",
        "source": "djezzy",
        "operator": "djezzy",
        "technology": "5G",
        "address": "ZERALDA"
      }
    },
    {
      "type": "Feature",
      "geometry": {
        "type": "Point",
        "coordinates": [
          -0.607111111111111,
          35.7133055555556
        ]
      },
      "properties": {
        "id": "djezzy-b439aa8d5b",
        "name": "Sheraton",
        "wilaya_code": "31",
        "commune_code": null,
        "commune": null,
        "commune_ar": null,
        "lat": 35.7133055555556,
        "lng": -0.607111111111111,
        "geo_precision": "exact",
        "geo_method": "operator_map",
        "source": "djezzy",
        "operator": "djezzy",
        "technology": "5G",
        "address": "Oran"
      }
    },
    {
      "type": "Feature",
      "geometry": {
        "type": "Point",
        "coordinates": [
          5.33771,
          36.1767
        ]
      },
      "properties": {
        "id": "djezzy-b45095b147",
        "name": "Ain Arnat cite Khalfoun",
        "wilaya_code": "19",
        "commune_code": null,
        "commune": null,
        "commune_ar": null,
        "lat": 36.1767,
        "lng": 5.33771,
        "geo_precision": "exact",
        "geo_method": "operator_map",
        "source": "djezzy",
        "operator": "djezzy",
        "technology": "5G",
        "address": "AIN ARNAT"
      }
    },
    {
      "type": "Feature",
      "geometry": {
        "type": "Point",
        "coordinates": [
          6.626593,
          36.455253
        ]
      },
      "properties": {
        "id": "djezzy-b45fc1b4c6",
        "name": "Hopital Didouche",
        "wilaya_code": "25",
        "commune_code": null,
        "commune": null,
        "commune_ar": null,
        "lat": 36.455253,
        "lng": 6.626593,
        "geo_precision": "exact",
        "geo_method": "operator_map",
        "source": "djezzy",
        "operator": "djezzy",
        "technology": "5G",
        "address": "DIDOUCHE MOURAD"
      }
    },
    {
      "type": "Feature",
      "geometry": {
        "type": "Point",
        "coordinates": [
          2.98279,
          36.78138
        ]
      },
      "properties": {
        "id": "djezzy-b46f5d43ba",
        "name": "BENI MESSOUS",
        "wilaya_code": "16",
        "commune_code": null,
        "commune": null,
        "commune_ar": null,
        "lat": 36.78138,
        "lng": 2.98279,
        "geo_precision": "exact",
        "geo_method": "operator_map",
        "source": "djezzy",
        "operator": "djezzy",
        "technology": "5G",
        "address": "BENI MESSOUS"
      }
    },
    {
      "type": "Feature",
      "geometry": {
        "type": "Point",
        "coordinates": [
          3.096714,
          36.612754
        ]
      },
      "properties": {
        "id": "djezzy-b4d99235d4",
        "name": "ZI Sidi Moussa",
        "wilaya_code": "16",
        "commune_code": null,
        "commune": null,
        "commune_ar": null,
        "lat": 36.612754,
        "lng": 3.096714,
        "geo_precision": "exact",
        "geo_method": "operator_map",
        "source": "djezzy",
        "operator": "djezzy",
        "technology": "5G",
        "address": "SIDI MOUSSA"
      }
    },
    {
      "type": "Feature",
      "geometry": {
        "type": "Point",
        "coordinates": [
          -0.58285,
          35.65002
        ]
      },
      "properties": {
        "id": "djezzy-b510f824ec",
        "name": "UNIPLAS",
        "wilaya_code": "31",
        "commune_code": null,
        "commune": null,
        "commune_ar": null,
        "lat": 35.65002,
        "lng": -0.58285,
        "geo_precision": "exact",
        "geo_method": "operator_map",
        "source": "djezzy",
        "operator": "djezzy",
        "technology": "5G",
        "address": "SIDI CHAMI"
      }
    },
    {
      "type": "Feature",
      "geometry": {
        "type": "Point",
        "coordinates": [
          5.44665,
          36.1889
        ]
      },
      "properties": {
        "id": "djezzy-b648039301",
        "name": "Cite 1er Novembre 1954_A+",
        "wilaya_code": "19",
        "commune_code": null,
        "commune": null,
        "commune_ar": null,
        "lat": 36.1889,
        "lng": 5.44665,
        "geo_precision": "exact",
        "geo_method": "operator_map",
        "source": "djezzy",
        "operator": "djezzy",
        "technology": "5G",
        "address": "Setif"
      }
    },
    {
      "type": "Feature",
      "geometry": {
        "type": "Point",
        "coordinates": [
          3.284317,
          36.712856
        ]
      },
      "properties": {
        "id": "djezzy-b6b2dcd942",
        "name": "MOUATSA",
        "wilaya_code": "16",
        "commune_code": null,
        "commune": null,
        "commune_ar": null,
        "lat": 36.712856,
        "lng": 3.284317,
        "geo_precision": "exact",
        "geo_method": "operator_map",
        "source": "djezzy",
        "operator": "djezzy",
        "technology": "5G",
        "address": "ROUIBA"
      }
    },
    {
      "type": "Feature",
      "geometry": {
        "type": "Point",
        "coordinates": [
          5.04925,
          36.75634
        ]
      },
      "properties": {
        "id": "djezzy-b74125f6f5",
        "name": "Smina",
        "wilaya_code": "06",
        "commune_code": null,
        "commune": null,
        "commune_ar": null,
        "lat": 36.75634,
        "lng": 5.04925,
        "geo_precision": "exact",
        "geo_method": "operator_map",
        "source": "djezzy",
        "operator": "djezzy",
        "technology": "5G",
        "address": "Bejaia"
      }
    },
    {
      "type": "Feature",
      "geometry": {
        "type": "Point",
        "coordinates": [
          6.6082,
          34.65177
        ]
      },
      "properties": {
        "id": "djezzy-b751f2a9bb",
        "name": "Cite Belhadj site 2",
        "wilaya_code": "25",
        "commune_code": null,
        "commune": null,
        "commune_ar": null,
        "lat": 34.65177,
        "lng": 6.6082,
        "geo_precision": "exact",
        "geo_method": "operator_map",
        "source": "djezzy",
        "operator": "djezzy",
        "technology": "5G",
        "address": "Constantine"
      }
    },
    {
      "type": "Feature",
      "geometry": {
        "type": "Point",
        "coordinates": [
          6.62774,
          36.3183
        ]
      },
      "properties": {
        "id": "djezzy-b76110cab8",
        "name": "Cite Djerick",
        "wilaya_code": "25",
        "commune_code": null,
        "commune": null,
        "commune_ar": null,
        "lat": 36.3183,
        "lng": 6.62774,
        "geo_precision": "exact",
        "geo_method": "operator_map",
        "source": "djezzy",
        "operator": "djezzy",
        "technology": "5G",
        "address": "Constantine"
      }
    },
    {
      "type": "Feature",
      "geometry": {
        "type": "Point",
        "coordinates": [
          3.05763,
          36.67935
        ]
      },
      "properties": {
        "id": "djezzy-b7a33a0e1d",
        "name": "smar2_autoroute",
        "wilaya_code": "16",
        "commune_code": null,
        "commune": null,
        "commune_ar": null,
        "lat": 36.67935,
        "lng": 3.05763,
        "geo_precision": "exact",
        "geo_method": "operator_map",
        "source": "djezzy",
        "operator": "djezzy",
        "technology": "5G",
        "address": "SAOULA"
      }
    },
    {
      "type": "Feature",
      "geometry": {
        "type": "Point",
        "coordinates": [
          6.08616,
          35.5362
        ]
      },
      "properties": {
        "id": "djezzy-b7c670be65",
        "name": "HAMLA",
        "wilaya_code": "05",
        "commune_code": null,
        "commune": null,
        "commune_ar": null,
        "lat": 35.5362,
        "lng": 6.08616,
        "geo_precision": "exact",
        "geo_method": "operator_map",
        "source": "djezzy",
        "operator": "djezzy",
        "technology": "5G",
        "address": "OUED CHAABA"
      }
    },
    {
      "type": "Feature",
      "geometry": {
        "type": "Point",
        "coordinates": [
          3.02512,
          36.79451
        ]
      },
      "properties": {
        "id": "djezzy-b7f4d96789",
        "name": "CRAAG",
        "wilaya_code": "16",
        "commune_code": null,
        "commune": null,
        "commune_ar": null,
        "lat": 36.79451,
        "lng": 3.02512,
        "geo_precision": "exact",
        "geo_method": "operator_map",
        "source": "djezzy",
        "operator": "djezzy",
        "technology": "5G",
        "address": "BOUZAREAH"
      }
    },
    {
      "type": "Feature",
      "geometry": {
        "type": "Point",
        "coordinates": [
          5.40591,
          35.369
        ]
      },
      "properties": {
        "id": "djezzy-b8506d10dd",
        "name": "BAB BESKARA_A+",
        "wilaya_code": "19",
        "commune_code": null,
        "commune": null,
        "commune_ar": null,
        "lat": 35.369,
        "lng": 5.40591,
        "geo_precision": "exact",
        "geo_method": "operator_map",
        "source": "djezzy",
        "operator": "djezzy",
        "technology": "5G",
        "address": "Setif"
      }
    },
    {
      "type": "Feature",
      "geometry": {
        "type": "Point",
        "coordinates": [
          -0.575605,
          35.734342
        ]
      },
      "properties": {
        "id": "djezzy-b8a691f479",
        "name": "Rond-point bouchiki",
        "wilaya_code": "31",
        "commune_code": null,
        "commune": null,
        "commune_ar": null,
        "lat": 35.734342,
        "lng": -0.575605,
        "geo_precision": "exact",
        "geo_method": "operator_map",
        "source": "djezzy",
        "operator": "djezzy",
        "technology": "5G",
        "address": "Oran"
      }
    },
    {
      "type": "Feature",
      "geometry": {
        "type": "Point",
        "coordinates": [
          6.660547,
          34.69094
        ]
      },
      "properties": {
        "id": "djezzy-b8b84c6410",
        "name": "Terrain Bouzehzeh _El Guemas",
        "wilaya_code": "25",
        "commune_code": null,
        "commune": null,
        "commune_ar": null,
        "lat": 34.69094,
        "lng": 6.660547,
        "geo_precision": "exact",
        "geo_method": "operator_map",
        "source": "djezzy",
        "operator": "djezzy",
        "technology": "5G",
        "address": "Constantine"
      }
    },
    {
      "type": "Feature",
      "geometry": {
        "type": "Point",
        "coordinates": [
          2.97988,
          36.75775
        ]
      },
      "properties": {
        "id": "djezzy-b8f829e7d9",
        "name": "KAOUCH",
        "wilaya_code": "16",
        "commune_code": null,
        "commune": null,
        "commune_ar": null,
        "lat": 36.75775,
        "lng": 2.97988,
        "geo_precision": "exact",
        "geo_method": "operator_map",
        "source": "djezzy",
        "operator": "djezzy",
        "technology": "5G",
        "address": "DELY BRAHIM"
      }
    },
    {
      "type": "Feature",
      "geometry": {
        "type": "Point",
        "coordinates": [
          2.90978,
          36.7919
        ]
      },
      "properties": {
        "id": "djezzy-b9171ae57d",
        "name": "Belle Vue Ain Benian",
        "wilaya_code": "16",
        "commune_code": null,
        "commune": null,
        "commune_ar": null,
        "lat": 36.7919,
        "lng": 2.90978,
        "geo_precision": "exact",
        "geo_method": "operator_map",
        "source": "djezzy",
        "operator": "djezzy",
        "technology": "5G",
        "address": "AIN BENIAN"
      }
    },
    {
      "type": "Feature",
      "geometry": {
        "type": "Point",
        "coordinates": [
          6.560056,
          36.295444
        ]
      },
      "properties": {
        "id": "djezzy-b9714eef90",
        "name": "Route de Ain Semmara",
        "wilaya_code": "25",
        "commune_code": null,
        "commune": null,
        "commune_ar": null,
        "lat": 36.295444,
        "lng": 6.560056,
        "geo_precision": "exact",
        "geo_method": "operator_map",
        "source": "djezzy",
        "operator": "djezzy",
        "technology": "5G",
        "address": "Constantine"
      }
    },
    {
      "type": "Feature",
      "geometry": {
        "type": "Point",
        "coordinates": [
          3.33793,
          36.7763
        ]
      },
      "properties": {
        "id": "djezzy-b97bb0c22e",
        "name": "Lac Reghaia",
        "wilaya_code": "16",
        "commune_code": null,
        "commune": null,
        "commune_ar": null,
        "lat": 36.7763,
        "lng": 3.33793,
        "geo_precision": "exact",
        "geo_method": "operator_map",
        "source": "djezzy",
        "operator": "djezzy",
        "technology": "5G",
        "address": "REGHAIA"
      }
    },
    {
      "type": "Feature",
      "geometry": {
        "type": "Point",
        "coordinates": [
          3.20378,
          36.73912
        ]
      },
      "properties": {
        "id": "djezzy-b98ae46524",
        "name": "Cite Kaidi_2",
        "wilaya_code": "16",
        "commune_code": null,
        "commune": null,
        "commune_ar": null,
        "lat": 36.73912,
        "lng": 3.20378,
        "geo_precision": "exact",
        "geo_method": "operator_map",
        "source": "djezzy",
        "operator": "djezzy",
        "technology": "5G",
        "address": "BORDJ EL KIFFAN"
      }
    },
    {
      "type": "Feature",
      "geometry": {
        "type": "Point",
        "coordinates": [
          3.09444,
          36.73734
        ]
      },
      "properties": {
        "id": "djezzy-b998510b77",
        "name": "Cite Amerrouche",
        "wilaya_code": "16",
        "commune_code": null,
        "commune": null,
        "commune_ar": null,
        "lat": 36.73734,
        "lng": 3.09444,
        "geo_precision": "exact",
        "geo_method": "operator_map",
        "source": "djezzy",
        "operator": "djezzy",
        "technology": "5G",
        "address": "KOUBA"
      }
    },
    {
      "type": "Feature",
      "geometry": {
        "type": "Point",
        "coordinates": [
          6.7245,
          36.2987
        ]
      },
      "properties": {
        "id": "djezzy-b9ad0766cf",
        "name": "Ain Nhass_North",
        "wilaya_code": "25",
        "commune_code": null,
        "commune": null,
        "commune_ar": null,
        "lat": 36.2987,
        "lng": 6.7245,
        "geo_precision": "exact",
        "geo_method": "operator_map",
        "source": "djezzy",
        "operator": "djezzy",
        "technology": "5G",
        "address": "EL KHROUB"
      }
    },
    {
      "type": "Feature",
      "geometry": {
        "type": "Point",
        "coordinates": [
          0.230305555555556,
          29.2619444444444
        ]
      },
      "properties": {
        "id": "djezzy-b9d6277f54",
        "name": "Timimoun Down Town",
        "wilaya_code": "49",
        "commune_code": null,
        "commune": null,
        "commune_ar": null,
        "lat": 29.2619444444444,
        "lng": 0.230305555555556,
        "geo_precision": "exact",
        "geo_method": "operator_map",
        "source": "djezzy",
        "operator": "djezzy",
        "technology": "5G",
        "address": "Timimoun"
      }
    },
    {
      "type": "Feature",
      "geometry": {
        "type": "Point",
        "coordinates": [
          2.951279,
          36.765697
        ]
      },
      "properties": {
        "id": "djezzy-ba19705c64",
        "name": "route de ouled Fayet",
        "wilaya_code": "16",
        "commune_code": null,
        "commune": null,
        "commune_ar": null,
        "lat": 36.765697,
        "lng": 2.951279,
        "geo_precision": "exact",
        "geo_method": "operator_map",
        "source": "djezzy",
        "operator": "djezzy",
        "technology": "5G",
        "address": "CHERAGA"
      }
    },
    {
      "type": "Feature",
      "geometry": {
        "type": "Point",
        "coordinates": [
          2.91341,
          36.7898
        ]
      },
      "properties": {
        "id": "djezzy-ba5a8250cb",
        "name": "Ain benian ville",
        "wilaya_code": "16",
        "commune_code": null,
        "commune": null,
        "commune_ar": null,
        "lat": 36.7898,
        "lng": 2.91341,
        "geo_precision": "exact",
        "geo_method": "operator_map",
        "source": "djezzy",
        "operator": "djezzy",
        "technology": "5G",
        "address": "AIN BENIAN"
      }
    },
    {
      "type": "Feature",
      "geometry": {
        "type": "Point",
        "coordinates": [
          3.05567,
          36.66059
        ]
      },
      "properties": {
        "id": "djezzy-ba98349fcf",
        "name": "Baba Ali 2",
        "wilaya_code": "16",
        "commune_code": null,
        "commune": null,
        "commune_ar": null,
        "lat": 36.66059,
        "lng": 3.05567,
        "geo_precision": "exact",
        "geo_method": "operator_map",
        "source": "djezzy",
        "operator": "djezzy",
        "technology": "5G",
        "address": "BIRTOUTA"
      }
    },
    {
      "type": "Feature",
      "geometry": {
        "type": "Point",
        "coordinates": [
          3.05629,
          36.76227
        ]
      },
      "properties": {
        "id": "djezzy-baa8d3e464",
        "name": "Place du 1 Mai",
        "wilaya_code": "16",
        "commune_code": null,
        "commune": null,
        "commune_ar": null,
        "lat": 36.76227,
        "lng": 3.05629,
        "geo_precision": "exact",
        "geo_method": "operator_map",
        "source": "djezzy",
        "operator": "djezzy",
        "technology": "5G",
        "address": "SIDI MHAMED"
      }
    },
    {
      "type": "Feature",
      "geometry": {
        "type": "Point",
        "coordinates": [
          3.28621,
          36.74891
        ]
      },
      "properties": {
        "id": "djezzy-baaca32d48",
        "name": "cite LPP Medeghri Rouiba",
        "wilaya_code": "16",
        "commune_code": null,
        "commune": null,
        "commune_ar": null,
        "lat": 36.74891,
        "lng": 3.28621,
        "geo_precision": "exact",
        "geo_method": "operator_map",
        "source": "djezzy",
        "operator": "djezzy",
        "technology": "5G",
        "address": "ROUIBA"
      }
    },
    {
      "type": "Feature",
      "geometry": {
        "type": "Point",
        "coordinates": [
          6.569472,
          36.242538
        ]
      },
      "properties": {
        "id": "djezzy-bac13fdb5f",
        "name": "Université Abdelmadjid Mehri",
        "wilaya_code": "25",
        "commune_code": null,
        "commune": null,
        "commune_ar": null,
        "lat": 36.242538,
        "lng": 6.569472,
        "geo_precision": "exact",
        "geo_method": "operator_map",
        "source": "djezzy",
        "operator": "djezzy",
        "technology": "5G",
        "address": "AIN SMARA"
      }
    },
    {
      "type": "Feature",
      "geometry": {
        "type": "Point",
        "coordinates": [
          2.9983,
          36.7146
        ]
      },
      "properties": {
        "id": "djezzy-bacb55ad32",
        "name": "Draria",
        "wilaya_code": "16",
        "commune_code": null,
        "commune": null,
        "commune_ar": null,
        "lat": 36.7146,
        "lng": 2.9983,
        "geo_precision": "exact",
        "geo_method": "operator_map",
        "source": "djezzy",
        "operator": "djezzy",
        "technology": "5G",
        "address": "DRARIA"
      }
    },
    {
      "type": "Feature",
      "geometry": {
        "type": "Point",
        "coordinates": [
          3.07236,
          36.64739
        ]
      },
      "properties": {
        "id": "djezzy-bad885427a",
        "name": "Eldjilali",
        "wilaya_code": "16",
        "commune_code": null,
        "commune": null,
        "commune_ar": null,
        "lat": 36.64739,
        "lng": 3.07236,
        "geo_precision": "exact",
        "geo_method": "operator_map",
        "source": "djezzy",
        "operator": "djezzy",
        "technology": "5G",
        "address": "BARAKI"
      }
    },
    {
      "type": "Feature",
      "geometry": {
        "type": "Point",
        "coordinates": [
          5.68156,
          36.2131
        ]
      },
      "properties": {
        "id": "djezzy-bb13214b44",
        "name": "Cite Ben Madi Miloud",
        "wilaya_code": "19",
        "commune_code": null,
        "commune": null,
        "commune_ar": null,
        "lat": 36.2131,
        "lng": 5.68156,
        "geo_precision": "exact",
        "geo_method": "operator_map",
        "source": "djezzy",
        "operator": "djezzy",
        "technology": "5G",
        "address": "EL EULMA"
      }
    },
    {
      "type": "Feature",
      "geometry": {
        "type": "Point",
        "coordinates": [
          2.85717,
          36.68972
        ]
      },
      "properties": {
        "id": "djezzy-bb3db33f44",
        "name": "SIDI ABDELLAH ZONE D",
        "wilaya_code": "16",
        "commune_code": null,
        "commune": null,
        "commune_ar": null,
        "lat": 36.68972,
        "lng": 2.85717,
        "geo_precision": "exact",
        "geo_method": "operator_map",
        "source": "djezzy",
        "operator": "djezzy",
        "technology": "5G",
        "address": "ZERALDA"
      }
    },
    {
      "type": "Feature",
      "geometry": {
        "type": "Point",
        "coordinates": [
          3.23499,
          36.77139
        ]
      },
      "properties": {
        "id": "djezzy-bbe1b1e75a",
        "name": "cite Doum BEK",
        "wilaya_code": "16",
        "commune_code": null,
        "commune": null,
        "commune_ar": null,
        "lat": 36.77139,
        "lng": 3.23499,
        "geo_precision": "exact",
        "geo_method": "operator_map",
        "source": "djezzy",
        "operator": "djezzy",
        "technology": "5G",
        "address": "BORDJ EL KIFFAN"
      }
    },
    {
      "type": "Feature",
      "geometry": {
        "type": "Point",
        "coordinates": [
          3.225841,
          36.748482
        ]
      },
      "properties": {
        "id": "djezzy-bc0116f96b",
        "name": "Si Smail 05",
        "wilaya_code": "16",
        "commune_code": null,
        "commune": null,
        "commune_ar": null,
        "lat": 36.748482,
        "lng": 3.225841,
        "geo_precision": "exact",
        "geo_method": "operator_map",
        "source": "djezzy",
        "operator": "djezzy",
        "technology": "5G",
        "address": "BORDJ EL KIFFAN"
      }
    },
    {
      "type": "Feature",
      "geometry": {
        "type": "Point",
        "coordinates": [
          5.39286,
          36.19474
        ]
      },
      "properties": {
        "id": "djezzy-bc1238b061",
        "name": "CITE GASRIA 2",
        "wilaya_code": "19",
        "commune_code": null,
        "commune": null,
        "commune_ar": null,
        "lat": 36.19474,
        "lng": 5.39286,
        "geo_precision": "exact",
        "geo_method": "operator_map",
        "source": "djezzy",
        "operator": "djezzy",
        "technology": "5G",
        "address": "Setif"
      }
    },
    {
      "type": "Feature",
      "geometry": {
        "type": "Point",
        "coordinates": [
          7.30841,
          36.76587
        ]
      },
      "properties": {
        "id": "djezzy-bc2a60d97e",
        "name": "Bekkouche Lakhdar 2",
        "wilaya_code": "21",
        "commune_code": null,
        "commune": null,
        "commune_ar": null,
        "lat": 36.76587,
        "lng": 7.30841,
        "geo_precision": "exact",
        "geo_method": "operator_map",
        "source": "djezzy",
        "operator": "djezzy",
        "technology": "5G",
        "address": "BEKKOUCHE LAKHDAR"
      }
    },
    {
      "type": "Feature",
      "geometry": {
        "type": "Point",
        "coordinates": [
          5.26555,
          31.9528
        ]
      },
      "properties": {
        "id": "djezzy-bc922c5c03",
        "name": "Nouvelle ville El Khafdji",
        "wilaya_code": "30",
        "commune_code": null,
        "commune": null,
        "commune_ar": null,
        "lat": 31.9528,
        "lng": 5.26555,
        "geo_precision": "exact",
        "geo_method": "operator_map",
        "source": "djezzy",
        "operator": "djezzy",
        "technology": "5G",
        "address": "Ouargla"
      }
    },
    {
      "type": "Feature",
      "geometry": {
        "type": "Point",
        "coordinates": [
          3.17573,
          36.65489
        ]
      },
      "properties": {
        "id": "djezzy-bca58186f0",
        "name": "View Chrarba",
        "wilaya_code": "16",
        "commune_code": null,
        "commune": null,
        "commune_ar": null,
        "lat": 36.65489,
        "lng": 3.17573,
        "geo_precision": "exact",
        "geo_method": "operator_map",
        "source": "djezzy",
        "operator": "djezzy",
        "technology": "5G",
        "address": "LES EUCALYPTUS"
      }
    },
    {
      "type": "Feature",
      "geometry": {
        "type": "Point",
        "coordinates": [
          2.9954,
          36.7429
        ]
      },
      "properties": {
        "id": "djezzy-bcc7489071",
        "name": "Sahrawy Batiment",
        "wilaya_code": "16",
        "commune_code": null,
        "commune": null,
        "commune_ar": null,
        "lat": 36.7429,
        "lng": 2.9954,
        "geo_precision": "exact",
        "geo_method": "operator_map",
        "source": "djezzy",
        "operator": "djezzy",
        "technology": "5G",
        "address": "EL ACHOUR"
      }
    },
    {
      "type": "Feature",
      "geometry": {
        "type": "Point",
        "coordinates": [
          5.40966,
          36.1953
        ]
      },
      "properties": {
        "id": "djezzy-bce35b5690",
        "name": "CITE 8 MAI 1945",
        "wilaya_code": "19",
        "commune_code": null,
        "commune": null,
        "commune_ar": null,
        "lat": 36.1953,
        "lng": 5.40966,
        "geo_precision": "exact",
        "geo_method": "operator_map",
        "source": "djezzy",
        "operator": "djezzy",
        "technology": "5G",
        "address": "Setif"
      }
    },
    {
      "type": "Feature",
      "geometry": {
        "type": "Point",
        "coordinates": [
          6.710344,
          36.272085
        ]
      },
      "properties": {
        "id": "djezzy-bcf66ee875",
        "name": "Cite HAYAT",
        "wilaya_code": "25",
        "commune_code": null,
        "commune": null,
        "commune_ar": null,
        "lat": 36.272085,
        "lng": 6.710344,
        "geo_precision": "exact",
        "geo_method": "operator_map",
        "source": "djezzy",
        "operator": "djezzy",
        "technology": "5G",
        "address": "EL KHROUB"
      }
    },
    {
      "type": "Feature",
      "geometry": {
        "type": "Point",
        "coordinates": [
          -1.377982,
          34.874277
        ]
      },
      "properties": {
        "id": "djezzy-bd08217e11",
        "name": "New extension city_Bouhenak",
        "wilaya_code": "13",
        "commune_code": null,
        "commune": null,
        "commune_ar": null,
        "lat": 34.874277,
        "lng": -1.377982,
        "geo_precision": "exact",
        "geo_method": "operator_map",
        "source": "djezzy",
        "operator": "djezzy",
        "technology": "5G",
        "address": "MANSOURAH"
      }
    },
    {
      "type": "Feature",
      "geometry": {
        "type": "Point",
        "coordinates": [
          3.09462,
          36.7211
        ]
      },
      "properties": {
        "id": "djezzy-bd1df56ef4",
        "name": "HAI EL BADR",
        "wilaya_code": "16",
        "commune_code": null,
        "commune": null,
        "commune_ar": null,
        "lat": 36.7211,
        "lng": 3.09462,
        "geo_precision": "exact",
        "geo_method": "operator_map",
        "source": "djezzy",
        "operator": "djezzy",
        "technology": "5G",
        "address": "KOUBA"
      }
    },
    {
      "type": "Feature",
      "geometry": {
        "type": "Point",
        "coordinates": [
          2.99036,
          36.64103
        ]
      },
      "properties": {
        "id": "djezzy-bd226b6dba",
        "name": "cité 1680 lgts Birtouta",
        "wilaya_code": "16",
        "commune_code": null,
        "commune": null,
        "commune_ar": null,
        "lat": 36.64103,
        "lng": 2.99036,
        "geo_precision": "exact",
        "geo_method": "operator_map",
        "source": "djezzy",
        "operator": "djezzy",
        "technology": "5G",
        "address": "BIRTOUTA"
      }
    },
    {
      "type": "Feature",
      "geometry": {
        "type": "Point",
        "coordinates": [
          6.6304,
          36.37737
        ]
      },
      "properties": {
        "id": "djezzy-bd2e1756b1",
        "name": "SOUK EL FELLAH_T",
        "wilaya_code": "25",
        "commune_code": null,
        "commune": null,
        "commune_ar": null,
        "lat": 36.37737,
        "lng": 6.6304,
        "geo_precision": "exact",
        "geo_method": "operator_map",
        "source": "djezzy",
        "operator": "djezzy",
        "technology": "5G",
        "address": "Constantine"
      }
    },
    {
      "type": "Feature",
      "geometry": {
        "type": "Point",
        "coordinates": [
          5.6662,
          36.1723
        ]
      },
      "properties": {
        "id": "djezzy-bd7a3ee86b",
        "name": "Cite Omar Oued Sareg",
        "wilaya_code": "19",
        "commune_code": null,
        "commune": null,
        "commune_ar": null,
        "lat": 36.1723,
        "lng": 5.6662,
        "geo_precision": "exact",
        "geo_method": "operator_map",
        "source": "djezzy",
        "operator": "djezzy",
        "technology": "5G",
        "address": "EL EULMA"
      }
    },
    {
      "type": "Feature",
      "geometry": {
        "type": "Point",
        "coordinates": [
          6.58952,
          36.33582
        ]
      },
      "properties": {
        "id": "djezzy-be39f1e816",
        "name": "SONELGAZ",
        "wilaya_code": "25",
        "commune_code": null,
        "commune": null,
        "commune_ar": null,
        "lat": 36.33582,
        "lng": 6.58952,
        "geo_precision": "exact",
        "geo_method": "operator_map",
        "source": "djezzy",
        "operator": "djezzy",
        "technology": "5G",
        "address": "Constantine"
      }
    },
    {
      "type": "Feature",
      "geometry": {
        "type": "Point",
        "coordinates": [
          2.99175,
          36.73549
        ]
      },
      "properties": {
        "id": "djezzy-be57ab5c94",
        "name": "El Achour 1",
        "wilaya_code": "16",
        "commune_code": null,
        "commune": null,
        "commune_ar": null,
        "lat": 36.73549,
        "lng": 2.99175,
        "geo_precision": "exact",
        "geo_method": "operator_map",
        "source": "djezzy",
        "operator": "djezzy",
        "technology": "5G",
        "address": "EL ACHOUR"
      }
    },
    {
      "type": "Feature",
      "geometry": {
        "type": "Point",
        "coordinates": [
          3.208039,
          36.710395
        ]
      },
      "properties": {
        "id": "djezzy-be70438a99",
        "name": "Micro B6",
        "wilaya_code": "16",
        "commune_code": null,
        "commune": null,
        "commune_ar": null,
        "lat": 36.710395,
        "lng": 3.208039,
        "geo_precision": "exact",
        "geo_method": "operator_map",
        "source": "djezzy",
        "operator": "djezzy",
        "technology": "5G",
        "address": "DAR EL BEIDA"
      }
    },
    {
      "type": "Feature",
      "geometry": {
        "type": "Point",
        "coordinates": [
          3.00974,
          36.73163
        ]
      },
      "properties": {
        "id": "djezzy-beb87b94ae",
        "name": "AADL EL Achour",
        "wilaya_code": "16",
        "commune_code": null,
        "commune": null,
        "commune_ar": null,
        "lat": 36.73163,
        "lng": 3.00974,
        "geo_precision": "exact",
        "geo_method": "operator_map",
        "source": "djezzy",
        "operator": "djezzy",
        "technology": "5G",
        "address": "EL ACHOUR"
      }
    },
    {
      "type": "Feature",
      "geometry": {
        "type": "Point",
        "coordinates": [
          3.225186,
          36.71284
        ]
      },
      "properties": {
        "id": "djezzy-bf571358dc",
        "name": "Cite des travailleurs",
        "wilaya_code": "16",
        "commune_code": null,
        "commune": null,
        "commune_ar": null,
        "lat": 36.71284,
        "lng": 3.225186,
        "geo_precision": "exact",
        "geo_method": "operator_map",
        "source": "djezzy",
        "operator": "djezzy",
        "technology": "5G",
        "address": "DAR EL BEIDA"
      }
    },
    {
      "type": "Feature",
      "geometry": {
        "type": "Point",
        "coordinates": [
          3.25214,
          36.7438
        ]
      },
      "properties": {
        "id": "djezzy-bfbe199e6e",
        "name": "Swachette",
        "wilaya_code": "16",
        "commune_code": null,
        "commune": null,
        "commune_ar": null,
        "lat": 36.7438,
        "lng": 3.25214,
        "geo_precision": "exact",
        "geo_method": "operator_map",
        "source": "djezzy",
        "operator": "djezzy",
        "technology": "5G",
        "address": "ROUIBA"
      }
    },
    {
      "type": "Feature",
      "geometry": {
        "type": "Point",
        "coordinates": [
          3.10044,
          36.62033
        ]
      },
      "properties": {
        "id": "djezzy-bfe241c799",
        "name": "Sidi Moussa_2",
        "wilaya_code": "16",
        "commune_code": null,
        "commune": null,
        "commune_ar": null,
        "lat": 36.62033,
        "lng": 3.10044,
        "geo_precision": "exact",
        "geo_method": "operator_map",
        "source": "djezzy",
        "operator": "djezzy",
        "technology": "5G",
        "address": "SIDI MOUSSA"
      }
    },
    {
      "type": "Feature",
      "geometry": {
        "type": "Point",
        "coordinates": [
          5.6729663,
          34.89729
        ]
      },
      "properties": {
        "id": "djezzy-c0318533b6",
        "name": "cite meziane saou",
        "wilaya_code": "19",
        "commune_code": null,
        "commune": null,
        "commune_ar": null,
        "lat": 34.89729,
        "lng": 5.6729663,
        "geo_precision": "exact",
        "geo_method": "operator_map",
        "source": "djezzy",
        "operator": "djezzy",
        "technology": "5G",
        "address": "EL EULMA"
      }
    },
    {
      "type": "Feature",
      "geometry": {
        "type": "Point",
        "coordinates": [
          6.62778,
          36.34871
        ]
      },
      "properties": {
        "id": "djezzy-c0af143d39",
        "name": "Complexe Sportif 17 Juin,",
        "wilaya_code": "25",
        "commune_code": null,
        "commune": null,
        "commune_ar": null,
        "lat": 36.34871,
        "lng": 6.62778,
        "geo_precision": "exact",
        "geo_method": "operator_map",
        "source": "djezzy",
        "operator": "djezzy",
        "technology": "5G",
        "address": "Constantine"
      }
    },
    {
      "type": "Feature",
      "geometry": {
        "type": "Point",
        "coordinates": [
          3.17734,
          36.64141
        ]
      },
      "properties": {
        "id": "djezzy-c0af943238",
        "name": "zone d'activite Eucalyptus",
        "wilaya_code": "16",
        "commune_code": null,
        "commune": null,
        "commune_ar": null,
        "lat": 36.64141,
        "lng": 3.17734,
        "geo_precision": "exact",
        "geo_method": "operator_map",
        "source": "djezzy",
        "operator": "djezzy",
        "technology": "5G",
        "address": "LES EUCALYPTUS"
      }
    },
    {
      "type": "Feature",
      "geometry": {
        "type": "Point",
        "coordinates": [
          3.11446,
          36.7201
        ]
      },
      "properties": {
        "id": "djezzy-c0ecce1b60",
        "name": "IGECO",
        "wilaya_code": "16",
        "commune_code": null,
        "commune": null,
        "commune_ar": null,
        "lat": 36.7201,
        "lng": 3.11446,
        "geo_precision": "exact",
        "geo_method": "operator_map",
        "source": "djezzy",
        "operator": "djezzy",
        "technology": "5G",
        "address": "BACH DJERRAH"
      }
    },
    {
      "type": "Feature",
      "geometry": {
        "type": "Point",
        "coordinates": [
          -0.575158,
          35.650187
        ]
      },
      "properties": {
        "id": "djezzy-c12bae12c5",
        "name": "Cite 500 Logmts",
        "wilaya_code": "31",
        "commune_code": null,
        "commune": null,
        "commune_ar": null,
        "lat": 35.650187,
        "lng": -0.575158,
        "geo_precision": "exact",
        "geo_method": "operator_map",
        "source": "djezzy",
        "operator": "djezzy",
        "technology": "5G",
        "address": "SIDI CHAMI"
      }
    },
    {
      "type": "Feature",
      "geometry": {
        "type": "Point",
        "coordinates": [
          6.16204,
          35.532
        ]
      },
      "properties": {
        "id": "djezzy-c261566a27",
        "name": "Tour de Batna",
        "wilaya_code": "05",
        "commune_code": null,
        "commune": null,
        "commune_ar": null,
        "lat": 35.532,
        "lng": 6.16204,
        "geo_precision": "exact",
        "geo_method": "operator_map",
        "source": "djezzy",
        "operator": "djezzy",
        "technology": "5G",
        "address": "Batna"
      }
    },
    {
      "type": "Feature",
      "geometry": {
        "type": "Point",
        "coordinates": [
          3.03107,
          36.76913
        ]
      },
      "properties": {
        "id": "djezzy-c2925bc5c9",
        "name": "Place Kennedy",
        "wilaya_code": "16",
        "commune_code": null,
        "commune": null,
        "commune_ar": null,
        "lat": 36.76913,
        "lng": 3.03107,
        "geo_precision": "exact",
        "geo_method": "operator_map",
        "source": "djezzy",
        "operator": "djezzy",
        "technology": "5G",
        "address": "EL BIAR"
      }
    },
    {
      "type": "Feature",
      "geometry": {
        "type": "Point",
        "coordinates": [
          3.34053,
          36.73312
        ]
      },
      "properties": {
        "id": "djezzy-c2c3ae82b1",
        "name": "Reghaia ZI sud",
        "wilaya_code": "16",
        "commune_code": null,
        "commune": null,
        "commune_ar": null,
        "lat": 36.73312,
        "lng": 3.34053,
        "geo_precision": "exact",
        "geo_method": "operator_map",
        "source": "djezzy",
        "operator": "djezzy",
        "technology": "5G",
        "address": "REGHAIA"
      }
    },
    {
      "type": "Feature",
      "geometry": {
        "type": "Point",
        "coordinates": [
          3.18185,
          36.74671
        ]
      },
      "properties": {
        "id": "djezzy-c2c5c4a4e5",
        "name": "La station",
        "wilaya_code": "16",
        "commune_code": null,
        "commune": null,
        "commune_ar": null,
        "lat": 36.74671,
        "lng": 3.18185,
        "geo_precision": "exact",
        "geo_method": "operator_map",
        "source": "djezzy",
        "operator": "djezzy",
        "technology": "5G",
        "address": "BORDJ EL KIFFAN"
      }
    },
    {
      "type": "Feature",
      "geometry": {
        "type": "Point",
        "coordinates": [
          3.33668,
          36.727
        ]
      },
      "properties": {
        "id": "djezzy-c2d8548f77",
        "name": "GTP",
        "wilaya_code": "16",
        "commune_code": null,
        "commune": null,
        "commune_ar": null,
        "lat": 36.727,
        "lng": 3.33668,
        "geo_precision": "exact",
        "geo_method": "operator_map",
        "source": "djezzy",
        "operator": "djezzy",
        "technology": "5G",
        "address": "REGHAIA"
      }
    },
    {
      "type": "Feature",
      "geometry": {
        "type": "Point",
        "coordinates": [
          2.98908,
          36.70694
        ]
      },
      "properties": {
        "id": "djezzy-c31319690b",
        "name": "chemin des cretes Draria",
        "wilaya_code": "16",
        "commune_code": null,
        "commune": null,
        "commune_ar": null,
        "lat": 36.70694,
        "lng": 2.98908,
        "geo_precision": "exact",
        "geo_method": "operator_map",
        "source": "djezzy",
        "operator": "djezzy",
        "technology": "5G",
        "address": "DRARIA"
      }
    },
    {
      "type": "Feature",
      "geometry": {
        "type": "Point",
        "coordinates": [
          -0.6379,
          35.7
        ]
      },
      "properties": {
        "id": "djezzy-c32b76a6d8",
        "name": "Cite Pere",
        "wilaya_code": "31",
        "commune_code": null,
        "commune": null,
        "commune_ar": null,
        "lat": 35.7,
        "lng": -0.6379,
        "geo_precision": "approximate",
        "geo_method": "operator_map",
        "source": "djezzy",
        "operator": "djezzy",
        "technology": "5G",
        "address": "Oran"
      }
    },
    {
      "type": "Feature",
      "geometry": {
        "type": "Point",
        "coordinates": [
          2.98415,
          36.66853
        ]
      },
      "properties": {
        "id": "djezzy-c32c828999",
        "name": "Boukhriss",
        "wilaya_code": "16",
        "commune_code": null,
        "commune": null,
        "commune_ar": null,
        "lat": 36.66853,
        "lng": 2.98415,
        "geo_precision": "exact",
        "geo_method": "operator_map",
        "source": "djezzy",
        "operator": "djezzy",
        "technology": "5G",
        "address": "KHRAISSIA"
      }
    },
    {
      "type": "Feature",
      "geometry": {
        "type": "Point",
        "coordinates": [
          2.84717,
          36.68763
        ]
      },
      "properties": {
        "id": "djezzy-c3d504868f",
        "name": "cité Belkacem Mahelma",
        "wilaya_code": "16",
        "commune_code": null,
        "commune": null,
        "commune_ar": null,
        "lat": 36.68763,
        "lng": 2.84717,
        "geo_precision": "exact",
        "geo_method": "operator_map",
        "source": "djezzy",
        "operator": "djezzy",
        "technology": "5G",
        "address": "ZERALDA"
      }
    },
    {
      "type": "Feature",
      "geometry": {
        "type": "Point",
        "coordinates": [
          6.878256,
          36.880477
        ]
      },
      "properties": {
        "id": "djezzy-c4ab77504a",
        "name": "Beni Malek",
        "wilaya_code": "21",
        "commune_code": null,
        "commune": null,
        "commune_ar": null,
        "lat": 36.880477,
        "lng": 6.878256,
        "geo_precision": "exact",
        "geo_method": "operator_map",
        "source": "djezzy",
        "operator": "djezzy",
        "technology": "5G",
        "address": "Skikda"
      }
    },
    {
      "type": "Feature",
      "geometry": {
        "type": "Point",
        "coordinates": [
          2.9681,
          36.7678
        ]
      },
      "properties": {
        "id": "djezzy-c4e83adce0",
        "name": "Cheraga_2",
        "wilaya_code": "16",
        "commune_code": null,
        "commune": null,
        "commune_ar": null,
        "lat": 36.7678,
        "lng": 2.9681,
        "geo_precision": "exact",
        "geo_method": "operator_map",
        "source": "djezzy",
        "operator": "djezzy",
        "technology": "5G",
        "address": "CHERAGA"
      }
    },
    {
      "type": "Feature",
      "geometry": {
        "type": "Point",
        "coordinates": [
          3.28118,
          36.74317
        ]
      },
      "properties": {
        "id": "djezzy-c5024d37d9",
        "name": "cooperative les Oranges",
        "wilaya_code": "16",
        "commune_code": null,
        "commune": null,
        "commune_ar": null,
        "lat": 36.74317,
        "lng": 3.28118,
        "geo_precision": "exact",
        "geo_method": "operator_map",
        "source": "djezzy",
        "operator": "djezzy",
        "technology": "5G",
        "address": "ROUIBA"
      }
    },
    {
      "type": "Feature",
      "geometry": {
        "type": "Point",
        "coordinates": [
          6.649382,
          36.378838
        ]
      },
      "properties": {
        "id": "djezzy-c50df63070",
        "name": "Serkina",
        "wilaya_code": "25",
        "commune_code": null,
        "commune": null,
        "commune_ar": null,
        "lat": 36.378838,
        "lng": 6.649382,
        "geo_precision": "exact",
        "geo_method": "operator_map",
        "source": "djezzy",
        "operator": "djezzy",
        "technology": "5G",
        "address": "Constantine"
      }
    },
    {
      "type": "Feature",
      "geometry": {
        "type": "Point",
        "coordinates": [
          5.29807,
          35.8857
        ]
      },
      "properties": {
        "id": "djezzy-c52b6ed0ff",
        "name": "Ecole Mebarek Nia_A+",
        "wilaya_code": "19",
        "commune_code": null,
        "commune": null,
        "commune_ar": null,
        "lat": 35.8857,
        "lng": 5.29807,
        "geo_precision": "exact",
        "geo_method": "operator_map",
        "source": "djezzy",
        "operator": "djezzy",
        "technology": "5G",
        "address": "AIN OULMANE"
      }
    },
    {
      "type": "Feature",
      "geometry": {
        "type": "Point",
        "coordinates": [
          3.28435,
          36.73258
        ]
      },
      "properties": {
        "id": "djezzy-c5ae064566",
        "name": "ZI Rouiba 5",
        "wilaya_code": "16",
        "commune_code": null,
        "commune": null,
        "commune_ar": null,
        "lat": 36.73258,
        "lng": 3.28435,
        "geo_precision": "exact",
        "geo_method": "operator_map",
        "source": "djezzy",
        "operator": "djezzy",
        "technology": "5G",
        "address": "ROUIBA"
      }
    },
    {
      "type": "Feature",
      "geometry": {
        "type": "Point",
        "coordinates": [
          3.06133,
          36.73011
        ]
      },
      "properties": {
        "id": "djezzy-c5d6c80bd1",
        "name": "Cite Garidi II",
        "wilaya_code": "16",
        "commune_code": null,
        "commune": null,
        "commune_ar": null,
        "lat": 36.73011,
        "lng": 3.06133,
        "geo_precision": "exact",
        "geo_method": "operator_map",
        "source": "djezzy",
        "operator": "djezzy",
        "technology": "5G",
        "address": "KOUBA"
      }
    },
    {
      "type": "Feature",
      "geometry": {
        "type": "Point",
        "coordinates": [
          4.05848,
          36.6953
        ]
      },
      "properties": {
        "id": "djezzy-c60ffa57c7",
        "name": "Azib Ahmed",
        "wilaya_code": "15",
        "commune_code": null,
        "commune": null,
        "commune_ar": null,
        "lat": 36.6953,
        "lng": 4.05848,
        "geo_precision": "exact",
        "geo_method": "operator_map",
        "source": "djezzy",
        "operator": "djezzy",
        "technology": "5G",
        "address": "Tizi Ouzou"
      }
    },
    {
      "type": "Feature",
      "geometry": {
        "type": "Point",
        "coordinates": [
          3.18157,
          36.66285
        ]
      },
      "properties": {
        "id": "djezzy-c6198891be",
        "name": "Chraaba hay fazli",
        "wilaya_code": "16",
        "commune_code": null,
        "commune": null,
        "commune_ar": null,
        "lat": 36.66285,
        "lng": 3.18157,
        "geo_precision": "exact",
        "geo_method": "operator_map",
        "source": "djezzy",
        "operator": "djezzy",
        "technology": "5G",
        "address": "LES EUCALYPTUS"
      }
    },
    {
      "type": "Feature",
      "geometry": {
        "type": "Point",
        "coordinates": [
          2.946123,
          36.750822
        ]
      },
      "properties": {
        "id": "djezzy-c663251243",
        "name": "zone d'activite cheraga",
        "wilaya_code": "16",
        "commune_code": null,
        "commune": null,
        "commune_ar": null,
        "lat": 36.750822,
        "lng": 2.946123,
        "geo_precision": "exact",
        "geo_method": "operator_map",
        "source": "djezzy",
        "operator": "djezzy",
        "technology": "5G",
        "address": "CHERAGA"
      }
    },
    {
      "type": "Feature",
      "geometry": {
        "type": "Point",
        "coordinates": [
          -0.66179,
          35.68177
        ]
      },
      "properties": {
        "id": "djezzy-c6c6fa2920",
        "name": "Protain",
        "wilaya_code": "31",
        "commune_code": null,
        "commune": null,
        "commune_ar": null,
        "lat": 35.68177,
        "lng": -0.66179,
        "geo_precision": "exact",
        "geo_method": "operator_map",
        "source": "djezzy",
        "operator": "djezzy",
        "technology": "5G",
        "address": "Oran"
      }
    },
    {
      "type": "Feature",
      "geometry": {
        "type": "Point",
        "coordinates": [
          -0.652083333333333,
          35.6730833333333
        ]
      },
      "properties": {
        "id": "djezzy-c6c7693fca",
        "name": "Clinique Maraval",
        "wilaya_code": "31",
        "commune_code": null,
        "commune": null,
        "commune_ar": null,
        "lat": 35.6730833333333,
        "lng": -0.652083333333333,
        "geo_precision": "exact",
        "geo_method": "operator_map",
        "source": "djezzy",
        "operator": "djezzy",
        "technology": "5G",
        "address": "Oran"
      }
    },
    {
      "type": "Feature",
      "geometry": {
        "type": "Point",
        "coordinates": [
          -0.449333,
          35.537506
        ]
      },
      "properties": {
        "id": "djezzy-c74bf4f330",
        "name": "ZI_Tlilet 2",
        "wilaya_code": "31",
        "commune_code": null,
        "commune": null,
        "commune_ar": null,
        "lat": 35.537506,
        "lng": -0.449333,
        "geo_precision": "exact",
        "geo_method": "operator_map",
        "source": "djezzy",
        "operator": "djezzy",
        "technology": "5G",
        "address": "OUED TLELAT"
      }
    },
    {
      "type": "Feature",
      "geometry": {
        "type": "Point",
        "coordinates": [
          6.83583,
          36.65812
        ]
      },
      "properties": {
        "id": "djezzy-c78442fcdf",
        "name": "EL HARROUCHE 4",
        "wilaya_code": "21",
        "commune_code": null,
        "commune": null,
        "commune_ar": null,
        "lat": 36.65812,
        "lng": 6.83583,
        "geo_precision": "exact",
        "geo_method": "operator_map",
        "source": "djezzy",
        "operator": "djezzy",
        "technology": "5G",
        "address": "EL HARROUCH"
      }
    },
    {
      "type": "Feature",
      "geometry": {
        "type": "Point",
        "coordinates": [
          3.03615,
          36.77095
        ]
      },
      "properties": {
        "id": "djezzy-c7bcbd72ad",
        "name": "El Abiar",
        "wilaya_code": "16",
        "commune_code": null,
        "commune": null,
        "commune_ar": null,
        "lat": 36.77095,
        "lng": 3.03615,
        "geo_precision": "exact",
        "geo_method": "operator_map",
        "source": "djezzy",
        "operator": "djezzy",
        "technology": "5G",
        "address": "EL BIAR"
      }
    },
    {
      "type": "Feature",
      "geometry": {
        "type": "Point",
        "coordinates": [
          -0.66225,
          35.6862222222222
        ]
      },
      "properties": {
        "id": "djezzy-c7d118b250",
        "name": "Saada",
        "wilaya_code": "31",
        "commune_code": null,
        "commune": null,
        "commune_ar": null,
        "lat": 35.6862222222222,
        "lng": -0.66225,
        "geo_precision": "exact",
        "geo_method": "operator_map",
        "source": "djezzy",
        "operator": "djezzy",
        "technology": "5G",
        "address": "Oran"
      }
    },
    {
      "type": "Feature",
      "geometry": {
        "type": "Point",
        "coordinates": [
          3.07622,
          36.7001
        ]
      },
      "properties": {
        "id": "djezzy-c84c44c2d5",
        "name": "AIN NAADJA 2",
        "wilaya_code": "16",
        "commune_code": null,
        "commune": null,
        "commune_ar": null,
        "lat": 36.7001,
        "lng": 3.07622,
        "geo_precision": "exact",
        "geo_method": "operator_map",
        "source": "djezzy",
        "operator": "djezzy",
        "technology": "5G",
        "address": "DJISR KSENTINA"
      }
    },
    {
      "type": "Feature",
      "geometry": {
        "type": "Point",
        "coordinates": [
          5.339465,
          31.927192
        ]
      },
      "properties": {
        "id": "djezzy-c8676a010f",
        "name": "Rouissat South",
        "wilaya_code": "30",
        "commune_code": null,
        "commune": null,
        "commune_ar": null,
        "lat": 31.927192,
        "lng": 5.339465,
        "geo_precision": "exact",
        "geo_method": "operator_map",
        "source": "djezzy",
        "operator": "djezzy",
        "technology": "5G",
        "address": "ROUISSAT"
      }
    },
    {
      "type": "Feature",
      "geometry": {
        "type": "Point",
        "coordinates": [
          3.25023,
          36.79517
        ]
      },
      "properties": {
        "id": "djezzy-c8990a5a67",
        "name": "cite Dermouche bordj El bahri",
        "wilaya_code": "16",
        "commune_code": null,
        "commune": null,
        "commune_ar": null,
        "lat": 36.79517,
        "lng": 3.25023,
        "geo_precision": "exact",
        "geo_method": "operator_map",
        "source": "djezzy",
        "operator": "djezzy",
        "technology": "5G",
        "address": "BORDJ EL BAHRI"
      }
    },
    {
      "type": "Feature",
      "geometry": {
        "type": "Point",
        "coordinates": [
          3.19581,
          36.70188
        ]
      },
      "properties": {
        "id": "djezzy-c8cb529faf",
        "name": "OUED SMAR_2",
        "wilaya_code": "16",
        "commune_code": null,
        "commune": null,
        "commune_ar": null,
        "lat": 36.70188,
        "lng": 3.19581,
        "geo_precision": "exact",
        "geo_method": "operator_map",
        "source": "djezzy",
        "operator": "djezzy",
        "technology": "5G",
        "address": "OUED SMAR"
      }
    },
    {
      "type": "Feature",
      "geometry": {
        "type": "Point",
        "coordinates": [
          3.05274,
          36.67076
        ]
      },
      "properties": {
        "id": "djezzy-c8d3cd5324",
        "name": "Baba Ali",
        "wilaya_code": "16",
        "commune_code": null,
        "commune": null,
        "commune_ar": null,
        "lat": 36.67076,
        "lng": 3.05274,
        "geo_precision": "exact",
        "geo_method": "operator_map",
        "source": "djezzy",
        "operator": "djezzy",
        "technology": "5G",
        "address": "SAOULA"
      }
    },
    {
      "type": "Feature",
      "geometry": {
        "type": "Point",
        "coordinates": [
          2.97483,
          36.76272
        ]
      },
      "properties": {
        "id": "djezzy-c905e6eb4d",
        "name": "Delly Brahim 3",
        "wilaya_code": "16",
        "commune_code": null,
        "commune": null,
        "commune_ar": null,
        "lat": 36.76272,
        "lng": 2.97483,
        "geo_precision": "exact",
        "geo_method": "operator_map",
        "source": "djezzy",
        "operator": "djezzy",
        "technology": "5G",
        "address": "CHERAGA"
      }
    },
    {
      "type": "Feature",
      "geometry": {
        "type": "Point",
        "coordinates": [
          3.22949,
          36.71571
        ]
      },
      "properties": {
        "id": "djezzy-c94bfe2b87",
        "name": "cité des Palmiers 2",
        "wilaya_code": "16",
        "commune_code": null,
        "commune": null,
        "commune_ar": null,
        "lat": 36.71571,
        "lng": 3.22949,
        "geo_precision": "exact",
        "geo_method": "operator_map",
        "source": "djezzy",
        "operator": "djezzy",
        "technology": "5G",
        "address": "DAR EL BEIDA"
      }
    },
    {
      "type": "Feature",
      "geometry": {
        "type": "Point",
        "coordinates": [
          3.01944,
          36.78437
        ]
      },
      "properties": {
        "id": "djezzy-c9537c0cea",
        "name": "Beaux Fraisiers 2",
        "wilaya_code": "16",
        "commune_code": null,
        "commune": null,
        "commune_ar": null,
        "lat": 36.78437,
        "lng": 3.01944,
        "geo_precision": "exact",
        "geo_method": "operator_map",
        "source": "djezzy",
        "operator": "djezzy",
        "technology": "5G",
        "address": "BOUZAREAH"
      }
    },
    {
      "type": "Feature",
      "geometry": {
        "type": "Point",
        "coordinates": [
          3.1579,
          36.7246
        ]
      },
      "properties": {
        "id": "djezzy-ca49373126",
        "name": "Autoroute B Ezzouar",
        "wilaya_code": "16",
        "commune_code": null,
        "commune": null,
        "commune_ar": null,
        "lat": 36.7246,
        "lng": 3.1579,
        "geo_precision": "exact",
        "geo_method": "operator_map",
        "source": "djezzy",
        "operator": "djezzy",
        "technology": "5G",
        "address": "MOHAMMADIA"
      }
    },
    {
      "type": "Feature",
      "geometry": {
        "type": "Point",
        "coordinates": [
          6.62736,
          36.63841
        ]
      },
      "properties": {
        "id": "djezzy-ca8bbb1642",
        "name": "LOTISMENT LES AMANDIERS",
        "wilaya_code": "25",
        "commune_code": null,
        "commune": null,
        "commune_ar": null,
        "lat": 36.63841,
        "lng": 6.62736,
        "geo_precision": "exact",
        "geo_method": "operator_map",
        "source": "djezzy",
        "operator": "djezzy",
        "technology": "5G",
        "address": "Constantine"
      }
    },
    {
      "type": "Feature",
      "geometry": {
        "type": "Point",
        "coordinates": [
          3.00581,
          36.70926
        ]
      },
      "properties": {
        "id": "djezzy-caea488126",
        "name": "Lsp Draria",
        "wilaya_code": "16",
        "commune_code": null,
        "commune": null,
        "commune_ar": null,
        "lat": 36.70926,
        "lng": 3.00581,
        "geo_precision": "exact",
        "geo_method": "operator_map",
        "source": "djezzy",
        "operator": "djezzy",
        "technology": "5G",
        "address": "DRARIA"
      }
    },
    {
      "type": "Feature",
      "geometry": {
        "type": "Point",
        "coordinates": [
          2.9531,
          36.7154
        ]
      },
      "properties": {
        "id": "djezzy-cb3ab82165",
        "name": "Ouled Fayet Plateau",
        "wilaya_code": "16",
        "commune_code": null,
        "commune": null,
        "commune_ar": null,
        "lat": 36.7154,
        "lng": 2.9531,
        "geo_precision": "exact",
        "geo_method": "operator_map",
        "source": "djezzy",
        "operator": "djezzy",
        "technology": "5G",
        "address": "OULED FAYET"
      }
    },
    {
      "type": "Feature",
      "geometry": {
        "type": "Point",
        "coordinates": [
          2.80936,
          36.6898
        ]
      },
      "properties": {
        "id": "djezzy-cb460c470f",
        "name": "Oued Mazafran",
        "wilaya_code": "16",
        "commune_code": null,
        "commune": null,
        "commune_ar": null,
        "lat": 36.6898,
        "lng": 2.80936,
        "geo_precision": "exact",
        "geo_method": "operator_map",
        "source": "djezzy",
        "operator": "djezzy",
        "technology": "5G",
        "address": "ZERALDA"
      }
    },
    {
      "type": "Feature",
      "geometry": {
        "type": "Point",
        "coordinates": [
          3.16956,
          36.65711
        ]
      },
      "properties": {
        "id": "djezzy-cb7f4969da",
        "name": "Sidi Mebarek view ",
        "wilaya_code": "16",
        "commune_code": null,
        "commune": null,
        "commune_ar": null,
        "lat": 36.65711,
        "lng": 3.16956,
        "geo_precision": "exact",
        "geo_method": "operator_map",
        "source": "djezzy",
        "operator": "djezzy",
        "technology": "5G",
        "address": "LES EUCALYPTUS"
      }
    },
    {
      "type": "Feature",
      "geometry": {
        "type": "Point",
        "coordinates": [
          5.0883,
          36.7552
        ]
      },
      "properties": {
        "id": "djezzy-cbb09f4852",
        "name": "Hotel Saldae",
        "wilaya_code": "06",
        "commune_code": null,
        "commune": null,
        "commune_ar": null,
        "lat": 36.7552,
        "lng": 5.0883,
        "geo_precision": "exact",
        "geo_method": "operator_map",
        "source": "djezzy",
        "operator": "djezzy",
        "technology": "5G",
        "address": "Bejaia"
      }
    },
    {
      "type": "Feature",
      "geometry": {
        "type": "Point",
        "coordinates": [
          2.88801,
          36.67841
        ]
      },
      "properties": {
        "id": "djezzy-cbcfd5377f",
        "name": "mhalma AADL",
        "wilaya_code": "16",
        "commune_code": null,
        "commune": null,
        "commune_ar": null,
        "lat": 36.67841,
        "lng": 2.88801,
        "geo_precision": "exact",
        "geo_method": "operator_map",
        "source": "djezzy",
        "operator": "djezzy",
        "technology": "5G",
        "address": "MAHELMA"
      }
    },
    {
      "type": "Feature",
      "geometry": {
        "type": "Point",
        "coordinates": [
          3.34312,
          36.7403
        ]
      },
      "properties": {
        "id": "djezzy-cc4c3d4436",
        "name": "Reghaia Centre",
        "wilaya_code": "16",
        "commune_code": null,
        "commune": null,
        "commune_ar": null,
        "lat": 36.7403,
        "lng": 3.34312,
        "geo_precision": "exact",
        "geo_method": "operator_map",
        "source": "djezzy",
        "operator": "djezzy",
        "technology": "5G",
        "address": "REGHAIA"
      }
    },
    {
      "type": "Feature",
      "geometry": {
        "type": "Point",
        "coordinates": [
          5.325608,
          36.168792
        ]
      },
      "properties": {
        "id": "djezzy-ccb7450630",
        "name": "Temlouka",
        "wilaya_code": "19",
        "commune_code": null,
        "commune": null,
        "commune_ar": null,
        "lat": 36.168792,
        "lng": 5.325608,
        "geo_precision": "exact",
        "geo_method": "operator_map",
        "source": "djezzy",
        "operator": "djezzy",
        "technology": "5G",
        "address": "AIN ARNAT"
      }
    },
    {
      "type": "Feature",
      "geometry": {
        "type": "Point",
        "coordinates": [
          2.952155,
          36.750686
        ]
      },
      "properties": {
        "id": "djezzy-ccce8c7cfe",
        "name": "Garden city mall",
        "wilaya_code": "16",
        "commune_code": null,
        "commune": null,
        "commune_ar": null,
        "lat": 36.750686,
        "lng": 2.952155,
        "geo_precision": "exact",
        "geo_method": "operator_map",
        "source": "djezzy",
        "operator": "djezzy",
        "technology": "5G",
        "address": "CHERAGA"
      }
    },
    {
      "type": "Feature",
      "geometry": {
        "type": "Point",
        "coordinates": [
          2.92956,
          36.8035
        ]
      },
      "properties": {
        "id": "djezzy-ccd5e64dda",
        "name": "Ain Benian Entrance",
        "wilaya_code": "16",
        "commune_code": null,
        "commune": null,
        "commune_ar": null,
        "lat": 36.8035,
        "lng": 2.92956,
        "geo_precision": "exact",
        "geo_method": "operator_map",
        "source": "djezzy",
        "operator": "djezzy",
        "technology": "5G",
        "address": "AIN BENIAN"
      }
    },
    {
      "type": "Feature",
      "geometry": {
        "type": "Point",
        "coordinates": [
          3.23542,
          36.73066
        ]
      },
      "properties": {
        "id": "djezzy-cd5f6ed4d0",
        "name": "Micro El Hamiz 2",
        "wilaya_code": "16",
        "commune_code": null,
        "commune": null,
        "commune_ar": null,
        "lat": 36.73066,
        "lng": 3.23542,
        "geo_precision": "exact",
        "geo_method": "operator_map",
        "source": "djezzy",
        "operator": "djezzy",
        "technology": "5G",
        "address": "DAR EL BEIDA"
      }
    },
    {
      "type": "Feature",
      "geometry": {
        "type": "Point",
        "coordinates": [
          6.59058,
          36.26402
        ]
      },
      "properties": {
        "id": "djezzy-cd69136cd6",
        "name": "ZI Nouvelle ville",
        "wilaya_code": "25",
        "commune_code": null,
        "commune": null,
        "commune_ar": null,
        "lat": 36.26402,
        "lng": 6.59058,
        "geo_precision": "exact",
        "geo_method": "operator_map",
        "source": "djezzy",
        "operator": "djezzy",
        "technology": "5G",
        "address": "EL KHROUB"
      }
    },
    {
      "type": "Feature",
      "geometry": {
        "type": "Point",
        "coordinates": [
          4.03714,
          36.7041
        ]
      },
      "properties": {
        "id": "djezzy-cd8423347b",
        "name": "LES DEUX SALOPARES",
        "wilaya_code": "15",
        "commune_code": null,
        "commune": null,
        "commune_ar": null,
        "lat": 36.7041,
        "lng": 4.03714,
        "geo_precision": "exact",
        "geo_method": "operator_map",
        "source": "djezzy",
        "operator": "djezzy",
        "technology": "5G",
        "address": "Tizi Ouzou"
      }
    },
    {
      "type": "Feature",
      "geometry": {
        "type": "Point",
        "coordinates": [
          -1.29807,
          34.90338
        ]
      },
      "properties": {
        "id": "djezzy-cd88164d56",
        "name": "Edition Ibn Khaldoune",
        "wilaya_code": "13",
        "commune_code": null,
        "commune": null,
        "commune_ar": null,
        "lat": 34.90338,
        "lng": -1.29807,
        "geo_precision": "exact",
        "geo_method": "operator_map",
        "source": "djezzy",
        "operator": "djezzy",
        "technology": "5G",
        "address": "Tlemcen"
      }
    },
    {
      "type": "Feature",
      "geometry": {
        "type": "Point",
        "coordinates": [
          -0.64825,
          35.6923333333333
        ]
      },
      "properties": {
        "id": "djezzy-cdd68f78d9",
        "name": "Chabab",
        "wilaya_code": "31",
        "commune_code": null,
        "commune": null,
        "commune_ar": null,
        "lat": 35.6923333333333,
        "lng": -0.64825,
        "geo_precision": "exact",
        "geo_method": "operator_map",
        "source": "djezzy",
        "operator": "djezzy",
        "technology": "5G",
        "address": "Oran"
      }
    },
    {
      "type": "Feature",
      "geometry": {
        "type": "Point",
        "coordinates": [
          3.03777,
          36.74026
        ]
      },
      "properties": {
        "id": "djezzy-cdeaeb5a04",
        "name": "Hydra_2",
        "wilaya_code": "16",
        "commune_code": null,
        "commune": null,
        "commune_ar": null,
        "lat": 36.74026,
        "lng": 3.03777,
        "geo_precision": "exact",
        "geo_method": "operator_map",
        "source": "djezzy",
        "operator": "djezzy",
        "technology": "5G",
        "address": "BIR MOURAD RAIS"
      }
    },
    {
      "type": "Feature",
      "geometry": {
        "type": "Point",
        "coordinates": [
          3.1467,
          36.5627
        ]
      },
      "properties": {
        "id": "djezzy-cdec322f27",
        "name": "Larbaa Med Lekbir",
        "wilaya_code": "09",
        "commune_code": null,
        "commune": null,
        "commune_ar": null,
        "lat": 36.5627,
        "lng": 3.1467,
        "geo_precision": "exact",
        "geo_method": "operator_map",
        "source": "djezzy",
        "operator": "djezzy",
        "technology": "5G",
        "address": "LARBAA"
      }
    },
    {
      "type": "Feature",
      "geometry": {
        "type": "Point",
        "coordinates": [
          3.18916,
          36.74629
        ]
      },
      "properties": {
        "id": "djezzy-cdec999366",
        "name": "BORDJ EL KIFFANE_3",
        "wilaya_code": "16",
        "commune_code": null,
        "commune": null,
        "commune_ar": null,
        "lat": 36.74629,
        "lng": 3.18916,
        "geo_precision": "exact",
        "geo_method": "operator_map",
        "source": "djezzy",
        "operator": "djezzy",
        "technology": "5G",
        "address": "BORDJ EL KIFFAN"
      }
    },
    {
      "type": "Feature",
      "geometry": {
        "type": "Point",
        "coordinates": [
          -0.59544,
          35.69823
        ]
      },
      "properties": {
        "id": "djezzy-cdfb3ff120",
        "name": "Pyramides",
        "wilaya_code": "31",
        "commune_code": null,
        "commune": null,
        "commune_ar": null,
        "lat": 35.69823,
        "lng": -0.59544,
        "geo_precision": "exact",
        "geo_method": "operator_map",
        "source": "djezzy",
        "operator": "djezzy",
        "technology": "5G",
        "address": "Oran"
      }
    },
    {
      "type": "Feature",
      "geometry": {
        "type": "Point",
        "coordinates": [
          5.432718,
          36.204831
        ]
      },
      "properties": {
        "id": "djezzy-ce1326cc10",
        "name": "Micro_Hechemi_BvnÂ°3",
        "wilaya_code": "19",
        "commune_code": null,
        "commune": null,
        "commune_ar": null,
        "lat": 36.204831,
        "lng": 5.432718,
        "geo_precision": "exact",
        "geo_method": "operator_map",
        "source": "djezzy",
        "operator": "djezzy",
        "technology": "5G",
        "address": "Setif"
      }
    },
    {
      "type": "Feature",
      "geometry": {
        "type": "Point",
        "coordinates": [
          4.7867,
          36.0806
        ]
      },
      "properties": {
        "id": "djezzy-ce41fe0cbe",
        "name": "BBA/Cite 1044",
        "wilaya_code": "34",
        "commune_code": null,
        "commune": null,
        "commune_ar": null,
        "lat": 36.0806,
        "lng": 4.7867,
        "geo_precision": "exact",
        "geo_method": "operator_map",
        "source": "djezzy",
        "operator": "djezzy",
        "technology": "5G",
        "address": "Bordj Bou Arreridj"
      }
    },
    {
      "type": "Feature",
      "geometry": {
        "type": "Point",
        "coordinates": [
          3.13069,
          36.7218
        ]
      },
      "properties": {
        "id": "djezzy-ce8a431f0b",
        "name": "Eriad Center",
        "wilaya_code": "16",
        "commune_code": null,
        "commune": null,
        "commune_ar": null,
        "lat": 36.7218,
        "lng": 3.13069,
        "geo_precision": "exact",
        "geo_method": "operator_map",
        "source": "djezzy",
        "operator": "djezzy",
        "technology": "5G",
        "address": "BOUROUBA"
      }
    },
    {
      "type": "Feature",
      "geometry": {
        "type": "Point",
        "coordinates": [
          3.2447,
          36.7927
        ]
      },
      "properties": {
        "id": "djezzy-ceba3d9628",
        "name": "cite 2000 lgts Benjaida",
        "wilaya_code": "16",
        "commune_code": null,
        "commune": null,
        "commune_ar": null,
        "lat": 36.7927,
        "lng": 3.2447,
        "geo_precision": "exact",
        "geo_method": "operator_map",
        "source": "djezzy",
        "operator": "djezzy",
        "technology": "5G",
        "address": "BORDJ EL BAHRI"
      }
    },
    {
      "type": "Feature",
      "geometry": {
        "type": "Point",
        "coordinates": [
          3.06271,
          36.7575
        ]
      },
      "properties": {
        "id": "djezzy-cf8dca14b5",
        "name": "1ier mai les groupes",
        "wilaya_code": "16",
        "commune_code": null,
        "commune": null,
        "commune_ar": null,
        "lat": 36.7575,
        "lng": 3.06271,
        "geo_precision": "exact",
        "geo_method": "operator_map",
        "source": "djezzy",
        "operator": "djezzy",
        "technology": "5G",
        "address": "Alger"
      }
    },
    {
      "type": "Feature",
      "geometry": {
        "type": "Point",
        "coordinates": [
          3.22065,
          36.7276
        ]
      },
      "properties": {
        "id": "djezzy-cfadc80b85",
        "name": "El Hamiz_4",
        "wilaya_code": "16",
        "commune_code": null,
        "commune": null,
        "commune_ar": null,
        "lat": 36.7276,
        "lng": 3.22065,
        "geo_precision": "exact",
        "geo_method": "operator_map",
        "source": "djezzy",
        "operator": "djezzy",
        "technology": "5G",
        "address": "DAR EL BEIDA"
      }
    },
    {
      "type": "Feature",
      "geometry": {
        "type": "Point",
        "coordinates": [
          3.12483,
          36.74111
        ]
      },
      "properties": {
        "id": "djezzy-cfb5c2e24b",
        "name": "Promenade des Sablettes",
        "wilaya_code": "16",
        "commune_code": null,
        "commune": null,
        "commune_ar": null,
        "lat": 36.74111,
        "lng": 3.12483,
        "geo_precision": "exact",
        "geo_method": "operator_map",
        "source": "djezzy",
        "operator": "djezzy",
        "technology": "5G",
        "address": "HUSSEIN DEY"
      }
    },
    {
      "type": "Feature",
      "geometry": {
        "type": "Point",
        "coordinates": [
          3.0431,
          36.7262
        ]
      },
      "properties": {
        "id": "djezzy-cfdce95bec",
        "name": "BIR KHADEM 2",
        "wilaya_code": "16",
        "commune_code": null,
        "commune": null,
        "commune_ar": null,
        "lat": 36.7262,
        "lng": 3.0431,
        "geo_precision": "exact",
        "geo_method": "operator_map",
        "source": "djezzy",
        "operator": "djezzy",
        "technology": "5G",
        "address": "BIR KHADEM"
      }
    },
    {
      "type": "Feature",
      "geometry": {
        "type": "Point",
        "coordinates": [
          2.89229,
          36.77016
        ]
      },
      "properties": {
        "id": "djezzy-d004fc4f4c",
        "name": "CIC TOWER",
        "wilaya_code": "16",
        "commune_code": null,
        "commune": null,
        "commune_ar": null,
        "lat": 36.77016,
        "lng": 2.89229,
        "geo_precision": "exact",
        "geo_method": "operator_map",
        "source": "djezzy",
        "operator": "djezzy",
        "technology": "5G",
        "address": "CHERAGA"
      }
    },
    {
      "type": "Feature",
      "geometry": {
        "type": "Point",
        "coordinates": [
          5.69196,
          34.8507
        ]
      },
      "properties": {
        "id": "djezzy-d0378fc7e7",
        "name": "BP EL-EULMA RP CE",
        "wilaya_code": "19",
        "commune_code": null,
        "commune": null,
        "commune_ar": null,
        "lat": 34.8507,
        "lng": 5.69196,
        "geo_precision": "exact",
        "geo_method": "operator_map",
        "source": "djezzy",
        "operator": "djezzy",
        "technology": "5G",
        "address": "EL EULMA"
      }
    },
    {
      "type": "Feature",
      "geometry": {
        "type": "Point",
        "coordinates": [
          2.89916,
          36.637428
        ]
      },
      "properties": {
        "id": "djezzy-d050ab91a1",
        "name": "DKAKNA 4",
        "wilaya_code": "16",
        "commune_code": null,
        "commune": null,
        "commune_ar": null,
        "lat": 36.637428,
        "lng": 2.89916,
        "geo_precision": "exact",
        "geo_method": "operator_map",
        "source": "djezzy",
        "operator": "djezzy",
        "technology": "5G",
        "address": "DOUERA"
      }
    },
    {
      "type": "Feature",
      "geometry": {
        "type": "Point",
        "coordinates": [
          2.990127,
          36.782012
        ]
      },
      "properties": {
        "id": "djezzy-d0cb9c26bc",
        "name": "COOP EL WIAM BENI MESSOUS",
        "wilaya_code": "16",
        "commune_code": null,
        "commune": null,
        "commune_ar": null,
        "lat": 36.782012,
        "lng": 2.990127,
        "geo_precision": "exact",
        "geo_method": "operator_map",
        "source": "djezzy",
        "operator": "djezzy",
        "technology": "5G",
        "address": "BENI MESSOUS"
      }
    },
    {
      "type": "Feature",
      "geometry": {
        "type": "Point",
        "coordinates": [
          3.35193,
          36.75044
        ]
      },
      "properties": {
        "id": "djezzy-d0ce637c32",
        "name": "Hai djaafri",
        "wilaya_code": "16",
        "commune_code": null,
        "commune": null,
        "commune_ar": null,
        "lat": 36.75044,
        "lng": 3.35193,
        "geo_precision": "exact",
        "geo_method": "operator_map",
        "source": "djezzy",
        "operator": "djezzy",
        "technology": "5G",
        "address": "REGHAIA"
      }
    },
    {
      "type": "Feature",
      "geometry": {
        "type": "Point",
        "coordinates": [
          3.2096,
          36.758
        ]
      },
      "properties": {
        "id": "djezzy-d1187e1d69",
        "name": "Verte Rive plage",
        "wilaya_code": "16",
        "commune_code": null,
        "commune": null,
        "commune_ar": null,
        "lat": 36.758,
        "lng": 3.2096,
        "geo_precision": "exact",
        "geo_method": "operator_map",
        "source": "djezzy",
        "operator": "djezzy",
        "technology": "5G",
        "address": "BORDJ EL KIFFAN"
      }
    },
    {
      "type": "Feature",
      "geometry": {
        "type": "Point",
        "coordinates": [
          6.89121,
          36.87382
        ]
      },
      "properties": {
        "id": "djezzy-d179035ab3",
        "name": "Cite Oued El Ouahch",
        "wilaya_code": "21",
        "commune_code": null,
        "commune": null,
        "commune_ar": null,
        "lat": 36.87382,
        "lng": 6.89121,
        "geo_precision": "exact",
        "geo_method": "operator_map",
        "source": "djezzy",
        "operator": "djezzy",
        "technology": "5G",
        "address": "Skikda"
      }
    },
    {
      "type": "Feature",
      "geometry": {
        "type": "Point",
        "coordinates": [
          2.94081,
          36.67923
        ]
      },
      "properties": {
        "id": "djezzy-d1cab00a1d",
        "name": "DOUIRA2",
        "wilaya_code": "16",
        "commune_code": null,
        "commune": null,
        "commune_ar": null,
        "lat": 36.67923,
        "lng": 2.94081,
        "geo_precision": "exact",
        "geo_method": "operator_map",
        "source": "djezzy",
        "operator": "djezzy",
        "technology": "5G",
        "address": "DOUERA"
      }
    },
    {
      "type": "Feature",
      "geometry": {
        "type": "Point",
        "coordinates": [
          6.07252,
          33.09669
        ]
      },
      "properties": {
        "id": "djezzy-d238a7c326",
        "name": "Tougourt Oasis",
        "wilaya_code": "55",
        "commune_code": null,
        "commune": null,
        "commune_ar": null,
        "lat": 33.09669,
        "lng": 6.07252,
        "geo_precision": "exact",
        "geo_method": "operator_map",
        "source": "djezzy",
        "operator": "djezzy",
        "technology": "5G",
        "address": "NEZLA"
      }
    },
    {
      "type": "Feature",
      "geometry": {
        "type": "Point",
        "coordinates": [
          2.926832,
          36.76066
        ]
      },
      "properties": {
        "id": "djezzy-d254bc9d21",
        "name": "BATIMENTS SAAT",
        "wilaya_code": "16",
        "commune_code": null,
        "commune": null,
        "commune_ar": null,
        "lat": 36.76066,
        "lng": 2.926832,
        "geo_precision": "exact",
        "geo_method": "operator_map",
        "source": "djezzy",
        "operator": "djezzy",
        "technology": "5G",
        "address": "CHERAGA"
      }
    },
    {
      "type": "Feature",
      "geometry": {
        "type": "Point",
        "coordinates": [
          5.33105,
          31.9566
        ]
      },
      "properties": {
        "id": "djezzy-d2a97d99e3",
        "name": "Emir Abdelkader",
        "wilaya_code": "30",
        "commune_code": null,
        "commune": null,
        "commune_ar": null,
        "lat": 31.9566,
        "lng": 5.33105,
        "geo_precision": "exact",
        "geo_method": "operator_map",
        "source": "djezzy",
        "operator": "djezzy",
        "technology": "5G",
        "address": "Ouargla"
      }
    },
    {
      "type": "Feature",
      "geometry": {
        "type": "Point",
        "coordinates": [
          3.049263,
          36.753846
        ]
      },
      "properties": {
        "id": "djezzy-d2c2f969af",
        "name": "ENTV",
        "wilaya_code": "16",
        "commune_code": null,
        "commune": null,
        "commune_ar": null,
        "lat": 36.753846,
        "lng": 3.049263,
        "geo_precision": "exact",
        "geo_method": "operator_map",
        "source": "djezzy",
        "operator": "djezzy",
        "technology": "5G",
        "address": "EL MADANIA"
      }
    },
    {
      "type": "Feature",
      "geometry": {
        "type": "Point",
        "coordinates": [
          7.114672,
          36.4812
        ]
      },
      "properties": {
        "id": "djezzy-d3b41f54b5",
        "name": "AZZABA site 4",
        "wilaya_code": "21",
        "commune_code": null,
        "commune": null,
        "commune_ar": null,
        "lat": 36.4812,
        "lng": 7.114672,
        "geo_precision": "exact",
        "geo_method": "operator_map",
        "source": "djezzy",
        "operator": "djezzy",
        "technology": "5G",
        "address": "AZZABA"
      }
    },
    {
      "type": "Feature",
      "geometry": {
        "type": "Point",
        "coordinates": [
          2.96958,
          36.76367
        ]
      },
      "properties": {
        "id": "djezzy-d3c125a82b",
        "name": "Cheraga_6",
        "wilaya_code": "16",
        "commune_code": null,
        "commune": null,
        "commune_ar": null,
        "lat": 36.76367,
        "lng": 2.96958,
        "geo_precision": "exact",
        "geo_method": "operator_map",
        "source": "djezzy",
        "operator": "djezzy",
        "technology": "5G",
        "address": "CHERAGA"
      }
    },
    {
      "type": "Feature",
      "geometry": {
        "type": "Point",
        "coordinates": [
          3.2373,
          36.6513
        ]
      },
      "properties": {
        "id": "djezzy-d3fb36ce12",
        "name": "Hnaichia",
        "wilaya_code": "09",
        "commune_code": null,
        "commune": null,
        "commune_ar": null,
        "lat": 36.6513,
        "lng": 3.2373,
        "geo_precision": "exact",
        "geo_method": "operator_map",
        "source": "djezzy",
        "operator": "djezzy",
        "technology": "5G",
        "address": "MEFTAH"
      }
    },
    {
      "type": "Feature",
      "geometry": {
        "type": "Point",
        "coordinates": [
          6.658403,
          36.31406
        ]
      },
      "properties": {
        "id": "djezzy-d523bd060c",
        "name": "Cite El Jdour",
        "wilaya_code": "25",
        "commune_code": null,
        "commune": null,
        "commune_ar": null,
        "lat": 36.31406,
        "lng": 6.658403,
        "geo_precision": "exact",
        "geo_method": "operator_map",
        "source": "djezzy",
        "operator": "djezzy",
        "technology": "5G",
        "address": "Constantine"
      }
    },
    {
      "type": "Feature",
      "geometry": {
        "type": "Point",
        "coordinates": [
          3.131843,
          36.678228
        ]
      },
      "properties": {
        "id": "djezzy-d5281b0823",
        "name": "Sidi Rzine",
        "wilaya_code": "16",
        "commune_code": null,
        "commune": null,
        "commune_ar": null,
        "lat": 36.678228,
        "lng": 3.131843,
        "geo_precision": "exact",
        "geo_method": "operator_map",
        "source": "djezzy",
        "operator": "djezzy",
        "technology": "5G",
        "address": "LES EUCALYPTUS"
      }
    },
    {
      "type": "Feature",
      "geometry": {
        "type": "Point",
        "coordinates": [
          2.94381,
          36.74471
        ]
      },
      "properties": {
        "id": "djezzy-d60080473e",
        "name": "Residence bessa Ouled Fayet",
        "wilaya_code": "16",
        "commune_code": null,
        "commune": null,
        "commune_ar": null,
        "lat": 36.74471,
        "lng": 2.94381,
        "geo_precision": "exact",
        "geo_method": "operator_map",
        "source": "djezzy",
        "operator": "djezzy",
        "technology": "5G",
        "address": "OULED FAYET"
      }
    },
    {
      "type": "Feature",
      "geometry": {
        "type": "Point",
        "coordinates": [
          3.04167,
          36.74558
        ]
      },
      "properties": {
        "id": "djezzy-d6e679e86d",
        "name": "ONPLITIC",
        "wilaya_code": "16",
        "commune_code": null,
        "commune": null,
        "commune_ar": null,
        "lat": 36.74558,
        "lng": 3.04167,
        "geo_precision": "exact",
        "geo_method": "operator_map",
        "source": "djezzy",
        "operator": "djezzy",
        "technology": "5G",
        "address": "HYDRA"
      }
    },
    {
      "type": "Feature",
      "geometry": {
        "type": "Point",
        "coordinates": [
          3.0635,
          36.6921
        ]
      },
      "properties": {
        "id": "djezzy-d79a2a0eb1",
        "name": "Ain Malha 2",
        "wilaya_code": "16",
        "commune_code": null,
        "commune": null,
        "commune_ar": null,
        "lat": 36.6921,
        "lng": 3.0635,
        "geo_precision": "exact",
        "geo_method": "operator_map",
        "source": "djezzy",
        "operator": "djezzy",
        "technology": "5G",
        "address": "DJISR KSENTINA"
      }
    },
    {
      "type": "Feature",
      "geometry": {
        "type": "Point",
        "coordinates": [
          -0.604222222222222,
          35.7111388888889
        ]
      },
      "properties": {
        "id": "djezzy-d7b11f6e7f",
        "name": "Clinique Kara",
        "wilaya_code": "31",
        "commune_code": null,
        "commune": null,
        "commune_ar": null,
        "lat": 35.7111388888889,
        "lng": -0.604222222222222,
        "geo_precision": "exact",
        "geo_method": "operator_map",
        "source": "djezzy",
        "operator": "djezzy",
        "technology": "5G",
        "address": "Oran"
      }
    },
    {
      "type": "Feature",
      "geometry": {
        "type": "Point",
        "coordinates": [
          2.98475,
          36.76457
        ]
      },
      "properties": {
        "id": "djezzy-d7e0204629",
        "name": "Delly Brahim hai el bina",
        "wilaya_code": "16",
        "commune_code": null,
        "commune": null,
        "commune_ar": null,
        "lat": 36.76457,
        "lng": 2.98475,
        "geo_precision": "exact",
        "geo_method": "operator_map",
        "source": "djezzy",
        "operator": "djezzy",
        "technology": "5G",
        "address": "DELY BRAHIM"
      }
    },
    {
      "type": "Feature",
      "geometry": {
        "type": "Point",
        "coordinates": [
          3.20725,
          36.74918
        ]
      },
      "properties": {
        "id": "djezzy-d7ee2d0cba",
        "name": "Verte Rive_2",
        "wilaya_code": "16",
        "commune_code": null,
        "commune": null,
        "commune_ar": null,
        "lat": 36.74918,
        "lng": 3.20725,
        "geo_precision": "exact",
        "geo_method": "operator_map",
        "source": "djezzy",
        "operator": "djezzy",
        "technology": "5G",
        "address": "BORDJ EL KIFFAN"
      }
    },
    {
      "type": "Feature",
      "geometry": {
        "type": "Point",
        "coordinates": [
          3.24043,
          36.77648
        ]
      },
      "properties": {
        "id": "djezzy-d7f0c051a9",
        "name": "Coucou Plage 2",
        "wilaya_code": "16",
        "commune_code": null,
        "commune": null,
        "commune_ar": null,
        "lat": 36.77648,
        "lng": 3.24043,
        "geo_precision": "exact",
        "geo_method": "operator_map",
        "source": "djezzy",
        "operator": "djezzy",
        "technology": "5G",
        "address": "BORDJ EL BAHRI"
      }
    },
    {
      "type": "Feature",
      "geometry": {
        "type": "Point",
        "coordinates": [
          3.1368,
          36.67366
        ]
      },
      "properties": {
        "id": "djezzy-d8573747c2",
        "name": "Chateau rouge",
        "wilaya_code": "16",
        "commune_code": null,
        "commune": null,
        "commune_ar": null,
        "lat": 36.67366,
        "lng": 3.1368,
        "geo_precision": "exact",
        "geo_method": "operator_map",
        "source": "djezzy",
        "operator": "djezzy",
        "technology": "5G",
        "address": "LES EUCALYPTUS"
      }
    },
    {
      "type": "Feature",
      "geometry": {
        "type": "Point",
        "coordinates": [
          6.05929,
          33.0975
        ]
      },
      "properties": {
        "id": "djezzy-d89bd7efa2",
        "name": "NEZLA",
        "wilaya_code": "55",
        "commune_code": null,
        "commune": null,
        "commune_ar": null,
        "lat": 33.0975,
        "lng": 6.05929,
        "geo_precision": "exact",
        "geo_method": "operator_map",
        "source": "djezzy",
        "operator": "djezzy",
        "technology": "5G",
        "address": "Touggourt"
      }
    },
    {
      "type": "Feature",
      "geometry": {
        "type": "Point",
        "coordinates": [
          3.3157,
          36.7696
        ]
      },
      "properties": {
        "id": "djezzy-d8bfcc8b3d",
        "name": "BIADHA",
        "wilaya_code": "16",
        "commune_code": null,
        "commune": null,
        "commune_ar": null,
        "lat": 36.7696,
        "lng": 3.3157,
        "geo_precision": "exact",
        "geo_method": "operator_map",
        "source": "djezzy",
        "operator": "djezzy",
        "technology": "5G",
        "address": "HARAOUA"
      }
    },
    {
      "type": "Feature",
      "geometry": {
        "type": "Point",
        "coordinates": [
          3.339037,
          36.722932
        ]
      },
      "properties": {
        "id": "djezzy-d8fb954bf4",
        "name": "cooperative essalam",
        "wilaya_code": "16",
        "commune_code": null,
        "commune": null,
        "commune_ar": null,
        "lat": 36.722932,
        "lng": 3.339037,
        "geo_precision": "exact",
        "geo_method": "operator_map",
        "source": "djezzy",
        "operator": "djezzy",
        "technology": "5G",
        "address": "REGHAIA"
      }
    },
    {
      "type": "Feature",
      "geometry": {
        "type": "Point",
        "coordinates": [
          3.24966,
          36.78639
        ]
      },
      "properties": {
        "id": "djezzy-d929c064a8",
        "name": "BRISE MARINE",
        "wilaya_code": "16",
        "commune_code": null,
        "commune": null,
        "commune_ar": null,
        "lat": 36.78639,
        "lng": 3.24966,
        "geo_precision": "exact",
        "geo_method": "operator_map",
        "source": "djezzy",
        "operator": "djezzy",
        "technology": "5G",
        "address": "BORDJ EL BAHRI"
      }
    },
    {
      "type": "Feature",
      "geometry": {
        "type": "Point",
        "coordinates": [
          2.84851,
          36.71509
        ]
      },
      "properties": {
        "id": "djezzy-d939a46ee6",
        "name": "Geni Zeralda 2",
        "wilaya_code": "16",
        "commune_code": null,
        "commune": null,
        "commune_ar": null,
        "lat": 36.71509,
        "lng": 2.84851,
        "geo_precision": "exact",
        "geo_method": "operator_map",
        "source": "djezzy",
        "operator": "djezzy",
        "technology": "5G",
        "address": "ZERALDA"
      }
    },
    {
      "type": "Feature",
      "geometry": {
        "type": "Point",
        "coordinates": [
          3.028272,
          36.67505
        ]
      },
      "properties": {
        "id": "djezzy-d9b0e767df",
        "name": "Ouled Belhadj",
        "wilaya_code": "16",
        "commune_code": null,
        "commune": null,
        "commune_ar": null,
        "lat": 36.67505,
        "lng": 3.028272,
        "geo_precision": "exact",
        "geo_method": "operator_map",
        "source": "djezzy",
        "operator": "djezzy",
        "technology": "5G",
        "address": "SAOULA"
      }
    },
    {
      "type": "Feature",
      "geometry": {
        "type": "Point",
        "coordinates": [
          5.83696,
          36.12984
        ]
      },
      "properties": {
        "id": "djezzy-d9b7cd9f71",
        "name": "Bir El Arch",
        "wilaya_code": "19",
        "commune_code": null,
        "commune": null,
        "commune_ar": null,
        "lat": 36.12984,
        "lng": 5.83696,
        "geo_precision": "exact",
        "geo_method": "operator_map",
        "source": "djezzy",
        "operator": "djezzy",
        "technology": "5G",
        "address": "BIR EL ARCH"
      }
    },
    {
      "type": "Feature",
      "geometry": {
        "type": "Point",
        "coordinates": [
          -1.32208333333333,
          34.8837222222222
        ]
      },
      "properties": {
        "id": "djezzy-d9d6a54fda",
        "name": "ain el kalb",
        "wilaya_code": "13",
        "commune_code": null,
        "commune": null,
        "commune_ar": null,
        "lat": 34.8837222222222,
        "lng": -1.32208333333333,
        "geo_precision": "exact",
        "geo_method": "operator_map",
        "source": "djezzy",
        "operator": "djezzy",
        "technology": "5G",
        "address": "Tlemcen"
      }
    },
    {
      "type": "Feature",
      "geometry": {
        "type": "Point",
        "coordinates": [
          3.16558,
          36.67582
        ]
      },
      "properties": {
        "id": "djezzy-da2eb6ef02",
        "name": "cherarba cit+ 917 logement",
        "wilaya_code": "16",
        "commune_code": null,
        "commune": null,
        "commune_ar": null,
        "lat": 36.67582,
        "lng": 3.16558,
        "geo_precision": "exact",
        "geo_method": "operator_map",
        "source": "djezzy",
        "operator": "djezzy",
        "technology": "5G",
        "address": "LES EUCALYPTUS"
      }
    },
    {
      "type": "Feature",
      "geometry": {
        "type": "Point",
        "coordinates": [
          -0.622388888888889,
          35.6852222222222
        ]
      },
      "properties": {
        "id": "djezzy-da66a04b43",
        "name": "Bastille",
        "wilaya_code": "31",
        "commune_code": null,
        "commune": null,
        "commune_ar": null,
        "lat": 35.6852222222222,
        "lng": -0.622388888888889,
        "geo_precision": "exact",
        "geo_method": "operator_map",
        "source": "djezzy",
        "operator": "djezzy",
        "technology": "5G",
        "address": "Oran"
      }
    },
    {
      "type": "Feature",
      "geometry": {
        "type": "Point",
        "coordinates": [
          5.31942,
          36.1888
        ]
      },
      "properties": {
        "id": "djezzy-da97699402",
        "name": "Ain Arnet 2",
        "wilaya_code": "19",
        "commune_code": null,
        "commune": null,
        "commune_ar": null,
        "lat": 36.1888,
        "lng": 5.31942,
        "geo_precision": "exact",
        "geo_method": "operator_map",
        "source": "djezzy",
        "operator": "djezzy",
        "technology": "5G",
        "address": "AIN ARNAT"
      }
    },
    {
      "type": "Feature",
      "geometry": {
        "type": "Point",
        "coordinates": [
          2.960024,
          36.645182
        ]
      },
      "properties": {
        "id": "djezzy-db05ebc900",
        "name": "OULED MENDIL 4",
        "wilaya_code": "16",
        "commune_code": null,
        "commune": null,
        "commune_ar": null,
        "lat": 36.645182,
        "lng": 2.960024,
        "geo_precision": "exact",
        "geo_method": "operator_map",
        "source": "djezzy",
        "operator": "djezzy",
        "technology": "5G",
        "address": "DOUERA"
      }
    },
    {
      "type": "Feature",
      "geometry": {
        "type": "Point",
        "coordinates": [
          3.1207,
          36.7291
        ]
      },
      "properties": {
        "id": "djezzy-db17636a41",
        "name": "La Glaciere Rue du hana",
        "wilaya_code": "16",
        "commune_code": null,
        "commune": null,
        "commune_ar": null,
        "lat": 36.7291,
        "lng": 3.1207,
        "geo_precision": "exact",
        "geo_method": "operator_map",
        "source": "djezzy",
        "operator": "djezzy",
        "technology": "5G",
        "address": "BACH DJERRAH"
      }
    },
    {
      "type": "Feature",
      "geometry": {
        "type": "Point",
        "coordinates": [
          3.10286,
          36.67021
        ]
      },
      "properties": {
        "id": "djezzy-db7019a8b0",
        "name": "Baraki cite Touileb",
        "wilaya_code": "16",
        "commune_code": null,
        "commune": null,
        "commune_ar": null,
        "lat": 36.67021,
        "lng": 3.10286,
        "geo_precision": "exact",
        "geo_method": "operator_map",
        "source": "djezzy",
        "operator": "djezzy",
        "technology": "5G",
        "address": "BARAKI"
      }
    },
    {
      "type": "Feature",
      "geometry": {
        "type": "Point",
        "coordinates": [
          5.39903,
          36.1804
        ]
      },
      "properties": {
        "id": "djezzy-dbb035ee5d",
        "name": "Memorial des martyrs",
        "wilaya_code": "19",
        "commune_code": null,
        "commune": null,
        "commune_ar": null,
        "lat": 36.1804,
        "lng": 5.39903,
        "geo_precision": "exact",
        "geo_method": "operator_map",
        "source": "djezzy",
        "operator": "djezzy",
        "technology": "5G",
        "address": "Setif"
      }
    },
    {
      "type": "Feature",
      "geometry": {
        "type": "Point",
        "coordinates": [
          6.58759,
          36.257895
        ]
      },
      "properties": {
        "id": "djezzy-dbf2877641",
        "name": "Nouvelle Ville 6",
        "wilaya_code": "25",
        "commune_code": null,
        "commune": null,
        "commune_ar": null,
        "lat": 36.257895,
        "lng": 6.58759,
        "geo_precision": "exact",
        "geo_method": "operator_map",
        "source": "djezzy",
        "operator": "djezzy",
        "technology": "5G",
        "address": "EL KHROUB"
      }
    },
    {
      "type": "Feature",
      "geometry": {
        "type": "Point",
        "coordinates": [
          -1.32647,
          34.93523
        ]
      },
      "properties": {
        "id": "djezzy-dc88be497a",
        "name": "Ain el hout",
        "wilaya_code": "13",
        "commune_code": null,
        "commune": null,
        "commune_ar": null,
        "lat": 34.93523,
        "lng": -1.32647,
        "geo_precision": "exact",
        "geo_method": "operator_map",
        "source": "djezzy",
        "operator": "djezzy",
        "technology": "5G",
        "address": "CHETOUANE"
      }
    },
    {
      "type": "Feature",
      "geometry": {
        "type": "Point",
        "coordinates": [
          5.3916,
          36.1915
        ]
      },
      "properties": {
        "id": "djezzy-dc96060f06",
        "name": "CITE ELMABOUDA",
        "wilaya_code": "19",
        "commune_code": null,
        "commune": null,
        "commune_ar": null,
        "lat": 36.1915,
        "lng": 5.3916,
        "geo_precision": "exact",
        "geo_method": "operator_map",
        "source": "djezzy",
        "operator": "djezzy",
        "technology": "5G",
        "address": "Setif"
      }
    },
    {
      "type": "Feature",
      "geometry": {
        "type": "Point",
        "coordinates": [
          3.0269,
          36.7828
        ]
      },
      "properties": {
        "id": "djezzy-dcaab02aee",
        "name": "CNEG",
        "wilaya_code": "16",
        "commune_code": null,
        "commune": null,
        "commune_ar": null,
        "lat": 36.7828,
        "lng": 3.0269,
        "geo_precision": "exact",
        "geo_method": "operator_map",
        "source": "djezzy",
        "operator": "djezzy",
        "technology": "5G",
        "address": "BOUZAREAH"
      }
    },
    {
      "type": "Feature",
      "geometry": {
        "type": "Point",
        "coordinates": [
          -0.665888888888889,
          35.6732222222222
        ]
      },
      "properties": {
        "id": "djezzy-dcbdae9c3d",
        "name": "Yaghmoracen",
        "wilaya_code": "31",
        "commune_code": null,
        "commune": null,
        "commune_ar": null,
        "lat": 35.6732222222222,
        "lng": -0.665888888888889,
        "geo_precision": "exact",
        "geo_method": "operator_map",
        "source": "djezzy",
        "operator": "djezzy",
        "technology": "5G",
        "address": "Oran"
      }
    },
    {
      "type": "Feature",
      "geometry": {
        "type": "Point",
        "coordinates": [
          -1.3603,
          34.9029
        ]
      },
      "properties": {
        "id": "djezzy-dd0f07e9ee",
        "name": "SDH Koudia",
        "wilaya_code": "13",
        "commune_code": null,
        "commune": null,
        "commune_ar": null,
        "lat": 34.9029,
        "lng": -1.3603,
        "geo_precision": "exact",
        "geo_method": "operator_map",
        "source": "djezzy",
        "operator": "djezzy",
        "technology": "5G",
        "address": "Tlemcen"
      }
    },
    {
      "type": "Feature",
      "geometry": {
        "type": "Point",
        "coordinates": [
          6.6048,
          36.358
        ]
      },
      "properties": {
        "id": "djezzy-dd139985ac",
        "name": "V_BELLE_VUE_T",
        "wilaya_code": "25",
        "commune_code": null,
        "commune": null,
        "commune_ar": null,
        "lat": 36.358,
        "lng": 6.6048,
        "geo_precision": "exact",
        "geo_method": "operator_map",
        "source": "djezzy",
        "operator": "djezzy",
        "technology": "5G",
        "address": "Constantine"
      }
    },
    {
      "type": "Feature",
      "geometry": {
        "type": "Point",
        "coordinates": [
          6.928088,
          36.45316
        ]
      },
      "properties": {
        "id": "djezzy-dd5809310f",
        "name": "ZI hamrouche Hamoudi",
        "wilaya_code": "21",
        "commune_code": null,
        "commune": null,
        "commune_ar": null,
        "lat": 36.45316,
        "lng": 6.928088,
        "geo_precision": "exact",
        "geo_method": "operator_map",
        "source": "djezzy",
        "operator": "djezzy",
        "technology": "5G",
        "address": "EL MARSA"
      }
    },
    {
      "type": "Feature",
      "geometry": {
        "type": "Point",
        "coordinates": [
          2.96396,
          36.77055
        ]
      },
      "properties": {
        "id": "djezzy-ddec833182",
        "name": "Cheraga 4",
        "wilaya_code": "16",
        "commune_code": null,
        "commune": null,
        "commune_ar": null,
        "lat": 36.77055,
        "lng": 2.96396,
        "geo_precision": "exact",
        "geo_method": "operator_map",
        "source": "djezzy",
        "operator": "djezzy",
        "technology": "5G",
        "address": "CHERAGA"
      }
    },
    {
      "type": "Feature",
      "geometry": {
        "type": "Point",
        "coordinates": [
          3.173108,
          36.687902
        ]
      },
      "properties": {
        "id": "djezzy-de4e947bef",
        "name": "Micro Chrarba",
        "wilaya_code": "16",
        "commune_code": null,
        "commune": null,
        "commune_ar": null,
        "lat": 36.687902,
        "lng": 3.173108,
        "geo_precision": "exact",
        "geo_method": "operator_map",
        "source": "djezzy",
        "operator": "djezzy",
        "technology": "5G",
        "address": "LES EUCALYPTUS"
      }
    },
    {
      "type": "Feature",
      "geometry": {
        "type": "Point",
        "coordinates": [
          5.296008,
          35.901945
        ]
      },
      "properties": {
        "id": "djezzy-de713ee3a8",
        "name": "Ras El Ain",
        "wilaya_code": "19",
        "commune_code": null,
        "commune": null,
        "commune_ar": null,
        "lat": 35.901945,
        "lng": 5.296008,
        "geo_precision": "exact",
        "geo_method": "operator_map",
        "source": "djezzy",
        "operator": "djezzy",
        "technology": "5G",
        "address": "AIN OULMANE"
      }
    },
    {
      "type": "Feature",
      "geometry": {
        "type": "Point",
        "coordinates": [
          -0.606158,
          35.716316
        ]
      },
      "properties": {
        "id": "djezzy-de73e85f94",
        "name": "Centre d\"affaire les falaises",
        "wilaya_code": "31",
        "commune_code": null,
        "commune": null,
        "commune_ar": null,
        "lat": 35.716316,
        "lng": -0.606158,
        "geo_precision": "exact",
        "geo_method": "operator_map",
        "source": "djezzy",
        "operator": "djezzy",
        "technology": "5G",
        "address": "Oran"
      }
    },
    {
      "type": "Feature",
      "geometry": {
        "type": "Point",
        "coordinates": [
          3.19684,
          36.71221
        ]
      },
      "properties": {
        "id": "djezzy-de7a708e51",
        "name": "Trade Center BEZ",
        "wilaya_code": "16",
        "commune_code": null,
        "commune": null,
        "commune_ar": null,
        "lat": 36.71221,
        "lng": 3.19684,
        "geo_precision": "exact",
        "geo_method": "operator_map",
        "source": "djezzy",
        "operator": "djezzy",
        "technology": "5G",
        "address": "BEB EZZOUAR"
      }
    },
    {
      "type": "Feature",
      "geometry": {
        "type": "Point",
        "coordinates": [
          3.138286,
          36.704276
        ]
      },
      "properties": {
        "id": "djezzy-deaaebcaad",
        "name": "'Cite kourifa",
        "wilaya_code": "16",
        "commune_code": null,
        "commune": null,
        "commune_ar": null,
        "lat": 36.704276,
        "lng": 3.138286,
        "geo_precision": "exact",
        "geo_method": "operator_map",
        "source": "djezzy",
        "operator": "djezzy",
        "technology": "5G",
        "address": "EL HARRACH"
      }
    },
    {
      "type": "Feature",
      "geometry": {
        "type": "Point",
        "coordinates": [
          5.35163,
          31.92974
        ]
      },
      "properties": {
        "id": "djezzy-def7d5b735",
        "name": "EL HADAB",
        "wilaya_code": "30",
        "commune_code": null,
        "commune": null,
        "commune_ar": null,
        "lat": 31.92974,
        "lng": 5.35163,
        "geo_precision": "exact",
        "geo_method": "operator_map",
        "source": "djezzy",
        "operator": "djezzy",
        "technology": "5G",
        "address": "ROUISSAT"
      }
    },
    {
      "type": "Feature",
      "geometry": {
        "type": "Point",
        "coordinates": [
          -1.3197,
          34.91764
        ]
      },
      "properties": {
        "id": "djezzy-e011a69133",
        "name": "CITE_HASNA",
        "wilaya_code": "13",
        "commune_code": null,
        "commune": null,
        "commune_ar": null,
        "lat": 34.91764,
        "lng": -1.3197,
        "geo_precision": "exact",
        "geo_method": "operator_map",
        "source": "djezzy",
        "operator": "djezzy",
        "technology": "5G",
        "address": "Tlemcen"
      }
    },
    {
      "type": "Feature",
      "geometry": {
        "type": "Point",
        "coordinates": [
          3.05938,
          36.74999
        ]
      },
      "properties": {
        "id": "djezzy-e049df689b",
        "name": "Boulevard des Martyrs 2",
        "wilaya_code": "16",
        "commune_code": null,
        "commune": null,
        "commune_ar": null,
        "lat": 36.74999,
        "lng": 3.05938,
        "geo_precision": "exact",
        "geo_method": "operator_map",
        "source": "djezzy",
        "operator": "djezzy",
        "technology": "5G",
        "address": "HYDRA"
      }
    },
    {
      "type": "Feature",
      "geometry": {
        "type": "Point",
        "coordinates": [
          3.00037,
          36.77166
        ]
      },
      "properties": {
        "id": "djezzy-e051557d3b",
        "name": "El Arkam_2",
        "wilaya_code": "16",
        "commune_code": null,
        "commune": null,
        "commune_ar": null,
        "lat": 36.77166,
        "lng": 3.00037,
        "geo_precision": "exact",
        "geo_method": "operator_map",
        "source": "djezzy",
        "operator": "djezzy",
        "technology": "5G",
        "address": "DELY BRAHIM"
      }
    },
    {
      "type": "Feature",
      "geometry": {
        "type": "Point",
        "coordinates": [
          3.01263,
          36.77847
        ]
      },
      "properties": {
        "id": "djezzy-e0915a091c",
        "name": "Baranesse hai soumam",
        "wilaya_code": "16",
        "commune_code": null,
        "commune": null,
        "commune_ar": null,
        "lat": 36.77847,
        "lng": 3.01263,
        "geo_precision": "exact",
        "geo_method": "operator_map",
        "source": "djezzy",
        "operator": "djezzy",
        "technology": "5G",
        "address": "BOUZAREAH"
      }
    },
    {
      "type": "Feature",
      "geometry": {
        "type": "Point",
        "coordinates": [
          2.97661,
          36.75381
        ]
      },
      "properties": {
        "id": "djezzy-e1083ef137",
        "name": "cité Bois des cars 2",
        "wilaya_code": "16",
        "commune_code": null,
        "commune": null,
        "commune_ar": null,
        "lat": 36.75381,
        "lng": 2.97661,
        "geo_precision": "exact",
        "geo_method": "operator_map",
        "source": "djezzy",
        "operator": "djezzy",
        "technology": "5G",
        "address": "DELY BRAHIM"
      }
    },
    {
      "type": "Feature",
      "geometry": {
        "type": "Point",
        "coordinates": [
          6.1876,
          31.62809
        ]
      },
      "properties": {
        "id": "djezzy-e1f52a0191",
        "name": "Bentini",
        "wilaya_code": "30",
        "commune_code": null,
        "commune": null,
        "commune_ar": null,
        "lat": 31.62809,
        "lng": 6.1876,
        "geo_precision": "exact",
        "geo_method": "operator_map",
        "source": "djezzy",
        "operator": "djezzy",
        "technology": "5G",
        "address": "HASSI MESSAOUD"
      }
    },
    {
      "type": "Feature",
      "geometry": {
        "type": "Point",
        "coordinates": [
          -0.65004,
          35.667083
        ]
      },
      "properties": {
        "id": "djezzy-e217c1ca8d",
        "name": "Marmara Hotel",
        "wilaya_code": "31",
        "commune_code": null,
        "commune": null,
        "commune_ar": null,
        "lat": 35.667083,
        "lng": -0.65004,
        "geo_precision": "exact",
        "geo_method": "operator_map",
        "source": "djezzy",
        "operator": "djezzy",
        "technology": "5G",
        "address": "Oran"
      }
    },
    {
      "type": "Feature",
      "geometry": {
        "type": "Point",
        "coordinates": [
          -0.632694,
          35.67375
        ]
      },
      "properties": {
        "id": "djezzy-e2302e0f47",
        "name": "Maternite d'Oran",
        "wilaya_code": "31",
        "commune_code": null,
        "commune": null,
        "commune_ar": null,
        "lat": 35.67375,
        "lng": -0.632694,
        "geo_precision": "exact",
        "geo_method": "operator_map",
        "source": "djezzy",
        "operator": "djezzy",
        "technology": "5G",
        "address": "Oran"
      }
    },
    {
      "type": "Feature",
      "geometry": {
        "type": "Point",
        "coordinates": [
          -0.576069,
          35.720382
        ]
      },
      "properties": {
        "id": "djezzy-e27411d63a",
        "name": "Résidence Kortoba",
        "wilaya_code": "31",
        "commune_code": null,
        "commune": null,
        "commune_ar": null,
        "lat": 35.720382,
        "lng": -0.576069,
        "geo_precision": "exact",
        "geo_method": "operator_map",
        "source": "djezzy",
        "operator": "djezzy",
        "technology": "5G",
        "address": "BIR EL DJIR"
      }
    },
    {
      "type": "Feature",
      "geometry": {
        "type": "Point",
        "coordinates": [
          2.742,
          36.46335
        ]
      },
      "properties": {
        "id": "djezzy-e279398ae7",
        "name": "Chiffa Slimane Ali",
        "wilaya_code": "09",
        "commune_code": null,
        "commune": null,
        "commune_ar": null,
        "lat": 36.46335,
        "lng": 2.742,
        "geo_precision": "exact",
        "geo_method": "operator_map",
        "source": "djezzy",
        "operator": "djezzy",
        "technology": "5G",
        "address": "CHIFFA"
      }
    },
    {
      "type": "Feature",
      "geometry": {
        "type": "Point",
        "coordinates": [
          -0.592083333333333,
          35.7005
        ]
      },
      "properties": {
        "id": "djezzy-e2c3a5bc89",
        "name": "Hosn El Djiwar",
        "wilaya_code": "31",
        "commune_code": null,
        "commune": null,
        "commune_ar": null,
        "lat": 35.7005,
        "lng": -0.592083333333333,
        "geo_precision": "exact",
        "geo_method": "operator_map",
        "source": "djezzy",
        "operator": "djezzy",
        "technology": "5G",
        "address": "BIR EL DJIR"
      }
    },
    {
      "type": "Feature",
      "geometry": {
        "type": "Point",
        "coordinates": [
          2.94866,
          36.76291
        ]
      },
      "properties": {
        "id": "djezzy-e2e3d1dce6",
        "name": "Amara",
        "wilaya_code": "16",
        "commune_code": null,
        "commune": null,
        "commune_ar": null,
        "lat": 36.76291,
        "lng": 2.94866,
        "geo_precision": "exact",
        "geo_method": "operator_map",
        "source": "djezzy",
        "operator": "djezzy",
        "technology": "5G",
        "address": "CHERAGA"
      }
    },
    {
      "type": "Feature",
      "geometry": {
        "type": "Point",
        "coordinates": [
          2.96426,
          36.62255
        ]
      },
      "properties": {
        "id": "djezzy-e313846970",
        "name": "ouled sidi mohamed Birtouta",
        "wilaya_code": "16",
        "commune_code": null,
        "commune": null,
        "commune_ar": null,
        "lat": 36.62255,
        "lng": 2.96426,
        "geo_precision": "exact",
        "geo_method": "operator_map",
        "source": "djezzy",
        "operator": "djezzy",
        "technology": "5G",
        "address": "BIRTOUTA"
      }
    },
    {
      "type": "Feature",
      "geometry": {
        "type": "Point",
        "coordinates": [
          5.07232,
          36.7249
        ]
      },
      "properties": {
        "id": "djezzy-e341c767d8",
        "name": "Iryahen",
        "wilaya_code": "06",
        "commune_code": null,
        "commune": null,
        "commune_ar": null,
        "lat": 36.7249,
        "lng": 5.07232,
        "geo_precision": "exact",
        "geo_method": "operator_map",
        "source": "djezzy",
        "operator": "djezzy",
        "technology": "5G",
        "address": "Bejaia"
      }
    },
    {
      "type": "Feature",
      "geometry": {
        "type": "Point",
        "coordinates": [
          3.11555,
          36.68851
        ]
      },
      "properties": {
        "id": "djezzy-e4767c300f",
        "name": "Autoroute Oued Smar",
        "wilaya_code": "16",
        "commune_code": null,
        "commune": null,
        "commune_ar": null,
        "lat": 36.68851,
        "lng": 3.11555,
        "geo_precision": "exact",
        "geo_method": "operator_map",
        "source": "djezzy",
        "operator": "djezzy",
        "technology": "5G",
        "address": "BARAKI"
      }
    },
    {
      "type": "Feature",
      "geometry": {
        "type": "Point",
        "coordinates": [
          -0.53859,
          35.73747
        ]
      },
      "properties": {
        "id": "djezzy-e48f4cc983",
        "name": "Universite Belgaid",
        "wilaya_code": "31",
        "commune_code": null,
        "commune": null,
        "commune_ar": null,
        "lat": 35.73747,
        "lng": -0.53859,
        "geo_precision": "exact",
        "geo_method": "operator_map",
        "source": "djezzy",
        "operator": "djezzy",
        "technology": "5G",
        "address": "BIR EL DJIR"
      }
    },
    {
      "type": "Feature",
      "geometry": {
        "type": "Point",
        "coordinates": [
          3.215,
          36.7537
        ]
      },
      "properties": {
        "id": "djezzy-e4e7e748fe",
        "name": "Verte Rive_1",
        "wilaya_code": "16",
        "commune_code": null,
        "commune": null,
        "commune_ar": null,
        "lat": 36.7537,
        "lng": 3.215,
        "geo_precision": "exact",
        "geo_method": "operator_map",
        "source": "djezzy",
        "operator": "djezzy",
        "technology": "5G",
        "address": "BORDJ EL KIFFAN"
      }
    },
    {
      "type": "Feature",
      "geometry": {
        "type": "Point",
        "coordinates": [
          3.3438,
          36.7328
        ]
      },
      "properties": {
        "id": "djezzy-e4f9befae6",
        "name": "Coop ANABIB",
        "wilaya_code": "16",
        "commune_code": null,
        "commune": null,
        "commune_ar": null,
        "lat": 36.7328,
        "lng": 3.3438,
        "geo_precision": "exact",
        "geo_method": "operator_map",
        "source": "djezzy",
        "operator": "djezzy",
        "technology": "5G",
        "address": "REGHAIA"
      }
    },
    {
      "type": "Feature",
      "geometry": {
        "type": "Point",
        "coordinates": [
          3.0964,
          36.7138
        ]
      },
      "properties": {
        "id": "djezzy-e570877b53",
        "name": "Air Algerie",
        "wilaya_code": "16",
        "commune_code": null,
        "commune": null,
        "commune_ar": null,
        "lat": 36.7138,
        "lng": 3.0964,
        "geo_precision": "exact",
        "geo_method": "operator_map",
        "source": "djezzy",
        "operator": "djezzy",
        "technology": "5G",
        "address": "BOUROUBA"
      }
    },
    {
      "type": "Feature",
      "geometry": {
        "type": "Point",
        "coordinates": [
          3.0632,
          36.7242
        ]
      },
      "properties": {
        "id": "djezzy-e5a11f8ee5",
        "name": "HOPITAL MILITAIRE DE AIN NAADJA",
        "wilaya_code": "16",
        "commune_code": null,
        "commune": null,
        "commune_ar": null,
        "lat": 36.7242,
        "lng": 3.0632,
        "geo_precision": "exact",
        "geo_method": "operator_map",
        "source": "djezzy",
        "operator": "djezzy",
        "technology": "5G",
        "address": "KOUBA"
      }
    },
    {
      "type": "Feature",
      "geometry": {
        "type": "Point",
        "coordinates": [
          3.147669,
          36.654761
        ]
      },
      "properties": {
        "id": "djezzy-e60f3af0b5",
        "name": "Hidoussi 2",
        "wilaya_code": "16",
        "commune_code": null,
        "commune": null,
        "commune_ar": null,
        "lat": 36.654761,
        "lng": 3.147669,
        "geo_precision": "exact",
        "geo_method": "operator_map",
        "source": "djezzy",
        "operator": "djezzy",
        "technology": "5G",
        "address": "LES EUCALYPTUS"
      }
    },
    {
      "type": "Feature",
      "geometry": {
        "type": "Point",
        "coordinates": [
          6.651979,
          34.65177
        ]
      },
      "properties": {
        "id": "djezzy-e652571c78",
        "name": "Sarkina",
        "wilaya_code": "25",
        "commune_code": null,
        "commune": null,
        "commune_ar": null,
        "lat": 34.65177,
        "lng": 6.651979,
        "geo_precision": "exact",
        "geo_method": "operator_map",
        "source": "djezzy",
        "operator": "djezzy",
        "technology": "5G",
        "address": "Constantine"
      }
    },
    {
      "type": "Feature",
      "geometry": {
        "type": "Point",
        "coordinates": [
          7.0596,
          36.7189
        ]
      },
      "properties": {
        "id": "djezzy-e656ee7bac",
        "name": "Zaouia Azzaba",
        "wilaya_code": "21",
        "commune_code": null,
        "commune": null,
        "commune_ar": null,
        "lat": 36.7189,
        "lng": 7.0596,
        "geo_precision": "exact",
        "geo_method": "operator_map",
        "source": "djezzy",
        "operator": "djezzy",
        "technology": "5G",
        "address": "AZZABA"
      }
    },
    {
      "type": "Feature",
      "geometry": {
        "type": "Point",
        "coordinates": [
          3.24371,
          36.78532
        ]
      },
      "properties": {
        "id": "djezzy-e678bc259b",
        "name": "La Brise",
        "wilaya_code": "16",
        "commune_code": null,
        "commune": null,
        "commune_ar": null,
        "lat": 36.78532,
        "lng": 3.24371,
        "geo_precision": "exact",
        "geo_method": "operator_map",
        "source": "djezzy",
        "operator": "djezzy",
        "technology": "5G",
        "address": "BORDJ EL BAHRI"
      }
    },
    {
      "type": "Feature",
      "geometry": {
        "type": "Point",
        "coordinates": [
          2.90165,
          36.7985
        ]
      },
      "properties": {
        "id": "djezzy-e6f086feee",
        "name": "El Djamila",
        "wilaya_code": "16",
        "commune_code": null,
        "commune": null,
        "commune_ar": null,
        "lat": 36.7985,
        "lng": 2.90165,
        "geo_precision": "exact",
        "geo_method": "operator_map",
        "source": "djezzy",
        "operator": "djezzy",
        "technology": "5G",
        "address": "AIN BENIAN"
      }
    },
    {
      "type": "Feature",
      "geometry": {
        "type": "Point",
        "coordinates": [
          5.408389,
          36.18833
        ]
      },
      "properties": {
        "id": "djezzy-e714d13eb9",
        "name": "Avenu du 08 Mai 45_ Setif",
        "wilaya_code": "19",
        "commune_code": null,
        "commune": null,
        "commune_ar": null,
        "lat": 36.18833,
        "lng": 5.408389,
        "geo_precision": "exact",
        "geo_method": "operator_map",
        "source": "djezzy",
        "operator": "djezzy",
        "technology": "5G",
        "address": "Setif"
      }
    },
    {
      "type": "Feature",
      "geometry": {
        "type": "Point",
        "coordinates": [
          3.09592,
          36.66726
        ]
      },
      "properties": {
        "id": "djezzy-e72010173e",
        "name": "Baraki Djaafar Cherif",
        "wilaya_code": "16",
        "commune_code": null,
        "commune": null,
        "commune_ar": null,
        "lat": 36.66726,
        "lng": 3.09592,
        "geo_precision": "exact",
        "geo_method": "operator_map",
        "source": "djezzy",
        "operator": "djezzy",
        "technology": "5G",
        "address": "BARAKI"
      }
    },
    {
      "type": "Feature",
      "geometry": {
        "type": "Point",
        "coordinates": [
          3.142321,
          36.671632
        ]
      },
      "properties": {
        "id": "djezzy-e74ccceaa4",
        "name": "Chateau rouge les Eucalyptus",
        "wilaya_code": "16",
        "commune_code": null,
        "commune": null,
        "commune_ar": null,
        "lat": 36.671632,
        "lng": 3.142321,
        "geo_precision": "exact",
        "geo_method": "operator_map",
        "source": "djezzy",
        "operator": "djezzy",
        "technology": "5G",
        "address": "LES EUCALYPTUS"
      }
    },
    {
      "type": "Feature",
      "geometry": {
        "type": "Point",
        "coordinates": [
          2.8804,
          36.7338
        ]
      },
      "properties": {
        "id": "djezzy-e7a3522405",
        "name": "Lotissement  Katti",
        "wilaya_code": "16",
        "commune_code": null,
        "commune": null,
        "commune_ar": null,
        "lat": 36.7338,
        "lng": 2.8804,
        "geo_precision": "exact",
        "geo_method": "operator_map",
        "source": "djezzy",
        "operator": "djezzy",
        "technology": "5G",
        "address": "STAOUELI"
      }
    },
    {
      "type": "Feature",
      "geometry": {
        "type": "Point",
        "coordinates": [
          3.11688,
          36.71365
        ]
      },
      "properties": {
        "id": "djezzy-e867e1c21d",
        "name": "cité la Montagne 2",
        "wilaya_code": "16",
        "commune_code": null,
        "commune": null,
        "commune_ar": null,
        "lat": 36.71365,
        "lng": 3.11688,
        "geo_precision": "exact",
        "geo_method": "operator_map",
        "source": "djezzy",
        "operator": "djezzy",
        "technology": "5G",
        "address": "BOUROUBA"
      }
    },
    {
      "type": "Feature",
      "geometry": {
        "type": "Point",
        "coordinates": [
          2.9998,
          36.73995
        ]
      },
      "properties": {
        "id": "djezzy-e8be8c00db",
        "name": "Oued Remane",
        "wilaya_code": "16",
        "commune_code": null,
        "commune": null,
        "commune_ar": null,
        "lat": 36.73995,
        "lng": 2.9998,
        "geo_precision": "exact",
        "geo_method": "operator_map",
        "source": "djezzy",
        "operator": "djezzy",
        "technology": "5G",
        "address": "EL ACHOUR"
      }
    },
    {
      "type": "Feature",
      "geometry": {
        "type": "Point",
        "coordinates": [
          6.04275,
          31.7299
        ]
      },
      "properties": {
        "id": "djezzy-e8f0276c9a",
        "name": "HASSI MESSAOUD INDUSTRIAL NORTH",
        "wilaya_code": "30",
        "commune_code": null,
        "commune": null,
        "commune_ar": null,
        "lat": 31.7299,
        "lng": 6.04275,
        "geo_precision": "exact",
        "geo_method": "operator_map",
        "source": "djezzy",
        "operator": "djezzy",
        "technology": "5G",
        "address": "HASSI MESSAOUD"
      }
    },
    {
      "type": "Feature",
      "geometry": {
        "type": "Point",
        "coordinates": [
          3.0598,
          36.77652
        ]
      },
      "properties": {
        "id": "djezzy-e929d58276",
        "name": "Hotel Saphir",
        "wilaya_code": "16",
        "commune_code": null,
        "commune": null,
        "commune_ar": null,
        "lat": 36.77652,
        "lng": 3.0598,
        "geo_precision": "exact",
        "geo_method": "operator_map",
        "source": "djezzy",
        "operator": "djezzy",
        "technology": "5G",
        "address": "Alger"
      }
    },
    {
      "type": "Feature",
      "geometry": {
        "type": "Point",
        "coordinates": [
          5.33309,
          31.93256
        ]
      },
      "properties": {
        "id": "djezzy-e952e6ac73",
        "name": "Hai Sokra",
        "wilaya_code": "30",
        "commune_code": null,
        "commune": null,
        "commune_ar": null,
        "lat": 31.93256,
        "lng": 5.33309,
        "geo_precision": "exact",
        "geo_method": "operator_map",
        "source": "djezzy",
        "operator": "djezzy",
        "technology": "5G",
        "address": "ROUISSAT"
      }
    },
    {
      "type": "Feature",
      "geometry": {
        "type": "Point",
        "coordinates": [
          3.06231,
          36.70114
        ]
      },
      "properties": {
        "id": "djezzy-e97c38f61f",
        "name": "Coop Amel Birkhadem",
        "wilaya_code": "16",
        "commune_code": null,
        "commune": null,
        "commune_ar": null,
        "lat": 36.70114,
        "lng": 3.06231,
        "geo_precision": "exact",
        "geo_method": "operator_map",
        "source": "djezzy",
        "operator": "djezzy",
        "technology": "5G",
        "address": "DJISR KSENTINA"
      }
    },
    {
      "type": "Feature",
      "geometry": {
        "type": "Point",
        "coordinates": [
          3.175,
          36.718
        ]
      },
      "properties": {
        "id": "djezzy-e9bf2202fb",
        "name": "Bab Ezzouar 2",
        "wilaya_code": "16",
        "commune_code": null,
        "commune": null,
        "commune_ar": null,
        "lat": 36.718,
        "lng": 3.175,
        "geo_precision": "exact",
        "geo_method": "operator_map",
        "source": "djezzy",
        "operator": "djezzy",
        "technology": "5G",
        "address": "BEB EZZOUAR"
      }
    },
    {
      "type": "Feature",
      "geometry": {
        "type": "Point",
        "coordinates": [
          3.17571,
          36.71615
        ]
      },
      "properties": {
        "id": "djezzy-e9fcc9e654",
        "name": "marchi Dubai",
        "wilaya_code": "16",
        "commune_code": null,
        "commune": null,
        "commune_ar": null,
        "lat": 36.71615,
        "lng": 3.17571,
        "geo_precision": "exact",
        "geo_method": "operator_map",
        "source": "djezzy",
        "operator": "djezzy",
        "technology": "5G",
        "address": "BEB EZZOUAR"
      }
    },
    {
      "type": "Feature",
      "geometry": {
        "type": "Point",
        "coordinates": [
          3.07617,
          36.6959
        ]
      },
      "properties": {
        "id": "djezzy-eaa01c4ed6",
        "name": "Cooperative Saada",
        "wilaya_code": "16",
        "commune_code": null,
        "commune": null,
        "commune_ar": null,
        "lat": 36.6959,
        "lng": 3.07617,
        "geo_precision": "exact",
        "geo_method": "operator_map",
        "source": "djezzy",
        "operator": "djezzy",
        "technology": "5G",
        "address": "DJISR KSENTINA"
      }
    },
    {
      "type": "Feature",
      "geometry": {
        "type": "Point",
        "coordinates": [
          3.33892,
          36.74403
        ]
      },
      "properties": {
        "id": "djezzy-eac310ec8c",
        "name": "Cooperatif  el amel",
        "wilaya_code": "16",
        "commune_code": null,
        "commune": null,
        "commune_ar": null,
        "lat": 36.74403,
        "lng": 3.33892,
        "geo_precision": "exact",
        "geo_method": "operator_map",
        "source": "djezzy",
        "operator": "djezzy",
        "technology": "5G",
        "address": "REGHAIA"
      }
    },
    {
      "type": "Feature",
      "geometry": {
        "type": "Point",
        "coordinates": [
          3.0122,
          36.533
        ]
      },
      "properties": {
        "id": "djezzy-eae5b2f2a6",
        "name": "Bouinane 2",
        "wilaya_code": "09",
        "commune_code": null,
        "commune": null,
        "commune_ar": null,
        "lat": 36.533,
        "lng": 3.0122,
        "geo_precision": "exact",
        "geo_method": "operator_map",
        "source": "djezzy",
        "operator": "djezzy",
        "technology": "5G",
        "address": "BOUINAN"
      }
    },
    {
      "type": "Feature",
      "geometry": {
        "type": "Point",
        "coordinates": [
          5.51051,
          35.80958
        ]
      },
      "properties": {
        "id": "djezzy-eb1fdb550c",
        "name": "Ain Azal 5",
        "wilaya_code": "19",
        "commune_code": null,
        "commune": null,
        "commune_ar": null,
        "lat": 35.80958,
        "lng": 5.51051,
        "geo_precision": "exact",
        "geo_method": "operator_map",
        "source": "djezzy",
        "operator": "djezzy",
        "technology": "5G",
        "address": "AIN AZAL"
      }
    },
    {
      "type": "Feature",
      "geometry": {
        "type": "Point",
        "coordinates": [
          6.65182,
          36.35604
        ]
      },
      "properties": {
        "id": "djezzy-eb35509364",
        "name": "V_CITE EL RIADH_T",
        "wilaya_code": "25",
        "commune_code": null,
        "commune": null,
        "commune_ar": null,
        "lat": 36.35604,
        "lng": 6.65182,
        "geo_precision": "exact",
        "geo_method": "operator_map",
        "source": "djezzy",
        "operator": "djezzy",
        "technology": "5G",
        "address": "Constantine"
      }
    },
    {
      "type": "Feature",
      "geometry": {
        "type": "Point",
        "coordinates": [
          3.1871,
          36.7399
        ]
      },
      "properties": {
        "id": "djezzy-eb89f010c3",
        "name": "Sorical_1",
        "wilaya_code": "16",
        "commune_code": null,
        "commune": null,
        "commune_ar": null,
        "lat": 36.7399,
        "lng": 3.1871,
        "geo_precision": "exact",
        "geo_method": "operator_map",
        "source": "djezzy",
        "operator": "djezzy",
        "technology": "5G",
        "address": "BORDJ EL KIFFAN"
      }
    },
    {
      "type": "Feature",
      "geometry": {
        "type": "Point",
        "coordinates": [
          3.082679,
          36.707821
        ]
      },
      "properties": {
        "id": "djezzy-ebc6ef3d9c",
        "name": "DJISR KESENTINA_2",
        "wilaya_code": "16",
        "commune_code": null,
        "commune": null,
        "commune_ar": null,
        "lat": 36.707821,
        "lng": 3.082679,
        "geo_precision": "exact",
        "geo_method": "operator_map",
        "source": "djezzy",
        "operator": "djezzy",
        "technology": "5G",
        "address": "DJISR KSENTINA"
      }
    },
    {
      "type": "Feature",
      "geometry": {
        "type": "Point",
        "coordinates": [
          2.92201,
          36.652
        ]
      },
      "properties": {
        "id": "djezzy-ec40a0661e",
        "name": "HADJ YAKOUB",
        "wilaya_code": "16",
        "commune_code": null,
        "commune": null,
        "commune_ar": null,
        "lat": 36.652,
        "lng": 2.92201,
        "geo_precision": "exact",
        "geo_method": "operator_map",
        "source": "djezzy",
        "operator": "djezzy",
        "technology": "5G",
        "address": "DOUERA"
      }
    },
    {
      "type": "Feature",
      "geometry": {
        "type": "Point",
        "coordinates": [
          3.15662,
          36.7076
        ]
      },
      "properties": {
        "id": "djezzy-ec42886e7e",
        "name": "Ali khoudja",
        "wilaya_code": "16",
        "commune_code": null,
        "commune": null,
        "commune_ar": null,
        "lat": 36.7076,
        "lng": 3.15662,
        "geo_precision": "exact",
        "geo_method": "operator_map",
        "source": "djezzy",
        "operator": "djezzy",
        "technology": "5G",
        "address": "OUED SMAR"
      }
    },
    {
      "type": "Feature",
      "geometry": {
        "type": "Point",
        "coordinates": [
          2.8713,
          36.6837
        ]
      },
      "properties": {
        "id": "djezzy-ec73815d0b",
        "name": "cite 2100 lgts mahelama",
        "wilaya_code": "16",
        "commune_code": null,
        "commune": null,
        "commune_ar": null,
        "lat": 36.6837,
        "lng": 2.8713,
        "geo_precision": "exact",
        "geo_method": "operator_map",
        "source": "djezzy",
        "operator": "djezzy",
        "technology": "5G",
        "address": "MAHELMA"
      }
    },
    {
      "type": "Feature",
      "geometry": {
        "type": "Point",
        "coordinates": [
          3.02694,
          36.76871
        ]
      },
      "properties": {
        "id": "djezzy-ecf666b325",
        "name": "Centre Commercial  ECOSIOM",
        "wilaya_code": "16",
        "commune_code": null,
        "commune": null,
        "commune_ar": null,
        "lat": 36.76871,
        "lng": 3.02694,
        "geo_precision": "exact",
        "geo_method": "operator_map",
        "source": "djezzy",
        "operator": "djezzy",
        "technology": "5G",
        "address": "EL BIAR"
      }
    },
    {
      "type": "Feature",
      "geometry": {
        "type": "Point",
        "coordinates": [
          -1.3433,
          34.9226
        ]
      },
      "properties": {
        "id": "djezzy-ed0be9afbb",
        "name": "Oujlida_Extention",
        "wilaya_code": "13",
        "commune_code": null,
        "commune": null,
        "commune_ar": null,
        "lat": 34.9226,
        "lng": -1.3433,
        "geo_precision": "exact",
        "geo_method": "operator_map",
        "source": "djezzy",
        "operator": "djezzy",
        "technology": "5G",
        "address": "Tlemcen"
      }
    },
    {
      "type": "Feature",
      "geometry": {
        "type": "Point",
        "coordinates": [
          -0.635436,
          35.705298
        ]
      },
      "properties": {
        "id": "djezzy-ed42c33b73",
        "name": "Place Front de mer",
        "wilaya_code": "31",
        "commune_code": null,
        "commune": null,
        "commune_ar": null,
        "lat": 35.705298,
        "lng": -0.635436,
        "geo_precision": "exact",
        "geo_method": "operator_map",
        "source": "djezzy",
        "operator": "djezzy",
        "technology": "5G",
        "address": "Oran"
      }
    },
    {
      "type": "Feature",
      "geometry": {
        "type": "Point",
        "coordinates": [
          -0.57302,
          35.69846
        ]
      },
      "properties": {
        "id": "djezzy-eda4fe5a8e",
        "name": "Hai Es sabah",
        "wilaya_code": "31",
        "commune_code": null,
        "commune": null,
        "commune_ar": null,
        "lat": 35.69846,
        "lng": -0.57302,
        "geo_precision": "exact",
        "geo_method": "operator_map",
        "source": "djezzy",
        "operator": "djezzy",
        "technology": "5G",
        "address": "SIDI CHAMI"
      }
    },
    {
      "type": "Feature",
      "geometry": {
        "type": "Point",
        "coordinates": [
          3.03509,
          36.77545
        ]
      },
      "properties": {
        "id": "djezzy-eda6dbedc6",
        "name": "Frais Vallon",
        "wilaya_code": "16",
        "commune_code": null,
        "commune": null,
        "commune_ar": null,
        "lat": 36.77545,
        "lng": 3.03509,
        "geo_precision": "exact",
        "geo_method": "operator_map",
        "source": "djezzy",
        "operator": "djezzy",
        "technology": "5G",
        "address": "BOUZAREAH"
      }
    },
    {
      "type": "Feature",
      "geometry": {
        "type": "Point",
        "coordinates": [
          2.9453,
          36.80261
        ]
      },
      "properties": {
        "id": "djezzy-edb253485b",
        "name": "CITE 11 DECEMBRE AIN BENIANE ",
        "wilaya_code": "16",
        "commune_code": null,
        "commune": null,
        "commune_ar": null,
        "lat": 36.80261,
        "lng": 2.9453,
        "geo_precision": "exact",
        "geo_method": "operator_map",
        "source": "djezzy",
        "operator": "djezzy",
        "technology": "5G",
        "address": "AIN BENIAN"
      }
    },
    {
      "type": "Feature",
      "geometry": {
        "type": "Point",
        "coordinates": [
          2.949,
          36.6713
        ]
      },
      "properties": {
        "id": "djezzy-edc6942692",
        "name": "Résidence MARIA",
        "wilaya_code": "16",
        "commune_code": null,
        "commune": null,
        "commune_ar": null,
        "lat": 36.6713,
        "lng": 2.949,
        "geo_precision": "exact",
        "geo_method": "operator_map",
        "source": "djezzy",
        "operator": "djezzy",
        "technology": "5G",
        "address": "DOUERA"
      }
    },
    {
      "type": "Feature",
      "geometry": {
        "type": "Point",
        "coordinates": [
          6.95516,
          36.83669
        ]
      },
      "properties": {
        "id": "djezzy-ee1f8426cf",
        "name": "EVOLUTEC",
        "wilaya_code": "21",
        "commune_code": null,
        "commune": null,
        "commune_ar": null,
        "lat": 36.83669,
        "lng": 6.95516,
        "geo_precision": "exact",
        "geo_method": "operator_map",
        "source": "djezzy",
        "operator": "djezzy",
        "technology": "5G",
        "address": "EL MARSA"
      }
    },
    {
      "type": "Feature",
      "geometry": {
        "type": "Point",
        "coordinates": [
          2.979301,
          36.763681
        ]
      },
      "properties": {
        "id": "djezzy-eec008b1a3",
        "name": "Djenan achabou 2 Dar Diaf",
        "wilaya_code": "16",
        "commune_code": null,
        "commune": null,
        "commune_ar": null,
        "lat": 36.763681,
        "lng": 2.979301,
        "geo_precision": "exact",
        "geo_method": "operator_map",
        "source": "djezzy",
        "operator": "djezzy",
        "technology": "5G",
        "address": "DELY BRAHIM"
      }
    },
    {
      "type": "Feature",
      "geometry": {
        "type": "Point",
        "coordinates": [
          5.67631,
          36.1605
        ]
      },
      "properties": {
        "id": "djezzy-eee10b2264",
        "name": "El Eulma Site 5",
        "wilaya_code": "19",
        "commune_code": null,
        "commune": null,
        "commune_ar": null,
        "lat": 36.1605,
        "lng": 5.67631,
        "geo_precision": "exact",
        "geo_method": "operator_map",
        "source": "djezzy",
        "operator": "djezzy",
        "technology": "5G",
        "address": "EL EULMA"
      }
    },
    {
      "type": "Feature",
      "geometry": {
        "type": "Point",
        "coordinates": [
          6.64041,
          36.36645
        ]
      },
      "properties": {
        "id": "djezzy-ef144841fe",
        "name": "Cite laurier Rose SMK",
        "wilaya_code": "25",
        "commune_code": null,
        "commune": null,
        "commune_ar": null,
        "lat": 36.36645,
        "lng": 6.64041,
        "geo_precision": "exact",
        "geo_method": "operator_map",
        "source": "djezzy",
        "operator": "djezzy",
        "technology": "5G",
        "address": "Constantine"
      }
    },
    {
      "type": "Feature",
      "geometry": {
        "type": "Point",
        "coordinates": [
          -1.32428,
          34.89196
        ]
      },
      "properties": {
        "id": "djezzy-efab41de9e",
        "name": "Cite les Taxis",
        "wilaya_code": "13",
        "commune_code": null,
        "commune": null,
        "commune_ar": null,
        "lat": 34.89196,
        "lng": -1.32428,
        "geo_precision": "exact",
        "geo_method": "operator_map",
        "source": "djezzy",
        "operator": "djezzy",
        "technology": "5G",
        "address": "Tlemcen"
      }
    },
    {
      "type": "Feature",
      "geometry": {
        "type": "Point",
        "coordinates": [
          -0.620916666666667,
          35.6541666666667
        ]
      },
      "properties": {
        "id": "djezzy-efb561dc16",
        "name": "Cite Des Villas",
        "wilaya_code": "31",
        "commune_code": null,
        "commune": null,
        "commune_ar": null,
        "lat": 35.6541666666667,
        "lng": -0.620916666666667,
        "geo_precision": "exact",
        "geo_method": "operator_map",
        "source": "djezzy",
        "operator": "djezzy",
        "technology": "5G",
        "address": "ES SENIA"
      }
    },
    {
      "type": "Feature",
      "geometry": {
        "type": "Point",
        "coordinates": [
          -1.296797,
          34.877285
        ]
      },
      "properties": {
        "id": "djezzy-f02e46f089",
        "name": "Sidi SNOUSSI",
        "wilaya_code": "13",
        "commune_code": null,
        "commune": null,
        "commune_ar": null,
        "lat": 34.877285,
        "lng": -1.296797,
        "geo_precision": "exact",
        "geo_method": "operator_map",
        "source": "djezzy",
        "operator": "djezzy",
        "technology": "5G",
        "address": "Tlemcen"
      }
    },
    {
      "type": "Feature",
      "geometry": {
        "type": "Point",
        "coordinates": [
          5.33277,
          31.97823
        ]
      },
      "properties": {
        "id": "djezzy-f02f34738a",
        "name": "Said Othba",
        "wilaya_code": "30",
        "commune_code": null,
        "commune": null,
        "commune_ar": null,
        "lat": 31.97823,
        "lng": 5.33277,
        "geo_precision": "exact",
        "geo_method": "operator_map",
        "source": "djezzy",
        "operator": "djezzy",
        "technology": "5G",
        "address": "Ouargla"
      }
    },
    {
      "type": "Feature",
      "geometry": {
        "type": "Point",
        "coordinates": [
          3.2265,
          36.6177
        ]
      },
      "properties": {
        "id": "djezzy-f038f3a5dd",
        "name": "Rais menouar",
        "wilaya_code": "09",
        "commune_code": null,
        "commune": null,
        "commune_ar": null,
        "lat": 36.6177,
        "lng": 3.2265,
        "geo_precision": "exact",
        "geo_method": "operator_map",
        "source": "djezzy",
        "operator": "djezzy",
        "technology": "5G",
        "address": "MEFTAH"
      }
    },
    {
      "type": "Feature",
      "geometry": {
        "type": "Point",
        "coordinates": [
          3.25876,
          36.7942
        ]
      },
      "properties": {
        "id": "djezzy-f0ddb5ad34",
        "name": "Diar el Gharb",
        "wilaya_code": "16",
        "commune_code": null,
        "commune": null,
        "commune_ar": null,
        "lat": 36.7942,
        "lng": 3.25876,
        "geo_precision": "exact",
        "geo_method": "operator_map",
        "source": "djezzy",
        "operator": "djezzy",
        "technology": "5G",
        "address": "BORDJ EL BAHRI"
      }
    },
    {
      "type": "Feature",
      "geometry": {
        "type": "Point",
        "coordinates": [
          2.93001,
          36.73719
        ]
      },
      "properties": {
        "id": "djezzy-f13ac0210f",
        "name": "Opera d'Alger Indoor",
        "wilaya_code": "16",
        "commune_code": null,
        "commune": null,
        "commune_ar": null,
        "lat": 36.73719,
        "lng": 2.93001,
        "geo_precision": "exact",
        "geo_method": "operator_map",
        "source": "djezzy",
        "operator": "djezzy",
        "technology": "5G",
        "address": "OULED FAYET"
      }
    },
    {
      "type": "Feature",
      "geometry": {
        "type": "Point",
        "coordinates": [
          3.18443,
          36.73046
        ]
      },
      "properties": {
        "id": "djezzy-f160445a2a",
        "name": "cite Tribou bab Ezzouar",
        "wilaya_code": "16",
        "commune_code": null,
        "commune": null,
        "commune_ar": null,
        "lat": 36.73046,
        "lng": 3.18443,
        "geo_precision": "exact",
        "geo_method": "operator_map",
        "source": "djezzy",
        "operator": "djezzy",
        "technology": "5G",
        "address": "BEB EZZOUAR"
      }
    },
    {
      "type": "Feature",
      "geometry": {
        "type": "Point",
        "coordinates": [
          3.23776,
          36.69257
        ]
      },
      "properties": {
        "id": "djezzy-f1c7506721",
        "name": "Cité Abane Ramdane 2",
        "wilaya_code": "16",
        "commune_code": null,
        "commune": null,
        "commune_ar": null,
        "lat": 36.69257,
        "lng": 3.23776,
        "geo_precision": "exact",
        "geo_method": "operator_map",
        "source": "djezzy",
        "operator": "djezzy",
        "technology": "5G",
        "address": "DAR EL BEIDA"
      }
    },
    {
      "type": "Feature",
      "geometry": {
        "type": "Point",
        "coordinates": [
          -1.44575,
          35.01165
        ]
      },
      "properties": {
        "id": "djezzy-f231c84d63",
        "name": "Airport",
        "wilaya_code": "13",
        "commune_code": null,
        "commune": null,
        "commune_ar": null,
        "lat": 35.01165,
        "lng": -1.44575,
        "geo_precision": "exact",
        "geo_method": "operator_map",
        "source": "djezzy",
        "operator": "djezzy",
        "technology": "5G",
        "address": "ZENATA"
      }
    },
    {
      "type": "Feature",
      "geometry": {
        "type": "Point",
        "coordinates": [
          -0.6263,
          35.68841
        ]
      },
      "properties": {
        "id": "djezzy-f2422bb6a4",
        "name": "Bastille_2",
        "wilaya_code": "31",
        "commune_code": null,
        "commune": null,
        "commune_ar": null,
        "lat": 35.68841,
        "lng": -0.6263,
        "geo_precision": "exact",
        "geo_method": "operator_map",
        "source": "djezzy",
        "operator": "djezzy",
        "technology": "5G",
        "address": "Oran"
      }
    },
    {
      "type": "Feature",
      "geometry": {
        "type": "Point",
        "coordinates": [
          2.9379,
          36.7701
        ]
      },
      "properties": {
        "id": "djezzy-f26635a981",
        "name": "Village Cheraga_1",
        "wilaya_code": "16",
        "commune_code": null,
        "commune": null,
        "commune_ar": null,
        "lat": 36.7701,
        "lng": 2.9379,
        "geo_precision": "exact",
        "geo_method": "operator_map",
        "source": "djezzy",
        "operator": "djezzy",
        "technology": "5G",
        "address": "CHERAGA"
      }
    },
    {
      "type": "Feature",
      "geometry": {
        "type": "Point",
        "coordinates": [
          2.9422,
          36.8
        ]
      },
      "properties": {
        "id": "djezzy-f3bb20350b",
        "name": "Ain Benian",
        "wilaya_code": "16",
        "commune_code": null,
        "commune": null,
        "commune_ar": null,
        "lat": 36.8,
        "lng": 2.9422,
        "geo_precision": "approximate",
        "geo_method": "operator_map",
        "source": "djezzy",
        "operator": "djezzy",
        "technology": "5G",
        "address": "AIN BENIAN"
      }
    },
    {
      "type": "Feature",
      "geometry": {
        "type": "Point",
        "coordinates": [
          3.2291,
          36.7363
        ]
      },
      "properties": {
        "id": "djezzy-f3bdb14f0b",
        "name": "El Hamiz 5",
        "wilaya_code": "16",
        "commune_code": null,
        "commune": null,
        "commune_ar": null,
        "lat": 36.7363,
        "lng": 3.2291,
        "geo_precision": "exact",
        "geo_method": "operator_map",
        "source": "djezzy",
        "operator": "djezzy",
        "technology": "5G",
        "address": "DAR EL BEIDA"
      }
    },
    {
      "type": "Feature",
      "geometry": {
        "type": "Point",
        "coordinates": [
          3.0935,
          36.6584
        ]
      },
      "properties": {
        "id": "djezzy-f43caed839",
        "name": "HAOUCHE MIHOUB2",
        "wilaya_code": "16",
        "commune_code": null,
        "commune": null,
        "commune_ar": null,
        "lat": 36.6584,
        "lng": 3.0935,
        "geo_precision": "exact",
        "geo_method": "operator_map",
        "source": "djezzy",
        "operator": "djezzy",
        "technology": "5G",
        "address": "BARAKI"
      }
    },
    {
      "type": "Feature",
      "geometry": {
        "type": "Point",
        "coordinates": [
          -0.575278,
          35.628056
        ]
      },
      "properties": {
        "id": "djezzy-f4d7b1ba78",
        "name": "El Fourcene",
        "wilaya_code": "31",
        "commune_code": null,
        "commune": null,
        "commune_ar": null,
        "lat": 35.628056,
        "lng": -0.575278,
        "geo_precision": "exact",
        "geo_method": "operator_map",
        "source": "djezzy",
        "operator": "djezzy",
        "technology": "5G",
        "address": "SIDI CHAMI"
      }
    },
    {
      "type": "Feature",
      "geometry": {
        "type": "Point",
        "coordinates": [
          4.77516,
          36.0813
        ]
      },
      "properties": {
        "id": "djezzy-f533cd9086",
        "name": "500 Logements",
        "wilaya_code": "34",
        "commune_code": null,
        "commune": null,
        "commune_ar": null,
        "lat": 36.0813,
        "lng": 4.77516,
        "geo_precision": "exact",
        "geo_method": "operator_map",
        "source": "djezzy",
        "operator": "djezzy",
        "technology": "5G",
        "address": "Bordj Bou Arreridj"
      }
    },
    {
      "type": "Feature",
      "geometry": {
        "type": "Point",
        "coordinates": [
          3.00443,
          36.79193
        ]
      },
      "properties": {
        "id": "djezzy-f56ca13dce",
        "name": "Oued l'Orange",
        "wilaya_code": "16",
        "commune_code": null,
        "commune": null,
        "commune_ar": null,
        "lat": 36.79193,
        "lng": 3.00443,
        "geo_precision": "exact",
        "geo_method": "operator_map",
        "source": "djezzy",
        "operator": "djezzy",
        "technology": "5G",
        "address": "BOUZAREAH"
      }
    },
    {
      "type": "Feature",
      "geometry": {
        "type": "Point",
        "coordinates": [
          2.94861,
          36.71341
        ]
      },
      "properties": {
        "id": "djezzy-f66f50854a",
        "name": "cite LPP 662 lgts Ouled Fayet",
        "wilaya_code": "16",
        "commune_code": null,
        "commune": null,
        "commune_ar": null,
        "lat": 36.71341,
        "lng": 2.94861,
        "geo_precision": "exact",
        "geo_method": "operator_map",
        "source": "djezzy",
        "operator": "djezzy",
        "technology": "5G",
        "address": "OULED FAYET"
      }
    },
    {
      "type": "Feature",
      "geometry": {
        "type": "Point",
        "coordinates": [
          3.23427,
          36.73292
        ]
      },
      "properties": {
        "id": "djezzy-f6796d1d86",
        "name": "HAMIZ 2",
        "wilaya_code": "16",
        "commune_code": null,
        "commune": null,
        "commune_ar": null,
        "lat": 36.73292,
        "lng": 3.23427,
        "geo_precision": "exact",
        "geo_method": "operator_map",
        "source": "djezzy",
        "operator": "djezzy",
        "technology": "5G",
        "address": "DAR EL BEIDA"
      }
    },
    {
      "type": "Feature",
      "geometry": {
        "type": "Point",
        "coordinates": [
          -1.291,
          34.95453
        ]
      },
      "properties": {
        "id": "djezzy-f71a411ba7",
        "name": "Ouzidane 2",
        "wilaya_code": "13",
        "commune_code": null,
        "commune": null,
        "commune_ar": null,
        "lat": 34.95453,
        "lng": -1.291,
        "geo_precision": "exact",
        "geo_method": "operator_map",
        "source": "djezzy",
        "operator": "djezzy",
        "technology": "5G",
        "address": "CHETOUANE"
      }
    },
    {
      "type": "Feature",
      "geometry": {
        "type": "Point",
        "coordinates": [
          -0.6558,
          35.691628
        ]
      },
      "properties": {
        "id": "djezzy-f792b21b2f",
        "name": "Hai Ras El Ain",
        "wilaya_code": "31",
        "commune_code": null,
        "commune": null,
        "commune_ar": null,
        "lat": 35.691628,
        "lng": -0.6558,
        "geo_precision": "exact",
        "geo_method": "operator_map",
        "source": "djezzy",
        "operator": "djezzy",
        "technology": "5G",
        "address": "Oran"
      }
    },
    {
      "type": "Feature",
      "geometry": {
        "type": "Point",
        "coordinates": [
          2.8183,
          36.4814
        ]
      },
      "properties": {
        "id": "djezzy-f7978a40e2",
        "name": "Residence Chrea",
        "wilaya_code": "09",
        "commune_code": null,
        "commune": null,
        "commune_ar": null,
        "lat": 36.4814,
        "lng": 2.8183,
        "geo_precision": "exact",
        "geo_method": "operator_map",
        "source": "djezzy",
        "operator": "djezzy",
        "technology": "5G",
        "address": "Blida"
      }
    },
    {
      "type": "Feature",
      "geometry": {
        "type": "Point",
        "coordinates": [
          -1.70091,
          34.83568
        ]
      },
      "properties": {
        "id": "djezzy-f7e85fafef",
        "name": "ZI_Maghnia",
        "wilaya_code": "13",
        "commune_code": null,
        "commune": null,
        "commune_ar": null,
        "lat": 34.83568,
        "lng": -1.70091,
        "geo_precision": "exact",
        "geo_method": "operator_map",
        "source": "djezzy",
        "operator": "djezzy",
        "technology": "5G",
        "address": "MAGHNIA"
      }
    },
    {
      "type": "Feature",
      "geometry": {
        "type": "Point",
        "coordinates": [
          5.4257,
          36.202
        ]
      },
      "properties": {
        "id": "djezzy-f817a74273",
        "name": "Boulvard N2 site 1_A+",
        "wilaya_code": "19",
        "commune_code": null,
        "commune": null,
        "commune_ar": null,
        "lat": 36.202,
        "lng": 5.4257,
        "geo_precision": "exact",
        "geo_method": "operator_map",
        "source": "djezzy",
        "operator": "djezzy",
        "technology": "5G",
        "address": "Setif"
      }
    },
    {
      "type": "Feature",
      "geometry": {
        "type": "Point",
        "coordinates": [
          3.1667,
          36.671
        ]
      },
      "properties": {
        "id": "djezzy-f8183b0984",
        "name": "Cherarba Cite Zouaoua",
        "wilaya_code": "16",
        "commune_code": null,
        "commune": null,
        "commune_ar": null,
        "lat": 36.671,
        "lng": 3.1667,
        "geo_precision": "exact",
        "geo_method": "operator_map",
        "source": "djezzy",
        "operator": "djezzy",
        "technology": "5G",
        "address": "LES EUCALYPTUS"
      }
    },
    {
      "type": "Feature",
      "geometry": {
        "type": "Point",
        "coordinates": [
          3.17594,
          36.72344
        ]
      },
      "properties": {
        "id": "djezzy-f8343bfa33",
        "name": "Cite Rabia",
        "wilaya_code": "16",
        "commune_code": null,
        "commune": null,
        "commune_ar": null,
        "lat": 36.72344,
        "lng": 3.17594,
        "geo_precision": "exact",
        "geo_method": "operator_map",
        "source": "djezzy",
        "operator": "djezzy",
        "technology": "5G",
        "address": "BEB EZZOUAR"
      }
    },
    {
      "type": "Feature",
      "geometry": {
        "type": "Point",
        "coordinates": [
          -1.75413,
          34.85312
        ]
      },
      "properties": {
        "id": "djezzy-f87e0a7f14",
        "name": "Hamri",
        "wilaya_code": "13",
        "commune_code": null,
        "commune": null,
        "commune_ar": null,
        "lat": 34.85312,
        "lng": -1.75413,
        "geo_precision": "exact",
        "geo_method": "operator_map",
        "source": "djezzy",
        "operator": "djezzy",
        "technology": "5G",
        "address": "MAGHNIA"
      }
    },
    {
      "type": "Feature",
      "geometry": {
        "type": "Point",
        "coordinates": [
          6.64184,
          36.36231
        ]
      },
      "properties": {
        "id": "djezzy-f8b59362ac",
        "name": "Cite Hayet _SMK Superieur",
        "wilaya_code": "25",
        "commune_code": null,
        "commune": null,
        "commune_ar": null,
        "lat": 36.36231,
        "lng": 6.64184,
        "geo_precision": "exact",
        "geo_method": "operator_map",
        "source": "djezzy",
        "operator": "djezzy",
        "technology": "5G",
        "address": "Constantine"
      }
    },
    {
      "type": "Feature",
      "geometry": {
        "type": "Point",
        "coordinates": [
          -0.588191,
          35.698883
        ]
      },
      "properties": {
        "id": "djezzy-f8bf31a1ee",
        "name": "City Pyramides 2",
        "wilaya_code": "31",
        "commune_code": null,
        "commune": null,
        "commune_ar": null,
        "lat": 35.698883,
        "lng": -0.588191,
        "geo_precision": "exact",
        "geo_method": "operator_map",
        "source": "djezzy",
        "operator": "djezzy",
        "technology": "5G",
        "address": "BIR EL DJIR"
      }
    },
    {
      "type": "Feature",
      "geometry": {
        "type": "Point",
        "coordinates": [
          2.48033,
          27.1952
        ]
      },
      "properties": {
        "id": "djezzy-f94015749d",
        "name": "Ain Salah",
        "wilaya_code": "53",
        "commune_code": null,
        "commune": null,
        "commune_ar": null,
        "lat": 27.1952,
        "lng": 2.48033,
        "geo_precision": "exact",
        "geo_method": "operator_map",
        "source": "djezzy",
        "operator": "djezzy",
        "technology": "5G",
        "address": "In Salah"
      }
    },
    {
      "type": "Feature",
      "geometry": {
        "type": "Point",
        "coordinates": [
          6.593681,
          36.49751
        ]
      },
      "properties": {
        "id": "djezzy-f979c48634",
        "name": "RN27 Bled Cherchar",
        "wilaya_code": "25",
        "commune_code": null,
        "commune": null,
        "commune_ar": null,
        "lat": 36.49751,
        "lng": 6.593681,
        "geo_precision": "exact",
        "geo_method": "operator_map",
        "source": "djezzy",
        "operator": "djezzy",
        "technology": "5G",
        "address": "Constantine"
      }
    },
    {
      "type": "Feature",
      "geometry": {
        "type": "Point",
        "coordinates": [
          3.20212,
          36.6529
        ]
      },
      "properties": {
        "id": "djezzy-fa7745bbd5",
        "name": "Souakria",
        "wilaya_code": "09",
        "commune_code": null,
        "commune": null,
        "commune_ar": null,
        "lat": 36.6529,
        "lng": 3.20212,
        "geo_precision": "exact",
        "geo_method": "operator_map",
        "source": "djezzy",
        "operator": "djezzy",
        "technology": "5G",
        "address": "MEFTAH"
      }
    },
    {
      "type": "Feature",
      "geometry": {
        "type": "Point",
        "coordinates": [
          5.33897,
          31.9539
        ]
      },
      "properties": {
        "id": "djezzy-fac2540e69",
        "name": "Boumada",
        "wilaya_code": "30",
        "commune_code": null,
        "commune": null,
        "commune_ar": null,
        "lat": 31.9539,
        "lng": 5.33897,
        "geo_precision": "exact",
        "geo_method": "operator_map",
        "source": "djezzy",
        "operator": "djezzy",
        "technology": "5G",
        "address": "Ouargla"
      }
    },
    {
      "type": "Feature",
      "geometry": {
        "type": "Point",
        "coordinates": [
          5.39935,
          31.9388
        ]
      },
      "properties": {
        "id": "djezzy-fb1cb3fbbe",
        "name": "OURGLA AIRPORT",
        "wilaya_code": "30",
        "commune_code": null,
        "commune": null,
        "commune_ar": null,
        "lat": 31.9388,
        "lng": 5.39935,
        "geo_precision": "exact",
        "geo_method": "operator_map",
        "source": "djezzy",
        "operator": "djezzy",
        "technology": "5G",
        "address": "AIN BEIDA"
      }
    },
    {
      "type": "Feature",
      "geometry": {
        "type": "Point",
        "coordinates": [
          3.08952,
          36.66658
        ]
      },
      "properties": {
        "id": "djezzy-fc4cdeda34",
        "name": "Baraki",
        "wilaya_code": "16",
        "commune_code": null,
        "commune": null,
        "commune_ar": null,
        "lat": 36.66658,
        "lng": 3.08952,
        "geo_precision": "exact",
        "geo_method": "operator_map",
        "source": "djezzy",
        "operator": "djezzy",
        "technology": "5G",
        "address": "BARAKI"
      }
    },
    {
      "type": "Feature",
      "geometry": {
        "type": "Point",
        "coordinates": [
          6.07169,
          33.1202
        ]
      },
      "properties": {
        "id": "djezzy-fcd92e48c4",
        "name": "Touggourt",
        "wilaya_code": "55",
        "commune_code": null,
        "commune": null,
        "commune_ar": null,
        "lat": 33.1202,
        "lng": 6.07169,
        "geo_precision": "exact",
        "geo_method": "operator_map",
        "source": "djezzy",
        "operator": "djezzy",
        "technology": "5G",
        "address": "Touggourt"
      }
    },
    {
      "type": "Feature",
      "geometry": {
        "type": "Point",
        "coordinates": [
          -1.2834,
          34.89107
        ]
      },
      "properties": {
        "id": "djezzy-fd37a996c7",
        "name": "Etablissement JURA Safssif",
        "wilaya_code": "13",
        "commune_code": null,
        "commune": null,
        "commune_ar": null,
        "lat": 34.89107,
        "lng": -1.2834,
        "geo_precision": "exact",
        "geo_method": "operator_map",
        "source": "djezzy",
        "operator": "djezzy",
        "technology": "5G",
        "address": "Tlemcen"
      }
    },
    {
      "type": "Feature",
      "geometry": {
        "type": "Point",
        "coordinates": [
          5.65559,
          35.234597
        ]
      },
      "properties": {
        "id": "djezzy-fd646f7e44",
        "name": "NOUVELLE VILLE Souamaa",
        "wilaya_code": "19",
        "commune_code": null,
        "commune": null,
        "commune_ar": null,
        "lat": 35.234597,
        "lng": 5.65559,
        "geo_precision": "exact",
        "geo_method": "operator_map",
        "source": "djezzy",
        "operator": "djezzy",
        "technology": "5G",
        "address": "EL EULMA"
      }
    },
    {
      "type": "Feature",
      "geometry": {
        "type": "Point",
        "coordinates": [
          6.70454,
          36.3479
        ]
      },
      "properties": {
        "id": "djezzy-fd746874da",
        "name": "LEMBLECHE",
        "wilaya_code": "25",
        "commune_code": null,
        "commune": null,
        "commune_ar": null,
        "lat": 36.3479,
        "lng": 6.70454,
        "geo_precision": "exact",
        "geo_method": "operator_map",
        "source": "djezzy",
        "operator": "djezzy",
        "technology": "5G",
        "address": "EL KHROUB"
      }
    },
    {
      "type": "Feature",
      "geometry": {
        "type": "Point",
        "coordinates": [
          3.2099,
          36.7257
        ]
      },
      "properties": {
        "id": "djezzy-fd85d15b44",
        "name": "El Merdja",
        "wilaya_code": "16",
        "commune_code": null,
        "commune": null,
        "commune_ar": null,
        "lat": 36.7257,
        "lng": 3.2099,
        "geo_precision": "exact",
        "geo_method": "operator_map",
        "source": "djezzy",
        "operator": "djezzy",
        "technology": "5G",
        "address": "DAR EL BEIDA"
      }
    },
    {
      "type": "Feature",
      "geometry": {
        "type": "Point",
        "coordinates": [
          3.26541,
          36.76631
        ]
      },
      "properties": {
        "id": "djezzy-fdac198783",
        "name": "Dergana 3",
        "wilaya_code": "16",
        "commune_code": null,
        "commune": null,
        "commune_ar": null,
        "lat": 36.76631,
        "lng": 3.26541,
        "geo_precision": "exact",
        "geo_method": "operator_map",
        "source": "djezzy",
        "operator": "djezzy",
        "technology": "5G",
        "address": "BORDJ EL KIFFAN"
      }
    },
    {
      "type": "Feature",
      "geometry": {
        "type": "Point",
        "coordinates": [
          2.99477,
          36.70781
        ]
      },
      "properties": {
        "id": "djezzy-fdc8367990",
        "name": "Draria_2",
        "wilaya_code": "16",
        "commune_code": null,
        "commune": null,
        "commune_ar": null,
        "lat": 36.70781,
        "lng": 2.99477,
        "geo_precision": "exact",
        "geo_method": "operator_map",
        "source": "djezzy",
        "operator": "djezzy",
        "technology": "5G",
        "address": "DRARIA"
      }
    },
    {
      "type": "Feature",
      "geometry": {
        "type": "Point",
        "coordinates": [
          3.19351,
          36.73291
        ]
      },
      "properties": {
        "id": "djezzy-ff84b47d27",
        "name": "Hammam soufi",
        "wilaya_code": "16",
        "commune_code": null,
        "commune": null,
        "commune_ar": null,
        "lat": 36.73291,
        "lng": 3.19351,
        "geo_precision": "exact",
        "geo_method": "operator_map",
        "source": "djezzy",
        "operator": "djezzy",
        "technology": "5G",
        "address": "BEB EZZOUAR"
      }
    },
    {
      "type": "Feature",
      "geometry": {
        "type": "Point",
        "coordinates": [
          3.01828,
          36.70988
        ]
      },
      "properties": {
        "id": "djezzy-ff8aa313d3",
        "name": "SAOULA",
        "wilaya_code": "16",
        "commune_code": null,
        "commune": null,
        "commune_ar": null,
        "lat": 36.70988,
        "lng": 3.01828,
        "geo_precision": "exact",
        "geo_method": "operator_map",
        "source": "djezzy",
        "operator": "djezzy",
        "technology": "5G",
        "address": "SAOULA"
      }
    },
    {
      "type": "Feature",
      "geometry": {
        "type": "Point",
        "coordinates": [
          5.69978,
          36.4812
        ]
      },
      "properties": {
        "id": "djezzy-ffac77aa4a",
        "name": "Goutali_A+",
        "wilaya_code": "19",
        "commune_code": null,
        "commune": null,
        "commune_ar": null,
        "lat": 36.4812,
        "lng": 5.69978,
        "geo_precision": "exact",
        "geo_method": "operator_map",
        "source": "djezzy",
        "operator": "djezzy",
        "technology": "5G",
        "address": "EL EULMA"
      }
    },
    {
      "type": "Feature",
      "geometry": {
        "type": "Point",
        "coordinates": [
          3.03381,
          36.7092
        ]
      },
      "properties": {
        "id": "djezzy-ffc7f63b67",
        "name": "Mono El Kadous",
        "wilaya_code": "16",
        "commune_code": null,
        "commune": null,
        "commune_ar": null,
        "lat": 36.7092,
        "lng": 3.03381,
        "geo_precision": "exact",
        "geo_method": "operator_map",
        "source": "djezzy",
        "operator": "djezzy",
        "technology": "5G",
        "address": "BIR KHADEM"
      }
    },
    {
      "type": "Feature",
      "geometry": {
        "type": "Point",
        "coordinates": [
          2.96831,
          36.78691
        ]
      },
      "properties": {
        "id": "djezzy-ffd7ca9f24",
        "name": "Sidi Youcef Beni Messous ",
        "wilaya_code": "16",
        "commune_code": null,
        "commune": null,
        "commune_ar": null,
        "lat": 36.78691,
        "lng": 2.96831,
        "geo_precision": "exact",
        "geo_method": "operator_map",
        "source": "djezzy",
        "operator": "djezzy",
        "technology": "5G",
        "address": "BENI MESSOUS"
      }
    }
  ]
}
