{
  "type": "FeatureCollection",
  "features": [
    {
      "type": "Feature",
      "geometry": {
        "type": "LineString",
        "coordinates": [
          [
            7.82132,
            36.82442
          ],
          [
            7.73048,
            37.08041
          ],
          [
            7.63902,
            37.33634
          ],
          [
            7.54693,
            37.5922
          ],
          [
            7.45421,
            37.84798
          ],
          [
            7.36084,
            38.1037
          ],
          [
            7.26682,
            38.35933
          ],
          [
            7.17213,
            38.6149
          ],
          [
            7.07676,
            38.87038
          ],
          [
            6.98071,
            39.12579
          ],
          [
            6.88395,
            39.38112
          ],
          [
            6.78649,
            39.63636
          ],
          [
            6.68831,
            39.89153
          ],
          [
            6.58939,
            40.14661
          ],
          [
            6.48972,
            40.40161
          ],
          [
            6.3893,
            40.65652
          ],
          [
            6.28811,
            40.91134
          ],
          [
            6.18613,
            41.16607
          ],
          [
            6.08336,
            41.42072
          ],
          [
            5.97978,
            41.67527
          ],
          [
            5.87538,
            41.92973
          ],
          [
            5.77014,
            42.18409
          ],
          [
            5.66405,
            42.43835
          ],
          [
            5.55709,
            42.69252
          ],
          [
            5.44926,
            42.94659
          ],
          [
            5.34054,
            43.20055
          ],
          [
            5.2309,
            43.45441
          ],
          [
            5.12034,
            43.70816
          ],
          [
            5.00884,
            43.96181
          ],
          [
            4.89639,
            44.21535
          ],
          [
            4.78296,
            44.46878
          ],
          [
            4.66855,
            44.72209
          ],
          [
            4.55313,
            44.97529
          ],
          [
            4.43668,
            45.22837
          ],
          [
            4.31919,
            45.48133
          ],
          [
            4.20065,
            45.73417
          ],
          [
            4.08102,
            45.98688
          ],
          [
            3.9603,
            46.23947
          ],
          [
            3.83846,
            46.49194
          ],
          [
            3.71549,
            46.74427
          ],
          [
            3.59136,
            46.99647
          ],
          [
            3.46605,
            47.24853
          ],
          [
            3.33955,
            47.50045
          ],
          [
            3.21182,
            47.75224
          ],
          [
            3.08286,
            48.00388
          ],
          [
            2.95263,
            48.25538
          ],
          [
            2.82111,
            48.50672
          ],
          [
            2.68828,
            48.75792
          ],
          [
            2.55412,
            49.00896
          ]
        ]
      },
      "properties": {
        "id": "aae-cdg",
        "from": "AAE",
        "to": "CDG",
        "carrier": "AH",
        "flight": null,
        "status": "unclear",
        "days": null,
        "evidence": "listed",
        "planned": false,
        "source": "https://en.wikipedia.org/wiki/Rabah_Bitat_Airport",
        "great_circle_km": 1420,
        "from_name": "Aéroport Annaba – Rabah Bitat",
        "to_name": "Charles de Gaulle International Airport"
      }
    },
    {
      "type": "Feature",
      "geometry": {
        "type": "LineString",
        "coordinates": [
          [
            7.82132,
            36.82442
          ],
          [
            8.22779,
            36.95361
          ],
          [
            8.63564,
            37.08142
          ],
          [
            9.04485,
            37.20783
          ],
          [
            9.45543,
            37.33283
          ],
          [
            9.86737,
            37.4564
          ],
          [
            10.28066,
            37.57853
          ],
          [
            10.69531,
            37.69923
          ],
          [
            11.1113,
            37.81846
          ],
          [
            11.52862,
            37.93623
          ],
          [
            11.94728,
            38.05252
          ],
          [
            12.36726,
            38.16732
          ],
          [
            12.78856,
            38.28062
          ],
          [
            13.21117,
            38.3924
          ],
          [
            13.63507,
            38.50267
          ],
          [
            14.06027,
            38.6114
          ],
          [
            14.48675,
            38.71859
          ],
          [
            14.9145,
            38.82423
          ],
          [
            15.34351,
            38.9283
          ],
          [
            15.77377,
            39.0308
          ],
          [
            16.20528,
            39.13171
          ],
          [
            16.63801,
            39.23102
          ],
          [
            17.07196,
            39.32874
          ],
          [
            17.50711,
            39.42483
          ],
          [
            17.94345,
            39.5193
          ],
          [
            18.38098,
            39.61213
          ],
          [
            18.81966,
            39.70332
          ],
          [
            19.2595,
            39.79285
          ],
          [
            19.70047,
            39.88072
          ],
          [
            20.14257,
            39.96692
          ],
          [
            20.58577,
            40.05143
          ],
          [
            21.03006,
            40.13424
          ],
          [
            21.47542,
            40.21536
          ],
          [
            21.92184,
            40.29477
          ],
          [
            22.36929,
            40.37245
          ],
          [
            22.81777,
            40.44841
          ],
          [
            23.26725,
            40.52263
          ],
          [
            23.71772,
            40.5951
          ],
          [
            24.16915,
            40.66582
          ],
          [
            24.62153,
            40.73478
          ],
          [
            25.07484,
            40.80197
          ],
          [
            25.52905,
            40.86738
          ],
          [
            25.98415,
            40.93101
          ],
          [
            26.44011,
            40.99284
          ],
          [
            26.89691,
            41.05288
          ],
          [
            27.35454,
            41.1111
          ],
          [
            27.81297,
            41.16752
          ],
          [
            28.27218,
            41.22211
          ],
          [
            28.73214,
            41.27487
          ]
        ]
      },
      "properties": {
        "id": "aae-ist",
        "from": "AAE",
        "to": "IST",
        "carrier": "AH",
        "flight": null,
        "status": "unclear",
        "days": null,
        "evidence": "listed",
        "planned": false,
        "source": "https://en.wikipedia.org/wiki/Rabah_Bitat_Airport",
        "great_circle_km": 1867,
        "from_name": "Aéroport Annaba – Rabah Bitat",
        "to_name": "İstanbul Airport"
      }
    },
    {
      "type": "Feature",
      "geometry": {
        "type": "LineString",
        "coordinates": [
          [
            7.82132,
            36.82442
          ],
          [
            7.77139,
            37.01046
          ],
          [
            7.72121,
            37.19649
          ],
          [
            7.67078,
            37.3825
          ],
          [
            7.6201,
            37.56848
          ],
          [
            7.56917,
            37.75444
          ],
          [
            7.51798,
            37.94039
          ],
          [
            7.46653,
            38.1263
          ],
          [
            7.41482,
            38.3122
          ],
          [
            7.36284,
            38.49807
          ],
          [
            7.31059,
            38.68392
          ],
          [
            7.25807,
            38.86975
          ],
          [
            7.20528,
            39.05555
          ],
          [
            7.15221,
            39.24133
          ],
          [
            7.09885,
            39.42709
          ],
          [
            7.04521,
            39.61282
          ],
          [
            6.99129,
            39.79852
          ],
          [
            6.93707,
            39.9842
          ],
          [
            6.88255,
            40.16986
          ],
          [
            6.82774,
            40.35549
          ],
          [
            6.77262,
            40.54109
          ],
          [
            6.71719,
            40.72667
          ],
          [
            6.66146,
            40.91222
          ],
          [
            6.60541,
            41.09774
          ],
          [
            6.54905,
            41.28324
          ],
          [
            6.49236,
            41.46871
          ],
          [
            6.43535,
            41.65415
          ],
          [
            6.37801,
            41.83956
          ],
          [
            6.32034,
            42.02494
          ],
          [
            6.26233,
            42.2103
          ],
          [
            6.20398,
            42.39562
          ],
          [
            6.14528,
            42.58092
          ],
          [
            6.08623,
            42.76618
          ],
          [
            6.02683,
            42.95142
          ],
          [
            5.96707,
            43.13662
          ],
          [
            5.90694,
            43.32179
          ],
          [
            5.84645,
            43.50693
          ],
          [
            5.78559,
            43.69204
          ],
          [
            5.72435,
            43.87712
          ],
          [
            5.66273,
            44.06216
          ],
          [
            5.60072,
            44.24717
          ],
          [
            5.53832,
            44.43215
          ],
          [
            5.47552,
            44.61709
          ],
          [
            5.41232,
            44.802
          ],
          [
            5.34872,
            44.98687
          ],
          [
            5.28471,
            45.1717
          ],
          [
            5.22027,
            45.3565
          ],
          [
            5.15542,
            45.54127
          ],
          [
            5.09014,
            45.726
          ]
        ]
      },
      "properties": {
        "id": "aae-lys",
        "from": "AAE",
        "to": "LYS",
        "carrier": "AH",
        "flight": null,
        "status": "unclear",
        "days": null,
        "evidence": "listed",
        "planned": false,
        "source": "https://en.wikipedia.org/wiki/Rabah_Bitat_Airport",
        "great_circle_km": 1016,
        "from_name": "Aéroport Annaba – Rabah Bitat",
        "to_name": "Lyon Saint-Exupéry Airport"
      }
    },
    {
      "type": "Feature",
      "geometry": {
        "type": "LineString",
        "coordinates": [
          [
            7.82132,
            36.82442
          ],
          [
            7.77183,
            36.96276
          ],
          [
            7.72216,
            37.10108
          ],
          [
            7.6723,
            37.23938
          ],
          [
            7.62226,
            37.37766
          ],
          [
            7.57204,
            37.51592
          ],
          [
            7.52163,
            37.65416
          ],
          [
            7.47103,
            37.79237
          ],
          [
            7.42024,
            37.93056
          ],
          [
            7.36926,
            38.06874
          ],
          [
            7.31809,
            38.20689
          ],
          [
            7.26672,
            38.34501
          ],
          [
            7.21516,
            38.48312
          ],
          [
            7.1634,
            38.6212
          ],
          [
            7.11144,
            38.75926
          ],
          [
            7.05928,
            38.8973
          ],
          [
            7.00691,
            39.03531
          ],
          [
            6.95434,
            39.1733
          ],
          [
            6.90156,
            39.31127
          ],
          [
            6.84858,
            39.44921
          ],
          [
            6.79538,
            39.58713
          ],
          [
            6.74197,
            39.72502
          ],
          [
            6.68835,
            39.86289
          ],
          [
            6.63451,
            40.00073
          ],
          [
            6.58046,
            40.13855
          ],
          [
            6.52618,
            40.27635
          ],
          [
            6.47169,
            40.41411
          ],
          [
            6.41697,
            40.55186
          ],
          [
            6.36202,
            40.68957
          ],
          [
            6.30685,
            40.82727
          ],
          [
            6.25144,
            40.96493
          ],
          [
            6.19581,
            41.10257
          ],
          [
            6.13994,
            41.24018
          ],
          [
            6.08384,
            41.37776
          ],
          [
            6.02749,
            41.51532
          ],
          [
            5.97091,
            41.65285
          ],
          [
            5.91409,
            41.79035
          ],
          [
            5.85702,
            41.92782
          ],
          [
            5.7997,
            42.06526
          ],
          [
            5.74214,
            42.20268
          ],
          [
            5.68433,
            42.34007
          ],
          [
            5.62626,
            42.47742
          ],
          [
            5.56793,
            42.61475
          ],
          [
            5.50935,
            42.75205
          ],
          [
            5.45051,
            42.88932
          ],
          [
            5.39141,
            43.02656
          ],
          [
            5.33204,
            43.16377
          ],
          [
            5.27241,
            43.30094
          ],
          [
            5.2125,
            43.43809
          ]
        ]
      },
      "properties": {
        "id": "aae-mrs",
        "from": "AAE",
        "to": "MRS",
        "carrier": "AH",
        "flight": null,
        "status": "unclear",
        "days": null,
        "evidence": "listed",
        "planned": false,
        "source": "https://en.wikipedia.org/wiki/Rabah_Bitat_Airport",
        "great_circle_km": 768,
        "from_name": "Aéroport Annaba – Rabah Bitat",
        "to_name": "Marseille Provence Airport"
      }
    },
    {
      "type": "Feature",
      "geometry": {
        "type": "LineString",
        "coordinates": [
          [
            7.82132,
            36.82442
          ],
          [
            7.72663,
            37.07476
          ],
          [
            7.63131,
            37.32503
          ],
          [
            7.53535,
            37.57522
          ],
          [
            7.43874,
            37.82534
          ],
          [
            7.34148,
            38.07537
          ],
          [
            7.24354,
            38.32533
          ],
          [
            7.14494,
            38.5752
          ],
          [
            7.04564,
            38.82499
          ],
          [
            6.94564,
            39.0747
          ],
          [
            6.84494,
            39.32431
          ],
          [
            6.74351,
            39.57385
          ],
          [
            6.64135,
            39.82329
          ],
          [
            6.53845,
            40.07264
          ],
          [
            6.43479,
            40.3219
          ],
          [
            6.33036,
            40.57107
          ],
          [
            6.22515,
            40.82014
          ],
          [
            6.11915,
            41.06912
          ],
          [
            6.01234,
            41.318
          ],
          [
            5.90471,
            41.56677
          ],
          [
            5.79625,
            41.81545
          ],
          [
            5.68695,
            42.06403
          ],
          [
            5.57679,
            42.3125
          ],
          [
            5.46575,
            42.56086
          ],
          [
            5.35383,
            42.80912
          ],
          [
            5.24101,
            43.05726
          ],
          [
            5.12726,
            43.3053
          ],
          [
            5.01259,
            43.55322
          ],
          [
            4.89697,
            43.80103
          ],
          [
            4.78039,
            44.04871
          ],
          [
            4.66282,
            44.29628
          ],
          [
            4.54427,
            44.54373
          ],
          [
            4.4247,
            44.79105
          ],
          [
            4.3041,
            45.03825
          ],
          [
            4.18246,
            45.28532
          ],
          [
            4.05975,
            45.53226
          ],
          [
            3.93596,
            45.77906
          ],
          [
            3.81107,
            46.02573
          ],
          [
            3.68506,
            46.27227
          ],
          [
            3.55791,
            46.51866
          ],
          [
            3.4296,
            46.76492
          ],
          [
            3.30011,
            47.01102
          ],
          [
            3.16943,
            47.25698
          ],
          [
            3.03753,
            47.50279
          ],
          [
            2.90439,
            47.74845
          ],
          [
            2.76998,
            47.99395
          ],
          [
            2.63429,
            48.2393
          ],
          [
            2.49729,
            48.48448
          ],
          [
            2.35896,
            48.7295
          ]
        ]
      },
      "properties": {
        "id": "aae-ory",
        "from": "AAE",
        "to": "ORY",
        "carrier": "AH",
        "flight": null,
        "status": "unclear",
        "days": null,
        "evidence": "listed",
        "planned": false,
        "source": "https://en.wikipedia.org/wiki/Rabah_Bitat_Airport",
        "great_circle_km": 1396,
        "from_name": "Aéroport Annaba – Rabah Bitat",
        "to_name": "Paris-Orly Airport"
      }
    },
    {
      "type": "Feature",
      "geometry": {
        "type": "LineString",
        "coordinates": [
          [
            -0.55816,
            38.2822
          ],
          [
            -0.478,
            38.25047
          ],
          [
            -0.39791,
            38.21868
          ],
          [
            -0.3179,
            38.18684
          ],
          [
            -0.23795,
            38.15495
          ],
          [
            -0.15807,
            38.123
          ],
          [
            -0.07827,
            38.09099
          ],
          [
            0.00147,
            38.05894
          ],
          [
            0.08114,
            38.02683
          ],
          [
            0.16073,
            37.99466
          ],
          [
            0.24026,
            37.96244
          ],
          [
            0.31972,
            37.93017
          ],
          [
            0.3991,
            37.89785
          ],
          [
            0.47842,
            37.86547
          ],
          [
            0.55767,
            37.83304
          ],
          [
            0.63685,
            37.80055
          ],
          [
            0.71596,
            37.76802
          ],
          [
            0.79499,
            37.73543
          ],
          [
            0.87396,
            37.70278
          ],
          [
            0.95286,
            37.67009
          ],
          [
            1.03169,
            37.63734
          ],
          [
            1.11045,
            37.60454
          ],
          [
            1.18915,
            37.57169
          ],
          [
            1.26777,
            37.53878
          ],
          [
            1.34632,
            37.50582
          ],
          [
            1.4248,
            37.47282
          ],
          [
            1.50322,
            37.43975
          ],
          [
            1.58156,
            37.40664
          ],
          [
            1.65983,
            37.37348
          ],
          [
            1.73804,
            37.34026
          ],
          [
            1.81618,
            37.30699
          ],
          [
            1.89424,
            37.27368
          ],
          [
            1.97224,
            37.24031
          ],
          [
            2.05017,
            37.20689
          ],
          [
            2.12803,
            37.17341
          ],
          [
            2.20582,
            37.13989
          ],
          [
            2.28355,
            37.10632
          ],
          [
            2.3612,
            37.07269
          ],
          [
            2.43878,
            37.03902
          ],
          [
            2.5163,
            37.00529
          ],
          [
            2.59374,
            36.97152
          ],
          [
            2.67112,
            36.93769
          ],
          [
            2.74843,
            36.90382
          ],
          [
            2.82567,
            36.86989
          ],
          [
            2.90284,
            36.83591
          ],
          [
            2.97995,
            36.80189
          ],
          [
            3.05698,
            36.76781
          ],
          [
            3.13395,
            36.73369
          ],
          [
            3.21085,
            36.69951
          ]
        ]
      },
      "properties": {
        "id": "alc-alg",
        "from": "ALC",
        "to": "ALG",
        "carrier": "AH",
        "flight": null,
        "status": "active",
        "days": null,
        "evidence": "verified",
        "planned": false,
        "source": "https://www.airalgerie.dz/decouvrir/nos-destinations/",
        "great_circle_km": 376,
        "from_name": "Alicante-Elche Miguel Hernández Airport",
        "to_name": "Aéroport d’Alger – Houari Boumediene"
      }
    },
    {
      "type": "Feature",
      "geometry": {
        "type": "LineString",
        "coordinates": [
          [
            -0.55816,
            38.2822
          ],
          [
            -0.55929,
            38.2267
          ],
          [
            -0.56043,
            38.17121
          ],
          [
            -0.56156,
            38.11571
          ],
          [
            -0.5627,
            38.06021
          ],
          [
            -0.56383,
            38.00471
          ],
          [
            -0.56496,
            37.94922
          ],
          [
            -0.56608,
            37.89372
          ],
          [
            -0.56721,
            37.83822
          ],
          [
            -0.56833,
            37.78273
          ],
          [
            -0.56946,
            37.72723
          ],
          [
            -0.57058,
            37.67173
          ],
          [
            -0.57169,
            37.61624
          ],
          [
            -0.57281,
            37.56074
          ],
          [
            -0.57393,
            37.50524
          ],
          [
            -0.57504,
            37.44974
          ],
          [
            -0.57615,
            37.39425
          ],
          [
            -0.57726,
            37.33875
          ],
          [
            -0.57837,
            37.28325
          ],
          [
            -0.57948,
            37.22775
          ],
          [
            -0.58059,
            37.17226
          ],
          [
            -0.58169,
            37.11676
          ],
          [
            -0.58279,
            37.06126
          ],
          [
            -0.58389,
            37.00577
          ],
          [
            -0.58499,
            36.95027
          ],
          [
            -0.58609,
            36.89477
          ],
          [
            -0.58719,
            36.83927
          ],
          [
            -0.58828,
            36.78378
          ],
          [
            -0.58937,
            36.72828
          ],
          [
            -0.59047,
            36.67278
          ],
          [
            -0.59156,
            36.61728
          ],
          [
            -0.59264,
            36.56179
          ],
          [
            -0.59373,
            36.50629
          ],
          [
            -0.59482,
            36.45079
          ],
          [
            -0.5959,
            36.3953
          ],
          [
            -0.59698,
            36.3398
          ],
          [
            -0.59806,
            36.2843
          ],
          [
            -0.59914,
            36.2288
          ],
          [
            -0.60022,
            36.17331
          ],
          [
            -0.60129,
            36.11781
          ],
          [
            -0.60237,
            36.06231
          ],
          [
            -0.60344,
            36.00681
          ],
          [
            -0.60451,
            35.95132
          ],
          [
            -0.60558,
            35.89582
          ],
          [
            -0.60665,
            35.84032
          ],
          [
            -0.60772,
            35.78482
          ],
          [
            -0.60878,
            35.72933
          ],
          [
            -0.60985,
            35.67383
          ],
          [
            -0.61091,
            35.61833
          ]
        ]
      },
      "properties": {
        "id": "alc-orn",
        "from": "ALC",
        "to": "ORN",
        "carrier": "AH",
        "flight": null,
        "status": "active",
        "days": null,
        "evidence": "verified",
        "planned": false,
        "source": "https://www.airalgerie.dz/decouvrir/nos-destinations/",
        "great_circle_km": 296,
        "from_name": "Alicante-Elche Miguel Hernández Airport",
        "to_name": "Aéroport d’Oran – Ahmed Benbella"
      }
    },
    {
      "type": "Feature",
      "geometry": {
        "type": "LineString",
        "coordinates": [
          [
            3.21085,
            36.69951
          ],
          [
            3.01827,
            36.04874
          ],
          [
            2.82885,
            35.39767
          ],
          [
            2.64247,
            34.74631
          ],
          [
            2.459,
            34.09467
          ],
          [
            2.27834,
            33.44276
          ],
          [
            2.10037,
            32.7906
          ],
          [
            1.925,
            32.13818
          ],
          [
            1.75211,
            31.48553
          ],
          [
            1.58163,
            30.83264
          ],
          [
            1.41344,
            30.17954
          ],
          [
            1.24748,
            29.52623
          ],
          [
            1.08364,
            28.87271
          ],
          [
            0.92185,
            28.21899
          ],
          [
            0.76203,
            27.56509
          ],
          [
            0.6041,
            26.91101
          ],
          [
            0.448,
            26.25675
          ],
          [
            0.29364,
            25.60233
          ],
          [
            0.14096,
            24.94775
          ],
          [
            -0.0101,
            24.29301
          ],
          [
            -0.15961,
            23.63812
          ],
          [
            -0.30763,
            22.9831
          ],
          [
            -0.45423,
            22.32793
          ],
          [
            -0.59945,
            21.67264
          ],
          [
            -0.74336,
            21.01722
          ],
          [
            -0.88601,
            20.36168
          ],
          [
            -1.02745,
            19.70603
          ],
          [
            -1.16774,
            19.05026
          ],
          [
            -1.30692,
            18.39439
          ],
          [
            -1.44505,
            17.73842
          ],
          [
            -1.58217,
            17.08236
          ],
          [
            -1.71833,
            16.4262
          ],
          [
            -1.85357,
            15.76996
          ],
          [
            -1.98794,
            15.11363
          ],
          [
            -2.12148,
            14.45723
          ],
          [
            -2.25423,
            13.80075
          ],
          [
            -2.38624,
            13.14419
          ],
          [
            -2.51755,
            12.48758
          ],
          [
            -2.64818,
            11.83089
          ],
          [
            -2.7782,
            11.17415
          ],
          [
            -2.90762,
            10.51736
          ],
          [
            -3.0365,
            9.86051
          ],
          [
            -3.16486,
            9.20361
          ],
          [
            -3.29275,
            8.54667
          ],
          [
            -3.4202,
            7.88968
          ],
          [
            -3.54724,
            7.23266
          ],
          [
            -3.67391,
            6.5756
          ],
          [
            -3.80025,
            5.91851
          ],
          [
            -3.92629,
            5.26139
          ]
        ]
      },
      "properties": {
        "id": "alg-abj",
        "from": "ALG",
        "to": "ABJ",
        "carrier": "AH",
        "flight": null,
        "status": "unclear",
        "days": null,
        "evidence": "listed",
        "planned": false,
        "source": "https://www.air-journal.fr/2018-08-19-air-algerie-senvole-vers-le-cameroun-et-le-gabon-5203190.html",
        "great_circle_km": 3571,
        "from_name": "Aéroport d’Alger – Houari Boumediene",
        "to_name": "Félix-Houphouët-Boigny International Airport"
      }
    },
    {
      "type": "Feature",
      "geometry": {
        "type": "LineString",
        "coordinates": [
          [
            3.21085,
            36.69951
          ],
          [
            3.31819,
            36.12396
          ],
          [
            3.42397,
            35.54832
          ],
          [
            3.52825,
            34.97258
          ],
          [
            3.63106,
            34.39676
          ],
          [
            3.73247,
            33.82085
          ],
          [
            3.83253,
            33.24486
          ],
          [
            3.93127,
            32.6688
          ],
          [
            4.02875,
            32.09265
          ],
          [
            4.12501,
            31.51643
          ],
          [
            4.22009,
            30.94014
          ],
          [
            4.31403,
            30.36378
          ],
          [
            4.40686,
            29.78736
          ],
          [
            4.49864,
            29.21087
          ],
          [
            4.58939,
            28.63432
          ],
          [
            4.67914,
            28.05771
          ],
          [
            4.76794,
            27.48104
          ],
          [
            4.85581,
            26.90432
          ],
          [
            4.94279,
            26.32754
          ],
          [
            5.02891,
            25.75071
          ],
          [
            5.11419,
            25.17383
          ],
          [
            5.19867,
            24.5969
          ],
          [
            5.28238,
            24.01992
          ],
          [
            5.36534,
            23.4429
          ],
          [
            5.44757,
            22.86584
          ],
          [
            5.52911,
            22.28873
          ],
          [
            5.60998,
            21.71159
          ],
          [
            5.69021,
            21.1344
          ],
          [
            5.76981,
            20.55718
          ],
          [
            5.84881,
            19.97992
          ],
          [
            5.92724,
            19.40263
          ],
          [
            6.00511,
            18.8253
          ],
          [
            6.08245,
            18.24794
          ],
          [
            6.15927,
            17.67055
          ],
          [
            6.23561,
            17.09313
          ],
          [
            6.31147,
            16.51569
          ],
          [
            6.38688,
            15.93821
          ],
          [
            6.46186,
            15.36071
          ],
          [
            6.53642,
            14.78318
          ],
          [
            6.61059,
            14.20563
          ],
          [
            6.68438,
            13.62806
          ],
          [
            6.75781,
            13.05047
          ],
          [
            6.83089,
            12.47285
          ],
          [
            6.90366,
            11.89522
          ],
          [
            6.97611,
            11.31757
          ],
          [
            7.04827,
            10.7399
          ],
          [
            7.12016,
            10.16221
          ],
          [
            7.19179,
            9.58451
          ],
          [
            7.26317,
            9.00679
          ]
        ]
      },
      "properties": {
        "id": "alg-abv",
        "from": "ALG",
        "to": "ABV",
        "carrier": "AH",
        "flight": null,
        "status": "unclear",
        "days": null,
        "evidence": "listed",
        "planned": false,
        "source": "https://www.agenceecofin.com/actualites-services/0704-127328-air-algerie-a-lance-sa-ligne-alger-abuja",
        "great_circle_km": 3106,
        "from_name": "Aéroport d’Alger – Houari Boumediene",
        "to_name": "Nnamdi Azikiwe International Airport"
      }
    },
    {
      "type": "Feature",
      "geometry": {
        "type": "LineString",
        "coordinates": [
          [
            3.21085,
            36.69951
          ],
          [
            4.14479,
            36.23071
          ],
          [
            5.06752,
            35.75473
          ],
          [
            5.97919,
            35.2718
          ],
          [
            6.87999,
            34.7821
          ],
          [
            7.77008,
            34.28585
          ],
          [
            8.64965,
            33.78324
          ],
          [
            9.5189,
            33.27446
          ],
          [
            10.37802,
            32.7597
          ],
          [
            11.22721,
            32.23915
          ],
          [
            12.06667,
            31.71298
          ],
          [
            12.8966,
            31.18138
          ],
          [
            13.71723,
            30.64451
          ],
          [
            14.52875,
            30.10255
          ],
          [
            15.33137,
            29.55565
          ],
          [
            16.12532,
            29.00398
          ],
          [
            16.9108,
            28.44769
          ],
          [
            17.68803,
            27.88694
          ],
          [
            18.45722,
            27.32188
          ],
          [
            19.21858,
            26.75265
          ],
          [
            19.97233,
            26.17939
          ],
          [
            20.71868,
            25.60225
          ],
          [
            21.45783,
            25.02135
          ],
          [
            22.18999,
            24.43683
          ],
          [
            22.91538,
            23.84882
          ],
          [
            23.6342,
            23.25745
          ],
          [
            24.34665,
            22.66284
          ],
          [
            25.05294,
            22.0651
          ],
          [
            25.75326,
            21.46435
          ],
          [
            26.44782,
            20.86072
          ],
          [
            27.13681,
            20.2543
          ],
          [
            27.82043,
            19.64522
          ],
          [
            28.49887,
            19.03357
          ],
          [
            29.17232,
            18.41947
          ],
          [
            29.84098,
            17.80301
          ],
          [
            30.50501,
            17.18429
          ],
          [
            31.16462,
            16.56341
          ],
          [
            31.81999,
            15.94048
          ],
          [
            32.47129,
            15.31557
          ],
          [
            33.11871,
            14.68879
          ],
          [
            33.76241,
            14.06023
          ],
          [
            34.40259,
            13.42997
          ],
          [
            35.03941,
            12.79811
          ],
          [
            35.67304,
            12.16472
          ],
          [
            36.30365,
            11.5299
          ],
          [
            36.93142,
            10.89372
          ],
          [
            37.5565,
            10.25627
          ],
          [
            38.17908,
            9.61764
          ],
          [
            38.7993,
            8.97789
          ]
        ]
      },
      "properties": {
        "id": "alg-add",
        "from": "ALG",
        "to": "ADD",
        "carrier": "AH",
        "flight": null,
        "status": "unclear",
        "days": null,
        "evidence": "listed",
        "planned": false,
        "source": "https://al24news.dz/fr/transport-aerien-lancement-du-premier-vol-de-la-ligne-directe-alger-addis-abeba/",
        "great_circle_km": 4726,
        "from_name": "Aéroport d’Alger – Houari Boumediene",
        "to_name": "Addis Ababa Bole International Airport"
      }
    },
    {
      "type": "Feature",
      "geometry": {
        "type": "LineString",
        "coordinates": [
          [
            3.21085,
            36.69951
          ],
          [
            3.13395,
            36.73369
          ],
          [
            3.05698,
            36.76781
          ],
          [
            2.97995,
            36.80189
          ],
          [
            2.90284,
            36.83591
          ],
          [
            2.82567,
            36.86989
          ],
          [
            2.74843,
            36.90382
          ],
          [
            2.67112,
            36.93769
          ],
          [
            2.59374,
            36.97152
          ],
          [
            2.5163,
            37.00529
          ],
          [
            2.43878,
            37.03902
          ],
          [
            2.3612,
            37.07269
          ],
          [
            2.28355,
            37.10632
          ],
          [
            2.20582,
            37.13989
          ],
          [
            2.12803,
            37.17341
          ],
          [
            2.05017,
            37.20689
          ],
          [
            1.97224,
            37.24031
          ],
          [
            1.89424,
            37.27368
          ],
          [
            1.81618,
            37.30699
          ],
          [
            1.73804,
            37.34026
          ],
          [
            1.65983,
            37.37348
          ],
          [
            1.58156,
            37.40664
          ],
          [
            1.50322,
            37.43975
          ],
          [
            1.4248,
            37.47282
          ],
          [
            1.34632,
            37.50582
          ],
          [
            1.26777,
            37.53878
          ],
          [
            1.18915,
            37.57169
          ],
          [
            1.11045,
            37.60454
          ],
          [
            1.03169,
            37.63734
          ],
          [
            0.95286,
            37.67009
          ],
          [
            0.87396,
            37.70278
          ],
          [
            0.79499,
            37.73543
          ],
          [
            0.71596,
            37.76802
          ],
          [
            0.63685,
            37.80055
          ],
          [
            0.55767,
            37.83304
          ],
          [
            0.47842,
            37.86547
          ],
          [
            0.3991,
            37.89785
          ],
          [
            0.31972,
            37.93017
          ],
          [
            0.24026,
            37.96244
          ],
          [
            0.16073,
            37.99466
          ],
          [
            0.08114,
            38.02683
          ],
          [
            0.00147,
            38.05894
          ],
          [
            -0.07827,
            38.09099
          ],
          [
            -0.15807,
            38.123
          ],
          [
            -0.23795,
            38.15495
          ],
          [
            -0.3179,
            38.18684
          ],
          [
            -0.39791,
            38.21868
          ],
          [
            -0.478,
            38.25047
          ],
          [
            -0.55816,
            38.2822
          ]
        ]
      },
      "properties": {
        "id": "alg-alc",
        "from": "ALG",
        "to": "ALC",
        "carrier": "AH",
        "flight": null,
        "status": "active",
        "days": null,
        "evidence": "verified",
        "planned": false,
        "source": "https://www.airalgerie.dz/decouvrir/nos-destinations/",
        "great_circle_km": 376,
        "from_name": "Aéroport d’Alger – Houari Boumediene",
        "to_name": "Alicante-Elche Miguel Hernández Airport"
      }
    },
    {
      "type": "Feature",
      "geometry": {
        "type": "LineString",
        "coordinates": [
          [
            3.21085,
            36.69951
          ],
          [
            3.77656,
            36.76892
          ],
          [
            4.34328,
            36.83565
          ],
          [
            4.91096,
            36.89968
          ],
          [
            5.47958,
            36.96101
          ],
          [
            6.0491,
            37.01962
          ],
          [
            6.61947,
            37.07551
          ],
          [
            7.19067,
            37.12866
          ],
          [
            7.76265,
            37.17906
          ],
          [
            8.33537,
            37.22672
          ],
          [
            8.90879,
            37.27161
          ],
          [
            9.48288,
            37.31373
          ],
          [
            10.05759,
            37.35308
          ],
          [
            10.63288,
            37.38965
          ],
          [
            11.20871,
            37.42342
          ],
          [
            11.78504,
            37.4544
          ],
          [
            12.36183,
            37.48258
          ],
          [
            12.93903,
            37.50795
          ],
          [
            13.5166,
            37.53052
          ],
          [
            14.0945,
            37.55026
          ],
          [
            14.67268,
            37.5672
          ],
          [
            15.2511,
            37.5813
          ],
          [
            15.82972,
            37.59259
          ],
          [
            16.4085,
            37.60105
          ],
          [
            16.98738,
            37.60669
          ],
          [
            17.56633,
            37.60949
          ],
          [
            18.1453,
            37.60947
          ],
          [
            18.72425,
            37.60662
          ],
          [
            19.30313,
            37.60094
          ],
          [
            19.88191,
            37.59244
          ],
          [
            20.46052,
            37.58111
          ],
          [
            21.03894,
            37.56695
          ],
          [
            21.61712,
            37.54998
          ],
          [
            22.19501,
            37.53019
          ],
          [
            22.77258,
            37.50758
          ],
          [
            23.34977,
            37.48216
          ],
          [
            23.92655,
            37.45394
          ],
          [
            24.50287,
            37.42292
          ],
          [
            25.0787,
            37.3891
          ],
          [
            25.65398,
            37.35249
          ],
          [
            26.22868,
            37.3131
          ],
          [
            26.80276,
            37.27093
          ],
          [
            27.37617,
            37.22599
          ],
          [
            27.94888,
            37.1783
          ],
          [
            28.52085,
            37.12785
          ],
          [
            29.09203,
            37.07465
          ],
          [
            29.66239,
            37.01872
          ],
          [
            30.2319,
            36.96007
          ],
          [
            30.8005,
            36.8987
          ]
        ]
      },
      "properties": {
        "id": "alg-ayt",
        "from": "ALG",
        "to": "AYT",
        "carrier": "AH",
        "flight": null,
        "status": "unclear",
        "days": null,
        "evidence": "listed",
        "planned": false,
        "source": "https://www.visa-algerie.com/air-algerie-lance-une-promo-vers-une-magnifique-destination-populaire-3-raisons-de-reserver/",
        "great_circle_km": 2448,
        "from_name": "Aéroport d’Alger – Houari Boumediene",
        "to_name": "Antalya International Airport"
      }
    },
    {
      "type": "Feature",
      "geometry": {
        "type": "LineString",
        "coordinates": [
          [
            3.21085,
            36.69951
          ],
          [
            3.18869,
            36.7954
          ],
          [
            3.16648,
            36.89129
          ],
          [
            3.14421,
            36.98717
          ],
          [
            3.12188,
            37.08305
          ],
          [
            3.0995,
            37.17892
          ],
          [
            3.07707,
            37.27479
          ],
          [
            3.05457,
            37.37065
          ],
          [
            3.03202,
            37.46651
          ],
          [
            3.00941,
            37.56237
          ],
          [
            2.98674,
            37.65822
          ],
          [
            2.96401,
            37.75407
          ],
          [
            2.94123,
            37.84991
          ],
          [
            2.91838,
            37.94575
          ],
          [
            2.89547,
            38.04158
          ],
          [
            2.87251,
            38.13741
          ],
          [
            2.84948,
            38.23324
          ],
          [
            2.8264,
            38.32906
          ],
          [
            2.80325,
            38.42487
          ],
          [
            2.78004,
            38.52068
          ],
          [
            2.75677,
            38.61649
          ],
          [
            2.73344,
            38.71229
          ],
          [
            2.71004,
            38.80809
          ],
          [
            2.68658,
            38.90388
          ],
          [
            2.66306,
            38.99967
          ],
          [
            2.63947,
            39.09546
          ],
          [
            2.61582,
            39.19123
          ],
          [
            2.59211,
            39.28701
          ],
          [
            2.56833,
            39.38278
          ],
          [
            2.54448,
            39.47854
          ],
          [
            2.52057,
            39.5743
          ],
          [
            2.49659,
            39.67006
          ],
          [
            2.47255,
            39.76581
          ],
          [
            2.44844,
            39.86155
          ],
          [
            2.42426,
            39.95729
          ],
          [
            2.40002,
            40.05302
          ],
          [
            2.3757,
            40.14875
          ],
          [
            2.35132,
            40.24448
          ],
          [
            2.32687,
            40.3402
          ],
          [
            2.30235,
            40.43591
          ],
          [
            2.27776,
            40.53162
          ],
          [
            2.2531,
            40.62732
          ],
          [
            2.22836,
            40.72302
          ],
          [
            2.20356,
            40.81872
          ],
          [
            2.17869,
            40.9144
          ],
          [
            2.15374,
            41.01009
          ],
          [
            2.12872,
            41.10576
          ],
          [
            2.10363,
            41.20143
          ],
          [
            2.07846,
            41.2971
          ]
        ]
      },
      "properties": {
        "id": "alg-bcn",
        "from": "ALG",
        "to": "BCN",
        "carrier": "AH",
        "flight": null,
        "status": "active",
        "days": null,
        "evidence": "verified",
        "planned": false,
        "source": "https://www.airalgerie.dz/decouvrir/nos-destinations/",
        "great_circle_km": 520,
        "from_name": "Aéroport d’Alger – Houari Boumediene",
        "to_name": "Josep Tarradellas Barcelona-El Prat Airport"
      }
    },
    {
      "type": "Feature",
      "geometry": {
        "type": "LineString",
        "coordinates": [
          [
            3.21085,
            36.69951
          ],
          [
            3.89555,
            36.73031
          ],
          [
            4.58078,
            36.75717
          ],
          [
            5.26644,
            36.78011
          ],
          [
            5.95249,
            36.79911
          ],
          [
            6.63883,
            36.81417
          ],
          [
            7.32542,
            36.82528
          ],
          [
            8.01216,
            36.83245
          ],
          [
            8.699,
            36.83566
          ],
          [
            9.38586,
            36.83492
          ],
          [
            10.07268,
            36.83023
          ],
          [
            10.75937,
            36.8216
          ],
          [
            11.44587,
            36.80901
          ],
          [
            12.13212,
            36.79248
          ],
          [
            12.81803,
            36.77201
          ],
          [
            13.50354,
            36.74761
          ],
          [
            14.18858,
            36.71927
          ],
          [
            14.87307,
            36.68702
          ],
          [
            15.55696,
            36.65085
          ],
          [
            16.24018,
            36.61077
          ],
          [
            16.92264,
            36.5668
          ],
          [
            17.6043,
            36.51894
          ],
          [
            18.28508,
            36.46721
          ],
          [
            18.96492,
            36.41162
          ],
          [
            19.64376,
            36.35218
          ],
          [
            20.32152,
            36.28891
          ],
          [
            20.99815,
            36.22182
          ],
          [
            21.67359,
            36.15092
          ],
          [
            22.34778,
            36.07624
          ],
          [
            23.02066,
            35.99779
          ],
          [
            23.69216,
            35.9156
          ],
          [
            24.36224,
            35.82967
          ],
          [
            25.03085,
            35.74003
          ],
          [
            25.69791,
            35.6467
          ],
          [
            26.36339,
            35.5497
          ],
          [
            27.02723,
            35.44905
          ],
          [
            27.68938,
            35.34478
          ],
          [
            28.3498,
            35.2369
          ],
          [
            29.00843,
            35.12545
          ],
          [
            29.66523,
            35.01045
          ],
          [
            30.32016,
            34.89191
          ],
          [
            30.97318,
            34.76988
          ],
          [
            31.62424,
            34.64437
          ],
          [
            32.27331,
            34.51541
          ],
          [
            32.92034,
            34.38302
          ],
          [
            33.5653,
            34.24725
          ],
          [
            34.20816,
            34.1081
          ],
          [
            34.84889,
            33.96562
          ],
          [
            35.48744,
            33.81983
          ]
        ]
      },
      "properties": {
        "id": "alg-bey",
        "from": "ALG",
        "to": "BEY",
        "carrier": "AH",
        "flight": null,
        "status": "unclear",
        "days": null,
        "evidence": "listed",
        "planned": false,
        "source": "https://algerie-eco.com/2026/06/20/air-algerie-prevoit-douvrir-des-vols-vers-delhi-et-shanghai-des-lhiver-prochain/",
        "great_circle_km": 2934,
        "from_name": "Aéroport d’Alger – Houari Boumediene",
        "to_name": "Beirut Rafic Hariri International Airport"
      }
    },
    {
      "type": "Feature",
      "geometry": {
        "type": "LineString",
        "coordinates": [
          [
            3.21085,
            36.69951
          ],
          [
            2.92138,
            36.20673
          ],
          [
            2.63553,
            35.71327
          ],
          [
            2.3532,
            35.21913
          ],
          [
            2.0743,
            34.72435
          ],
          [
            1.79871,
            34.22894
          ],
          [
            1.52635,
            33.73293
          ],
          [
            1.25712,
            33.23632
          ],
          [
            0.99094,
            32.73913
          ],
          [
            0.72771,
            32.2414
          ],
          [
            0.46735,
            31.74312
          ],
          [
            0.20978,
            31.24431
          ],
          [
            -0.04508,
            30.745
          ],
          [
            -0.29732,
            30.2452
          ],
          [
            -0.547,
            29.74492
          ],
          [
            -0.7942,
            29.24417
          ],
          [
            -1.03899,
            28.74298
          ],
          [
            -1.28144,
            28.24134
          ],
          [
            -1.52162,
            27.73929
          ],
          [
            -1.75959,
            27.23682
          ],
          [
            -1.99543,
            26.73395
          ],
          [
            -2.22919,
            26.2307
          ],
          [
            -2.46093,
            25.72707
          ],
          [
            -2.69072,
            25.22308
          ],
          [
            -2.91861,
            24.71874
          ],
          [
            -3.14467,
            24.21405
          ],
          [
            -3.36893,
            23.70904
          ],
          [
            -3.59147,
            23.2037
          ],
          [
            -3.81233,
            22.69805
          ],
          [
            -4.03157,
            22.19211
          ],
          [
            -4.24923,
            21.68587
          ],
          [
            -4.46536,
            21.17935
          ],
          [
            -4.68002,
            20.67255
          ],
          [
            -4.89325,
            20.16549
          ],
          [
            -5.1051,
            19.65818
          ],
          [
            -5.31562,
            19.15062
          ],
          [
            -5.52484,
            18.64282
          ],
          [
            -5.73281,
            18.1348
          ],
          [
            -5.93958,
            17.62655
          ],
          [
            -6.14519,
            17.11808
          ],
          [
            -6.34967,
            16.60941
          ],
          [
            -6.55308,
            16.10054
          ],
          [
            -6.75544,
            15.59148
          ],
          [
            -6.95681,
            15.08224
          ],
          [
            -7.15721,
            14.57282
          ],
          [
            -7.35669,
            14.06323
          ],
          [
            -7.55528,
            13.55347
          ],
          [
            -7.75301,
            13.04356
          ],
          [
            -7.94994,
            12.5335
          ]
        ]
      },
      "properties": {
        "id": "alg-bko",
        "from": "ALG",
        "to": "BKO",
        "carrier": "AH",
        "flight": null,
        "status": "unclear",
        "days": null,
        "evidence": "listed",
        "planned": false,
        "source": "https://www.visa-algerie.com/air-algerie-apres-pekin-et-guangzhou-une-autre-grande-ville-en-chine-dans-le-viseur/",
        "great_circle_km": 2909,
        "from_name": "Aéroport d’Alger – Houari Boumediene",
        "to_name": "Modibo Keita International Airport"
      }
    },
    {
      "type": "Feature",
      "geometry": {
        "type": "LineString",
        "coordinates": [
          [
            3.21085,
            36.69951
          ],
          [
            3.23201,
            36.99551
          ],
          [
            3.25334,
            37.2915
          ],
          [
            3.27485,
            37.58749
          ],
          [
            3.29652,
            37.88347
          ],
          [
            3.31836,
            38.17945
          ],
          [
            3.34039,
            38.47543
          ],
          [
            3.3626,
            38.7714
          ],
          [
            3.38499,
            39.06737
          ],
          [
            3.40757,
            39.36333
          ],
          [
            3.43034,
            39.65929
          ],
          [
            3.45331,
            39.95524
          ],
          [
            3.47648,
            40.25119
          ],
          [
            3.49985,
            40.54714
          ],
          [
            3.52343,
            40.84308
          ],
          [
            3.54722,
            41.13901
          ],
          [
            3.57122,
            41.43494
          ],
          [
            3.59545,
            41.73087
          ],
          [
            3.6199,
            42.02679
          ],
          [
            3.64458,
            42.32271
          ],
          [
            3.66949,
            42.61862
          ],
          [
            3.69464,
            42.91452
          ],
          [
            3.72003,
            43.21042
          ],
          [
            3.74567,
            43.50631
          ],
          [
            3.77157,
            43.8022
          ],
          [
            3.79772,
            44.09808
          ],
          [
            3.82413,
            44.39396
          ],
          [
            3.85081,
            44.68983
          ],
          [
            3.87777,
            44.98569
          ],
          [
            3.90501,
            45.28155
          ],
          [
            3.93253,
            45.5774
          ],
          [
            3.96034,
            45.87324
          ],
          [
            3.98845,
            46.16908
          ],
          [
            4.01686,
            46.46491
          ],
          [
            4.04559,
            46.76073
          ],
          [
            4.07463,
            47.05654
          ],
          [
            4.104,
            47.35235
          ],
          [
            4.1337,
            47.64815
          ],
          [
            4.16373,
            47.94394
          ],
          [
            4.19411,
            48.23973
          ],
          [
            4.22485,
            48.5355
          ],
          [
            4.25594,
            48.83127
          ],
          [
            4.28741,
            49.12703
          ],
          [
            4.31925,
            49.42278
          ],
          [
            4.35148,
            49.71853
          ],
          [
            4.38411,
            50.01426
          ],
          [
            4.41713,
            50.30998
          ],
          [
            4.45058,
            50.6057
          ],
          [
            4.48444,
            50.9014
          ]
        ]
      },
      "properties": {
        "id": "alg-bru",
        "from": "ALG",
        "to": "BRU",
        "carrier": "AH",
        "flight": null,
        "status": "active",
        "days": null,
        "evidence": "verified",
        "planned": false,
        "source": "https://www.airalgerie.dz/decouvrir/nos-destinations/",
        "great_circle_km": 1582,
        "from_name": "Aéroport d’Alger – Houari Boumediene",
        "to_name": "Brussels Airport"
      }
    },
    {
      "type": "Feature",
      "geometry": {
        "type": "LineString",
        "coordinates": [
          [
            3.21085,
            36.69951
          ],
          [
            3.49386,
            36.9434
          ],
          [
            3.77869,
            37.1866
          ],
          [
            4.06536,
            37.42912
          ],
          [
            4.35389,
            37.67095
          ],
          [
            4.64431,
            37.91207
          ],
          [
            4.93663,
            38.15247
          ],
          [
            5.23088,
            38.39214
          ],
          [
            5.52709,
            38.63107
          ],
          [
            5.82527,
            38.86924
          ],
          [
            6.12545,
            39.10666
          ],
          [
            6.42766,
            39.3433
          ],
          [
            6.73192,
            39.57915
          ],
          [
            7.03826,
            39.8142
          ],
          [
            7.34669,
            40.04844
          ],
          [
            7.65725,
            40.28186
          ],
          [
            7.96995,
            40.51445
          ],
          [
            8.28483,
            40.74618
          ],
          [
            8.60191,
            40.97705
          ],
          [
            8.92121,
            41.20705
          ],
          [
            9.24275,
            41.43616
          ],
          [
            9.56658,
            41.66437
          ],
          [
            9.8927,
            41.89166
          ],
          [
            10.22114,
            42.11803
          ],
          [
            10.55193,
            42.34345
          ],
          [
            10.8851,
            42.56791
          ],
          [
            11.22067,
            42.7914
          ],
          [
            11.55867,
            43.0139
          ],
          [
            11.89912,
            43.2354
          ],
          [
            12.24205,
            43.45589
          ],
          [
            12.58748,
            43.67534
          ],
          [
            12.93544,
            43.89375
          ],
          [
            13.28596,
            44.11109
          ],
          [
            13.63906,
            44.32735
          ],
          [
            13.99477,
            44.54251
          ],
          [
            14.3531,
            44.75657
          ],
          [
            14.7141,
            44.96949
          ],
          [
            15.07778,
            45.18127
          ],
          [
            15.44416,
            45.39189
          ],
          [
            15.81328,
            45.60133
          ],
          [
            16.18516,
            45.80956
          ],
          [
            16.55982,
            46.01659
          ],
          [
            16.93729,
            46.22238
          ],
          [
            17.31759,
            46.42692
          ],
          [
            17.70074,
            46.63018
          ],
          [
            18.08678,
            46.83216
          ],
          [
            18.47572,
            47.03284
          ],
          [
            18.86758,
            47.23218
          ],
          [
            19.26239,
            47.43018
          ]
        ]
      },
      "properties": {
        "id": "alg-bud",
        "from": "ALG",
        "to": "BUD",
        "carrier": "AH",
        "flight": "AH 2028",
        "status": "active",
        "days": [
          "sat"
        ],
        "evidence": "verified",
        "planned": false,
        "source": "https://www.aeroroutes.com/eng/250728-ahnw25bud",
        "great_circle_km": 1777,
        "from_name": "Aéroport d’Alger – Houari Boumediene",
        "to_name": "Budapest Liszt Ferenc International Airport"
      }
    },
    {
      "type": "Feature",
      "geometry": {
        "type": "LineString",
        "coordinates": [
          [
            3.21085,
            36.69951
          ],
          [
            3.83728,
            36.63214
          ],
          [
            4.46259,
            36.56149
          ],
          [
            5.08674,
            36.48759
          ],
          [
            5.70966,
            36.41044
          ],
          [
            6.33133,
            36.33006
          ],
          [
            6.95169,
            36.24647
          ],
          [
            7.5707,
            36.15968
          ],
          [
            8.18831,
            36.06971
          ],
          [
            8.80449,
            35.97658
          ],
          [
            9.41919,
            35.88032
          ],
          [
            10.03238,
            35.78092
          ],
          [
            10.644,
            35.67842
          ],
          [
            11.25404,
            35.57284
          ],
          [
            11.86245,
            35.46419
          ],
          [
            12.46919,
            35.3525
          ],
          [
            13.07424,
            35.23778
          ],
          [
            13.67755,
            35.12006
          ],
          [
            14.2791,
            34.99936
          ],
          [
            14.87886,
            34.8757
          ],
          [
            15.47679,
            34.7491
          ],
          [
            16.07287,
            34.61959
          ],
          [
            16.66708,
            34.4872
          ],
          [
            17.25938,
            34.35193
          ],
          [
            17.84975,
            34.21382
          ],
          [
            18.43817,
            34.07289
          ],
          [
            19.02462,
            33.92917
          ],
          [
            19.60907,
            33.78268
          ],
          [
            20.19151,
            33.63344
          ],
          [
            20.77191,
            33.48148
          ],
          [
            21.35026,
            33.32682
          ],
          [
            21.92655,
            33.1695
          ],
          [
            22.50075,
            33.00952
          ],
          [
            23.07286,
            32.84693
          ],
          [
            23.64286,
            32.68175
          ],
          [
            24.21074,
            32.514
          ],
          [
            24.77648,
            32.3437
          ],
          [
            25.34009,
            32.1709
          ],
          [
            25.90154,
            31.9956
          ],
          [
            26.46084,
            31.81784
          ],
          [
            27.01797,
            31.63764
          ],
          [
            27.57294,
            31.45503
          ],
          [
            28.12573,
            31.27004
          ],
          [
            28.67634,
            31.08269
          ],
          [
            29.22478,
            30.89302
          ],
          [
            29.77103,
            30.70104
          ],
          [
            30.3151,
            30.50678
          ],
          [
            30.85699,
            30.31027
          ],
          [
            31.39669,
            30.11153
          ]
        ]
      },
      "properties": {
        "id": "alg-cai",
        "from": "ALG",
        "to": "CAI",
        "carrier": "AH",
        "flight": null,
        "status": "active",
        "days": null,
        "evidence": "verified",
        "planned": false,
        "source": "https://www.airalgerie.dz/decouvrir/nos-destinations/",
        "great_circle_km": 2706,
        "from_name": "Aéroport d’Alger – Houari Boumediene",
        "to_name": "Cairo International Airport"
      }
    },
    {
      "type": "Feature",
      "geometry": {
        "type": "LineString",
        "coordinates": [
          [
            3.21085,
            36.69951
          ],
          [
            5.27232,
            37.64141
          ],
          [
            7.38569,
            38.54652
          ],
          [
            9.55176,
            39.4127
          ],
          [
            11.771,
            40.23771
          ],
          [
            14.04352,
            41.01931
          ],
          [
            16.369,
            41.75523
          ],
          [
            18.74663,
            42.44319
          ],
          [
            21.1751,
            43.08096
          ],
          [
            23.65253,
            43.66632
          ],
          [
            26.17644,
            44.19716
          ],
          [
            28.74377,
            44.67146
          ],
          [
            31.35082,
            45.08734
          ],
          [
            33.99331,
            45.44307
          ],
          [
            36.66641,
            45.73715
          ],
          [
            39.36475,
            45.96828
          ],
          [
            42.08257,
            46.13543
          ],
          [
            44.81371,
            46.23782
          ],
          [
            47.5518,
            46.27499
          ],
          [
            50.29035,
            46.24677
          ],
          [
            53.02282,
            46.15327
          ],
          [
            55.74282,
            45.99495
          ],
          [
            58.44418,
            45.77251
          ],
          [
            61.12106,
            45.48697
          ],
          [
            63.76804,
            45.13959
          ],
          [
            66.3802,
            44.73184
          ],
          [
            68.95319,
            44.26542
          ],
          [
            71.48324,
            43.7422
          ],
          [
            73.96718,
            43.16417
          ],
          [
            76.40248,
            42.53345
          ],
          [
            78.78715,
            41.85222
          ],
          [
            81.11983,
            41.12273
          ],
          [
            83.39962,
            40.34724
          ],
          [
            85.62615,
            39.52803
          ],
          [
            87.79947,
            38.66736
          ],
          [
            89.92001,
            37.76744
          ],
          [
            91.98852,
            36.83045
          ],
          [
            94.00607,
            35.85851
          ],
          [
            95.97393,
            34.85366
          ],
          [
            97.89358,
            33.81789
          ],
          [
            99.76666,
            32.75311
          ],
          [
            101.59493,
            31.66112
          ],
          [
            103.38023,
            30.54369
          ],
          [
            105.12449,
            29.40246
          ],
          [
            106.82965,
            28.23903
          ],
          [
            108.4977,
            27.05491
          ],
          [
            110.13062,
            25.85153
          ],
          [
            111.7304,
            24.63026
          ],
          [
            113.299,
            23.3924
          ]
        ]
      },
      "properties": {
        "id": "alg-can",
        "from": "ALG",
        "to": "CAN",
        "carrier": "AH",
        "flight": null,
        "status": "active",
        "days": null,
        "evidence": "verified",
        "planned": false,
        "source": "https://www.air-journal.fr/2025-08-29-air-algerie-etend-son-reseau-a-linternational-desservant-addis-abeba-et-guangzhou-5265040.html",
        "great_circle_km": 10106,
        "from_name": "Aéroport d’Alger – Houari Boumediene",
        "to_name": "Guangzhou Baiyun International Airport"
      }
    },
    {
      "type": "Feature",
      "geometry": {
        "type": "LineString",
        "coordinates": [
          [
            3.21085,
            36.69951
          ],
          [
            3.19953,
            36.95599
          ],
          [
            3.18814,
            37.21247
          ],
          [
            3.17666,
            37.46895
          ],
          [
            3.16511,
            37.72543
          ],
          [
            3.15348,
            37.9819
          ],
          [
            3.14177,
            38.23838
          ],
          [
            3.12997,
            38.49485
          ],
          [
            3.11809,
            38.75132
          ],
          [
            3.10613,
            39.00779
          ],
          [
            3.09408,
            39.26426
          ],
          [
            3.08193,
            39.52073
          ],
          [
            3.0697,
            39.7772
          ],
          [
            3.05738,
            40.03367
          ],
          [
            3.04497,
            40.29013
          ],
          [
            3.03246,
            40.54659
          ],
          [
            3.01985,
            40.80306
          ],
          [
            3.00715,
            41.05952
          ],
          [
            2.99434,
            41.31598
          ],
          [
            2.98144,
            41.57243
          ],
          [
            2.96843,
            41.82889
          ],
          [
            2.95532,
            42.08534
          ],
          [
            2.9421,
            42.3418
          ],
          [
            2.92877,
            42.59825
          ],
          [
            2.91533,
            42.8547
          ],
          [
            2.90178,
            43.11115
          ],
          [
            2.88812,
            43.3676
          ],
          [
            2.87434,
            43.62404
          ],
          [
            2.86044,
            43.88049
          ],
          [
            2.84643,
            44.13693
          ],
          [
            2.83229,
            44.39337
          ],
          [
            2.81802,
            44.64981
          ],
          [
            2.80363,
            44.90624
          ],
          [
            2.78911,
            45.16268
          ],
          [
            2.77446,
            45.41911
          ],
          [
            2.75968,
            45.67554
          ],
          [
            2.74476,
            45.93197
          ],
          [
            2.7297,
            46.1884
          ],
          [
            2.7145,
            46.44482
          ],
          [
            2.69915,
            46.70125
          ],
          [
            2.68366,
            46.95767
          ],
          [
            2.66802,
            47.21409
          ],
          [
            2.65223,
            47.47051
          ],
          [
            2.63628,
            47.72692
          ],
          [
            2.62018,
            47.98333
          ],
          [
            2.60391,
            48.23974
          ],
          [
            2.58748,
            48.49615
          ],
          [
            2.57088,
            48.75256
          ],
          [
            2.55412,
            49.00896
          ]
        ]
      },
      "properties": {
        "id": "alg-cdg",
        "from": "ALG",
        "to": "CDG",
        "carrier": "AH",
        "flight": "AH 1002",
        "status": "active",
        "days": null,
        "evidence": "verified",
        "planned": false,
        "source": "https://www.parisaeroport.fr/",
        "great_circle_km": 1370,
        "from_name": "Aéroport d’Alger – Houari Boumediene",
        "to_name": "Charles de Gaulle International Airport"
      }
    },
    {
      "type": "Feature",
      "geometry": {
        "type": "LineString",
        "coordinates": [
          [
            3.21085,
            36.69951
          ],
          [
            3.38747,
            36.02185
          ],
          [
            3.56107,
            35.34394
          ],
          [
            3.73179,
            34.66579
          ],
          [
            3.89974,
            33.9874
          ],
          [
            4.06502,
            33.30878
          ],
          [
            4.22775,
            32.62996
          ],
          [
            4.38803,
            31.95092
          ],
          [
            4.54596,
            31.27168
          ],
          [
            4.70163,
            30.59226
          ],
          [
            4.85513,
            29.91265
          ],
          [
            5.00655,
            29.23287
          ],
          [
            5.15597,
            28.55292
          ],
          [
            5.30348,
            27.8728
          ],
          [
            5.44914,
            27.19254
          ],
          [
            5.59304,
            26.51212
          ],
          [
            5.73524,
            25.83156
          ],
          [
            5.87582,
            25.15086
          ],
          [
            6.01484,
            24.47004
          ],
          [
            6.15236,
            23.78908
          ],
          [
            6.28844,
            23.10801
          ],
          [
            6.42316,
            22.42682
          ],
          [
            6.55655,
            21.74552
          ],
          [
            6.68869,
            21.06412
          ],
          [
            6.81962,
            20.38261
          ],
          [
            6.9494,
            19.70101
          ],
          [
            7.07808,
            19.01931
          ],
          [
            7.20571,
            18.33753
          ],
          [
            7.33234,
            17.65566
          ],
          [
            7.45801,
            16.97371
          ],
          [
            7.58277,
            16.29168
          ],
          [
            7.70666,
            15.60958
          ],
          [
            7.82973,
            14.92742
          ],
          [
            7.95203,
            14.24518
          ],
          [
            8.07358,
            13.56289
          ],
          [
            8.19444,
            12.88054
          ],
          [
            8.31465,
            12.19813
          ],
          [
            8.43423,
            11.51567
          ],
          [
            8.55324,
            10.83316
          ],
          [
            8.67171,
            10.15061
          ],
          [
            8.78967,
            9.46801
          ],
          [
            8.90716,
            8.78538
          ],
          [
            9.02423,
            8.10271
          ],
          [
            9.14089,
            7.42
          ],
          [
            9.25719,
            6.73727
          ],
          [
            9.37317,
            6.0545
          ],
          [
            9.48886,
            5.37172
          ],
          [
            9.60428,
            4.68891
          ],
          [
            9.71948,
            4.00608
          ]
        ]
      },
      "properties": {
        "id": "alg-dla",
        "from": "ALG",
        "to": "DLA",
        "carrier": "AH",
        "flight": "AH 5350",
        "status": "active",
        "days": null,
        "evidence": "verified",
        "planned": false,
        "source": "https://www.airalgerie.dz/decouvrir/nos-destinations/",
        "great_circle_km": 3696,
        "from_name": "Aéroport d’Alger – Houari Boumediene",
        "to_name": "Douala International Airport"
      }
    },
    {
      "type": "Feature",
      "geometry": {
        "type": "LineString",
        "coordinates": [
          [
            3.21085,
            36.69951
          ],
          [
            4.39548,
            36.70751
          ],
          [
            5.58018,
            36.70376
          ],
          [
            6.76458,
            36.68829
          ],
          [
            7.94832,
            36.66108
          ],
          [
            9.13105,
            36.62218
          ],
          [
            10.3124,
            36.57159
          ],
          [
            11.49203,
            36.50937
          ],
          [
            12.66959,
            36.43555
          ],
          [
            13.84474,
            36.3502
          ],
          [
            15.01714,
            36.25336
          ],
          [
            16.18647,
            36.14511
          ],
          [
            17.35241,
            36.02553
          ],
          [
            18.51465,
            35.8947
          ],
          [
            19.67289,
            35.75271
          ],
          [
            20.82684,
            35.59966
          ],
          [
            21.97623,
            35.43565
          ],
          [
            23.12079,
            35.26079
          ],
          [
            24.26028,
            35.0752
          ],
          [
            25.39444,
            34.87901
          ],
          [
            26.52307,
            34.67233
          ],
          [
            27.64593,
            34.45531
          ],
          [
            28.76283,
            34.22807
          ],
          [
            29.8736,
            33.99076
          ],
          [
            30.97804,
            33.74353
          ],
          [
            32.07602,
            33.48652
          ],
          [
            33.16737,
            33.21989
          ],
          [
            34.25198,
            32.94379
          ],
          [
            35.32972,
            32.65838
          ],
          [
            36.40049,
            32.36382
          ],
          [
            37.4642,
            32.06027
          ],
          [
            38.52077,
            31.74789
          ],
          [
            39.57014,
            31.42686
          ],
          [
            40.61226,
            31.09733
          ],
          [
            41.64708,
            30.75948
          ],
          [
            42.67457,
            30.41347
          ],
          [
            43.69473,
            30.05948
          ],
          [
            44.70753,
            29.69767
          ],
          [
            45.71299,
            29.32821
          ],
          [
            46.71112,
            28.95127
          ],
          [
            47.70193,
            28.56701
          ],
          [
            48.68548,
            28.17562
          ],
          [
            49.66178,
            27.77725
          ],
          [
            50.6309,
            27.37207
          ],
          [
            51.5929,
            26.96025
          ],
          [
            52.54783,
            26.54194
          ],
          [
            53.49577,
            26.11733
          ],
          [
            54.43679,
            25.68656
          ],
          [
            55.37099,
            25.24979
          ]
        ]
      },
      "properties": {
        "id": "alg-dxb",
        "from": "ALG",
        "to": "DXB",
        "carrier": "AH",
        "flight": null,
        "status": "unclear",
        "days": null,
        "evidence": "listed",
        "planned": false,
        "source": "https://www.air-journal.fr/2026-02-18-emirates-prepare-la-fin-de-sa-ligne-dubai-alger-en-2027-sur-fond-de-crise-diplomatique-avec-lalgerie-5273218.html",
        "great_circle_km": 5069,
        "from_name": "Aéroport d’Alger – Houari Boumediene",
        "to_name": "Dubai International Airport"
      }
    },
    {
      "type": "Feature",
      "geometry": {
        "type": "LineString",
        "coordinates": [
          [
            3.21085,
            36.69951
          ],
          [
            3.30119,
            36.97935
          ],
          [
            3.3922,
            37.25912
          ],
          [
            3.48388,
            37.53882
          ],
          [
            3.57626,
            37.81845
          ],
          [
            3.66934,
            38.09801
          ],
          [
            3.76314,
            38.37749
          ],
          [
            3.85766,
            38.6569
          ],
          [
            3.95292,
            38.93623
          ],
          [
            4.04894,
            39.21549
          ],
          [
            4.14572,
            39.49466
          ],
          [
            4.24328,
            39.77375
          ],
          [
            4.34164,
            40.05276
          ],
          [
            4.44081,
            40.33169
          ],
          [
            4.5408,
            40.61053
          ],
          [
            4.64162,
            40.88928
          ],
          [
            4.7433,
            41.16795
          ],
          [
            4.84585,
            41.44653
          ],
          [
            4.94928,
            41.72501
          ],
          [
            5.05361,
            42.0034
          ],
          [
            5.15886,
            42.28169
          ],
          [
            5.26505,
            42.55989
          ],
          [
            5.37218,
            42.83799
          ],
          [
            5.48028,
            43.11599
          ],
          [
            5.58937,
            43.39388
          ],
          [
            5.69947,
            43.67167
          ],
          [
            5.81058,
            43.94936
          ],
          [
            5.92274,
            44.22693
          ],
          [
            6.03597,
            44.5044
          ],
          [
            6.15027,
            44.78175
          ],
          [
            6.26568,
            45.05899
          ],
          [
            6.38222,
            45.33611
          ],
          [
            6.4999,
            45.6131
          ],
          [
            6.61874,
            45.88998
          ],
          [
            6.73878,
            46.16674
          ],
          [
            6.86003,
            46.44336
          ],
          [
            6.98252,
            46.71986
          ],
          [
            7.10627,
            46.99622
          ],
          [
            7.23131,
            47.27245
          ],
          [
            7.35766,
            47.54854
          ],
          [
            7.48535,
            47.8245
          ],
          [
            7.6144,
            48.10031
          ],
          [
            7.74484,
            48.37597
          ],
          [
            7.87671,
            48.65148
          ],
          [
            8.01002,
            48.92685
          ],
          [
            8.14481,
            49.20205
          ],
          [
            8.28111,
            49.4771
          ],
          [
            8.41894,
            49.75199
          ],
          [
            8.55835,
            50.02671
          ]
        ]
      },
      "properties": {
        "id": "alg-fra",
        "from": "ALG",
        "to": "FRA",
        "carrier": "AH",
        "flight": null,
        "status": "unclear",
        "days": null,
        "evidence": "listed",
        "planned": false,
        "source": "https://www.air-journal.fr/2025-08-29-air-algerie-etend-son-reseau-a-linternational-desservant-addis-abeba-et-guangzhou-5265040.html",
        "great_circle_km": 1543,
        "from_name": "Aéroport d’Alger – Houari Boumediene",
        "to_name": "Frankfurt Main Airport"
      }
    },
    {
      "type": "Feature",
      "geometry": {
        "type": "LineString",
        "coordinates": [
          [
            3.21085,
            36.69951
          ],
          [
            3.91029,
            36.58397
          ],
          [
            4.60761,
            36.46436
          ],
          [
            5.30274,
            36.3407
          ],
          [
            5.99564,
            36.21303
          ],
          [
            6.68624,
            36.08138
          ],
          [
            7.3745,
            35.94578
          ],
          [
            8.06037,
            35.80626
          ],
          [
            8.74379,
            35.66286
          ],
          [
            9.42474,
            35.51562
          ],
          [
            10.10316,
            35.36456
          ],
          [
            10.77901,
            35.20973
          ],
          [
            11.45226,
            35.05115
          ],
          [
            12.12287,
            34.88887
          ],
          [
            12.7908,
            34.72292
          ],
          [
            13.45604,
            34.55334
          ],
          [
            14.11853,
            34.38017
          ],
          [
            14.77827,
            34.20344
          ],
          [
            15.43521,
            34.0232
          ],
          [
            16.08935,
            33.83947
          ],
          [
            16.74065,
            33.65231
          ],
          [
            17.3891,
            33.46175
          ],
          [
            18.03468,
            33.26783
          ],
          [
            18.67738,
            33.07058
          ],
          [
            19.31717,
            32.87006
          ],
          [
            19.95406,
            32.66629
          ],
          [
            20.58802,
            32.45932
          ],
          [
            21.21906,
            32.24919
          ],
          [
            21.84716,
            32.03593
          ],
          [
            22.47232,
            31.8196
          ],
          [
            23.09454,
            31.60022
          ],
          [
            23.71382,
            31.37784
          ],
          [
            24.33015,
            31.1525
          ],
          [
            24.94353,
            30.92424
          ],
          [
            25.55398,
            30.6931
          ],
          [
            26.1615,
            30.45911
          ],
          [
            26.76608,
            30.22233
          ],
          [
            27.36775,
            29.98278
          ],
          [
            27.9665,
            29.74052
          ],
          [
            28.56235,
            29.49557
          ],
          [
            29.15531,
            29.24797
          ],
          [
            29.74539,
            28.99778
          ],
          [
            30.33261,
            28.74502
          ],
          [
            30.91698,
            28.48973
          ],
          [
            31.49852,
            28.23196
          ],
          [
            32.07724,
            27.97174
          ],
          [
            32.65316,
            27.70911
          ],
          [
            33.22631,
            27.44411
          ],
          [
            33.79669,
            27.17678
          ]
        ]
      },
      "properties": {
        "id": "alg-hrg",
        "from": "ALG",
        "to": "HRG",
        "carrier": "AH",
        "flight": null,
        "status": "unclear",
        "days": null,
        "evidence": "verified",
        "planned": false,
        "source": "https://www.observalgerie.com/",
        "great_circle_km": 3058,
        "from_name": "Aéroport d’Alger – Houari Boumediene",
        "to_name": "Hurghada International Airport"
      }
    },
    {
      "type": "Feature",
      "geometry": {
        "type": "LineString",
        "coordinates": [
          [
            3.21085,
            36.69951
          ],
          [
            3.70409,
            36.84915
          ],
          [
            4.19926,
            36.99675
          ],
          [
            4.69634,
            37.14228
          ],
          [
            5.19532,
            37.28572
          ],
          [
            5.69619,
            37.42707
          ],
          [
            6.19895,
            37.56629
          ],
          [
            6.70357,
            37.70337
          ],
          [
            7.21005,
            37.8383
          ],
          [
            7.71836,
            37.97104
          ],
          [
            8.22851,
            38.1016
          ],
          [
            8.74047,
            38.22993
          ],
          [
            9.25422,
            38.35604
          ],
          [
            9.76974,
            38.4799
          ],
          [
            10.28703,
            38.60149
          ],
          [
            10.80605,
            38.7208
          ],
          [
            11.3268,
            38.8378
          ],
          [
            11.84924,
            38.95248
          ],
          [
            12.37335,
            39.06483
          ],
          [
            12.89913,
            39.17483
          ],
          [
            13.42653,
            39.28245
          ],
          [
            13.95553,
            39.38769
          ],
          [
            14.48612,
            39.49052
          ],
          [
            15.01826,
            39.59094
          ],
          [
            15.55192,
            39.68892
          ],
          [
            16.08708,
            39.78446
          ],
          [
            16.62372,
            39.87752
          ],
          [
            17.16179,
            39.96811
          ],
          [
            17.70127,
            40.05621
          ],
          [
            18.24212,
            40.14179
          ],
          [
            18.78432,
            40.22486
          ],
          [
            19.32783,
            40.30538
          ],
          [
            19.87262,
            40.38336
          ],
          [
            20.41865,
            40.45878
          ],
          [
            20.96589,
            40.53162
          ],
          [
            21.51429,
            40.60187
          ],
          [
            22.06383,
            40.66953
          ],
          [
            22.61446,
            40.73457
          ],
          [
            23.16615,
            40.79699
          ],
          [
            23.71886,
            40.85678
          ],
          [
            24.27254,
            40.91393
          ],
          [
            24.82716,
            40.96843
          ],
          [
            25.38267,
            41.02026
          ],
          [
            25.93903,
            41.06942
          ],
          [
            26.49621,
            41.1159
          ],
          [
            27.05415,
            41.1597
          ],
          [
            27.61281,
            41.20079
          ],
          [
            28.17216,
            41.23919
          ],
          [
            28.73214,
            41.27487
          ]
        ]
      },
      "properties": {
        "id": "alg-ist",
        "from": "ALG",
        "to": "IST",
        "carrier": "AH",
        "flight": null,
        "status": "active",
        "days": null,
        "evidence": "verified",
        "planned": false,
        "source": "https://www.airalgerie.dz/decouvrir/nos-destinations/",
        "great_circle_km": 2255,
        "from_name": "Aéroport d’Alger – Houari Boumediene",
        "to_name": "İstanbul Airport"
      }
    },
    {
      "type": "Feature",
      "geometry": {
        "type": "LineString",
        "coordinates": [
          [
            3.21085,
            36.69951
          ],
          [
            3.91835,
            35.42355
          ],
          [
            4.60376,
            34.1436
          ],
          [
            5.26868,
            32.85995
          ],
          [
            5.9146,
            31.57288
          ],
          [
            6.5429,
            30.28266
          ],
          [
            7.15487,
            28.98951
          ],
          [
            7.75171,
            27.69366
          ],
          [
            8.33453,
            26.39531
          ],
          [
            8.90437,
            25.09465
          ],
          [
            9.46222,
            23.79186
          ],
          [
            10.00898,
            22.48711
          ],
          [
            10.54552,
            21.18054
          ],
          [
            11.07265,
            19.87232
          ],
          [
            11.59114,
            18.56256
          ],
          [
            12.10174,
            17.25142
          ],
          [
            12.60512,
            15.939
          ],
          [
            13.10195,
            14.62543
          ],
          [
            13.59287,
            13.31083
          ],
          [
            14.07849,
            11.99529
          ],
          [
            14.55939,
            10.67892
          ],
          [
            15.03614,
            9.36182
          ],
          [
            15.50929,
            8.04409
          ],
          [
            15.97937,
            6.72582
          ],
          [
            16.4469,
            5.40711
          ],
          [
            16.91241,
            4.08804
          ],
          [
            17.37638,
            2.7687
          ],
          [
            17.83932,
            1.44918
          ],
          [
            18.30172,
            0.12956
          ],
          [
            18.76408,
            -1.19006
          ],
          [
            19.22687,
            -2.5096
          ],
          [
            19.6906,
            -3.82898
          ],
          [
            20.15577,
            -5.14811
          ],
          [
            20.62286,
            -6.46691
          ],
          [
            21.0924,
            -7.78527
          ],
          [
            21.56491,
            -9.10311
          ],
          [
            22.04091,
            -10.42034
          ],
          [
            22.52095,
            -11.73686
          ],
          [
            23.00559,
            -13.05257
          ],
          [
            23.49543,
            -14.36737
          ],
          [
            23.99105,
            -15.68115
          ],
          [
            24.49309,
            -16.99381
          ],
          [
            25.00221,
            -18.30521
          ],
          [
            25.5191,
            -19.61525
          ],
          [
            26.04448,
            -20.92378
          ],
          [
            26.57911,
            -22.23068
          ],
          [
            27.12379,
            -23.5358
          ],
          [
            27.67939,
            -24.83899
          ],
          [
            28.2468,
            -26.14008
          ]
        ]
      },
      "properties": {
        "id": "alg-jnb",
        "from": "ALG",
        "to": "JNB",
        "carrier": "AH",
        "flight": "AH 5360",
        "status": "active",
        "days": null,
        "evidence": "verified",
        "planned": false,
        "source": "https://www.airalgerie.dz/decouvrir/nos-destinations/",
        "great_circle_km": 7463,
        "from_name": "Aéroport d’Alger – Houari Boumediene",
        "to_name": "O.R. Tambo International Airport"
      }
    },
    {
      "type": "Feature",
      "geometry": {
        "type": "LineString",
        "coordinates": [
          [
            3.21085,
            36.69951
          ],
          [
            5.67064,
            36.92627
          ],
          [
            8.14346,
            37.10203
          ],
          [
            10.62608,
            37.22623
          ],
          [
            13.11517,
            37.29847
          ],
          [
            15.60732,
            37.31852
          ],
          [
            18.09907,
            37.28629
          ],
          [
            20.58696,
            37.20191
          ],
          [
            23.06759,
            37.06565
          ],
          [
            25.53765,
            36.87794
          ],
          [
            27.99397,
            36.63939
          ],
          [
            30.43354,
            36.35075
          ],
          [
            32.85356,
            36.01291
          ],
          [
            35.25147,
            35.62689
          ],
          [
            37.62494,
            35.19384
          ],
          [
            39.97193,
            34.71499
          ],
          [
            42.29065,
            34.19166
          ],
          [
            44.57961,
            33.62528
          ],
          [
            46.83759,
            33.01729
          ],
          [
            49.06364,
            32.36922
          ],
          [
            51.25707,
            31.68262
          ],
          [
            53.41743,
            30.95904
          ],
          [
            55.54453,
            30.20008
          ],
          [
            57.63836,
            29.40733
          ],
          [
            59.69914,
            28.58236
          ],
          [
            61.72725,
            27.72674
          ],
          [
            63.72325,
            26.84203
          ],
          [
            65.68782,
            25.92974
          ],
          [
            67.62178,
            24.99138
          ],
          [
            69.52605,
            24.0284
          ],
          [
            71.40167,
            23.04223
          ],
          [
            73.24972,
            22.03428
          ],
          [
            75.07139,
            21.0059
          ],
          [
            76.86789,
            19.9584
          ],
          [
            78.64049,
            18.89307
          ],
          [
            80.3905,
            17.81115
          ],
          [
            82.11926,
            16.71385
          ],
          [
            83.82812,
            15.60236
          ],
          [
            85.51846,
            14.47781
          ],
          [
            87.19166,
            13.3413
          ],
          [
            88.84912,
            12.19393
          ],
          [
            90.49224,
            11.03675
          ],
          [
            92.12241,
            9.87078
          ],
          [
            93.74104,
            8.69704
          ],
          [
            95.34953,
            7.51651
          ],
          [
            96.94927,
            6.33015
          ],
          [
            98.54167,
            5.13891
          ],
          [
            100.12812,
            3.94375
          ],
          [
            101.71,
            2.74558
          ]
        ]
      },
      "properties": {
        "id": "alg-kul",
        "from": "ALG",
        "to": "KUL",
        "carrier": "AH",
        "flight": null,
        "status": "unclear",
        "days": null,
        "evidence": "listed",
        "planned": false,
        "source": "https://www.airlineinformation.com/AH/KUL",
        "great_circle_km": 10580,
        "from_name": "Aéroport d’Alger – Houari Boumediene",
        "to_name": "Kuala Lumpur International Airport"
      }
    },
    {
      "type": "Feature",
      "geometry": {
        "type": "LineString",
        "coordinates": [
          [
            3.21085,
            36.69951
          ],
          [
            3.38154,
            35.94755
          ],
          [
            3.54902,
            35.19535
          ],
          [
            3.71342,
            34.44293
          ],
          [
            3.87489,
            33.69029
          ],
          [
            4.03355,
            32.93744
          ],
          [
            4.18954,
            32.18439
          ],
          [
            4.34296,
            31.43116
          ],
          [
            4.49394,
            30.67775
          ],
          [
            4.64258,
            29.92416
          ],
          [
            4.78899,
            29.17042
          ],
          [
            4.93326,
            28.41651
          ],
          [
            5.07549,
            27.66246
          ],
          [
            5.21578,
            26.90826
          ],
          [
            5.3542,
            26.15392
          ],
          [
            5.49084,
            25.39945
          ],
          [
            5.62578,
            24.64486
          ],
          [
            5.75911,
            23.89015
          ],
          [
            5.89088,
            23.13533
          ],
          [
            6.02118,
            22.3804
          ],
          [
            6.15008,
            21.62536
          ],
          [
            6.27763,
            20.87023
          ],
          [
            6.40391,
            20.11501
          ],
          [
            6.52897,
            19.35969
          ],
          [
            6.65288,
            18.60429
          ],
          [
            6.7757,
            17.84881
          ],
          [
            6.89748,
            17.09325
          ],
          [
            7.01827,
            16.33762
          ],
          [
            7.13814,
            15.58193
          ],
          [
            7.25712,
            14.82616
          ],
          [
            7.37528,
            14.07034
          ],
          [
            7.49266,
            13.31446
          ],
          [
            7.6093,
            12.55853
          ],
          [
            7.72527,
            11.80255
          ],
          [
            7.84059,
            11.04652
          ],
          [
            7.95533,
            10.29044
          ],
          [
            8.06951,
            9.53433
          ],
          [
            8.18319,
            8.77818
          ],
          [
            8.29641,
            8.022
          ],
          [
            8.4092,
            7.26578
          ],
          [
            8.52162,
            6.50954
          ],
          [
            8.6337,
            5.75327
          ],
          [
            8.74548,
            4.99698
          ],
          [
            8.85701,
            4.24067
          ],
          [
            8.96831,
            3.48435
          ],
          [
            9.07944,
            2.72801
          ],
          [
            9.19043,
            1.97167
          ],
          [
            9.30132,
            1.21531
          ],
          [
            9.41214,
            0.45895
          ]
        ]
      },
      "properties": {
        "id": "alg-lbv",
        "from": "ALG",
        "to": "LBV",
        "carrier": "AH",
        "flight": null,
        "status": "unclear",
        "days": null,
        "evidence": "listed",
        "planned": false,
        "source": "https://voyagerdz.com/air-algerie-inaugure-sa-nouvelle-ligne-vers-libreville-et-renforce-son-reseau-africain/",
        "great_circle_km": 4080,
        "from_name": "Aéroport d’Alger – Houari Boumediene",
        "to_name": "Libreville Leon M'ba International Airport"
      }
    },
    {
      "type": "Feature",
      "geometry": {
        "type": "LineString",
        "coordinates": [
          [
            3.21085,
            36.69951
          ],
          [
            3.20903,
            36.98841
          ],
          [
            3.20721,
            37.27731
          ],
          [
            3.20536,
            37.56621
          ],
          [
            3.20351,
            37.8551
          ],
          [
            3.20164,
            38.144
          ],
          [
            3.19975,
            38.4329
          ],
          [
            3.19785,
            38.7218
          ],
          [
            3.19593,
            39.01069
          ],
          [
            3.194,
            39.29959
          ],
          [
            3.19205,
            39.58849
          ],
          [
            3.19009,
            39.87739
          ],
          [
            3.18811,
            40.16628
          ],
          [
            3.18611,
            40.45518
          ],
          [
            3.1841,
            40.74408
          ],
          [
            3.18206,
            41.03298
          ],
          [
            3.18001,
            41.32187
          ],
          [
            3.17795,
            41.61077
          ],
          [
            3.17586,
            41.89967
          ],
          [
            3.17375,
            42.18856
          ],
          [
            3.17163,
            42.47746
          ],
          [
            3.16948,
            42.76636
          ],
          [
            3.16732,
            43.05526
          ],
          [
            3.16513,
            43.34415
          ],
          [
            3.16292,
            43.63305
          ],
          [
            3.16069,
            43.92195
          ],
          [
            3.15844,
            44.21084
          ],
          [
            3.15617,
            44.49974
          ],
          [
            3.15388,
            44.78864
          ],
          [
            3.15156,
            45.07753
          ],
          [
            3.14922,
            45.36643
          ],
          [
            3.14685,
            45.65533
          ],
          [
            3.14446,
            45.94423
          ],
          [
            3.14205,
            46.23312
          ],
          [
            3.13961,
            46.52202
          ],
          [
            3.13714,
            46.81091
          ],
          [
            3.13465,
            47.09981
          ],
          [
            3.13213,
            47.38871
          ],
          [
            3.12958,
            47.6776
          ],
          [
            3.127,
            47.9665
          ],
          [
            3.1244,
            48.2554
          ],
          [
            3.12176,
            48.54429
          ],
          [
            3.1191,
            48.83319
          ],
          [
            3.1164,
            49.12208
          ],
          [
            3.11367,
            49.41098
          ],
          [
            3.11091,
            49.69988
          ],
          [
            3.10812,
            49.98877
          ],
          [
            3.10529,
            50.27767
          ],
          [
            3.10243,
            50.56656
          ]
        ]
      },
      "properties": {
        "id": "alg-lil",
        "from": "ALG",
        "to": "LIL",
        "carrier": "AH",
        "flight": null,
        "status": "unclear",
        "days": null,
        "evidence": "listed",
        "planned": false,
        "source": "https://www.tsa-algerie.com/air-algerie-renonce-a-quitter-laeroport-de-londres-heathrow-voici-les-raisons/",
        "great_circle_km": 1542,
        "from_name": "Aéroport d’Alger – Houari Boumediene",
        "to_name": "Lille Airport"
      }
    },
    {
      "type": "Feature",
      "geometry": {
        "type": "LineString",
        "coordinates": [
          [
            3.21085,
            36.69951
          ],
          [
            3.24516,
            36.88785
          ],
          [
            3.27964,
            37.07617
          ],
          [
            3.31429,
            37.26449
          ],
          [
            3.34912,
            37.45279
          ],
          [
            3.38412,
            37.64109
          ],
          [
            3.4193,
            37.82937
          ],
          [
            3.45466,
            38.01764
          ],
          [
            3.4902,
            38.20591
          ],
          [
            3.52593,
            38.39416
          ],
          [
            3.56184,
            38.5824
          ],
          [
            3.59795,
            38.77063
          ],
          [
            3.63424,
            38.95885
          ],
          [
            3.67073,
            39.14706
          ],
          [
            3.70741,
            39.33525
          ],
          [
            3.74429,
            39.52344
          ],
          [
            3.78137,
            39.71161
          ],
          [
            3.81865,
            39.89977
          ],
          [
            3.85614,
            40.08792
          ],
          [
            3.89384,
            40.27606
          ],
          [
            3.93174,
            40.46418
          ],
          [
            3.96986,
            40.65229
          ],
          [
            4.0082,
            40.84039
          ],
          [
            4.04675,
            41.02848
          ],
          [
            4.08553,
            41.21655
          ],
          [
            4.12452,
            41.40462
          ],
          [
            4.16375,
            41.59266
          ],
          [
            4.2032,
            41.7807
          ],
          [
            4.24289,
            41.96872
          ],
          [
            4.28281,
            42.15672
          ],
          [
            4.32297,
            42.34472
          ],
          [
            4.36337,
            42.5327
          ],
          [
            4.40401,
            42.72066
          ],
          [
            4.4449,
            42.90861
          ],
          [
            4.48604,
            43.09655
          ],
          [
            4.52743,
            43.28447
          ],
          [
            4.56908,
            43.47237
          ],
          [
            4.61099,
            43.66026
          ],
          [
            4.65317,
            43.84814
          ],
          [
            4.69561,
            44.036
          ],
          [
            4.73832,
            44.22384
          ],
          [
            4.7813,
            44.41167
          ],
          [
            4.82456,
            44.59948
          ],
          [
            4.8681,
            44.78728
          ],
          [
            4.91192,
            44.97505
          ],
          [
            4.95604,
            45.16282
          ],
          [
            5.00044,
            45.35056
          ],
          [
            5.04514,
            45.53829
          ],
          [
            5.09014,
            45.726
          ]
        ]
      },
      "properties": {
        "id": "alg-lys",
        "from": "ALG",
        "to": "LYS",
        "carrier": "AH",
        "flight": null,
        "status": "unclear",
        "days": null,
        "evidence": "listed",
        "planned": false,
        "source": "https://www.visa-algerie.com/air-algerie-se-renforce-a-montreal-pour-compenser-labsence-dair-canada/",
        "great_circle_km": 1016,
        "from_name": "Aéroport d’Alger – Houari Boumediene",
        "to_name": "Lyon Saint-Exupéry Airport"
      }
    },
    {
      "type": "Feature",
      "geometry": {
        "type": "LineString",
        "coordinates": [
          [
            3.21085,
            36.69951
          ],
          [
            3.12415,
            37.04859
          ],
          [
            3.03665,
            37.39761
          ],
          [
            2.94834,
            37.74657
          ],
          [
            2.85918,
            38.09546
          ],
          [
            2.76917,
            38.44427
          ],
          [
            2.67829,
            38.79302
          ],
          [
            2.58652,
            39.1417
          ],
          [
            2.49383,
            39.49031
          ],
          [
            2.4002,
            39.83884
          ],
          [
            2.30562,
            40.1873
          ],
          [
            2.21007,
            40.53568
          ],
          [
            2.11351,
            40.88397
          ],
          [
            2.01594,
            41.23219
          ],
          [
            1.91732,
            41.58033
          ],
          [
            1.81763,
            41.92837
          ],
          [
            1.71684,
            42.27634
          ],
          [
            1.61494,
            42.62421
          ],
          [
            1.51189,
            42.97199
          ],
          [
            1.40768,
            43.31968
          ],
          [
            1.30226,
            43.66727
          ],
          [
            1.19561,
            44.01476
          ],
          [
            1.08771,
            44.36216
          ],
          [
            0.97852,
            44.70945
          ],
          [
            0.86801,
            45.05663
          ],
          [
            0.75615,
            45.40371
          ],
          [
            0.64291,
            45.75068
          ],
          [
            0.52825,
            46.09753
          ],
          [
            0.41214,
            46.44427
          ],
          [
            0.29454,
            46.79089
          ],
          [
            0.17542,
            47.13738
          ],
          [
            0.05474,
            47.48375
          ],
          [
            -0.06755,
            47.83
          ],
          [
            -0.19148,
            48.17611
          ],
          [
            -0.31709,
            48.52209
          ],
          [
            -0.44443,
            48.86792
          ],
          [
            -0.57354,
            49.21362
          ],
          [
            -0.70447,
            49.55917
          ],
          [
            -0.83726,
            49.90457
          ],
          [
            -0.97197,
            50.24982
          ],
          [
            -1.10865,
            50.5949
          ],
          [
            -1.24734,
            50.93983
          ],
          [
            -1.38811,
            51.28459
          ],
          [
            -1.531,
            51.62918
          ],
          [
            -1.67609,
            51.97359
          ],
          [
            -1.82342,
            52.31782
          ],
          [
            -1.97305,
            52.66187
          ],
          [
            -2.12507,
            53.00572
          ],
          [
            -2.27952,
            53.34937
          ]
        ]
      },
      "properties": {
        "id": "alg-man",
        "from": "ALG",
        "to": "MAN",
        "carrier": "AH",
        "flight": null,
        "status": "seasonal",
        "days": null,
        "evidence": "listed",
        "planned": false,
        "source": "https://www.aps.dz/en/economy/trade-services/mm0cvuxi-air-algerie-expands-its-uk-presence-with-heathrow-stansted-routes",
        "great_circle_km": 1900,
        "from_name": "Aéroport d’Alger – Houari Boumediene",
        "to_name": "Manchester Airport"
      }
    },
    {
      "type": "Feature",
      "geometry": {
        "type": "LineString",
        "coordinates": [
          [
            3.21085,
            36.69951
          ],
          [
            3.24877,
            36.84023
          ],
          [
            3.28683,
            36.98093
          ],
          [
            3.32503,
            37.12162
          ],
          [
            3.36337,
            37.2623
          ],
          [
            3.40185,
            37.40296
          ],
          [
            3.44048,
            37.54362
          ],
          [
            3.47926,
            37.68426
          ],
          [
            3.51818,
            37.82488
          ],
          [
            3.55726,
            37.9655
          ],
          [
            3.59648,
            38.1061
          ],
          [
            3.63585,
            38.24669
          ],
          [
            3.67538,
            38.38726
          ],
          [
            3.71506,
            38.52783
          ],
          [
            3.7549,
            38.66837
          ],
          [
            3.79489,
            38.80891
          ],
          [
            3.83504,
            38.94943
          ],
          [
            3.87535,
            39.08994
          ],
          [
            3.91582,
            39.23043
          ],
          [
            3.95645,
            39.37091
          ],
          [
            3.99725,
            39.51138
          ],
          [
            4.03821,
            39.65183
          ],
          [
            4.07934,
            39.79227
          ],
          [
            4.12064,
            39.93269
          ],
          [
            4.16211,
            40.0731
          ],
          [
            4.20375,
            40.21349
          ],
          [
            4.24556,
            40.35387
          ],
          [
            4.28754,
            40.49423
          ],
          [
            4.3297,
            40.63458
          ],
          [
            4.37204,
            40.77491
          ],
          [
            4.41456,
            40.91522
          ],
          [
            4.45726,
            41.05552
          ],
          [
            4.50014,
            41.19581
          ],
          [
            4.54321,
            41.33608
          ],
          [
            4.58646,
            41.47633
          ],
          [
            4.6299,
            41.61657
          ],
          [
            4.67353,
            41.75679
          ],
          [
            4.71735,
            41.89699
          ],
          [
            4.76136,
            42.03718
          ],
          [
            4.80557,
            42.17735
          ],
          [
            4.84998,
            42.3175
          ],
          [
            4.89458,
            42.45763
          ],
          [
            4.93938,
            42.59775
          ],
          [
            4.98438,
            42.73785
          ],
          [
            5.02959,
            42.87794
          ],
          [
            5.07501,
            43.018
          ],
          [
            5.12063,
            43.15805
          ],
          [
            5.16646,
            43.29808
          ],
          [
            5.2125,
            43.43809
          ]
        ]
      },
      "properties": {
        "id": "alg-mrs",
        "from": "ALG",
        "to": "MRS",
        "carrier": "AH",
        "flight": "AH 1020",
        "status": "active",
        "days": null,
        "evidence": "verified",
        "planned": false,
        "source": "https://www.marseille.aeroport.fr/",
        "great_circle_km": 768,
        "from_name": "Aéroport d’Alger – Houari Boumediene",
        "to_name": "Marseille Provence Airport"
      }
    },
    {
      "type": "Feature",
      "geometry": {
        "type": "LineString",
        "coordinates": [
          [
            3.21085,
            36.69951
          ],
          [
            3.50147,
            35.75397
          ],
          [
            3.78526,
            34.80776
          ],
          [
            4.0626,
            33.86089
          ],
          [
            4.33386,
            32.91342
          ],
          [
            4.59938,
            31.96538
          ],
          [
            4.85946,
            31.01679
          ],
          [
            5.11441,
            30.06769
          ],
          [
            5.36452,
            29.11811
          ],
          [
            5.61005,
            28.16808
          ],
          [
            5.85126,
            27.21761
          ],
          [
            6.08839,
            26.26674
          ],
          [
            6.32166,
            25.31549
          ],
          [
            6.5513,
            24.36387
          ],
          [
            6.77751,
            23.41192
          ],
          [
            7.00048,
            22.45964
          ],
          [
            7.22041,
            21.50706
          ],
          [
            7.43748,
            20.5542
          ],
          [
            7.65186,
            19.60107
          ],
          [
            7.86371,
            18.64768
          ],
          [
            8.07319,
            17.69407
          ],
          [
            8.28047,
            16.74023
          ],
          [
            8.48567,
            15.78619
          ],
          [
            8.68895,
            14.83196
          ],
          [
            8.89045,
            13.87755
          ],
          [
            9.09029,
            12.92298
          ],
          [
            9.28862,
            11.96826
          ],
          [
            9.48554,
            11.0134
          ],
          [
            9.6812,
            10.05841
          ],
          [
            9.87569,
            9.10331
          ],
          [
            10.06916,
            8.14811
          ],
          [
            10.2617,
            7.19282
          ],
          [
            10.45343,
            6.23744
          ],
          [
            10.64446,
            5.282
          ],
          [
            10.83491,
            4.3265
          ],
          [
            11.02488,
            3.37095
          ],
          [
            11.21447,
            2.41536
          ],
          [
            11.4038,
            1.45975
          ],
          [
            11.59296,
            0.50412
          ],
          [
            11.78207,
            -0.45151
          ],
          [
            11.97123,
            -1.40714
          ],
          [
            12.16055,
            -2.36276
          ],
          [
            12.35013,
            -3.31834
          ],
          [
            12.54007,
            -4.2739
          ],
          [
            12.73049,
            -5.2294
          ],
          [
            12.92148,
            -6.18485
          ],
          [
            13.11318,
            -7.14023
          ],
          [
            13.30567,
            -8.09553
          ],
          [
            13.49908,
            -9.05073
          ]
        ]
      },
      "properties": {
        "id": "alg-nbj",
        "from": "ALG",
        "to": "NBJ",
        "carrier": "AH",
        "flight": null,
        "status": "unclear",
        "days": null,
        "evidence": "listed",
        "planned": false,
        "source": "https://www.tsa-algerie.dz/air-algerie-se-pose-pour-la-premiere-fois-a-luanda-en-angola/",
        "great_circle_km": 5199,
        "from_name": "Aéroport d’Alger – Houari Boumediene",
        "to_name": "Dr. Antonio Agostinho Neto International Airport"
      }
    },
    {
      "type": "Feature",
      "geometry": {
        "type": "LineString",
        "coordinates": [
          [
            3.21085,
            36.69951
          ],
          [
            3.18433,
            36.21589
          ],
          [
            3.15814,
            35.73227
          ],
          [
            3.13227,
            35.24864
          ],
          [
            3.10671,
            34.76501
          ],
          [
            3.08144,
            34.28137
          ],
          [
            3.05646,
            33.79772
          ],
          [
            3.03177,
            33.31407
          ],
          [
            3.00734,
            32.83042
          ],
          [
            2.98318,
            32.34676
          ],
          [
            2.95928,
            31.86309
          ],
          [
            2.93562,
            31.37942
          ],
          [
            2.91221,
            30.89575
          ],
          [
            2.88904,
            30.41207
          ],
          [
            2.86609,
            29.92839
          ],
          [
            2.84336,
            29.44471
          ],
          [
            2.82085,
            28.96102
          ],
          [
            2.79855,
            28.47733
          ],
          [
            2.77645,
            27.99363
          ],
          [
            2.75455,
            27.50993
          ],
          [
            2.73285,
            27.02623
          ],
          [
            2.71132,
            26.54252
          ],
          [
            2.68998,
            26.05881
          ],
          [
            2.66882,
            25.5751
          ],
          [
            2.64782,
            25.09138
          ],
          [
            2.62699,
            24.60766
          ],
          [
            2.60632,
            24.12394
          ],
          [
            2.58581,
            23.64022
          ],
          [
            2.56545,
            23.15649
          ],
          [
            2.54523,
            22.67276
          ],
          [
            2.52515,
            22.18903
          ],
          [
            2.50522,
            21.70529
          ],
          [
            2.48542,
            21.22156
          ],
          [
            2.46574,
            20.73782
          ],
          [
            2.44619,
            20.25408
          ],
          [
            2.42677,
            19.77033
          ],
          [
            2.40746,
            19.28659
          ],
          [
            2.38826,
            18.80284
          ],
          [
            2.36918,
            18.31909
          ],
          [
            2.3502,
            17.83534
          ],
          [
            2.33132,
            17.35159
          ],
          [
            2.31255,
            16.86783
          ],
          [
            2.29387,
            16.38407
          ],
          [
            2.27528,
            15.90031
          ],
          [
            2.25678,
            15.41655
          ],
          [
            2.23837,
            14.93279
          ],
          [
            2.22004,
            14.44903
          ],
          [
            2.20178,
            13.96527
          ],
          [
            2.18361,
            13.4815
          ]
        ]
      },
      "properties": {
        "id": "alg-nim",
        "from": "ALG",
        "to": "NIM",
        "carrier": "AH",
        "flight": null,
        "status": "unclear",
        "days": null,
        "evidence": "listed",
        "planned": false,
        "source": "https://news.radioalgerie.dz/fr/node/72797",
        "great_circle_km": 2584,
        "from_name": "Aéroport d’Alger – Houari Boumediene",
        "to_name": "Diori Hamani International Airport"
      }
    },
    {
      "type": "Feature",
      "geometry": {
        "type": "LineString",
        "coordinates": [
          [
            3.21085,
            36.69951
          ],
          [
            3.12497,
            36.91913
          ],
          [
            3.03861,
            37.1387
          ],
          [
            2.95174,
            37.35819
          ],
          [
            2.86435,
            37.57763
          ],
          [
            2.77646,
            37.797
          ],
          [
            2.68804,
            38.0163
          ],
          [
            2.59909,
            38.23554
          ],
          [
            2.5096,
            38.45471
          ],
          [
            2.41956,
            38.67381
          ],
          [
            2.32898,
            38.89284
          ],
          [
            2.23783,
            39.1118
          ],
          [
            2.14611,
            39.33069
          ],
          [
            2.05382,
            39.54951
          ],
          [
            1.96095,
            39.76825
          ],
          [
            1.86748,
            39.98692
          ],
          [
            1.77341,
            40.20551
          ],
          [
            1.67874,
            40.42403
          ],
          [
            1.58344,
            40.64247
          ],
          [
            1.48752,
            40.86083
          ],
          [
            1.39097,
            41.07911
          ],
          [
            1.29378,
            41.29731
          ],
          [
            1.19593,
            41.51542
          ],
          [
            1.09742,
            41.73346
          ],
          [
            0.99824,
            41.95141
          ],
          [
            0.89837,
            42.16927
          ],
          [
            0.79782,
            42.38704
          ],
          [
            0.69657,
            42.60473
          ],
          [
            0.59461,
            42.82233
          ],
          [
            0.49193,
            43.03984
          ],
          [
            0.38851,
            43.25725
          ],
          [
            0.28436,
            43.47457
          ],
          [
            0.17946,
            43.69179
          ],
          [
            0.07379,
            43.90892
          ],
          [
            -0.03265,
            44.12595
          ],
          [
            -0.13988,
            44.34288
          ],
          [
            -0.2479,
            44.55971
          ],
          [
            -0.35673,
            44.77644
          ],
          [
            -0.46638,
            44.99306
          ],
          [
            -0.57686,
            45.20958
          ],
          [
            -0.68819,
            45.42599
          ],
          [
            -0.80037,
            45.64229
          ],
          [
            -0.91342,
            45.85848
          ],
          [
            -1.02736,
            46.07456
          ],
          [
            -1.14218,
            46.29052
          ],
          [
            -1.25792,
            46.50637
          ],
          [
            -1.37458,
            46.7221
          ],
          [
            -1.49218,
            46.93771
          ],
          [
            -1.61073,
            47.1532
          ]
        ]
      },
      "properties": {
        "id": "alg-nte",
        "from": "ALG",
        "to": "NTE",
        "carrier": "AH",
        "flight": null,
        "status": "unclear",
        "days": null,
        "evidence": "listed",
        "planned": false,
        "source": "https://www.algerie360.com/air-algerie-renforce-ses-vols-vers-la-france-deux-nouvelles-liaisons-des-le-1er-decembre/",
        "great_circle_km": 1228,
        "from_name": "Aéroport d’Alger – Houari Boumediene",
        "to_name": "Nantes Atlantique Airport"
      }
    },
    {
      "type": "Feature",
      "geometry": {
        "type": "LineString",
        "coordinates": [
          [
            3.21085,
            36.69951
          ],
          [
            2.97861,
            36.80603
          ],
          [
            2.74574,
            36.9121
          ],
          [
            2.51221,
            37.01772
          ],
          [
            2.27804,
            37.12287
          ],
          [
            2.04321,
            37.22756
          ],
          [
            1.80774,
            37.33179
          ],
          [
            1.57161,
            37.43555
          ],
          [
            1.33483,
            37.53884
          ],
          [
            1.09739,
            37.64166
          ],
          [
            0.85929,
            37.74399
          ],
          [
            0.62054,
            37.84585
          ],
          [
            0.38113,
            37.94722
          ],
          [
            0.14106,
            38.04811
          ],
          [
            -0.09967,
            38.14851
          ],
          [
            -0.34107,
            38.24842
          ],
          [
            -0.58312,
            38.34783
          ],
          [
            -0.82584,
            38.44674
          ],
          [
            -1.06923,
            38.54514
          ],
          [
            -1.31328,
            38.64305
          ],
          [
            -1.55799,
            38.74044
          ],
          [
            -1.80338,
            38.83733
          ],
          [
            -2.04943,
            38.9337
          ],
          [
            -2.29615,
            39.02955
          ],
          [
            -2.54353,
            39.12488
          ],
          [
            -2.79159,
            39.21968
          ],
          [
            -3.04031,
            39.31396
          ],
          [
            -3.2897,
            39.40771
          ],
          [
            -3.53977,
            39.50092
          ],
          [
            -3.7905,
            39.5936
          ],
          [
            -4.0419,
            39.68573
          ],
          [
            -4.29397,
            39.77732
          ],
          [
            -4.54672,
            39.86837
          ],
          [
            -4.80013,
            39.95886
          ],
          [
            -5.05421,
            40.04881
          ],
          [
            -5.30896,
            40.13819
          ],
          [
            -5.56438,
            40.22702
          ],
          [
            -5.82047,
            40.31528
          ],
          [
            -6.07722,
            40.40298
          ],
          [
            -6.33465,
            40.49011
          ],
          [
            -6.59274,
            40.57666
          ],
          [
            -6.8515,
            40.66264
          ],
          [
            -7.11092,
            40.74804
          ],
          [
            -7.37101,
            40.83286
          ],
          [
            -7.63176,
            40.91709
          ],
          [
            -7.89318,
            41.00074
          ],
          [
            -8.15525,
            41.08379
          ],
          [
            -8.41799,
            41.16624
          ],
          [
            -8.68139,
            41.2481
          ]
        ]
      },
      "properties": {
        "id": "alg-opo",
        "from": "ALG",
        "to": "OPO",
        "carrier": "AH",
        "flight": null,
        "status": "unclear",
        "days": null,
        "evidence": "listed",
        "planned": false,
        "source": "https://www.dzairdaily.com/une-nouvelle-ville-deurope-bientot-desservie-par-air-algerie/",
        "great_circle_km": 1144,
        "from_name": "Aéroport d’Alger – Houari Boumediene",
        "to_name": "Francisco de Sá Carneiro Airport"
      }
    },
    {
      "type": "Feature",
      "geometry": {
        "type": "LineString",
        "coordinates": [
          [
            3.21085,
            36.69951
          ],
          [
            3.19609,
            36.95019
          ],
          [
            3.18124,
            37.20087
          ],
          [
            3.16628,
            37.45155
          ],
          [
            3.15123,
            37.70223
          ],
          [
            3.13607,
            37.9529
          ],
          [
            3.12081,
            38.20357
          ],
          [
            3.10545,
            38.45424
          ],
          [
            3.08998,
            38.70491
          ],
          [
            3.0744,
            38.95557
          ],
          [
            3.05871,
            39.20624
          ],
          [
            3.0429,
            39.4569
          ],
          [
            3.02698,
            39.70756
          ],
          [
            3.01095,
            39.95821
          ],
          [
            2.9948,
            40.20887
          ],
          [
            2.97852,
            40.45952
          ],
          [
            2.96213,
            40.71017
          ],
          [
            2.94561,
            40.96082
          ],
          [
            2.92897,
            41.21147
          ],
          [
            2.9122,
            41.46211
          ],
          [
            2.8953,
            41.71275
          ],
          [
            2.87826,
            41.96339
          ],
          [
            2.86109,
            42.21402
          ],
          [
            2.84379,
            42.46466
          ],
          [
            2.82634,
            42.71529
          ],
          [
            2.80876,
            42.96591
          ],
          [
            2.79103,
            43.21654
          ],
          [
            2.77315,
            43.46716
          ],
          [
            2.75512,
            43.71778
          ],
          [
            2.73695,
            43.9684
          ],
          [
            2.71862,
            44.21901
          ],
          [
            2.70013,
            44.46962
          ],
          [
            2.68148,
            44.72023
          ],
          [
            2.66267,
            44.97084
          ],
          [
            2.6437,
            45.22144
          ],
          [
            2.62456,
            45.47204
          ],
          [
            2.60524,
            45.72263
          ],
          [
            2.58575,
            45.97322
          ],
          [
            2.56609,
            46.22381
          ],
          [
            2.54625,
            46.4744
          ],
          [
            2.52622,
            46.72498
          ],
          [
            2.506,
            46.97556
          ],
          [
            2.4856,
            47.22613
          ],
          [
            2.465,
            47.4767
          ],
          [
            2.4442,
            47.72727
          ],
          [
            2.4232,
            47.97783
          ],
          [
            2.402,
            48.22839
          ],
          [
            2.38059,
            48.47895
          ],
          [
            2.35896,
            48.7295
          ]
        ]
      },
      "properties": {
        "id": "alg-ory",
        "from": "ALG",
        "to": "ORY",
        "carrier": "AH",
        "flight": null,
        "status": "unclear",
        "days": null,
        "evidence": "listed",
        "planned": false,
        "source": "https://www.parisaeroport.fr/en/passengers/flights/airlines/airline?airline=AH&",
        "great_circle_km": 1339,
        "from_name": "Aéroport d’Alger – Houari Boumediene",
        "to_name": "Paris-Orly Airport"
      }
    },
    {
      "type": "Feature",
      "geometry": {
        "type": "LineString",
        "coordinates": [
          [
            3.21085,
            36.69951
          ],
          [
            3.0881,
            36.19421
          ],
          [
            2.96693,
            35.68878
          ],
          [
            2.84729,
            35.18323
          ],
          [
            2.72913,
            34.67756
          ],
          [
            2.6124,
            34.17178
          ],
          [
            2.49706,
            33.66589
          ],
          [
            2.38307,
            33.1599
          ],
          [
            2.27039,
            32.6538
          ],
          [
            2.15898,
            32.14761
          ],
          [
            2.0488,
            31.64131
          ],
          [
            1.93981,
            31.13493
          ],
          [
            1.83198,
            30.62845
          ],
          [
            1.72527,
            30.12189
          ],
          [
            1.61965,
            29.61524
          ],
          [
            1.51509,
            29.1085
          ],
          [
            1.41155,
            28.60169
          ],
          [
            1.30901,
            28.0948
          ],
          [
            1.20743,
            27.58783
          ],
          [
            1.10679,
            27.08079
          ],
          [
            1.00705,
            26.57368
          ],
          [
            0.90819,
            26.0665
          ],
          [
            0.81019,
            25.55925
          ],
          [
            0.71301,
            25.05194
          ],
          [
            0.61663,
            24.54457
          ],
          [
            0.52103,
            24.03713
          ],
          [
            0.42618,
            23.52964
          ],
          [
            0.33206,
            23.02209
          ],
          [
            0.23865,
            22.51448
          ],
          [
            0.14592,
            22.00682
          ],
          [
            0.05385,
            21.49911
          ],
          [
            -0.03758,
            20.99135
          ],
          [
            -0.12839,
            20.48354
          ],
          [
            -0.2186,
            19.97569
          ],
          [
            -0.30823,
            19.46778
          ],
          [
            -0.39729,
            18.95984
          ],
          [
            -0.48582,
            18.45185
          ],
          [
            -0.57383,
            17.94382
          ],
          [
            -0.66133,
            17.43575
          ],
          [
            -0.74835,
            16.92765
          ],
          [
            -0.8349,
            16.4195
          ],
          [
            -0.92099,
            15.91133
          ],
          [
            -1.00666,
            15.40311
          ],
          [
            -1.0919,
            14.89487
          ],
          [
            -1.17674,
            14.38659
          ],
          [
            -1.2612,
            13.87829
          ],
          [
            -1.34529,
            13.36995
          ],
          [
            -1.42902,
            12.86159
          ],
          [
            -1.51242,
            12.3532
          ]
        ]
      },
      "properties": {
        "id": "alg-oua",
        "from": "ALG",
        "to": "OUA",
        "carrier": "AH",
        "flight": null,
        "status": "unclear",
        "days": null,
        "evidence": "listed",
        "planned": false,
        "source": "https://www.elespanol.com/invertia/empresas/turismo/20231030/argelia-restablece-linea-aerea-palma-complacer-ciudadanos-pese-crisis-espana/805669505_0.html",
        "great_circle_km": 2748,
        "from_name": "Aéroport d’Alger – Houari Boumediene",
        "to_name": "Ouagadougou Thomas Sankara International Airport"
      }
    },
    {
      "type": "Feature",
      "geometry": {
        "type": "LineString",
        "coordinates": [
          [
            3.21085,
            36.69951
          ],
          [
            3.91783,
            36.60386
          ],
          [
            4.62302,
            36.50403
          ],
          [
            5.32635,
            36.40007
          ],
          [
            6.02777,
            36.292
          ],
          [
            6.72722,
            36.17984
          ],
          [
            7.42462,
            36.06363
          ],
          [
            8.11994,
            35.94339
          ],
          [
            8.81311,
            35.81915
          ],
          [
            9.50407,
            35.69094
          ],
          [
            10.19279,
            35.5588
          ],
          [
            10.8792,
            35.42275
          ],
          [
            11.56327,
            35.28283
          ],
          [
            12.24494,
            35.13908
          ],
          [
            12.92418,
            34.99152
          ],
          [
            13.60094,
            34.84019
          ],
          [
            14.27519,
            34.68513
          ],
          [
            14.94689,
            34.52637
          ],
          [
            15.616,
            34.36395
          ],
          [
            16.2825,
            34.1979
          ],
          [
            16.94635,
            34.02826
          ],
          [
            17.60752,
            33.85507
          ],
          [
            18.26598,
            33.67836
          ],
          [
            18.92172,
            33.49817
          ],
          [
            19.57471,
            33.31455
          ],
          [
            20.22493,
            33.12752
          ],
          [
            20.87236,
            32.93713
          ],
          [
            21.51699,
            32.74342
          ],
          [
            22.15879,
            32.54642
          ],
          [
            22.79776,
            32.34618
          ],
          [
            23.43389,
            32.14273
          ],
          [
            24.06716,
            31.93611
          ],
          [
            24.69757,
            31.72636
          ],
          [
            25.32511,
            31.51353
          ],
          [
            25.94978,
            31.29764
          ],
          [
            26.57158,
            31.07875
          ],
          [
            27.1905,
            30.85689
          ],
          [
            27.80654,
            30.6321
          ],
          [
            28.41971,
            30.40442
          ],
          [
            29.03,
            30.17388
          ],
          [
            29.63743,
            29.94054
          ],
          [
            30.24201,
            29.70442
          ],
          [
            30.84372,
            29.46557
          ],
          [
            31.4426,
            29.22403
          ],
          [
            32.03864,
            28.97983
          ],
          [
            32.63186,
            28.73302
          ],
          [
            33.22227,
            28.48363
          ],
          [
            33.80989,
            28.2317
          ],
          [
            34.39472,
            27.97727
          ]
        ]
      },
      "properties": {
        "id": "alg-ssh",
        "from": "ALG",
        "to": "SSH",
        "carrier": "AH",
        "flight": null,
        "status": "unclear",
        "days": null,
        "evidence": "listed",
        "planned": false,
        "source": "https://en.wikipedia.org/wiki/Houari_Boumediene_Airport",
        "great_circle_km": 3070,
        "from_name": "Aéroport d’Alger – Houari Boumediene",
        "to_name": "Sharm El Sheikh International Airport"
      }
    },
    {
      "type": "Feature",
      "geometry": {
        "type": "LineString",
        "coordinates": [
          [
            3.21085,
            36.69951
          ],
          [
            3.16237,
            37.01654
          ],
          [
            3.11348,
            37.33355
          ],
          [
            3.06418,
            37.65053
          ],
          [
            3.01445,
            37.9675
          ],
          [
            2.9643,
            38.28444
          ],
          [
            2.9137,
            38.60137
          ],
          [
            2.86266,
            38.91827
          ],
          [
            2.81116,
            39.23515
          ],
          [
            2.75919,
            39.552
          ],
          [
            2.70674,
            39.86884
          ],
          [
            2.65381,
            40.18565
          ],
          [
            2.60038,
            40.50243
          ],
          [
            2.54645,
            40.81919
          ],
          [
            2.49199,
            41.13592
          ],
          [
            2.43701,
            41.45263
          ],
          [
            2.38149,
            41.76931
          ],
          [
            2.32542,
            42.08597
          ],
          [
            2.26878,
            42.4026
          ],
          [
            2.21157,
            42.7192
          ],
          [
            2.15378,
            43.03577
          ],
          [
            2.09538,
            43.35231
          ],
          [
            2.03637,
            43.66882
          ],
          [
            1.97674,
            43.9853
          ],
          [
            1.91647,
            44.30175
          ],
          [
            1.85554,
            44.61817
          ],
          [
            1.79395,
            44.93455
          ],
          [
            1.73167,
            45.2509
          ],
          [
            1.6687,
            45.56722
          ],
          [
            1.60501,
            45.8835
          ],
          [
            1.54059,
            46.19975
          ],
          [
            1.47543,
            46.51596
          ],
          [
            1.40951,
            46.83213
          ],
          [
            1.3428,
            47.14826
          ],
          [
            1.2753,
            47.46436
          ],
          [
            1.20698,
            47.78041
          ],
          [
            1.13782,
            48.09642
          ],
          [
            1.06781,
            48.41239
          ],
          [
            0.99692,
            48.72832
          ],
          [
            0.92514,
            49.04421
          ],
          [
            0.85244,
            49.36005
          ],
          [
            0.7788,
            49.67584
          ],
          [
            0.7042,
            49.99158
          ],
          [
            0.62861,
            50.30728
          ],
          [
            0.55201,
            50.62293
          ],
          [
            0.47438,
            50.93853
          ],
          [
            0.39568,
            51.25407
          ],
          [
            0.3159,
            51.56956
          ],
          [
            0.235,
            51.885
          ]
        ]
      },
      "properties": {
        "id": "alg-stn",
        "from": "ALG",
        "to": "STN",
        "carrier": "AH",
        "flight": null,
        "status": "unclear",
        "days": null,
        "evidence": "listed",
        "planned": false,
        "source": "https://web.archive.org/web/20250709164335/https://www.algerianewsgate.com/post/air-alg%C3%A9rie-expands-services-to-the-uk-with-new-algiers-london-stansted-route",
        "great_circle_km": 1705,
        "from_name": "Aéroport d’Alger – Houari Boumediene",
        "to_name": "London Stansted Airport"
      }
    },
    {
      "type": "Feature",
      "geometry": {
        "type": "LineString",
        "coordinates": [
          [
            3.21085,
            36.69951
          ],
          [
            3.2876,
            36.94767
          ],
          [
            3.36486,
            37.19579
          ],
          [
            3.44262,
            37.44385
          ],
          [
            3.52091,
            37.69186
          ],
          [
            3.59972,
            37.93982
          ],
          [
            3.67906,
            38.18772
          ],
          [
            3.75894,
            38.43557
          ],
          [
            3.83938,
            38.68337
          ],
          [
            3.92037,
            38.93111
          ],
          [
            4.00193,
            39.1788
          ],
          [
            4.08407,
            39.42642
          ],
          [
            4.16679,
            39.67399
          ],
          [
            4.25011,
            39.9215
          ],
          [
            4.33403,
            40.16895
          ],
          [
            4.41857,
            40.41634
          ],
          [
            4.50373,
            40.66367
          ],
          [
            4.58953,
            40.91093
          ],
          [
            4.67597,
            41.15813
          ],
          [
            4.76306,
            41.40527
          ],
          [
            4.85082,
            41.65234
          ],
          [
            4.93925,
            41.89934
          ],
          [
            5.02837,
            42.14627
          ],
          [
            5.11819,
            42.39314
          ],
          [
            5.20872,
            42.63993
          ],
          [
            5.29997,
            42.88665
          ],
          [
            5.39195,
            43.1333
          ],
          [
            5.48467,
            43.37987
          ],
          [
            5.57816,
            43.62637
          ],
          [
            5.67241,
            43.87279
          ],
          [
            5.76745,
            44.11914
          ],
          [
            5.86328,
            44.3654
          ],
          [
            5.95992,
            44.61159
          ],
          [
            6.05738,
            44.85769
          ],
          [
            6.15568,
            45.1037
          ],
          [
            6.25483,
            45.34964
          ],
          [
            6.35484,
            45.59548
          ],
          [
            6.45574,
            45.84124
          ],
          [
            6.55753,
            46.08691
          ],
          [
            6.66023,
            46.33249
          ],
          [
            6.76386,
            46.57797
          ],
          [
            6.86843,
            46.82336
          ],
          [
            6.97396,
            47.06865
          ],
          [
            7.08046,
            47.31385
          ],
          [
            7.18796,
            47.55895
          ],
          [
            7.29647,
            47.80394
          ],
          [
            7.406,
            48.04883
          ],
          [
            7.51658,
            48.29362
          ],
          [
            7.62823,
            48.5383
          ]
        ]
      },
      "properties": {
        "id": "alg-sxb",
        "from": "ALG",
        "to": "SXB",
        "carrier": "AH",
        "flight": null,
        "status": "unclear",
        "days": null,
        "evidence": "listed",
        "planned": false,
        "source": "https://voyagerdz.com/air-algerie-propose-rome-londres-et-toulouse-a-prix-reduits/",
        "great_circle_km": 1365,
        "from_name": "Aéroport d’Alger – Houari Boumediene",
        "to_name": "Strasbourg Airport"
      }
    },
    {
      "type": "Feature",
      "geometry": {
        "type": "LineString",
        "coordinates": [
          [
            3.21085,
            36.69951
          ],
          [
            3.35662,
            36.70687
          ],
          [
            3.50241,
            36.71404
          ],
          [
            3.64824,
            36.72104
          ],
          [
            3.79408,
            36.72786
          ],
          [
            3.93996,
            36.7345
          ],
          [
            4.08586,
            36.74097
          ],
          [
            4.23178,
            36.74725
          ],
          [
            4.37773,
            36.75336
          ],
          [
            4.5237,
            36.75929
          ],
          [
            4.6697,
            36.76504
          ],
          [
            4.81571,
            36.77062
          ],
          [
            4.96174,
            36.77601
          ],
          [
            5.1078,
            36.78123
          ],
          [
            5.25388,
            36.78626
          ],
          [
            5.39997,
            36.79112
          ],
          [
            5.54608,
            36.7958
          ],
          [
            5.69221,
            36.8003
          ],
          [
            5.83836,
            36.80463
          ],
          [
            5.98452,
            36.80877
          ],
          [
            6.1307,
            36.81274
          ],
          [
            6.27689,
            36.81652
          ],
          [
            6.4231,
            36.82013
          ],
          [
            6.56932,
            36.82356
          ],
          [
            6.71555,
            36.82681
          ],
          [
            6.8618,
            36.82988
          ],
          [
            7.00805,
            36.83277
          ],
          [
            7.15432,
            36.83548
          ],
          [
            7.3006,
            36.83801
          ],
          [
            7.44689,
            36.84036
          ],
          [
            7.59318,
            36.84254
          ],
          [
            7.73949,
            36.84453
          ],
          [
            7.8858,
            36.84635
          ],
          [
            8.03211,
            36.84798
          ],
          [
            8.17844,
            36.84944
          ],
          [
            8.32477,
            36.85072
          ],
          [
            8.4711,
            36.85182
          ],
          [
            8.61744,
            36.85273
          ],
          [
            8.76378,
            36.85347
          ],
          [
            8.91012,
            36.85403
          ],
          [
            9.05646,
            36.85442
          ],
          [
            9.20281,
            36.85462
          ],
          [
            9.34915,
            36.85464
          ],
          [
            9.4955,
            36.85448
          ],
          [
            9.64184,
            36.85414
          ],
          [
            9.78819,
            36.85363
          ],
          [
            9.93453,
            36.85293
          ],
          [
            10.08087,
            36.85206
          ],
          [
            10.2272,
            36.851
          ]
        ]
      },
      "properties": {
        "id": "alg-tun",
        "from": "ALG",
        "to": "TUN",
        "carrier": "AH",
        "flight": "AH 4002",
        "status": "active",
        "days": null,
        "evidence": "verified",
        "planned": false,
        "source": "https://www.airalgerie.dz/decouvrir/nos-destinations/",
        "great_circle_km": 625,
        "from_name": "Aéroport d’Alger – Houari Boumediene",
        "to_name": "Tunis Carthage International Airport"
      }
    },
    {
      "type": "Feature",
      "geometry": {
        "type": "LineString",
        "coordinates": [
          [
            3.21085,
            36.69951
          ],
          [
            3.13675,
            36.75877
          ],
          [
            3.06254,
            36.81799
          ],
          [
            2.98821,
            36.87716
          ],
          [
            2.91377,
            36.93629
          ],
          [
            2.83921,
            36.99537
          ],
          [
            2.76453,
            37.0544
          ],
          [
            2.68974,
            37.11338
          ],
          [
            2.61483,
            37.17232
          ],
          [
            2.53981,
            37.23121
          ],
          [
            2.46467,
            37.29005
          ],
          [
            2.38941,
            37.34885
          ],
          [
            2.31403,
            37.40759
          ],
          [
            2.23854,
            37.46629
          ],
          [
            2.16292,
            37.52494
          ],
          [
            2.08719,
            37.58355
          ],
          [
            2.01134,
            37.6421
          ],
          [
            1.93537,
            37.70061
          ],
          [
            1.85928,
            37.75906
          ],
          [
            1.78307,
            37.81747
          ],
          [
            1.70673,
            37.87583
          ],
          [
            1.63028,
            37.93414
          ],
          [
            1.55371,
            37.9924
          ],
          [
            1.47701,
            38.05061
          ],
          [
            1.40019,
            38.10877
          ],
          [
            1.32325,
            38.16688
          ],
          [
            1.24619,
            38.22494
          ],
          [
            1.169,
            38.28295
          ],
          [
            1.09169,
            38.34091
          ],
          [
            1.01426,
            38.39882
          ],
          [
            0.9367,
            38.45668
          ],
          [
            0.85902,
            38.51448
          ],
          [
            0.78121,
            38.57224
          ],
          [
            0.70328,
            38.62994
          ],
          [
            0.62522,
            38.68759
          ],
          [
            0.54704,
            38.74519
          ],
          [
            0.46873,
            38.80274
          ],
          [
            0.39029,
            38.86023
          ],
          [
            0.31173,
            38.91767
          ],
          [
            0.23304,
            38.97506
          ],
          [
            0.15422,
            39.0324
          ],
          [
            0.07527,
            39.08968
          ],
          [
            -0.0038,
            39.14691
          ],
          [
            -0.08301,
            39.20409
          ],
          [
            -0.16234,
            39.26121
          ],
          [
            -0.2418,
            39.31828
          ],
          [
            -0.32139,
            39.3753
          ],
          [
            -0.40111,
            39.43226
          ],
          [
            -0.48096,
            39.48916
          ]
        ]
      },
      "properties": {
        "id": "alg-vlc",
        "from": "ALG",
        "to": "VLC",
        "carrier": "AH",
        "flight": null,
        "status": "seasonal",
        "days": null,
        "evidence": "listed",
        "planned": false,
        "source": "https://algerie-eco.com/2026/04/01/air-algerie-reouverture-de-la-ligne-alger-budapest-via-vienne/",
        "great_circle_km": 448,
        "from_name": "Aéroport d’Alger – Houari Boumediene",
        "to_name": "Valencia Airport"
      }
    },
    {
      "type": "Feature",
      "geometry": {
        "type": "LineString",
        "coordinates": [
          [
            2.07846,
            41.2971
          ],
          [
            2.10363,
            41.20143
          ],
          [
            2.12872,
            41.10576
          ],
          [
            2.15374,
            41.01009
          ],
          [
            2.17869,
            40.9144
          ],
          [
            2.20356,
            40.81872
          ],
          [
            2.22836,
            40.72302
          ],
          [
            2.2531,
            40.62732
          ],
          [
            2.27776,
            40.53162
          ],
          [
            2.30235,
            40.43591
          ],
          [
            2.32687,
            40.3402
          ],
          [
            2.35132,
            40.24448
          ],
          [
            2.3757,
            40.14875
          ],
          [
            2.40002,
            40.05302
          ],
          [
            2.42426,
            39.95729
          ],
          [
            2.44844,
            39.86155
          ],
          [
            2.47255,
            39.76581
          ],
          [
            2.49659,
            39.67006
          ],
          [
            2.52057,
            39.5743
          ],
          [
            2.54448,
            39.47854
          ],
          [
            2.56833,
            39.38278
          ],
          [
            2.59211,
            39.28701
          ],
          [
            2.61582,
            39.19123
          ],
          [
            2.63947,
            39.09546
          ],
          [
            2.66306,
            38.99967
          ],
          [
            2.68658,
            38.90388
          ],
          [
            2.71004,
            38.80809
          ],
          [
            2.73344,
            38.71229
          ],
          [
            2.75677,
            38.61649
          ],
          [
            2.78004,
            38.52068
          ],
          [
            2.80325,
            38.42487
          ],
          [
            2.8264,
            38.32906
          ],
          [
            2.84948,
            38.23324
          ],
          [
            2.87251,
            38.13741
          ],
          [
            2.89547,
            38.04158
          ],
          [
            2.91838,
            37.94575
          ],
          [
            2.94123,
            37.84991
          ],
          [
            2.96401,
            37.75407
          ],
          [
            2.98674,
            37.65822
          ],
          [
            3.00941,
            37.56237
          ],
          [
            3.03202,
            37.46651
          ],
          [
            3.05457,
            37.37065
          ],
          [
            3.07707,
            37.27479
          ],
          [
            3.0995,
            37.17892
          ],
          [
            3.12188,
            37.08305
          ],
          [
            3.14421,
            36.98717
          ],
          [
            3.16648,
            36.89129
          ],
          [
            3.18869,
            36.7954
          ],
          [
            3.21085,
            36.69951
          ]
        ]
      },
      "properties": {
        "id": "bcn-alg",
        "from": "BCN",
        "to": "ALG",
        "carrier": "AH",
        "flight": null,
        "status": "active",
        "days": null,
        "evidence": "verified",
        "planned": false,
        "source": "https://www.airalgerie.dz/decouvrir/nos-destinations/",
        "great_circle_km": 520,
        "from_name": "Josep Tarradellas Barcelona-El Prat Airport",
        "to_name": "Aéroport d’Alger – Houari Boumediene"
      }
    },
    {
      "type": "Feature",
      "geometry": {
        "type": "LineString",
        "coordinates": [
          [
            5.07103,
            36.71583
          ],
          [
            5.02766,
            36.97242
          ],
          [
            4.98399,
            37.22901
          ],
          [
            4.94002,
            37.48557
          ],
          [
            4.89575,
            37.74212
          ],
          [
            4.85117,
            37.99865
          ],
          [
            4.80627,
            38.25517
          ],
          [
            4.76106,
            38.51167
          ],
          [
            4.71553,
            38.76815
          ],
          [
            4.66967,
            39.02461
          ],
          [
            4.62347,
            39.28106
          ],
          [
            4.57694,
            39.53749
          ],
          [
            4.53006,
            39.79389
          ],
          [
            4.48282,
            40.05028
          ],
          [
            4.43524,
            40.30665
          ],
          [
            4.38729,
            40.563
          ],
          [
            4.33897,
            40.81933
          ],
          [
            4.29027,
            41.07564
          ],
          [
            4.2412,
            41.33193
          ],
          [
            4.19173,
            41.5882
          ],
          [
            4.14188,
            41.84445
          ],
          [
            4.09162,
            42.10067
          ],
          [
            4.04095,
            42.35688
          ],
          [
            3.98987,
            42.61306
          ],
          [
            3.93837,
            42.86922
          ],
          [
            3.88643,
            43.12535
          ],
          [
            3.83407,
            43.38146
          ],
          [
            3.78125,
            43.63755
          ],
          [
            3.72799,
            43.89361
          ],
          [
            3.67426,
            44.14965
          ],
          [
            3.62007,
            44.40566
          ],
          [
            3.5654,
            44.66164
          ],
          [
            3.51024,
            44.9176
          ],
          [
            3.4546,
            45.17354
          ],
          [
            3.39845,
            45.42944
          ],
          [
            3.34178,
            45.68532
          ],
          [
            3.2846,
            45.94117
          ],
          [
            3.22689,
            46.19699
          ],
          [
            3.16863,
            46.45278
          ],
          [
            3.10983,
            46.70854
          ],
          [
            3.05047,
            46.96428
          ],
          [
            2.99054,
            47.21998
          ],
          [
            2.93002,
            47.47564
          ],
          [
            2.86892,
            47.73128
          ],
          [
            2.80721,
            47.98689
          ],
          [
            2.74489,
            48.24246
          ],
          [
            2.68194,
            48.49799
          ],
          [
            2.61835,
            48.75349
          ],
          [
            2.55412,
            49.00896
          ]
        ]
      },
      "properties": {
        "id": "bja-cdg",
        "from": "BJA",
        "to": "CDG",
        "carrier": "AH",
        "flight": null,
        "status": "unclear",
        "days": null,
        "evidence": "listed",
        "planned": false,
        "source": "https://www.parisaeroport.fr/en/passengers/flights/airlines/ah",
        "great_circle_km": 1382,
        "from_name": "Aéroport de BEJAIA/Soummam ‐Abane Ramdane",
        "to_name": "Charles de Gaulle International Airport"
      }
    },
    {
      "type": "Feature",
      "geometry": {
        "type": "LineString",
        "coordinates": [
          [
            5.07103,
            36.71583
          ],
          [
            5.07138,
            36.90354
          ],
          [
            5.07173,
            37.09125
          ],
          [
            5.07208,
            37.27896
          ],
          [
            5.07244,
            37.46667
          ],
          [
            5.07279,
            37.65439
          ],
          [
            5.07315,
            37.8421
          ],
          [
            5.07351,
            38.02981
          ],
          [
            5.07387,
            38.21752
          ],
          [
            5.07424,
            38.40523
          ],
          [
            5.0746,
            38.59294
          ],
          [
            5.07497,
            38.78066
          ],
          [
            5.07534,
            38.96837
          ],
          [
            5.07571,
            39.15608
          ],
          [
            5.07608,
            39.34379
          ],
          [
            5.07646,
            39.5315
          ],
          [
            5.07683,
            39.71922
          ],
          [
            5.07721,
            39.90693
          ],
          [
            5.07759,
            40.09464
          ],
          [
            5.07798,
            40.28235
          ],
          [
            5.07836,
            40.47006
          ],
          [
            5.07875,
            40.65778
          ],
          [
            5.07914,
            40.84549
          ],
          [
            5.07953,
            41.0332
          ],
          [
            5.07993,
            41.22091
          ],
          [
            5.08032,
            41.40862
          ],
          [
            5.08072,
            41.59633
          ],
          [
            5.08112,
            41.78405
          ],
          [
            5.08153,
            41.97176
          ],
          [
            5.08193,
            42.15947
          ],
          [
            5.08234,
            42.34718
          ],
          [
            5.08275,
            42.53489
          ],
          [
            5.08316,
            42.72261
          ],
          [
            5.08358,
            42.91032
          ],
          [
            5.084,
            43.09803
          ],
          [
            5.08442,
            43.28574
          ],
          [
            5.08484,
            43.47345
          ],
          [
            5.08527,
            43.66117
          ],
          [
            5.0857,
            43.84888
          ],
          [
            5.08613,
            44.03659
          ],
          [
            5.08656,
            44.2243
          ],
          [
            5.087,
            44.41201
          ],
          [
            5.08744,
            44.59972
          ],
          [
            5.08788,
            44.78744
          ],
          [
            5.08833,
            44.97515
          ],
          [
            5.08878,
            45.16286
          ],
          [
            5.08923,
            45.35057
          ],
          [
            5.08968,
            45.53828
          ],
          [
            5.09014,
            45.726
          ]
        ]
      },
      "properties": {
        "id": "bja-lys",
        "from": "BJA",
        "to": "LYS",
        "carrier": "AH",
        "flight": null,
        "status": "unclear",
        "days": null,
        "evidence": "listed",
        "planned": false,
        "source": "https://en.wikipedia.org/wiki/Abane_Ramdane_Airport",
        "great_circle_km": 1002,
        "from_name": "Aéroport de BEJAIA/Soummam ‐Abane Ramdane",
        "to_name": "Lyon Saint-Exupéry Airport"
      }
    },
    {
      "type": "Feature",
      "geometry": {
        "type": "LineString",
        "coordinates": [
          [
            5.07103,
            36.71583
          ],
          [
            5.07371,
            36.85587
          ],
          [
            5.0764,
            36.99592
          ],
          [
            5.0791,
            37.13597
          ],
          [
            5.08182,
            37.27602
          ],
          [
            5.08454,
            37.41607
          ],
          [
            5.08727,
            37.55612
          ],
          [
            5.09001,
            37.69617
          ],
          [
            5.09276,
            37.83621
          ],
          [
            5.09552,
            37.97626
          ],
          [
            5.09829,
            38.11631
          ],
          [
            5.10108,
            38.25636
          ],
          [
            5.10387,
            38.39641
          ],
          [
            5.10668,
            38.53645
          ],
          [
            5.10949,
            38.6765
          ],
          [
            5.11232,
            38.81655
          ],
          [
            5.11516,
            38.9566
          ],
          [
            5.118,
            39.09665
          ],
          [
            5.12086,
            39.23669
          ],
          [
            5.12374,
            39.37674
          ],
          [
            5.12662,
            39.51679
          ],
          [
            5.12952,
            39.65684
          ],
          [
            5.13242,
            39.79688
          ],
          [
            5.13534,
            39.93693
          ],
          [
            5.13827,
            40.07698
          ],
          [
            5.14121,
            40.21703
          ],
          [
            5.14417,
            40.35707
          ],
          [
            5.14714,
            40.49712
          ],
          [
            5.15012,
            40.63717
          ],
          [
            5.15311,
            40.77721
          ],
          [
            5.15611,
            40.91726
          ],
          [
            5.15913,
            41.05731
          ],
          [
            5.16216,
            41.19735
          ],
          [
            5.1652,
            41.3374
          ],
          [
            5.16826,
            41.47745
          ],
          [
            5.17133,
            41.61749
          ],
          [
            5.17441,
            41.75754
          ],
          [
            5.17751,
            41.89759
          ],
          [
            5.18062,
            42.03763
          ],
          [
            5.18374,
            42.17768
          ],
          [
            5.18688,
            42.31772
          ],
          [
            5.19003,
            42.45777
          ],
          [
            5.1932,
            42.59782
          ],
          [
            5.19638,
            42.73786
          ],
          [
            5.19957,
            42.87791
          ],
          [
            5.20278,
            43.01795
          ],
          [
            5.20601,
            43.158
          ],
          [
            5.20925,
            43.29804
          ],
          [
            5.2125,
            43.43809
          ]
        ]
      },
      "properties": {
        "id": "bja-mrs",
        "from": "BJA",
        "to": "MRS",
        "carrier": "AH",
        "flight": null,
        "status": "unclear",
        "days": null,
        "evidence": "listed",
        "planned": false,
        "source": "https://en.wikipedia.org/wiki/Abane_Ramdane_Airport",
        "great_circle_km": 748,
        "from_name": "Aéroport de BEJAIA/Soummam ‐Abane Ramdane",
        "to_name": "Marseille Provence Airport"
      }
    },
    {
      "type": "Feature",
      "geometry": {
        "type": "LineString",
        "coordinates": [
          [
            5.07103,
            36.71583
          ],
          [
            5.02405,
            36.96668
          ],
          [
            4.97676,
            37.21752
          ],
          [
            4.92915,
            37.46834
          ],
          [
            4.88123,
            37.71914
          ],
          [
            4.83297,
            37.96992
          ],
          [
            4.78439,
            38.22068
          ],
          [
            4.73547,
            38.47142
          ],
          [
            4.68621,
            38.72214
          ],
          [
            4.6366,
            38.97284
          ],
          [
            4.58664,
            39.22352
          ],
          [
            4.53632,
            39.47418
          ],
          [
            4.48564,
            39.72481
          ],
          [
            4.43458,
            39.97542
          ],
          [
            4.38316,
            40.22601
          ],
          [
            4.33135,
            40.47658
          ],
          [
            4.27915,
            40.72712
          ],
          [
            4.22655,
            40.97764
          ],
          [
            4.17356,
            41.22814
          ],
          [
            4.12016,
            41.47861
          ],
          [
            4.06634,
            41.72906
          ],
          [
            4.01211,
            41.97948
          ],
          [
            3.95744,
            42.22987
          ],
          [
            3.90234,
            42.48024
          ],
          [
            3.8468,
            42.73059
          ],
          [
            3.7908,
            42.9809
          ],
          [
            3.73435,
            43.23119
          ],
          [
            3.67743,
            43.48145
          ],
          [
            3.62004,
            43.73168
          ],
          [
            3.56217,
            43.98188
          ],
          [
            3.50381,
            44.23206
          ],
          [
            3.44495,
            44.4822
          ],
          [
            3.38558,
            44.73231
          ],
          [
            3.3257,
            44.9824
          ],
          [
            3.26529,
            45.23245
          ],
          [
            3.20435,
            45.48246
          ],
          [
            3.14287,
            45.73245
          ],
          [
            3.08083,
            45.9824
          ],
          [
            3.01823,
            46.23232
          ],
          [
            2.95506,
            46.4822
          ],
          [
            2.8913,
            46.73205
          ],
          [
            2.82695,
            46.98187
          ],
          [
            2.762,
            47.23164
          ],
          [
            2.69643,
            47.48138
          ],
          [
            2.63024,
            47.73108
          ],
          [
            2.56341,
            47.98075
          ],
          [
            2.49592,
            48.23037
          ],
          [
            2.42778,
            48.47996
          ],
          [
            2.35896,
            48.7295
          ]
        ]
      },
      "properties": {
        "id": "bja-ory",
        "from": "BJA",
        "to": "ORY",
        "carrier": "AH",
        "flight": null,
        "status": "unclear",
        "days": null,
        "evidence": "listed",
        "planned": false,
        "source": "https://en.wikipedia.org/wiki/Abane_Ramdane_Airport",
        "great_circle_km": 1354,
        "from_name": "Aéroport de BEJAIA/Soummam ‐Abane Ramdane",
        "to_name": "Paris-Orly Airport"
      }
    },
    {
      "type": "Feature",
      "geometry": {
        "type": "LineString",
        "coordinates": [
          [
            6.30825,
            35.75768
          ],
          [
            6.24426,
            36.03483
          ],
          [
            6.17982,
            36.31194
          ],
          [
            6.11492,
            36.58902
          ],
          [
            6.04955,
            36.86607
          ],
          [
            5.98371,
            37.14307
          ],
          [
            5.91738,
            37.42005
          ],
          [
            5.85056,
            37.69698
          ],
          [
            5.78324,
            37.97388
          ],
          [
            5.71541,
            38.25073
          ],
          [
            5.64706,
            38.52755
          ],
          [
            5.57818,
            38.80433
          ],
          [
            5.50877,
            39.08107
          ],
          [
            5.43881,
            39.35776
          ],
          [
            5.36829,
            39.63442
          ],
          [
            5.29721,
            39.91103
          ],
          [
            5.22555,
            40.1876
          ],
          [
            5.1533,
            40.46412
          ],
          [
            5.08046,
            40.7406
          ],
          [
            5.007,
            41.01703
          ],
          [
            4.93293,
            41.29341
          ],
          [
            4.85823,
            41.56975
          ],
          [
            4.78289,
            41.84603
          ],
          [
            4.70689,
            42.12227
          ],
          [
            4.63023,
            42.39846
          ],
          [
            4.55289,
            42.6746
          ],
          [
            4.47486,
            42.95068
          ],
          [
            4.39613,
            43.22671
          ],
          [
            4.31668,
            43.50268
          ],
          [
            4.2365,
            43.7786
          ],
          [
            4.15558,
            44.05447
          ],
          [
            4.0739,
            44.33027
          ],
          [
            3.99144,
            44.60602
          ],
          [
            3.90821,
            44.8817
          ],
          [
            3.82417,
            45.15733
          ],
          [
            3.73931,
            45.43289
          ],
          [
            3.65362,
            45.70839
          ],
          [
            3.56708,
            45.98383
          ],
          [
            3.47968,
            46.2592
          ],
          [
            3.39139,
            46.5345
          ],
          [
            3.30221,
            46.80973
          ],
          [
            3.21211,
            47.0849
          ],
          [
            3.12107,
            47.35999
          ],
          [
            3.02908,
            47.63501
          ],
          [
            2.93611,
            47.90995
          ],
          [
            2.84215,
            48.18482
          ],
          [
            2.74718,
            48.45962
          ],
          [
            2.65118,
            48.73433
          ],
          [
            2.55412,
            49.00896
          ]
        ]
      },
      "properties": {
        "id": "blj-cdg",
        "from": "BLJ",
        "to": "CDG",
        "carrier": "AH",
        "flight": "AH 1120",
        "status": "active",
        "days": null,
        "evidence": "verified",
        "planned": false,
        "source": "https://www.aeroroutes.com/",
        "great_circle_km": 1505,
        "from_name": "Aéroport BATNA/ Mostepha Ben BOULAID",
        "to_name": "Charles de Gaulle International Airport"
      }
    },
    {
      "type": "Feature",
      "geometry": {
        "type": "LineString",
        "coordinates": [
          [
            6.30825,
            35.75768
          ],
          [
            6.28625,
            35.96547
          ],
          [
            6.26414,
            36.17326
          ],
          [
            6.2419,
            36.38104
          ],
          [
            6.21955,
            36.58882
          ],
          [
            6.19708,
            36.79659
          ],
          [
            6.17449,
            37.00436
          ],
          [
            6.15177,
            37.21213
          ],
          [
            6.12893,
            37.41989
          ],
          [
            6.10596,
            37.62765
          ],
          [
            6.08286,
            37.8354
          ],
          [
            6.05963,
            38.04315
          ],
          [
            6.03627,
            38.25089
          ],
          [
            6.01277,
            38.45863
          ],
          [
            5.98914,
            38.66636
          ],
          [
            5.96537,
            38.87409
          ],
          [
            5.94146,
            39.08182
          ],
          [
            5.91741,
            39.28954
          ],
          [
            5.89322,
            39.49725
          ],
          [
            5.86888,
            39.70496
          ],
          [
            5.8444,
            39.91266
          ],
          [
            5.81976,
            40.12036
          ],
          [
            5.79498,
            40.32806
          ],
          [
            5.77004,
            40.53575
          ],
          [
            5.74495,
            40.74343
          ],
          [
            5.7197,
            40.95111
          ],
          [
            5.69429,
            41.15878
          ],
          [
            5.66872,
            41.36645
          ],
          [
            5.64299,
            41.57411
          ],
          [
            5.61709,
            41.78176
          ],
          [
            5.59102,
            41.98941
          ],
          [
            5.56478,
            42.19705
          ],
          [
            5.53837,
            42.40469
          ],
          [
            5.51178,
            42.61232
          ],
          [
            5.48501,
            42.81995
          ],
          [
            5.45807,
            43.02757
          ],
          [
            5.43094,
            43.23518
          ],
          [
            5.40362,
            43.44278
          ],
          [
            5.37612,
            43.65038
          ],
          [
            5.34843,
            43.85798
          ],
          [
            5.32054,
            44.06556
          ],
          [
            5.29246,
            44.27314
          ],
          [
            5.26418,
            44.48071
          ],
          [
            5.23569,
            44.68828
          ],
          [
            5.207,
            44.89584
          ],
          [
            5.17811,
            45.10339
          ],
          [
            5.149,
            45.31093
          ],
          [
            5.11968,
            45.51847
          ],
          [
            5.09014,
            45.726
          ]
        ]
      },
      "properties": {
        "id": "blj-lys",
        "from": "BLJ",
        "to": "LYS",
        "carrier": "AH",
        "flight": null,
        "status": "unclear",
        "days": null,
        "evidence": "listed",
        "planned": false,
        "source": "https://en.wikipedia.org/wiki/Mostépha_Ben_Boulaid_Airport",
        "great_circle_km": 1113,
        "from_name": "Aéroport BATNA/ Mostepha Ben BOULAID",
        "to_name": "Lyon Saint-Exupéry Airport"
      }
    },
    {
      "type": "Feature",
      "geometry": {
        "type": "LineString",
        "coordinates": [
          [
            6.30825,
            35.75768
          ],
          [
            6.28772,
            35.91778
          ],
          [
            6.26711,
            36.07789
          ],
          [
            6.24641,
            36.23798
          ],
          [
            6.22563,
            36.39808
          ],
          [
            6.20476,
            36.55817
          ],
          [
            6.18381,
            36.71826
          ],
          [
            6.16277,
            36.87834
          ],
          [
            6.14164,
            37.03842
          ],
          [
            6.12042,
            37.1985
          ],
          [
            6.09911,
            37.35857
          ],
          [
            6.07772,
            37.51864
          ],
          [
            6.05622,
            37.6787
          ],
          [
            6.03464,
            37.83877
          ],
          [
            6.01296,
            37.99882
          ],
          [
            5.99119,
            38.15888
          ],
          [
            5.96932,
            38.31892
          ],
          [
            5.94735,
            38.47897
          ],
          [
            5.92529,
            38.63901
          ],
          [
            5.90313,
            38.79905
          ],
          [
            5.88086,
            38.95908
          ],
          [
            5.8585,
            39.11911
          ],
          [
            5.83604,
            39.27913
          ],
          [
            5.81347,
            39.43915
          ],
          [
            5.7908,
            39.59917
          ],
          [
            5.76802,
            39.75918
          ],
          [
            5.74514,
            39.91918
          ],
          [
            5.72215,
            40.07918
          ],
          [
            5.69905,
            40.23918
          ],
          [
            5.67584,
            40.39917
          ],
          [
            5.65252,
            40.55916
          ],
          [
            5.62909,
            40.71915
          ],
          [
            5.60555,
            40.87912
          ],
          [
            5.58189,
            41.0391
          ],
          [
            5.55812,
            41.19907
          ],
          [
            5.53423,
            41.35903
          ],
          [
            5.51023,
            41.51899
          ],
          [
            5.4861,
            41.67894
          ],
          [
            5.46186,
            41.83889
          ],
          [
            5.43749,
            41.99883
          ],
          [
            5.413,
            42.15877
          ],
          [
            5.38839,
            42.31871
          ],
          [
            5.36365,
            42.47863
          ],
          [
            5.33878,
            42.63856
          ],
          [
            5.31379,
            42.79847
          ],
          [
            5.28866,
            42.95839
          ],
          [
            5.26341,
            43.11829
          ],
          [
            5.23802,
            43.27819
          ],
          [
            5.2125,
            43.43809
          ]
        ]
      },
      "properties": {
        "id": "blj-mrs",
        "from": "BLJ",
        "to": "MRS",
        "carrier": "AH",
        "flight": null,
        "status": "unclear",
        "days": null,
        "evidence": "listed",
        "planned": false,
        "source": "https://en.wikipedia.org/wiki/Mostépha_Ben_Boulaid_Airport",
        "great_circle_km": 859,
        "from_name": "Aéroport BATNA/ Mostepha Ben BOULAID",
        "to_name": "Marseille Provence Airport"
      }
    },
    {
      "type": "Feature",
      "geometry": {
        "type": "LineString",
        "coordinates": [
          [
            6.30825,
            35.75768
          ],
          [
            6.24059,
            36.02912
          ],
          [
            6.17246,
            36.30053
          ],
          [
            6.10386,
            36.5719
          ],
          [
            6.03477,
            36.84323
          ],
          [
            5.96519,
            37.11452
          ],
          [
            5.89511,
            37.38577
          ],
          [
            5.82453,
            37.65697
          ],
          [
            5.75342,
            37.92813
          ],
          [
            5.68179,
            38.19926
          ],
          [
            5.60962,
            38.47033
          ],
          [
            5.53691,
            38.74136
          ],
          [
            5.46364,
            39.01235
          ],
          [
            5.38981,
            39.28329
          ],
          [
            5.31541,
            39.55419
          ],
          [
            5.24043,
            39.82503
          ],
          [
            5.16485,
            40.09583
          ],
          [
            5.08866,
            40.36658
          ],
          [
            5.01187,
            40.63727
          ],
          [
            4.93444,
            40.90792
          ],
          [
            4.85638,
            41.17851
          ],
          [
            4.77768,
            41.44905
          ],
          [
            4.69831,
            41.71954
          ],
          [
            4.61827,
            41.98997
          ],
          [
            4.53755,
            42.26035
          ],
          [
            4.45614,
            42.53066
          ],
          [
            4.37401,
            42.80093
          ],
          [
            4.29117,
            43.07113
          ],
          [
            4.20759,
            43.34127
          ],
          [
            4.12327,
            43.61135
          ],
          [
            4.03819,
            43.88136
          ],
          [
            3.95233,
            44.15132
          ],
          [
            3.86568,
            44.4212
          ],
          [
            3.77823,
            44.69103
          ],
          [
            3.68996,
            44.96078
          ],
          [
            3.60085,
            45.23047
          ],
          [
            3.5109,
            45.50008
          ],
          [
            3.42008,
            45.76963
          ],
          [
            3.32838,
            46.0391
          ],
          [
            3.23578,
            46.3085
          ],
          [
            3.14226,
            46.57782
          ],
          [
            3.04781,
            46.84707
          ],
          [
            2.95241,
            47.11623
          ],
          [
            2.85604,
            47.38532
          ],
          [
            2.75868,
            47.65433
          ],
          [
            2.66032,
            47.92325
          ],
          [
            2.56092,
            48.19209
          ],
          [
            2.46048,
            48.46084
          ],
          [
            2.35896,
            48.7295
          ]
        ]
      },
      "properties": {
        "id": "blj-ory",
        "from": "BLJ",
        "to": "ORY",
        "carrier": "AH",
        "flight": null,
        "status": "seasonal",
        "days": null,
        "evidence": "listed",
        "planned": false,
        "source": "https://en.wikipedia.org/wiki/Mostépha_Ben_Boulaid_Airport",
        "great_circle_km": 1478,
        "from_name": "Aéroport BATNA/ Mostepha Ben BOULAID",
        "to_name": "Paris-Orly Airport"
      }
    },
    {
      "type": "Feature",
      "geometry": {
        "type": "LineString",
        "coordinates": [
          [
            -0.71536,
            44.82865
          ],
          [
            -0.62287,
            44.66077
          ],
          [
            -0.53093,
            44.49281
          ],
          [
            -0.43951,
            44.32479
          ],
          [
            -0.34861,
            44.15669
          ],
          [
            -0.25823,
            43.98851
          ],
          [
            -0.16836,
            43.82027
          ],
          [
            -0.07899,
            43.65196
          ],
          [
            0.00987,
            43.48357
          ],
          [
            0.09824,
            43.31512
          ],
          [
            0.18613,
            43.14661
          ],
          [
            0.27353,
            42.97802
          ],
          [
            0.36045,
            42.80937
          ],
          [
            0.44689,
            42.64065
          ],
          [
            0.53288,
            42.47187
          ],
          [
            0.61839,
            42.30302
          ],
          [
            0.70345,
            42.13412
          ],
          [
            0.78806,
            41.96514
          ],
          [
            0.87222,
            41.79611
          ],
          [
            0.95594,
            41.62702
          ],
          [
            1.03922,
            41.45786
          ],
          [
            1.12207,
            41.28865
          ],
          [
            1.20448,
            41.11938
          ],
          [
            1.28648,
            40.95004
          ],
          [
            1.36805,
            40.78065
          ],
          [
            1.44921,
            40.61121
          ],
          [
            1.52996,
            40.4417
          ],
          [
            1.6103,
            40.27215
          ],
          [
            1.69024,
            40.10253
          ],
          [
            1.76978,
            39.93286
          ],
          [
            1.84893,
            39.76314
          ],
          [
            1.92769,
            39.59336
          ],
          [
            2.00606,
            39.42353
          ],
          [
            2.08406,
            39.25365
          ],
          [
            2.16167,
            39.08372
          ],
          [
            2.23892,
            38.91373
          ],
          [
            2.31579,
            38.7437
          ],
          [
            2.3923,
            38.57361
          ],
          [
            2.46845,
            38.40348
          ],
          [
            2.54423,
            38.23329
          ],
          [
            2.61967,
            38.06306
          ],
          [
            2.69476,
            37.89278
          ],
          [
            2.76949,
            37.72245
          ],
          [
            2.84389,
            37.55207
          ],
          [
            2.91795,
            37.38165
          ],
          [
            2.99167,
            37.21119
          ],
          [
            3.06505,
            37.04067
          ],
          [
            3.13811,
            36.87011
          ],
          [
            3.21085,
            36.69951
          ]
        ]
      },
      "properties": {
        "id": "bod-alg",
        "from": "BOD",
        "to": "ALG",
        "carrier": "AH",
        "flight": null,
        "status": "active",
        "days": null,
        "evidence": "verified",
        "planned": false,
        "source": "https://www.airalgerie.dz/decouvrir/nos-destinations/",
        "great_circle_km": 962,
        "from_name": "Bordeaux–Mérignac Airport",
        "to_name": "Aéroport d’Alger – Houari Boumediene"
      }
    },
    {
      "type": "Feature",
      "geometry": {
        "type": "LineString",
        "coordinates": [
          [
            4.48444,
            50.9014
          ],
          [
            4.45058,
            50.6057
          ],
          [
            4.41713,
            50.30998
          ],
          [
            4.38411,
            50.01426
          ],
          [
            4.35148,
            49.71853
          ],
          [
            4.31925,
            49.42278
          ],
          [
            4.28741,
            49.12703
          ],
          [
            4.25594,
            48.83127
          ],
          [
            4.22485,
            48.5355
          ],
          [
            4.19411,
            48.23973
          ],
          [
            4.16373,
            47.94394
          ],
          [
            4.1337,
            47.64815
          ],
          [
            4.104,
            47.35235
          ],
          [
            4.07463,
            47.05654
          ],
          [
            4.04559,
            46.76073
          ],
          [
            4.01686,
            46.46491
          ],
          [
            3.98845,
            46.16908
          ],
          [
            3.96034,
            45.87324
          ],
          [
            3.93253,
            45.5774
          ],
          [
            3.90501,
            45.28155
          ],
          [
            3.87777,
            44.98569
          ],
          [
            3.85081,
            44.68983
          ],
          [
            3.82413,
            44.39396
          ],
          [
            3.79772,
            44.09808
          ],
          [
            3.77157,
            43.8022
          ],
          [
            3.74567,
            43.50631
          ],
          [
            3.72003,
            43.21042
          ],
          [
            3.69464,
            42.91452
          ],
          [
            3.66949,
            42.61862
          ],
          [
            3.64458,
            42.32271
          ],
          [
            3.6199,
            42.02679
          ],
          [
            3.59545,
            41.73087
          ],
          [
            3.57122,
            41.43494
          ],
          [
            3.54722,
            41.13901
          ],
          [
            3.52343,
            40.84308
          ],
          [
            3.49985,
            40.54714
          ],
          [
            3.47648,
            40.25119
          ],
          [
            3.45331,
            39.95524
          ],
          [
            3.43034,
            39.65929
          ],
          [
            3.40757,
            39.36333
          ],
          [
            3.38499,
            39.06737
          ],
          [
            3.3626,
            38.7714
          ],
          [
            3.34039,
            38.47543
          ],
          [
            3.31836,
            38.17945
          ],
          [
            3.29652,
            37.88347
          ],
          [
            3.27485,
            37.58749
          ],
          [
            3.25334,
            37.2915
          ],
          [
            3.23201,
            36.99551
          ],
          [
            3.21085,
            36.69951
          ]
        ]
      },
      "properties": {
        "id": "bru-alg",
        "from": "BRU",
        "to": "ALG",
        "carrier": "AH",
        "flight": null,
        "status": "active",
        "days": null,
        "evidence": "verified",
        "planned": false,
        "source": "https://www.airalgerie.dz/decouvrir/nos-destinations/",
        "great_circle_km": 1582,
        "from_name": "Brussels Airport",
        "to_name": "Aéroport d’Alger – Houari Boumediene"
      }
    },
    {
      "type": "Feature",
      "geometry": {
        "type": "LineString",
        "coordinates": [
          [
            5.73363,
            34.79161
          ],
          [
            5.72213,
            35.01944
          ],
          [
            5.71057,
            35.24727
          ],
          [
            5.69895,
            35.4751
          ],
          [
            5.68725,
            35.70293
          ],
          [
            5.67549,
            35.93076
          ],
          [
            5.66367,
            36.15859
          ],
          [
            5.65177,
            36.38641
          ],
          [
            5.6398,
            36.61424
          ],
          [
            5.62777,
            36.84206
          ],
          [
            5.61566,
            37.06988
          ],
          [
            5.60348,
            37.2977
          ],
          [
            5.59122,
            37.52552
          ],
          [
            5.57889,
            37.75334
          ],
          [
            5.56648,
            37.98115
          ],
          [
            5.554,
            38.20897
          ],
          [
            5.54143,
            38.43678
          ],
          [
            5.52879,
            38.6646
          ],
          [
            5.51607,
            38.89241
          ],
          [
            5.50326,
            39.12022
          ],
          [
            5.49037,
            39.34803
          ],
          [
            5.4774,
            39.57583
          ],
          [
            5.46434,
            39.80364
          ],
          [
            5.4512,
            40.03144
          ],
          [
            5.43796,
            40.25925
          ],
          [
            5.42464,
            40.48705
          ],
          [
            5.41123,
            40.71485
          ],
          [
            5.39772,
            40.94264
          ],
          [
            5.38412,
            41.17044
          ],
          [
            5.37043,
            41.39824
          ],
          [
            5.35664,
            41.62603
          ],
          [
            5.34275,
            41.85382
          ],
          [
            5.32876,
            42.08161
          ],
          [
            5.31468,
            42.3094
          ],
          [
            5.30049,
            42.53718
          ],
          [
            5.28619,
            42.76497
          ],
          [
            5.27179,
            42.99275
          ],
          [
            5.25728,
            43.22053
          ],
          [
            5.24267,
            43.44831
          ],
          [
            5.22794,
            43.67609
          ],
          [
            5.2131,
            43.90387
          ],
          [
            5.19815,
            44.13164
          ],
          [
            5.18308,
            44.35941
          ],
          [
            5.1679,
            44.58718
          ],
          [
            5.15259,
            44.81495
          ],
          [
            5.13717,
            45.04271
          ],
          [
            5.12162,
            45.27048
          ],
          [
            5.10594,
            45.49824
          ],
          [
            5.09014,
            45.726
          ]
        ]
      },
      "properties": {
        "id": "bsk-lys",
        "from": "BSK",
        "to": "LYS",
        "carrier": "AH",
        "flight": null,
        "status": "unclear",
        "days": null,
        "evidence": "listed",
        "planned": false,
        "source": "https://en.wikipedia.org/wiki/Biskra_Airport",
        "great_circle_km": 1217,
        "from_name": "Aéroport de BISKRA/ Mohamed KHIDER",
        "to_name": "Lyon Saint-Exupéry Airport"
      }
    },
    {
      "type": "Feature",
      "geometry": {
        "type": "LineString",
        "coordinates": [
          [
            5.73363,
            34.79161
          ],
          [
            5.67641,
            35.08285
          ],
          [
            5.61879,
            35.37406
          ],
          [
            5.56074,
            35.66524
          ],
          [
            5.50227,
            35.9564
          ],
          [
            5.44337,
            36.24753
          ],
          [
            5.38402,
            36.53863
          ],
          [
            5.32423,
            36.82969
          ],
          [
            5.26398,
            37.12073
          ],
          [
            5.20327,
            37.41174
          ],
          [
            5.14208,
            37.70272
          ],
          [
            5.08041,
            37.99366
          ],
          [
            5.01825,
            38.28457
          ],
          [
            4.95559,
            38.57545
          ],
          [
            4.89242,
            38.8663
          ],
          [
            4.82873,
            39.15711
          ],
          [
            4.76451,
            39.44788
          ],
          [
            4.69976,
            39.73863
          ],
          [
            4.63445,
            40.02933
          ],
          [
            4.56859,
            40.32
          ],
          [
            4.50215,
            40.61063
          ],
          [
            4.43514,
            40.90122
          ],
          [
            4.36753,
            41.19177
          ],
          [
            4.29933,
            41.48228
          ],
          [
            4.2305,
            41.77275
          ],
          [
            4.16105,
            42.06318
          ],
          [
            4.09097,
            42.35357
          ],
          [
            4.02023,
            42.64392
          ],
          [
            3.94883,
            42.93422
          ],
          [
            3.87675,
            43.22447
          ],
          [
            3.80399,
            43.51468
          ],
          [
            3.73052,
            43.80485
          ],
          [
            3.65633,
            44.09496
          ],
          [
            3.58141,
            44.38503
          ],
          [
            3.50575,
            44.67505
          ],
          [
            3.42932,
            44.96502
          ],
          [
            3.35212,
            45.25493
          ],
          [
            3.27412,
            45.5448
          ],
          [
            3.19532,
            45.83461
          ],
          [
            3.11569,
            46.12436
          ],
          [
            3.03522,
            46.41406
          ],
          [
            2.95389,
            46.7037
          ],
          [
            2.87169,
            46.99329
          ],
          [
            2.78859,
            47.28281
          ],
          [
            2.70457,
            47.57228
          ],
          [
            2.61962,
            47.86168
          ],
          [
            2.53371,
            48.15102
          ],
          [
            2.44684,
            48.44029
          ],
          [
            2.35896,
            48.7295
          ]
        ]
      },
      "properties": {
        "id": "bsk-ory",
        "from": "BSK",
        "to": "ORY",
        "carrier": "AH",
        "flight": null,
        "status": "unclear",
        "days": null,
        "evidence": "listed",
        "planned": false,
        "source": "https://web.archive.org/web/20110221154249/http://www.airalgerie.dz/",
        "great_circle_km": 1574,
        "from_name": "Aéroport de BISKRA/ Mohamed KHIDER",
        "to_name": "Paris-Orly Airport"
      }
    },
    {
      "type": "Feature",
      "geometry": {
        "type": "LineString",
        "coordinates": [
          [
            19.26239,
            47.43018
          ],
          [
            18.86758,
            47.23218
          ],
          [
            18.47572,
            47.03284
          ],
          [
            18.08678,
            46.83216
          ],
          [
            17.70074,
            46.63018
          ],
          [
            17.31759,
            46.42692
          ],
          [
            16.93729,
            46.22238
          ],
          [
            16.55982,
            46.01659
          ],
          [
            16.18516,
            45.80956
          ],
          [
            15.81328,
            45.60133
          ],
          [
            15.44416,
            45.39189
          ],
          [
            15.07778,
            45.18127
          ],
          [
            14.7141,
            44.96949
          ],
          [
            14.3531,
            44.75657
          ],
          [
            13.99477,
            44.54251
          ],
          [
            13.63906,
            44.32735
          ],
          [
            13.28596,
            44.11109
          ],
          [
            12.93544,
            43.89375
          ],
          [
            12.58748,
            43.67534
          ],
          [
            12.24205,
            43.45589
          ],
          [
            11.89912,
            43.2354
          ],
          [
            11.55867,
            43.0139
          ],
          [
            11.22067,
            42.7914
          ],
          [
            10.8851,
            42.56791
          ],
          [
            10.55193,
            42.34345
          ],
          [
            10.22114,
            42.11803
          ],
          [
            9.8927,
            41.89166
          ],
          [
            9.56658,
            41.66437
          ],
          [
            9.24275,
            41.43616
          ],
          [
            8.92121,
            41.20705
          ],
          [
            8.60191,
            40.97705
          ],
          [
            8.28483,
            40.74618
          ],
          [
            7.96995,
            40.51445
          ],
          [
            7.65725,
            40.28186
          ],
          [
            7.34669,
            40.04844
          ],
          [
            7.03826,
            39.8142
          ],
          [
            6.73192,
            39.57915
          ],
          [
            6.42766,
            39.3433
          ],
          [
            6.12545,
            39.10666
          ],
          [
            5.82527,
            38.86924
          ],
          [
            5.52709,
            38.63107
          ],
          [
            5.23088,
            38.39214
          ],
          [
            4.93663,
            38.15247
          ],
          [
            4.64431,
            37.91207
          ],
          [
            4.35389,
            37.67095
          ],
          [
            4.06536,
            37.42912
          ],
          [
            3.77869,
            37.1866
          ],
          [
            3.49386,
            36.9434
          ],
          [
            3.21085,
            36.69951
          ]
        ]
      },
      "properties": {
        "id": "bud-alg",
        "from": "BUD",
        "to": "ALG",
        "carrier": "AH",
        "flight": "AH 2028",
        "status": "active",
        "days": [
          "wed"
        ],
        "evidence": "verified",
        "planned": false,
        "source": "https://www.aeroroutes.com/eng/250728-ahnw25bud",
        "great_circle_km": 1777,
        "from_name": "Budapest Liszt Ferenc International Airport",
        "to_name": "Aéroport d’Alger – Houari Boumediene"
      }
    },
    {
      "type": "Feature",
      "geometry": {
        "type": "LineString",
        "coordinates": [
          [
            31.39669,
            30.11153
          ],
          [
            30.85699,
            30.31027
          ],
          [
            30.3151,
            30.50678
          ],
          [
            29.77103,
            30.70104
          ],
          [
            29.22478,
            30.89302
          ],
          [
            28.67634,
            31.08269
          ],
          [
            28.12573,
            31.27004
          ],
          [
            27.57294,
            31.45503
          ],
          [
            27.01797,
            31.63764
          ],
          [
            26.46084,
            31.81784
          ],
          [
            25.90154,
            31.9956
          ],
          [
            25.34009,
            32.1709
          ],
          [
            24.77648,
            32.3437
          ],
          [
            24.21074,
            32.514
          ],
          [
            23.64286,
            32.68175
          ],
          [
            23.07286,
            32.84693
          ],
          [
            22.50075,
            33.00952
          ],
          [
            21.92655,
            33.1695
          ],
          [
            21.35026,
            33.32682
          ],
          [
            20.77191,
            33.48148
          ],
          [
            20.19151,
            33.63344
          ],
          [
            19.60907,
            33.78268
          ],
          [
            19.02462,
            33.92917
          ],
          [
            18.43817,
            34.07289
          ],
          [
            17.84975,
            34.21382
          ],
          [
            17.25938,
            34.35193
          ],
          [
            16.66708,
            34.4872
          ],
          [
            16.07287,
            34.61959
          ],
          [
            15.47679,
            34.7491
          ],
          [
            14.87886,
            34.8757
          ],
          [
            14.2791,
            34.99936
          ],
          [
            13.67755,
            35.12006
          ],
          [
            13.07424,
            35.23778
          ],
          [
            12.46919,
            35.3525
          ],
          [
            11.86245,
            35.46419
          ],
          [
            11.25404,
            35.57284
          ],
          [
            10.644,
            35.67842
          ],
          [
            10.03238,
            35.78092
          ],
          [
            9.41919,
            35.88032
          ],
          [
            8.80449,
            35.97658
          ],
          [
            8.18831,
            36.06971
          ],
          [
            7.5707,
            36.15968
          ],
          [
            6.95169,
            36.24647
          ],
          [
            6.33133,
            36.33006
          ],
          [
            5.70966,
            36.41044
          ],
          [
            5.08674,
            36.48759
          ],
          [
            4.46259,
            36.56149
          ],
          [
            3.83728,
            36.63214
          ],
          [
            3.21085,
            36.69951
          ]
        ]
      },
      "properties": {
        "id": "cai-alg",
        "from": "CAI",
        "to": "ALG",
        "carrier": "AH",
        "flight": "AH 4039",
        "status": "active",
        "days": null,
        "evidence": "verified",
        "planned": false,
        "source": "https://www.airalgerie.dz/decouvrir/nos-destinations/",
        "great_circle_km": 2706,
        "from_name": "Cairo International Airport",
        "to_name": "Aéroport d’Alger – Houari Boumediene"
      }
    },
    {
      "type": "Feature",
      "geometry": {
        "type": "LineString",
        "coordinates": [
          [
            2.55412,
            49.00896
          ],
          [
            2.57088,
            48.75256
          ],
          [
            2.58748,
            48.49615
          ],
          [
            2.60391,
            48.23974
          ],
          [
            2.62018,
            47.98333
          ],
          [
            2.63628,
            47.72692
          ],
          [
            2.65223,
            47.47051
          ],
          [
            2.66802,
            47.21409
          ],
          [
            2.68366,
            46.95767
          ],
          [
            2.69915,
            46.70125
          ],
          [
            2.7145,
            46.44482
          ],
          [
            2.7297,
            46.1884
          ],
          [
            2.74476,
            45.93197
          ],
          [
            2.75968,
            45.67554
          ],
          [
            2.77446,
            45.41911
          ],
          [
            2.78911,
            45.16268
          ],
          [
            2.80363,
            44.90624
          ],
          [
            2.81802,
            44.64981
          ],
          [
            2.83229,
            44.39337
          ],
          [
            2.84643,
            44.13693
          ],
          [
            2.86044,
            43.88049
          ],
          [
            2.87434,
            43.62404
          ],
          [
            2.88812,
            43.3676
          ],
          [
            2.90178,
            43.11115
          ],
          [
            2.91533,
            42.8547
          ],
          [
            2.92877,
            42.59825
          ],
          [
            2.9421,
            42.3418
          ],
          [
            2.95532,
            42.08534
          ],
          [
            2.96843,
            41.82889
          ],
          [
            2.98144,
            41.57243
          ],
          [
            2.99434,
            41.31598
          ],
          [
            3.00715,
            41.05952
          ],
          [
            3.01985,
            40.80306
          ],
          [
            3.03246,
            40.54659
          ],
          [
            3.04497,
            40.29013
          ],
          [
            3.05738,
            40.03367
          ],
          [
            3.0697,
            39.7772
          ],
          [
            3.08193,
            39.52073
          ],
          [
            3.09408,
            39.26426
          ],
          [
            3.10613,
            39.00779
          ],
          [
            3.11809,
            38.75132
          ],
          [
            3.12997,
            38.49485
          ],
          [
            3.14177,
            38.23838
          ],
          [
            3.15348,
            37.9819
          ],
          [
            3.16511,
            37.72543
          ],
          [
            3.17666,
            37.46895
          ],
          [
            3.18814,
            37.21247
          ],
          [
            3.19953,
            36.95599
          ],
          [
            3.21085,
            36.69951
          ]
        ]
      },
      "properties": {
        "id": "cdg-alg",
        "from": "CDG",
        "to": "ALG",
        "carrier": "AH",
        "flight": "AH 1013",
        "status": "active",
        "days": null,
        "evidence": "verified",
        "planned": false,
        "source": "https://www.parisaeroport.fr/",
        "great_circle_km": 1370,
        "from_name": "Charles de Gaulle International Airport",
        "to_name": "Aéroport d’Alger – Houari Boumediene"
      }
    },
    {
      "type": "Feature",
      "geometry": {
        "type": "LineString",
        "coordinates": [
          [
            2.55412,
            49.00896
          ],
          [
            2.65852,
            48.74553
          ],
          [
            2.76183,
            48.48201
          ],
          [
            2.86408,
            48.21839
          ],
          [
            2.96528,
            47.95469
          ],
          [
            3.06545,
            47.6909
          ],
          [
            3.16461,
            47.42702
          ],
          [
            3.26278,
            47.16306
          ],
          [
            3.35998,
            46.89901
          ],
          [
            3.45623,
            46.63489
          ],
          [
            3.55154,
            46.37068
          ],
          [
            3.64594,
            46.10639
          ],
          [
            3.73943,
            45.84203
          ],
          [
            3.83204,
            45.57759
          ],
          [
            3.92378,
            45.31308
          ],
          [
            4.01467,
            45.0485
          ],
          [
            4.10473,
            44.78384
          ],
          [
            4.19396,
            44.51912
          ],
          [
            4.28238,
            44.25432
          ],
          [
            4.37001,
            43.98946
          ],
          [
            4.45686,
            43.72453
          ],
          [
            4.54295,
            43.45953
          ],
          [
            4.62828,
            43.19448
          ],
          [
            4.71288,
            42.92935
          ],
          [
            4.79675,
            42.66417
          ],
          [
            4.87991,
            42.39893
          ],
          [
            4.96237,
            42.13362
          ],
          [
            5.04414,
            41.86826
          ],
          [
            5.12523,
            41.60284
          ],
          [
            5.20566,
            41.33737
          ],
          [
            5.28544,
            41.07184
          ],
          [
            5.36457,
            40.80625
          ],
          [
            5.44308,
            40.54061
          ],
          [
            5.52096,
            40.27492
          ],
          [
            5.59824,
            40.00918
          ],
          [
            5.67491,
            39.74338
          ],
          [
            5.751,
            39.47754
          ],
          [
            5.8265,
            39.21164
          ],
          [
            5.90144,
            38.9457
          ],
          [
            5.97582,
            38.67971
          ],
          [
            6.04964,
            38.41367
          ],
          [
            6.12293,
            38.14759
          ],
          [
            6.19568,
            37.88146
          ],
          [
            6.26791,
            37.61529
          ],
          [
            6.33962,
            37.34907
          ],
          [
            6.41082,
            37.08281
          ],
          [
            6.48153,
            36.81651
          ],
          [
            6.55174,
            36.55017
          ],
          [
            6.62148,
            36.28378
          ]
        ]
      },
      "properties": {
        "id": "cdg-czl",
        "from": "CDG",
        "to": "CZL",
        "carrier": "AH",
        "flight": null,
        "status": "active",
        "days": null,
        "evidence": "verified",
        "planned": false,
        "source": "https://www.airalgerie.dz/decouvrir/nos-destinations/",
        "great_circle_km": 1453,
        "from_name": "Charles de Gaulle International Airport",
        "to_name": "Aéroport de Constantine – Mohamed Boudiaf"
      }
    },
    {
      "type": "Feature",
      "geometry": {
        "type": "LineString",
        "coordinates": [
          [
            2.55412,
            49.00896
          ],
          [
            2.47213,
            48.73101
          ],
          [
            2.39104,
            48.453
          ],
          [
            2.31083,
            48.17494
          ],
          [
            2.23149,
            47.89682
          ],
          [
            2.153,
            47.61865
          ],
          [
            2.07534,
            47.34042
          ],
          [
            1.99849,
            47.06215
          ],
          [
            1.92244,
            46.78382
          ],
          [
            1.84718,
            46.50544
          ],
          [
            1.77268,
            46.22701
          ],
          [
            1.69893,
            45.94854
          ],
          [
            1.62592,
            45.67002
          ],
          [
            1.55364,
            45.39145
          ],
          [
            1.48206,
            45.11283
          ],
          [
            1.41118,
            44.83418
          ],
          [
            1.34098,
            44.55548
          ],
          [
            1.27144,
            44.27673
          ],
          [
            1.20257,
            43.99795
          ],
          [
            1.13434,
            43.71912
          ],
          [
            1.06674,
            43.44026
          ],
          [
            0.99977,
            43.16135
          ],
          [
            0.9334,
            42.8824
          ],
          [
            0.86763,
            42.60342
          ],
          [
            0.80244,
            42.3244
          ],
          [
            0.73783,
            42.04535
          ],
          [
            0.67379,
            41.76625
          ],
          [
            0.6103,
            41.48713
          ],
          [
            0.54736,
            41.20796
          ],
          [
            0.48495,
            40.92877
          ],
          [
            0.42306,
            40.64954
          ],
          [
            0.36169,
            40.37028
          ],
          [
            0.30083,
            40.09098
          ],
          [
            0.24047,
            39.81166
          ],
          [
            0.18059,
            39.5323
          ],
          [
            0.1212,
            39.25291
          ],
          [
            0.06227,
            38.97349
          ],
          [
            0.00381,
            38.69405
          ],
          [
            -0.0542,
            38.41457
          ],
          [
            -0.11175,
            38.13507
          ],
          [
            -0.16887,
            37.85553
          ],
          [
            -0.22556,
            37.57597
          ],
          [
            -0.28183,
            37.29639
          ],
          [
            -0.33767,
            37.01678
          ],
          [
            -0.39311,
            36.73714
          ],
          [
            -0.44815,
            36.45747
          ],
          [
            -0.50279,
            36.17778
          ],
          [
            -0.55704,
            35.89807
          ],
          [
            -0.61091,
            35.61833
          ]
        ]
      },
      "properties": {
        "id": "cdg-orn",
        "from": "CDG",
        "to": "ORN",
        "carrier": "AH",
        "flight": null,
        "status": "active",
        "days": null,
        "evidence": "verified",
        "planned": false,
        "source": "https://www.airalgerie.dz/decouvrir/nos-destinations/",
        "great_circle_km": 1511,
        "from_name": "Charles de Gaulle International Airport",
        "to_name": "Aéroport d’Oran – Ahmed Benbella"
      }
    },
    {
      "type": "Feature",
      "geometry": {
        "type": "LineString",
        "coordinates": [
          [
            1.32469,
            36.21763
          ],
          [
            1.34576,
            36.48424
          ],
          [
            1.36697,
            36.75084
          ],
          [
            1.38833,
            37.01743
          ],
          [
            1.40985,
            37.28402
          ],
          [
            1.43151,
            37.55061
          ],
          [
            1.45334,
            37.81719
          ],
          [
            1.47532,
            38.08377
          ],
          [
            1.49746,
            38.35035
          ],
          [
            1.51976,
            38.61692
          ],
          [
            1.54223,
            38.88348
          ],
          [
            1.56487,
            39.15005
          ],
          [
            1.58769,
            39.4166
          ],
          [
            1.61067,
            39.68316
          ],
          [
            1.63384,
            39.94971
          ],
          [
            1.65719,
            40.21625
          ],
          [
            1.68072,
            40.48279
          ],
          [
            1.70444,
            40.74932
          ],
          [
            1.72835,
            41.01585
          ],
          [
            1.75245,
            41.28238
          ],
          [
            1.77675,
            41.5489
          ],
          [
            1.80126,
            41.81541
          ],
          [
            1.82596,
            42.08192
          ],
          [
            1.85088,
            42.34842
          ],
          [
            1.87601,
            42.61492
          ],
          [
            1.90135,
            42.88142
          ],
          [
            1.92692,
            43.1479
          ],
          [
            1.95271,
            43.41438
          ],
          [
            1.97872,
            43.68086
          ],
          [
            2.00497,
            43.94733
          ],
          [
            2.03146,
            44.21379
          ],
          [
            2.05818,
            44.48025
          ],
          [
            2.08515,
            44.7467
          ],
          [
            2.11237,
            45.01315
          ],
          [
            2.13985,
            45.27958
          ],
          [
            2.16758,
            45.54602
          ],
          [
            2.19558,
            45.81244
          ],
          [
            2.22385,
            46.07886
          ],
          [
            2.25239,
            46.34527
          ],
          [
            2.28121,
            46.61167
          ],
          [
            2.31032,
            46.87807
          ],
          [
            2.33971,
            47.14446
          ],
          [
            2.36941,
            47.41084
          ],
          [
            2.3994,
            47.67721
          ],
          [
            2.4297,
            47.94358
          ],
          [
            2.46032,
            48.20994
          ],
          [
            2.49126,
            48.47629
          ],
          [
            2.52252,
            48.74263
          ],
          [
            2.55412,
            49.00896
          ]
        ]
      },
      "properties": {
        "id": "cfk-cdg",
        "from": "CFK",
        "to": "CDG",
        "carrier": "AH",
        "flight": null,
        "status": "unclear",
        "days": null,
        "evidence": "listed",
        "planned": false,
        "source": "https://en.wikipedia.org/wiki/Chlef_International_Airport",
        "great_circle_km": 1426,
        "from_name": "Aéroport de CHLEF",
        "to_name": "Charles de Gaulle International Airport"
      }
    },
    {
      "type": "Feature",
      "geometry": {
        "type": "LineString",
        "coordinates": [
          [
            1.32469,
            36.21763
          ],
          [
            1.3979,
            36.36929
          ],
          [
            1.47139,
            36.5209
          ],
          [
            1.54518,
            36.67246
          ],
          [
            1.61925,
            36.82398
          ],
          [
            1.69362,
            36.97545
          ],
          [
            1.76829,
            37.12688
          ],
          [
            1.84326,
            37.27825
          ],
          [
            1.91852,
            37.42959
          ],
          [
            1.9941,
            37.58087
          ],
          [
            2.06998,
            37.7321
          ],
          [
            2.14617,
            37.88329
          ],
          [
            2.22267,
            38.03443
          ],
          [
            2.2995,
            38.18551
          ],
          [
            2.37664,
            38.33655
          ],
          [
            2.4541,
            38.48753
          ],
          [
            2.53189,
            38.63847
          ],
          [
            2.61,
            38.78935
          ],
          [
            2.68845,
            38.94018
          ],
          [
            2.76723,
            39.09096
          ],
          [
            2.84635,
            39.24168
          ],
          [
            2.92581,
            39.39236
          ],
          [
            3.00561,
            39.54297
          ],
          [
            3.08576,
            39.69353
          ],
          [
            3.16627,
            39.84404
          ],
          [
            3.24712,
            39.99449
          ],
          [
            3.32833,
            40.14488
          ],
          [
            3.4099,
            40.29522
          ],
          [
            3.49184,
            40.4455
          ],
          [
            3.57414,
            40.59572
          ],
          [
            3.65682,
            40.74589
          ],
          [
            3.73986,
            40.89599
          ],
          [
            3.82329,
            41.04603
          ],
          [
            3.9071,
            41.19602
          ],
          [
            3.99129,
            41.34594
          ],
          [
            4.07587,
            41.4958
          ],
          [
            4.16084,
            41.6456
          ],
          [
            4.24621,
            41.79533
          ],
          [
            4.33198,
            41.945
          ],
          [
            4.41815,
            42.09461
          ],
          [
            4.50473,
            42.24416
          ],
          [
            4.59172,
            42.39363
          ],
          [
            4.67912,
            42.54304
          ],
          [
            4.76695,
            42.69239
          ],
          [
            4.85519,
            42.84167
          ],
          [
            4.94387,
            42.99088
          ],
          [
            5.03298,
            43.14002
          ],
          [
            5.12252,
            43.28909
          ],
          [
            5.2125,
            43.43809
          ]
        ]
      },
      "properties": {
        "id": "cfk-mrs",
        "from": "CFK",
        "to": "MRS",
        "carrier": "AH",
        "flight": null,
        "status": "unclear",
        "days": null,
        "evidence": "listed",
        "planned": false,
        "source": "https://en.wikipedia.org/wiki/Chlef_International_Airport",
        "great_circle_km": 869,
        "from_name": "Aéroport de CHLEF",
        "to_name": "Marseille Provence Airport"
      }
    },
    {
      "type": "Feature",
      "geometry": {
        "type": "LineString",
        "coordinates": [
          [
            6.62148,
            36.28378
          ],
          [
            6.55174,
            36.55017
          ],
          [
            6.48153,
            36.81651
          ],
          [
            6.41082,
            37.08281
          ],
          [
            6.33962,
            37.34907
          ],
          [
            6.26791,
            37.61529
          ],
          [
            6.19568,
            37.88146
          ],
          [
            6.12293,
            38.14759
          ],
          [
            6.04964,
            38.41367
          ],
          [
            5.97582,
            38.67971
          ],
          [
            5.90144,
            38.9457
          ],
          [
            5.8265,
            39.21164
          ],
          [
            5.751,
            39.47754
          ],
          [
            5.67491,
            39.74338
          ],
          [
            5.59824,
            40.00918
          ],
          [
            5.52096,
            40.27492
          ],
          [
            5.44308,
            40.54061
          ],
          [
            5.36457,
            40.80625
          ],
          [
            5.28544,
            41.07184
          ],
          [
            5.20566,
            41.33737
          ],
          [
            5.12523,
            41.60284
          ],
          [
            5.04414,
            41.86826
          ],
          [
            4.96237,
            42.13362
          ],
          [
            4.87991,
            42.39893
          ],
          [
            4.79675,
            42.66417
          ],
          [
            4.71288,
            42.92935
          ],
          [
            4.62828,
            43.19448
          ],
          [
            4.54295,
            43.45953
          ],
          [
            4.45686,
            43.72453
          ],
          [
            4.37001,
            43.98946
          ],
          [
            4.28238,
            44.25432
          ],
          [
            4.19396,
            44.51912
          ],
          [
            4.10473,
            44.78384
          ],
          [
            4.01467,
            45.0485
          ],
          [
            3.92378,
            45.31308
          ],
          [
            3.83204,
            45.57759
          ],
          [
            3.73943,
            45.84203
          ],
          [
            3.64594,
            46.10639
          ],
          [
            3.55154,
            46.37068
          ],
          [
            3.45623,
            46.63489
          ],
          [
            3.35998,
            46.89901
          ],
          [
            3.26278,
            47.16306
          ],
          [
            3.16461,
            47.42702
          ],
          [
            3.06545,
            47.6909
          ],
          [
            2.96528,
            47.95469
          ],
          [
            2.86408,
            48.21839
          ],
          [
            2.76183,
            48.48201
          ],
          [
            2.65852,
            48.74553
          ],
          [
            2.55412,
            49.00896
          ]
        ]
      },
      "properties": {
        "id": "czl-cdg",
        "from": "CZL",
        "to": "CDG",
        "carrier": "AH",
        "flight": null,
        "status": "unclear",
        "days": null,
        "evidence": "listed",
        "planned": false,
        "source": "https://en.wikipedia.org/wiki/Mohamed_Boudiaf_International_Airport",
        "great_circle_km": 1453,
        "from_name": "Aéroport de Constantine – Mohamed Boudiaf",
        "to_name": "Charles de Gaulle International Airport"
      }
    },
    {
      "type": "Feature",
      "geometry": {
        "type": "LineString",
        "coordinates": [
          [
            6.62148,
            36.28378
          ],
          [
            6.61513,
            36.54834
          ],
          [
            6.60873,
            36.8129
          ],
          [
            6.60229,
            37.07746
          ],
          [
            6.59581,
            37.34202
          ],
          [
            6.58928,
            37.60657
          ],
          [
            6.5827,
            37.87113
          ],
          [
            6.57607,
            38.13569
          ],
          [
            6.5694,
            38.40025
          ],
          [
            6.56268,
            38.6648
          ],
          [
            6.55591,
            38.92936
          ],
          [
            6.54908,
            39.19391
          ],
          [
            6.54221,
            39.45847
          ],
          [
            6.53528,
            39.72302
          ],
          [
            6.5283,
            39.98757
          ],
          [
            6.52127,
            40.25213
          ],
          [
            6.51418,
            40.51668
          ],
          [
            6.50703,
            40.78123
          ],
          [
            6.49983,
            41.04579
          ],
          [
            6.49257,
            41.31034
          ],
          [
            6.48525,
            41.57489
          ],
          [
            6.47787,
            41.83944
          ],
          [
            6.47043,
            42.10399
          ],
          [
            6.46293,
            42.36854
          ],
          [
            6.45536,
            42.63309
          ],
          [
            6.44773,
            42.89764
          ],
          [
            6.44003,
            43.16219
          ],
          [
            6.43226,
            43.42674
          ],
          [
            6.42443,
            43.69128
          ],
          [
            6.41653,
            43.95583
          ],
          [
            6.40856,
            44.22038
          ],
          [
            6.40051,
            44.48492
          ],
          [
            6.39239,
            44.74947
          ],
          [
            6.3842,
            45.01401
          ],
          [
            6.37593,
            45.27855
          ],
          [
            6.36758,
            45.5431
          ],
          [
            6.35916,
            45.80764
          ],
          [
            6.35065,
            46.07218
          ],
          [
            6.34207,
            46.33672
          ],
          [
            6.33339,
            46.60127
          ],
          [
            6.32464,
            46.86581
          ],
          [
            6.3158,
            47.13034
          ],
          [
            6.30686,
            47.39488
          ],
          [
            6.29784,
            47.65942
          ],
          [
            6.28873,
            47.92396
          ],
          [
            6.27952,
            48.1885
          ],
          [
            6.27022,
            48.45303
          ],
          [
            6.26082,
            48.71757
          ],
          [
            6.25132,
            48.9821
          ]
        ]
      },
      "properties": {
        "id": "czl-etz",
        "from": "CZL",
        "to": "ETZ",
        "carrier": "AH",
        "flight": null,
        "status": "unclear",
        "days": null,
        "evidence": "listed",
        "planned": false,
        "source": "https://en.wikipedia.org/wiki/Mohamed_Boudiaf_International_Airport",
        "great_circle_km": 1412,
        "from_name": "Aéroport de Constantine – Mohamed Boudiaf",
        "to_name": "Metz-Nancy-Lorraine Airport"
      }
    },
    {
      "type": "Feature",
      "geometry": {
        "type": "LineString",
        "coordinates": [
          [
            6.62148,
            36.28378
          ],
          [
            7.04804,
            36.42827
          ],
          [
            7.47619,
            36.57123
          ],
          [
            7.90592,
            36.71265
          ],
          [
            8.33722,
            36.85252
          ],
          [
            8.7701,
            36.99083
          ],
          [
            9.20455,
            37.12757
          ],
          [
            9.64055,
            37.26271
          ],
          [
            10.07812,
            37.39624
          ],
          [
            10.51724,
            37.52816
          ],
          [
            10.9579,
            37.65845
          ],
          [
            11.40011,
            37.78709
          ],
          [
            11.84384,
            37.91408
          ],
          [
            12.28911,
            38.03939
          ],
          [
            12.73588,
            38.16301
          ],
          [
            13.18417,
            38.28494
          ],
          [
            13.63395,
            38.40516
          ],
          [
            14.08522,
            38.52365
          ],
          [
            14.53797,
            38.64041
          ],
          [
            14.99218,
            38.75541
          ],
          [
            15.44785,
            38.86865
          ],
          [
            15.90496,
            38.98012
          ],
          [
            16.36351,
            39.08979
          ],
          [
            16.82346,
            39.19767
          ],
          [
            17.28483,
            39.30373
          ],
          [
            17.74758,
            39.40796
          ],
          [
            18.2117,
            39.51036
          ],
          [
            18.67718,
            39.6109
          ],
          [
            19.144,
            39.70958
          ],
          [
            19.61215,
            39.80639
          ],
          [
            20.0816,
            39.90131
          ],
          [
            20.55234,
            39.99433
          ],
          [
            21.02436,
            40.08545
          ],
          [
            21.49762,
            40.17464
          ],
          [
            21.97212,
            40.2619
          ],
          [
            22.44783,
            40.34722
          ],
          [
            22.92473,
            40.43058
          ],
          [
            23.4028,
            40.51198
          ],
          [
            23.88202,
            40.5914
          ],
          [
            24.36236,
            40.66884
          ],
          [
            24.84381,
            40.74429
          ],
          [
            25.32633,
            40.81772
          ],
          [
            25.80992,
            40.88915
          ],
          [
            26.29453,
            40.95855
          ],
          [
            26.78014,
            41.02592
          ],
          [
            27.26674,
            41.09124
          ],
          [
            27.75429,
            41.15451
          ],
          [
            28.24276,
            41.21573
          ],
          [
            28.73214,
            41.27487
          ]
        ]
      },
      "properties": {
        "id": "czl-ist",
        "from": "CZL",
        "to": "IST",
        "carrier": "AH",
        "flight": null,
        "status": "unclear",
        "days": null,
        "evidence": "listed",
        "planned": false,
        "source": "https://en.wikipedia.org/wiki/Mohamed_Boudiaf_International_Airport",
        "great_circle_km": 1989,
        "from_name": "Aéroport de Constantine – Mohamed Boudiaf",
        "to_name": "İstanbul Airport"
      }
    },
    {
      "type": "Feature",
      "geometry": {
        "type": "LineString",
        "coordinates": [
          [
            6.62148,
            36.28378
          ],
          [
            7.39881,
            36.07281
          ],
          [
            8.17192,
            35.85684
          ],
          [
            8.94079,
            35.63595
          ],
          [
            9.70538,
            35.4102
          ],
          [
            10.46565,
            35.17966
          ],
          [
            11.22157,
            34.9444
          ],
          [
            11.97313,
            34.70448
          ],
          [
            12.7203,
            34.45997
          ],
          [
            13.46307,
            34.21094
          ],
          [
            14.20142,
            33.95746
          ],
          [
            14.93534,
            33.6996
          ],
          [
            15.66484,
            33.43743
          ],
          [
            16.3899,
            33.17101
          ],
          [
            17.11054,
            32.90042
          ],
          [
            17.82676,
            32.62572
          ],
          [
            18.53856,
            32.34697
          ],
          [
            19.24595,
            32.06426
          ],
          [
            19.94896,
            31.77764
          ],
          [
            20.64759,
            31.48718
          ],
          [
            21.34187,
            31.19295
          ],
          [
            22.03182,
            30.89502
          ],
          [
            22.71746,
            30.59345
          ],
          [
            23.39883,
            30.28831
          ],
          [
            24.07594,
            29.97966
          ],
          [
            24.74884,
            29.66757
          ],
          [
            25.41755,
            29.3521
          ],
          [
            26.08211,
            29.03331
          ],
          [
            26.74256,
            28.71128
          ],
          [
            27.39893,
            28.38606
          ],
          [
            28.05127,
            28.05771
          ],
          [
            28.69962,
            27.7263
          ],
          [
            29.34402,
            27.39189
          ],
          [
            29.98452,
            27.05453
          ],
          [
            30.62116,
            26.71429
          ],
          [
            31.25399,
            26.37123
          ],
          [
            31.88306,
            26.0254
          ],
          [
            32.50842,
            25.67686
          ],
          [
            33.13012,
            25.32568
          ],
          [
            33.74821,
            24.9719
          ],
          [
            34.36274,
            24.61558
          ],
          [
            34.97376,
            24.25679
          ],
          [
            35.58134,
            23.89556
          ],
          [
            36.18552,
            23.53197
          ],
          [
            36.78636,
            23.16605
          ],
          [
            37.38392,
            22.79787
          ],
          [
            37.97824,
            22.42747
          ],
          [
            38.5694,
            22.05491
          ],
          [
            39.15744,
            21.68024
          ]
        ]
      },
      "properties": {
        "id": "czl-jed",
        "from": "CZL",
        "to": "JED",
        "carrier": "AH",
        "flight": null,
        "status": "unclear",
        "days": null,
        "evidence": "listed",
        "planned": false,
        "source": "https://en.wikipedia.org/wiki/Mohamed_Boudiaf_International_Airport",
        "great_circle_km": 3533,
        "from_name": "Aéroport de Constantine – Mohamed Boudiaf",
        "to_name": "King Abdulaziz International Airport"
      }
    },
    {
      "type": "Feature",
      "geometry": {
        "type": "LineString",
        "coordinates": [
          [
            6.62148,
            36.28378
          ],
          [
            6.5629,
            36.58228
          ],
          [
            6.50387,
            36.88075
          ],
          [
            6.44437,
            37.17918
          ],
          [
            6.3844,
            37.47759
          ],
          [
            6.32395,
            37.77597
          ],
          [
            6.26301,
            38.07432
          ],
          [
            6.20157,
            38.37263
          ],
          [
            6.13963,
            38.67091
          ],
          [
            6.07716,
            38.96916
          ],
          [
            6.01417,
            39.26738
          ],
          [
            5.95064,
            39.56556
          ],
          [
            5.88655,
            39.8637
          ],
          [
            5.82191,
            40.16181
          ],
          [
            5.7567,
            40.45989
          ],
          [
            5.69091,
            40.75793
          ],
          [
            5.62453,
            41.05593
          ],
          [
            5.55754,
            41.35389
          ],
          [
            5.48994,
            41.65181
          ],
          [
            5.4217,
            41.94969
          ],
          [
            5.35283,
            42.24753
          ],
          [
            5.2833,
            42.54533
          ],
          [
            5.21311,
            42.84309
          ],
          [
            5.14224,
            43.1408
          ],
          [
            5.07067,
            43.43847
          ],
          [
            4.9984,
            43.7361
          ],
          [
            4.9254,
            44.03368
          ],
          [
            4.85167,
            44.33121
          ],
          [
            4.77719,
            44.62869
          ],
          [
            4.70193,
            44.92613
          ],
          [
            4.6259,
            45.22351
          ],
          [
            4.54906,
            45.52085
          ],
          [
            4.47141,
            45.81813
          ],
          [
            4.39293,
            46.11536
          ],
          [
            4.31359,
            46.41253
          ],
          [
            4.23339,
            46.70965
          ],
          [
            4.15229,
            47.00672
          ],
          [
            4.07029,
            47.30372
          ],
          [
            3.98737,
            47.60067
          ],
          [
            3.9035,
            47.89755
          ],
          [
            3.81866,
            48.19437
          ],
          [
            3.73283,
            48.49113
          ],
          [
            3.64599,
            48.78783
          ],
          [
            3.55812,
            49.08446
          ],
          [
            3.46919,
            49.38102
          ],
          [
            3.37918,
            49.67752
          ],
          [
            3.28807,
            49.97394
          ],
          [
            3.19583,
            50.27029
          ],
          [
            3.10243,
            50.56656
          ]
        ]
      },
      "properties": {
        "id": "czl-lil",
        "from": "CZL",
        "to": "LIL",
        "carrier": "AH",
        "flight": null,
        "status": "unclear",
        "days": null,
        "evidence": "listed",
        "planned": false,
        "source": "https://www.routesonline.com/news/38/airlineroute/285075/air-algerie-adds-constantine-lille-from-late-oct-2019/",
        "great_circle_km": 1613,
        "from_name": "Aéroport de Constantine – Mohamed Boudiaf",
        "to_name": "Lille Airport"
      }
    },
    {
      "type": "Feature",
      "geometry": {
        "type": "LineString",
        "coordinates": [
          [
            6.62148,
            36.28378
          ],
          [
            6.59366,
            36.48068
          ],
          [
            6.56569,
            36.67758
          ],
          [
            6.53758,
            36.87446
          ],
          [
            6.50933,
            37.07134
          ],
          [
            6.48093,
            37.26822
          ],
          [
            6.45238,
            37.46508
          ],
          [
            6.42368,
            37.66194
          ],
          [
            6.39483,
            37.8588
          ],
          [
            6.36582,
            38.05564
          ],
          [
            6.33666,
            38.25248
          ],
          [
            6.30734,
            38.44931
          ],
          [
            6.27785,
            38.64613
          ],
          [
            6.24821,
            38.84295
          ],
          [
            6.2184,
            39.03976
          ],
          [
            6.18842,
            39.23656
          ],
          [
            6.15828,
            39.43335
          ],
          [
            6.12796,
            39.63014
          ],
          [
            6.09748,
            39.82692
          ],
          [
            6.06681,
            40.02369
          ],
          [
            6.03597,
            40.22045
          ],
          [
            6.00495,
            40.4172
          ],
          [
            5.97375,
            40.61395
          ],
          [
            5.94236,
            40.81068
          ],
          [
            5.91079,
            41.00741
          ],
          [
            5.87903,
            41.20413
          ],
          [
            5.84707,
            41.40084
          ],
          [
            5.81493,
            41.59754
          ],
          [
            5.78258,
            41.79423
          ],
          [
            5.75004,
            41.99092
          ],
          [
            5.71729,
            42.18759
          ],
          [
            5.68434,
            42.38426
          ],
          [
            5.65119,
            42.58091
          ],
          [
            5.61782,
            42.77756
          ],
          [
            5.58424,
            42.97419
          ],
          [
            5.55045,
            43.17082
          ],
          [
            5.51643,
            43.36744
          ],
          [
            5.4822,
            43.56404
          ],
          [
            5.44774,
            43.76064
          ],
          [
            5.41306,
            43.95722
          ],
          [
            5.37814,
            44.1538
          ],
          [
            5.34299,
            44.35036
          ],
          [
            5.3076,
            44.54691
          ],
          [
            5.27198,
            44.74346
          ],
          [
            5.23611,
            44.93999
          ],
          [
            5.2,
            45.13651
          ],
          [
            5.16363,
            45.33301
          ],
          [
            5.12701,
            45.52951
          ],
          [
            5.09014,
            45.726
          ]
        ]
      },
      "properties": {
        "id": "czl-lys",
        "from": "CZL",
        "to": "LYS",
        "carrier": "AH",
        "flight": null,
        "status": "unclear",
        "days": null,
        "evidence": "listed",
        "planned": false,
        "source": "https://en.wikipedia.org/wiki/Mohamed_Boudiaf_International_Airport",
        "great_circle_km": 1058,
        "from_name": "Aéroport de Constantine – Mohamed Boudiaf",
        "to_name": "Lyon Saint-Exupéry Airport"
      }
    },
    {
      "type": "Feature",
      "geometry": {
        "type": "LineString",
        "coordinates": [
          [
            6.62148,
            36.28378
          ],
          [
            7.39154,
            36.13597
          ],
          [
            8.15865,
            35.98324
          ],
          [
            8.92275,
            35.82565
          ],
          [
            9.68378,
            35.66324
          ],
          [
            10.44167,
            35.49606
          ],
          [
            11.19637,
            35.32416
          ],
          [
            11.94783,
            35.1476
          ],
          [
            12.69599,
            34.96641
          ],
          [
            13.4408,
            34.78066
          ],
          [
            14.18223,
            34.59039
          ],
          [
            14.92023,
            34.39566
          ],
          [
            15.65477,
            34.19652
          ],
          [
            16.38581,
            33.99302
          ],
          [
            17.11331,
            33.78521
          ],
          [
            17.83726,
            33.57316
          ],
          [
            18.55763,
            33.35692
          ],
          [
            19.27439,
            33.13654
          ],
          [
            19.98753,
            32.91207
          ],
          [
            20.69702,
            32.68358
          ],
          [
            21.40287,
            32.45111
          ],
          [
            22.10505,
            32.21472
          ],
          [
            22.80356,
            31.97448
          ],
          [
            23.4984,
            31.73043
          ],
          [
            24.18956,
            31.48263
          ],
          [
            24.87704,
            31.23113
          ],
          [
            25.56084,
            30.976
          ],
          [
            26.24097,
            30.71729
          ],
          [
            26.91744,
            30.45505
          ],
          [
            27.59025,
            30.18934
          ],
          [
            28.25941,
            29.92022
          ],
          [
            28.92495,
            29.64773
          ],
          [
            29.58687,
            29.37194
          ],
          [
            30.2452,
            29.0929
          ],
          [
            30.89995,
            28.81066
          ],
          [
            31.55113,
            28.52528
          ],
          [
            32.19879,
            28.23681
          ],
          [
            32.84293,
            27.9453
          ],
          [
            33.48359,
            27.65082
          ],
          [
            34.12078,
            27.3534
          ],
          [
            34.75455,
            27.05311
          ],
          [
            35.38492,
            26.75
          ],
          [
            36.01192,
            26.44411
          ],
          [
            36.63559,
            26.1355
          ],
          [
            37.25595,
            25.82422
          ],
          [
            37.87305,
            25.51032
          ],
          [
            38.48692,
            25.19385
          ],
          [
            39.09759,
            24.87486
          ],
          [
            39.7051,
            24.5534
          ]
        ]
      },
      "properties": {
        "id": "czl-med",
        "from": "CZL",
        "to": "MED",
        "carrier": "AH",
        "flight": null,
        "status": "unclear",
        "days": null,
        "evidence": "listed",
        "planned": false,
        "source": "https://en.wikipedia.org/wiki/Mohamed_Boudiaf_International_Airport",
        "great_circle_km": 3409,
        "from_name": "Aéroport de Constantine – Mohamed Boudiaf",
        "to_name": "Prince Mohammad Bin Abdulaziz Airport"
      }
    },
    {
      "type": "Feature",
      "geometry": {
        "type": "LineString",
        "coordinates": [
          [
            6.62148,
            36.28378
          ],
          [
            6.70813,
            36.27429
          ],
          [
            6.79476,
            36.26473
          ],
          [
            6.88136,
            36.2551
          ],
          [
            6.96795,
            36.24542
          ],
          [
            7.05452,
            36.23567
          ],
          [
            7.14106,
            36.22586
          ],
          [
            7.22758,
            36.21599
          ],
          [
            7.31408,
            36.20606
          ],
          [
            7.40056,
            36.19606
          ],
          [
            7.48701,
            36.186
          ],
          [
            7.57344,
            36.17588
          ],
          [
            7.65985,
            36.1657
          ],
          [
            7.74624,
            36.15545
          ],
          [
            7.83261,
            36.14515
          ],
          [
            7.91895,
            36.13478
          ],
          [
            8.00527,
            36.12435
          ],
          [
            8.09156,
            36.11385
          ],
          [
            8.17784,
            36.1033
          ],
          [
            8.26409,
            36.09268
          ],
          [
            8.35031,
            36.082
          ],
          [
            8.43652,
            36.07126
          ],
          [
            8.5227,
            36.06046
          ],
          [
            8.60885,
            36.0496
          ],
          [
            8.69499,
            36.03867
          ],
          [
            8.78109,
            36.02769
          ],
          [
            8.86718,
            36.01664
          ],
          [
            8.95324,
            36.00553
          ],
          [
            9.03927,
            35.99436
          ],
          [
            9.12528,
            35.98313
          ],
          [
            9.21127,
            35.97183
          ],
          [
            9.29723,
            35.96048
          ],
          [
            9.38317,
            35.94906
          ],
          [
            9.46908,
            35.93758
          ],
          [
            9.55497,
            35.92604
          ],
          [
            9.64083,
            35.91444
          ],
          [
            9.72667,
            35.90278
          ],
          [
            9.81248,
            35.89106
          ],
          [
            9.89827,
            35.87928
          ],
          [
            9.98403,
            35.86743
          ],
          [
            10.06976,
            35.85553
          ],
          [
            10.15547,
            35.84356
          ],
          [
            10.24115,
            35.83154
          ],
          [
            10.32681,
            35.81945
          ],
          [
            10.41244,
            35.8073
          ],
          [
            10.49804,
            35.79509
          ],
          [
            10.58362,
            35.78282
          ],
          [
            10.66917,
            35.77049
          ],
          [
            10.7547,
            35.7581
          ]
        ]
      },
      "properties": {
        "id": "czl-mir",
        "from": "CZL",
        "to": "MIR",
        "carrier": "AH",
        "flight": null,
        "status": "unclear",
        "days": null,
        "evidence": "listed",
        "planned": false,
        "source": "https://www.aaco.org/media-center/news/aaco-members/air-algerie-commences-constantine-monastir-and-algiers-luanda-services-in-june-2026",
        "great_circle_km": 376,
        "from_name": "Aéroport de Constantine – Mohamed Boudiaf",
        "to_name": "Monastir Habib Bourguiba International Airport"
      }
    },
    {
      "type": "Feature",
      "geometry": {
        "type": "LineString",
        "coordinates": [
          [
            6.62148,
            36.28378
          ],
          [
            6.59492,
            36.43299
          ],
          [
            6.56826,
            36.5822
          ],
          [
            6.54149,
            36.73139
          ],
          [
            6.51462,
            36.88059
          ],
          [
            6.48765,
            37.02977
          ],
          [
            6.46057,
            37.17895
          ],
          [
            6.43338,
            37.32812
          ],
          [
            6.40608,
            37.47729
          ],
          [
            6.37868,
            37.62645
          ],
          [
            6.35116,
            37.77561
          ],
          [
            6.32353,
            37.92475
          ],
          [
            6.29579,
            38.07389
          ],
          [
            6.26794,
            38.22303
          ],
          [
            6.23997,
            38.37216
          ],
          [
            6.21189,
            38.52128
          ],
          [
            6.18369,
            38.67039
          ],
          [
            6.15537,
            38.8195
          ],
          [
            6.12694,
            38.9686
          ],
          [
            6.09838,
            39.1177
          ],
          [
            6.06971,
            39.26678
          ],
          [
            6.04091,
            39.41586
          ],
          [
            6.01198,
            39.56494
          ],
          [
            5.98294,
            39.714
          ],
          [
            5.95376,
            39.86306
          ],
          [
            5.92446,
            40.01211
          ],
          [
            5.89504,
            40.16116
          ],
          [
            5.86548,
            40.31019
          ],
          [
            5.83579,
            40.45922
          ],
          [
            5.80597,
            40.60824
          ],
          [
            5.77602,
            40.75726
          ],
          [
            5.74593,
            40.90626
          ],
          [
            5.7157,
            41.05526
          ],
          [
            5.68534,
            41.20425
          ],
          [
            5.65484,
            41.35323
          ],
          [
            5.6242,
            41.5022
          ],
          [
            5.59342,
            41.65117
          ],
          [
            5.5625,
            41.80013
          ],
          [
            5.53143,
            41.94908
          ],
          [
            5.50021,
            42.09802
          ],
          [
            5.46885,
            42.24695
          ],
          [
            5.43734,
            42.39587
          ],
          [
            5.40569,
            42.54479
          ],
          [
            5.37388,
            42.69369
          ],
          [
            5.34191,
            42.84259
          ],
          [
            5.30979,
            42.99148
          ],
          [
            5.27752,
            43.14036
          ],
          [
            5.24509,
            43.28923
          ],
          [
            5.2125,
            43.43809
          ]
        ]
      },
      "properties": {
        "id": "czl-mrs",
        "from": "CZL",
        "to": "MRS",
        "carrier": "AH",
        "flight": null,
        "status": "unclear",
        "days": null,
        "evidence": "listed",
        "planned": false,
        "source": "https://en.wikipedia.org/wiki/Mohamed_Boudiaf_International_Airport",
        "great_circle_km": 805,
        "from_name": "Aéroport de Constantine – Mohamed Boudiaf",
        "to_name": "Marseille Provence Airport"
      }
    },
    {
      "type": "Feature",
      "geometry": {
        "type": "LineString",
        "coordinates": [
          [
            6.62148,
            36.28378
          ],
          [
            6.63265,
            36.43745
          ],
          [
            6.64386,
            36.59112
          ],
          [
            6.65511,
            36.74478
          ],
          [
            6.66641,
            36.89844
          ],
          [
            6.67776,
            37.05211
          ],
          [
            6.68915,
            37.20577
          ],
          [
            6.70059,
            37.35943
          ],
          [
            6.71208,
            37.51309
          ],
          [
            6.72361,
            37.66674
          ],
          [
            6.73519,
            37.8204
          ],
          [
            6.74682,
            37.97406
          ],
          [
            6.7585,
            38.12771
          ],
          [
            6.77022,
            38.28136
          ],
          [
            6.782,
            38.43502
          ],
          [
            6.79383,
            38.58867
          ],
          [
            6.80571,
            38.74232
          ],
          [
            6.81764,
            38.89597
          ],
          [
            6.82962,
            39.04961
          ],
          [
            6.84165,
            39.20326
          ],
          [
            6.85374,
            39.3569
          ],
          [
            6.86588,
            39.51055
          ],
          [
            6.87807,
            39.66419
          ],
          [
            6.89032,
            39.81783
          ],
          [
            6.90262,
            39.97147
          ],
          [
            6.91498,
            40.12511
          ],
          [
            6.92739,
            40.27875
          ],
          [
            6.93986,
            40.43238
          ],
          [
            6.95239,
            40.58602
          ],
          [
            6.96497,
            40.73965
          ],
          [
            6.97762,
            40.89328
          ],
          [
            6.99032,
            41.04691
          ],
          [
            7.00308,
            41.20054
          ],
          [
            7.0159,
            41.35417
          ],
          [
            7.02879,
            41.50779
          ],
          [
            7.04173,
            41.66142
          ],
          [
            7.05474,
            41.81504
          ],
          [
            7.0678,
            41.96866
          ],
          [
            7.08093,
            42.12228
          ],
          [
            7.09413,
            42.2759
          ],
          [
            7.10739,
            42.42952
          ],
          [
            7.12071,
            42.58314
          ],
          [
            7.13411,
            42.73675
          ],
          [
            7.14756,
            42.89036
          ],
          [
            7.16109,
            43.04397
          ],
          [
            7.17468,
            43.19758
          ],
          [
            7.18834,
            43.35119
          ],
          [
            7.20207,
            43.5048
          ],
          [
            7.21587,
            43.6584
          ]
        ]
      },
      "properties": {
        "id": "czl-nce",
        "from": "CZL",
        "to": "NCE",
        "carrier": "AH",
        "flight": null,
        "status": "unclear",
        "days": null,
        "evidence": "listed",
        "planned": false,
        "source": "https://en.wikipedia.org/wiki/Mohamed_Boudiaf_International_Airport",
        "great_circle_km": 822,
        "from_name": "Aéroport de Constantine – Mohamed Boudiaf",
        "to_name": "Nice-Côte d'Azur Airport"
      }
    },
    {
      "type": "Feature",
      "geometry": {
        "type": "LineString",
        "coordinates": [
          [
            6.62148,
            36.28378
          ],
          [
            6.54802,
            36.54448
          ],
          [
            6.47407,
            36.80512
          ],
          [
            6.39962,
            37.06572
          ],
          [
            6.32465,
            37.32628
          ],
          [
            6.24915,
            37.58678
          ],
          [
            6.17313,
            37.84724
          ],
          [
            6.09657,
            38.10765
          ],
          [
            6.01946,
            38.368
          ],
          [
            5.9418,
            38.62831
          ],
          [
            5.86356,
            38.88857
          ],
          [
            5.78476,
            39.14877
          ],
          [
            5.70537,
            39.40892
          ],
          [
            5.62538,
            39.66901
          ],
          [
            5.54479,
            39.92905
          ],
          [
            5.46358,
            40.18904
          ],
          [
            5.38175,
            40.44896
          ],
          [
            5.29929,
            40.70883
          ],
          [
            5.21618,
            40.96864
          ],
          [
            5.13241,
            41.22839
          ],
          [
            5.04797,
            41.48808
          ],
          [
            4.96286,
            41.7477
          ],
          [
            4.87705,
            42.00726
          ],
          [
            4.79054,
            42.26676
          ],
          [
            4.70331,
            42.52619
          ],
          [
            4.61536,
            42.78556
          ],
          [
            4.52667,
            43.04486
          ],
          [
            4.43722,
            43.30409
          ],
          [
            4.34701,
            43.56324
          ],
          [
            4.25602,
            43.82233
          ],
          [
            4.16424,
            44.08134
          ],
          [
            4.07164,
            44.34028
          ],
          [
            3.97823,
            44.59915
          ],
          [
            3.88398,
            44.85793
          ],
          [
            3.78888,
            45.11664
          ],
          [
            3.69292,
            45.37527
          ],
          [
            3.59607,
            45.63382
          ],
          [
            3.49833,
            45.89229
          ],
          [
            3.39967,
            46.15067
          ],
          [
            3.30008,
            46.40897
          ],
          [
            3.19954,
            46.66717
          ],
          [
            3.09804,
            46.92529
          ],
          [
            2.99556,
            47.18332
          ],
          [
            2.89207,
            47.44126
          ],
          [
            2.78757,
            47.6991
          ],
          [
            2.68202,
            47.95685
          ],
          [
            2.57542,
            48.2145
          ],
          [
            2.46774,
            48.47205
          ],
          [
            2.35896,
            48.7295
          ]
        ]
      },
      "properties": {
        "id": "czl-ory",
        "from": "CZL",
        "to": "ORY",
        "carrier": "AH",
        "flight": null,
        "status": "unclear",
        "days": null,
        "evidence": "listed",
        "planned": false,
        "source": "https://en.wikipedia.org/wiki/Mohamed_Boudiaf_International_Airport",
        "great_circle_km": 1427,
        "from_name": "Aéroport de Constantine – Mohamed Boudiaf",
        "to_name": "Paris-Orly Airport"
      }
    },
    {
      "type": "Feature",
      "geometry": {
        "type": "LineString",
        "coordinates": [
          [
            6.62148,
            36.28378
          ],
          [
            7.24952,
            36.17834
          ],
          [
            7.87585,
            36.06963
          ],
          [
            8.50042,
            35.95766
          ],
          [
            9.1232,
            35.84247
          ],
          [
            9.74415,
            35.72408
          ],
          [
            10.36323,
            35.6025
          ],
          [
            10.9804,
            35.47777
          ],
          [
            11.59565,
            35.34991
          ],
          [
            12.20892,
            35.21894
          ],
          [
            12.82019,
            35.08488
          ],
          [
            13.42944,
            34.94777
          ],
          [
            14.03663,
            34.80763
          ],
          [
            14.64173,
            34.66448
          ],
          [
            15.24473,
            34.51835
          ],
          [
            15.84559,
            34.36927
          ],
          [
            16.4443,
            34.21727
          ],
          [
            17.04083,
            34.06236
          ],
          [
            17.63516,
            33.90459
          ],
          [
            18.22728,
            33.74397
          ],
          [
            18.81716,
            33.58053
          ],
          [
            19.4048,
            33.41431
          ],
          [
            19.99017,
            33.24533
          ],
          [
            20.57327,
            33.07361
          ],
          [
            21.15407,
            32.8992
          ],
          [
            21.73258,
            32.72211
          ],
          [
            22.30877,
            32.54237
          ],
          [
            22.88265,
            32.36001
          ],
          [
            23.4542,
            32.17507
          ],
          [
            24.02342,
            31.98757
          ],
          [
            24.5903,
            31.79754
          ],
          [
            25.15483,
            31.605
          ],
          [
            25.71703,
            31.41
          ],
          [
            26.27687,
            31.21255
          ],
          [
            26.83437,
            31.01269
          ],
          [
            27.38953,
            30.81044
          ],
          [
            27.94233,
            30.60583
          ],
          [
            28.49279,
            30.3989
          ],
          [
            29.04092,
            30.18967
          ],
          [
            29.5867,
            29.97817
          ],
          [
            30.13015,
            29.76443
          ],
          [
            30.67128,
            29.54848
          ],
          [
            31.21009,
            29.33034
          ],
          [
            31.74659,
            29.11005
          ],
          [
            32.28078,
            28.88763
          ],
          [
            32.81268,
            28.66312
          ],
          [
            33.3423,
            28.43653
          ],
          [
            33.86964,
            28.20791
          ],
          [
            34.39472,
            27.97727
          ]
        ]
      },
      "properties": {
        "id": "czl-ssh",
        "from": "CZL",
        "to": "SSH",
        "carrier": "AH",
        "flight": null,
        "status": "unclear",
        "days": null,
        "evidence": "listed",
        "planned": false,
        "source": "https://www.aeroroutes.com/eng/250722-ah3q25eg",
        "great_circle_km": 2762,
        "from_name": "Aéroport de Constantine – Mohamed Boudiaf",
        "to_name": "Sharm El Sheikh International Airport"
      }
    },
    {
      "type": "Feature",
      "geometry": {
        "type": "LineString",
        "coordinates": [
          [
            6.62148,
            36.28378
          ],
          [
            6.52271,
            36.43906
          ],
          [
            6.42355,
            36.59425
          ],
          [
            6.32399,
            36.74935
          ],
          [
            6.22403,
            36.90438
          ],
          [
            6.12366,
            37.05932
          ],
          [
            6.02288,
            37.21417
          ],
          [
            5.92169,
            37.36894
          ],
          [
            5.82007,
            37.52362
          ],
          [
            5.71804,
            37.67822
          ],
          [
            5.61558,
            37.83273
          ],
          [
            5.51269,
            37.98715
          ],
          [
            5.40936,
            38.14147
          ],
          [
            5.3056,
            38.29571
          ],
          [
            5.20139,
            38.44986
          ],
          [
            5.09674,
            38.60391
          ],
          [
            4.99164,
            38.75787
          ],
          [
            4.88609,
            38.91173
          ],
          [
            4.78007,
            39.0655
          ],
          [
            4.67359,
            39.21917
          ],
          [
            4.56665,
            39.37275
          ],
          [
            4.45924,
            39.52623
          ],
          [
            4.35135,
            39.6796
          ],
          [
            4.24297,
            39.83288
          ],
          [
            4.13412,
            39.98606
          ],
          [
            4.02477,
            40.13913
          ],
          [
            3.91494,
            40.2921
          ],
          [
            3.8046,
            40.44497
          ],
          [
            3.69376,
            40.59773
          ],
          [
            3.58241,
            40.75038
          ],
          [
            3.47056,
            40.90293
          ],
          [
            3.35818,
            41.05537
          ],
          [
            3.24528,
            41.2077
          ],
          [
            3.13186,
            41.35992
          ],
          [
            3.0179,
            41.51202
          ],
          [
            2.90341,
            41.66401
          ],
          [
            2.78837,
            41.81589
          ],
          [
            2.67279,
            41.96766
          ],
          [
            2.55666,
            42.1193
          ],
          [
            2.43997,
            42.27083
          ],
          [
            2.32272,
            42.42224
          ],
          [
            2.2049,
            42.57353
          ],
          [
            2.08651,
            42.7247
          ],
          [
            1.96754,
            42.87575
          ],
          [
            1.84798,
            43.02667
          ],
          [
            1.72784,
            43.17747
          ],
          [
            1.6071,
            43.32814
          ],
          [
            1.48576,
            43.47869
          ],
          [
            1.36382,
            43.6291
          ]
        ]
      },
      "properties": {
        "id": "czl-tls",
        "from": "CZL",
        "to": "TLS",
        "carrier": "AH",
        "flight": "AH 1052",
        "status": "active",
        "days": [
          "tue"
        ],
        "evidence": "verified",
        "planned": false,
        "source": "https://www.toulouse.aeroport.fr/vols-et-destinations/constantine",
        "great_circle_km": 931,
        "from_name": "Aéroport de Constantine – Mohamed Boudiaf",
        "to_name": "Toulouse-Blagnac Airport"
      }
    },
    {
      "type": "Feature",
      "geometry": {
        "type": "LineString",
        "coordinates": [
          [
            9.46572,
            24.28966
          ],
          [
            9.35847,
            24.80781
          ],
          [
            9.25031,
            25.32588
          ],
          [
            9.14123,
            25.84387
          ],
          [
            9.03119,
            26.36177
          ],
          [
            8.92016,
            26.8796
          ],
          [
            8.80811,
            27.39733
          ],
          [
            8.695,
            27.91498
          ],
          [
            8.5808,
            28.43253
          ],
          [
            8.46548,
            28.94999
          ],
          [
            8.34901,
            29.46734
          ],
          [
            8.23134,
            29.9846
          ],
          [
            8.11243,
            30.50174
          ],
          [
            7.99226,
            31.01878
          ],
          [
            7.87077,
            31.53571
          ],
          [
            7.74793,
            32.05252
          ],
          [
            7.6237,
            32.56921
          ],
          [
            7.49803,
            33.08578
          ],
          [
            7.37087,
            33.60222
          ],
          [
            7.24218,
            34.11852
          ],
          [
            7.11191,
            34.6347
          ],
          [
            6.98001,
            35.15073
          ],
          [
            6.84642,
            35.66661
          ],
          [
            6.7111,
            36.18235
          ],
          [
            6.57398,
            36.69793
          ],
          [
            6.43502,
            37.21336
          ],
          [
            6.29414,
            37.72862
          ],
          [
            6.15128,
            38.24371
          ],
          [
            6.00639,
            38.75862
          ],
          [
            5.85939,
            39.27335
          ],
          [
            5.71022,
            39.7879
          ],
          [
            5.5588,
            40.30225
          ],
          [
            5.40506,
            40.8164
          ],
          [
            5.24891,
            41.33034
          ],
          [
            5.09028,
            41.84407
          ],
          [
            4.92909,
            42.35758
          ],
          [
            4.76524,
            42.87085
          ],
          [
            4.59864,
            43.38389
          ],
          [
            4.4292,
            43.89669
          ],
          [
            4.25681,
            44.40923
          ],
          [
            4.08138,
            44.9215
          ],
          [
            3.9028,
            45.4335
          ],
          [
            3.72094,
            45.94522
          ],
          [
            3.53569,
            46.45665
          ],
          [
            3.34694,
            46.96776
          ],
          [
            3.15454,
            47.47857
          ],
          [
            2.95837,
            47.98904
          ],
          [
            2.75828,
            48.49918
          ],
          [
            2.55412,
            49.00896
          ]
        ]
      },
      "properties": {
        "id": "djg-cdg",
        "from": "DJG",
        "to": "CDG",
        "carrier": "AH",
        "flight": null,
        "status": "unclear",
        "days": null,
        "evidence": "listed",
        "planned": false,
        "source": "https://en.wikipedia.org/wiki/Djanet_Inedbirene_Airport",
        "great_circle_km": 2814,
        "from_name": "Aéroport de DJANET / Tiska-DJANET",
        "to_name": "Charles de Gaulle International Airport"
      }
    },
    {
      "type": "Feature",
      "geometry": {
        "type": "LineString",
        "coordinates": [
          [
            6.78487,
            33.50741
          ],
          [
            6.71444,
            33.8317
          ],
          [
            6.64348,
            34.15594
          ],
          [
            6.57197,
            34.48015
          ],
          [
            6.4999,
            34.80431
          ],
          [
            6.42726,
            35.12843
          ],
          [
            6.35404,
            35.4525
          ],
          [
            6.28023,
            35.77653
          ],
          [
            6.20582,
            36.10052
          ],
          [
            6.13079,
            36.42446
          ],
          [
            6.05513,
            36.74835
          ],
          [
            5.97882,
            37.07219
          ],
          [
            5.90187,
            37.39599
          ],
          [
            5.82425,
            37.71973
          ],
          [
            5.74594,
            38.04342
          ],
          [
            5.66694,
            38.36706
          ],
          [
            5.58723,
            38.69065
          ],
          [
            5.5068,
            39.01418
          ],
          [
            5.42563,
            39.33766
          ],
          [
            5.3437,
            39.66108
          ],
          [
            5.261,
            39.98444
          ],
          [
            5.17752,
            40.30774
          ],
          [
            5.09323,
            40.63098
          ],
          [
            5.00812,
            40.95416
          ],
          [
            4.92218,
            41.27728
          ],
          [
            4.83538,
            41.60033
          ],
          [
            4.7477,
            41.92331
          ],
          [
            4.65914,
            42.24623
          ],
          [
            4.56966,
            42.56908
          ],
          [
            4.47926,
            42.89186
          ],
          [
            4.3879,
            43.21457
          ],
          [
            4.29557,
            43.5372
          ],
          [
            4.20224,
            43.85976
          ],
          [
            4.1079,
            44.18224
          ],
          [
            4.01253,
            44.50464
          ],
          [
            3.91609,
            44.82697
          ],
          [
            3.81857,
            45.14921
          ],
          [
            3.71994,
            45.47136
          ],
          [
            3.62017,
            45.79343
          ],
          [
            3.51925,
            46.11542
          ],
          [
            3.41714,
            46.43731
          ],
          [
            3.31382,
            46.75911
          ],
          [
            3.20925,
            47.08082
          ],
          [
            3.10342,
            47.40243
          ],
          [
            2.99628,
            47.72394
          ],
          [
            2.88782,
            48.04536
          ],
          [
            2.77799,
            48.36666
          ],
          [
            2.66677,
            48.68787
          ],
          [
            2.55412,
            49.00896
          ]
        ]
      },
      "properties": {
        "id": "elu-cdg",
        "from": "ELU",
        "to": "CDG",
        "carrier": "AH",
        "flight": null,
        "status": "unclear",
        "days": null,
        "evidence": "listed",
        "planned": false,
        "source": "https://en.wikipedia.org/wiki/Guemar_Airport",
        "great_circle_km": 1759,
        "from_name": "Aéroport d’El Oued/Guemar",
        "to_name": "Charles de Gaulle International Airport"
      }
    },
    {
      "type": "Feature",
      "geometry": {
        "type": "LineString",
        "coordinates": [
          [
            6.25132,
            48.9821
          ],
          [
            6.07379,
            48.70849
          ],
          [
            5.89819,
            48.43461
          ],
          [
            5.72447,
            48.16047
          ],
          [
            5.55259,
            47.88607
          ],
          [
            5.38253,
            47.61141
          ],
          [
            5.21425,
            47.33651
          ],
          [
            5.04771,
            47.06136
          ],
          [
            4.88288,
            46.78597
          ],
          [
            4.71973,
            46.51035
          ],
          [
            4.55823,
            46.2345
          ],
          [
            4.39834,
            45.95842
          ],
          [
            4.24004,
            45.68213
          ],
          [
            4.0833,
            45.40561
          ],
          [
            3.92808,
            45.12889
          ],
          [
            3.77436,
            44.85195
          ],
          [
            3.62212,
            44.57482
          ],
          [
            3.47131,
            44.29748
          ],
          [
            3.32193,
            44.01994
          ],
          [
            3.17394,
            43.74221
          ],
          [
            3.02732,
            43.4643
          ],
          [
            2.88204,
            43.1862
          ],
          [
            2.73808,
            42.90791
          ],
          [
            2.59541,
            42.62945
          ],
          [
            2.45401,
            42.35081
          ],
          [
            2.31386,
            42.072
          ],
          [
            2.17494,
            41.79302
          ],
          [
            2.03722,
            41.51387
          ],
          [
            1.90069,
            41.23456
          ],
          [
            1.76532,
            40.95509
          ],
          [
            1.63109,
            40.67547
          ],
          [
            1.49798,
            40.39569
          ],
          [
            1.36597,
            40.11576
          ],
          [
            1.23505,
            39.83568
          ],
          [
            1.10519,
            39.55545
          ],
          [
            0.97637,
            39.27508
          ],
          [
            0.84858,
            38.99457
          ],
          [
            0.7218,
            38.71392
          ],
          [
            0.59602,
            38.43314
          ],
          [
            0.4712,
            38.15222
          ],
          [
            0.34735,
            37.87117
          ],
          [
            0.22444,
            37.58999
          ],
          [
            0.10245,
            37.30869
          ],
          [
            -0.01863,
            37.02726
          ],
          [
            -0.13881,
            36.74571
          ],
          [
            -0.25812,
            36.46404
          ],
          [
            -0.37656,
            36.18225
          ],
          [
            -0.49415,
            35.90035
          ],
          [
            -0.61091,
            35.61833
          ]
        ]
      },
      "properties": {
        "id": "etz-orn",
        "from": "ETZ",
        "to": "ORN",
        "carrier": "AH",
        "flight": "AH 1185",
        "status": "seasonal",
        "days": null,
        "evidence": "verified",
        "planned": false,
        "source": "https://www.lorraineaeroport.com/vols-destinations/oran/",
        "great_circle_km": 1588,
        "from_name": "Metz-Nancy-Lorraine Airport",
        "to_name": "Aéroport d’Oran – Ahmed Benbella"
      }
    },
    {
      "type": "Feature",
      "geometry": {
        "type": "LineString",
        "coordinates": [
          [
            8.55835,
            50.02671
          ],
          [
            8.41894,
            49.75199
          ],
          [
            8.28111,
            49.4771
          ],
          [
            8.14481,
            49.20205
          ],
          [
            8.01002,
            48.92685
          ],
          [
            7.87671,
            48.65148
          ],
          [
            7.74484,
            48.37597
          ],
          [
            7.6144,
            48.10031
          ],
          [
            7.48535,
            47.8245
          ],
          [
            7.35766,
            47.54854
          ],
          [
            7.23131,
            47.27245
          ],
          [
            7.10627,
            46.99622
          ],
          [
            6.98252,
            46.71986
          ],
          [
            6.86003,
            46.44336
          ],
          [
            6.73878,
            46.16674
          ],
          [
            6.61874,
            45.88998
          ],
          [
            6.4999,
            45.6131
          ],
          [
            6.38222,
            45.33611
          ],
          [
            6.26568,
            45.05899
          ],
          [
            6.15027,
            44.78175
          ],
          [
            6.03597,
            44.5044
          ],
          [
            5.92274,
            44.22693
          ],
          [
            5.81058,
            43.94936
          ],
          [
            5.69947,
            43.67167
          ],
          [
            5.58937,
            43.39388
          ],
          [
            5.48028,
            43.11599
          ],
          [
            5.37218,
            42.83799
          ],
          [
            5.26505,
            42.55989
          ],
          [
            5.15886,
            42.28169
          ],
          [
            5.05361,
            42.0034
          ],
          [
            4.94928,
            41.72501
          ],
          [
            4.84585,
            41.44653
          ],
          [
            4.7433,
            41.16795
          ],
          [
            4.64162,
            40.88928
          ],
          [
            4.5408,
            40.61053
          ],
          [
            4.44081,
            40.33169
          ],
          [
            4.34164,
            40.05276
          ],
          [
            4.24328,
            39.77375
          ],
          [
            4.14572,
            39.49466
          ],
          [
            4.04894,
            39.21549
          ],
          [
            3.95292,
            38.93623
          ],
          [
            3.85766,
            38.6569
          ],
          [
            3.76314,
            38.37749
          ],
          [
            3.66934,
            38.09801
          ],
          [
            3.57626,
            37.81845
          ],
          [
            3.48388,
            37.53882
          ],
          [
            3.3922,
            37.25912
          ],
          [
            3.30119,
            36.97935
          ],
          [
            3.21085,
            36.69951
          ]
        ]
      },
      "properties": {
        "id": "fra-alg",
        "from": "FRA",
        "to": "ALG",
        "carrier": "AH",
        "flight": null,
        "status": "active",
        "days": null,
        "evidence": "verified",
        "planned": false,
        "source": "https://www.airalgerie.dz/decouvrir/nos-destinations/",
        "great_circle_km": 1543,
        "from_name": "Frankfurt Main Airport",
        "to_name": "Aéroport d’Alger – Houari Boumediene"
      }
    },
    {
      "type": "Feature",
      "geometry": {
        "type": "LineString",
        "coordinates": [
          [
            5.87778,
            36.79341
          ],
          [
            5.86516,
            36.93187
          ],
          [
            5.8525,
            37.07034
          ],
          [
            5.83979,
            37.2088
          ],
          [
            5.82703,
            37.34727
          ],
          [
            5.81422,
            37.48573
          ],
          [
            5.80137,
            37.62419
          ],
          [
            5.78847,
            37.76265
          ],
          [
            5.77552,
            37.9011
          ],
          [
            5.76253,
            38.03956
          ],
          [
            5.74948,
            38.17802
          ],
          [
            5.73638,
            38.31647
          ],
          [
            5.72324,
            38.45492
          ],
          [
            5.71004,
            38.59337
          ],
          [
            5.69679,
            38.73182
          ],
          [
            5.68349,
            38.87027
          ],
          [
            5.67014,
            39.00871
          ],
          [
            5.65674,
            39.14716
          ],
          [
            5.64328,
            39.2856
          ],
          [
            5.62977,
            39.42404
          ],
          [
            5.61621,
            39.56248
          ],
          [
            5.60259,
            39.70092
          ],
          [
            5.58892,
            39.83935
          ],
          [
            5.57519,
            39.97779
          ],
          [
            5.56141,
            40.11622
          ],
          [
            5.54757,
            40.25465
          ],
          [
            5.53367,
            40.39308
          ],
          [
            5.51972,
            40.53151
          ],
          [
            5.50571,
            40.66994
          ],
          [
            5.49164,
            40.80836
          ],
          [
            5.47751,
            40.94679
          ],
          [
            5.46332,
            41.08521
          ],
          [
            5.44907,
            41.22363
          ],
          [
            5.43477,
            41.36204
          ],
          [
            5.4204,
            41.50046
          ],
          [
            5.40597,
            41.63887
          ],
          [
            5.39147,
            41.77729
          ],
          [
            5.37692,
            41.9157
          ],
          [
            5.3623,
            42.05411
          ],
          [
            5.34762,
            42.19251
          ],
          [
            5.33287,
            42.33092
          ],
          [
            5.31806,
            42.46932
          ],
          [
            5.30318,
            42.60772
          ],
          [
            5.28824,
            42.74612
          ],
          [
            5.27323,
            42.88452
          ],
          [
            5.25815,
            43.02291
          ],
          [
            5.243,
            43.16131
          ],
          [
            5.22778,
            43.2997
          ],
          [
            5.2125,
            43.43809
          ]
        ]
      },
      "properties": {
        "id": "gjl-mrs",
        "from": "GJL",
        "to": "MRS",
        "carrier": "AH",
        "flight": null,
        "status": "unclear",
        "days": null,
        "evidence": "listed",
        "planned": false,
        "source": "https://en.wikipedia.org/wiki/Jijel_Ferhat_Abbas_Airport",
        "great_circle_km": 741,
        "from_name": "Aéroport de JIJEL/FERHAT ABBAS",
        "to_name": "Marseille Provence Airport"
      }
    },
    {
      "type": "Feature",
      "geometry": {
        "type": "LineString",
        "coordinates": [
          [
            28.73214,
            41.27487
          ],
          [
            28.17216,
            41.23919
          ],
          [
            27.61281,
            41.20079
          ],
          [
            27.05415,
            41.1597
          ],
          [
            26.49621,
            41.1159
          ],
          [
            25.93903,
            41.06942
          ],
          [
            25.38267,
            41.02026
          ],
          [
            24.82716,
            40.96843
          ],
          [
            24.27254,
            40.91393
          ],
          [
            23.71886,
            40.85678
          ],
          [
            23.16615,
            40.79699
          ],
          [
            22.61446,
            40.73457
          ],
          [
            22.06383,
            40.66953
          ],
          [
            21.51429,
            40.60187
          ],
          [
            20.96589,
            40.53162
          ],
          [
            20.41865,
            40.45878
          ],
          [
            19.87262,
            40.38336
          ],
          [
            19.32783,
            40.30538
          ],
          [
            18.78432,
            40.22486
          ],
          [
            18.24212,
            40.14179
          ],
          [
            17.70127,
            40.05621
          ],
          [
            17.16179,
            39.96811
          ],
          [
            16.62372,
            39.87752
          ],
          [
            16.08708,
            39.78446
          ],
          [
            15.55192,
            39.68892
          ],
          [
            15.01826,
            39.59094
          ],
          [
            14.48612,
            39.49052
          ],
          [
            13.95553,
            39.38769
          ],
          [
            13.42653,
            39.28245
          ],
          [
            12.89913,
            39.17483
          ],
          [
            12.37335,
            39.06483
          ],
          [
            11.84924,
            38.95248
          ],
          [
            11.3268,
            38.8378
          ],
          [
            10.80605,
            38.7208
          ],
          [
            10.28703,
            38.60149
          ],
          [
            9.76974,
            38.4799
          ],
          [
            9.25422,
            38.35604
          ],
          [
            8.74047,
            38.22993
          ],
          [
            8.22851,
            38.1016
          ],
          [
            7.71836,
            37.97104
          ],
          [
            7.21005,
            37.8383
          ],
          [
            6.70357,
            37.70337
          ],
          [
            6.19895,
            37.56629
          ],
          [
            5.69619,
            37.42707
          ],
          [
            5.19532,
            37.28572
          ],
          [
            4.69634,
            37.14228
          ],
          [
            4.19926,
            36.99675
          ],
          [
            3.70409,
            36.84915
          ],
          [
            3.21085,
            36.69951
          ]
        ]
      },
      "properties": {
        "id": "ist-alg",
        "from": "IST",
        "to": "ALG",
        "carrier": "AH",
        "flight": null,
        "status": "active",
        "days": null,
        "evidence": "verified",
        "planned": false,
        "source": "https://www.airalgerie.dz/decouvrir/nos-destinations/",
        "great_circle_km": 2255,
        "from_name": "İstanbul Airport",
        "to_name": "Aéroport d’Alger – Houari Boumediene"
      }
    },
    {
      "type": "Feature",
      "geometry": {
        "type": "LineString",
        "coordinates": [
          [
            28.73214,
            41.27487
          ],
          [
            28.24276,
            41.21573
          ],
          [
            27.75429,
            41.15451
          ],
          [
            27.26674,
            41.09124
          ],
          [
            26.78014,
            41.02592
          ],
          [
            26.29453,
            40.95855
          ],
          [
            25.80992,
            40.88915
          ],
          [
            25.32633,
            40.81772
          ],
          [
            24.84381,
            40.74429
          ],
          [
            24.36236,
            40.66884
          ],
          [
            23.88202,
            40.5914
          ],
          [
            23.4028,
            40.51198
          ],
          [
            22.92473,
            40.43058
          ],
          [
            22.44783,
            40.34722
          ],
          [
            21.97212,
            40.2619
          ],
          [
            21.49762,
            40.17464
          ],
          [
            21.02436,
            40.08545
          ],
          [
            20.55234,
            39.99433
          ],
          [
            20.0816,
            39.90131
          ],
          [
            19.61215,
            39.80639
          ],
          [
            19.144,
            39.70958
          ],
          [
            18.67718,
            39.6109
          ],
          [
            18.2117,
            39.51036
          ],
          [
            17.74758,
            39.40796
          ],
          [
            17.28483,
            39.30373
          ],
          [
            16.82346,
            39.19767
          ],
          [
            16.36351,
            39.08979
          ],
          [
            15.90496,
            38.98012
          ],
          [
            15.44785,
            38.86865
          ],
          [
            14.99218,
            38.75541
          ],
          [
            14.53797,
            38.64041
          ],
          [
            14.08522,
            38.52365
          ],
          [
            13.63395,
            38.40516
          ],
          [
            13.18417,
            38.28494
          ],
          [
            12.73588,
            38.16301
          ],
          [
            12.28911,
            38.03939
          ],
          [
            11.84384,
            37.91408
          ],
          [
            11.40011,
            37.78709
          ],
          [
            10.9579,
            37.65845
          ],
          [
            10.51724,
            37.52816
          ],
          [
            10.07812,
            37.39624
          ],
          [
            9.64055,
            37.26271
          ],
          [
            9.20455,
            37.12757
          ],
          [
            8.7701,
            36.99083
          ],
          [
            8.33722,
            36.85252
          ],
          [
            7.90592,
            36.71265
          ],
          [
            7.47619,
            36.57123
          ],
          [
            7.04804,
            36.42827
          ],
          [
            6.62148,
            36.28378
          ]
        ]
      },
      "properties": {
        "id": "ist-czl",
        "from": "IST",
        "to": "CZL",
        "carrier": "AH",
        "flight": null,
        "status": "active",
        "days": null,
        "evidence": "verified",
        "planned": false,
        "source": "https://www.airalgerie.dz/decouvrir/nos-destinations/",
        "great_circle_km": 1989,
        "from_name": "İstanbul Airport",
        "to_name": "Aéroport de Constantine – Mohamed Boudiaf"
      }
    },
    {
      "type": "Feature",
      "geometry": {
        "type": "LineString",
        "coordinates": [
          [
            -0.45991,
            51.47075
          ],
          [
            -0.36107,
            51.16442
          ],
          [
            -0.26354,
            50.85801
          ],
          [
            -0.16728,
            50.55152
          ],
          [
            -0.07227,
            50.24495
          ],
          [
            0.02153,
            49.9383
          ],
          [
            0.11414,
            49.63158
          ],
          [
            0.2056,
            49.32479
          ],
          [
            0.29592,
            49.01792
          ],
          [
            0.38513,
            48.71099
          ],
          [
            0.47327,
            48.40398
          ],
          [
            0.56034,
            48.09691
          ],
          [
            0.64638,
            47.78978
          ],
          [
            0.73141,
            47.48258
          ],
          [
            0.81545,
            47.17532
          ],
          [
            0.89853,
            46.868
          ],
          [
            0.98065,
            46.56062
          ],
          [
            1.06186,
            46.25318
          ],
          [
            1.14215,
            45.94569
          ],
          [
            1.22156,
            45.63814
          ],
          [
            1.30011,
            45.33053
          ],
          [
            1.3778,
            45.02287
          ],
          [
            1.45467,
            44.71516
          ],
          [
            1.53072,
            44.4074
          ],
          [
            1.60597,
            44.09959
          ],
          [
            1.68045,
            43.79173
          ],
          [
            1.75416,
            43.48382
          ],
          [
            1.82713,
            43.17587
          ],
          [
            1.89936,
            42.86787
          ],
          [
            1.97087,
            42.55982
          ],
          [
            2.04169,
            42.25173
          ],
          [
            2.11181,
            41.9436
          ],
          [
            2.18126,
            41.63542
          ],
          [
            2.25005,
            41.32721
          ],
          [
            2.31819,
            41.01895
          ],
          [
            2.38569,
            40.71065
          ],
          [
            2.45258,
            40.40232
          ],
          [
            2.51885,
            40.09394
          ],
          [
            2.58452,
            39.78553
          ],
          [
            2.64961,
            39.47708
          ],
          [
            2.71413,
            39.1686
          ],
          [
            2.77808,
            38.86008
          ],
          [
            2.84148,
            38.55153
          ],
          [
            2.90433,
            38.24294
          ],
          [
            2.96666,
            37.93432
          ],
          [
            3.02846,
            37.62566
          ],
          [
            3.08976,
            37.31698
          ],
          [
            3.15055,
            37.00826
          ],
          [
            3.21085,
            36.69951
          ]
        ]
      },
      "properties": {
        "id": "lhr-alg",
        "from": "LHR",
        "to": "ALG",
        "carrier": "AH",
        "flight": null,
        "status": "active",
        "days": null,
        "evidence": "verified",
        "planned": false,
        "source": "https://www.aps.dz/en/economy/trade-services/mm0cvuxi-air-algerie-expands-its-uk-presence-with-heathrow-stansted-routes",
        "great_circle_km": 1668,
        "from_name": "London Heathrow Airport",
        "to_name": "Aéroport d’Alger – Houari Boumediene"
      }
    },
    {
      "type": "Feature",
      "geometry": {
        "type": "LineString",
        "coordinates": [
          [
            5.09014,
            45.726
          ],
          [
            5.04514,
            45.53829
          ],
          [
            5.00044,
            45.35056
          ],
          [
            4.95604,
            45.16282
          ],
          [
            4.91192,
            44.97505
          ],
          [
            4.8681,
            44.78728
          ],
          [
            4.82456,
            44.59948
          ],
          [
            4.7813,
            44.41167
          ],
          [
            4.73832,
            44.22384
          ],
          [
            4.69561,
            44.036
          ],
          [
            4.65317,
            43.84814
          ],
          [
            4.61099,
            43.66026
          ],
          [
            4.56908,
            43.47237
          ],
          [
            4.52743,
            43.28447
          ],
          [
            4.48604,
            43.09655
          ],
          [
            4.4449,
            42.90861
          ],
          [
            4.40401,
            42.72066
          ],
          [
            4.36337,
            42.5327
          ],
          [
            4.32297,
            42.34472
          ],
          [
            4.28281,
            42.15672
          ],
          [
            4.24289,
            41.96872
          ],
          [
            4.2032,
            41.7807
          ],
          [
            4.16375,
            41.59266
          ],
          [
            4.12452,
            41.40462
          ],
          [
            4.08553,
            41.21655
          ],
          [
            4.04675,
            41.02848
          ],
          [
            4.0082,
            40.84039
          ],
          [
            3.96986,
            40.65229
          ],
          [
            3.93174,
            40.46418
          ],
          [
            3.89384,
            40.27606
          ],
          [
            3.85614,
            40.08792
          ],
          [
            3.81865,
            39.89977
          ],
          [
            3.78137,
            39.71161
          ],
          [
            3.74429,
            39.52344
          ],
          [
            3.70741,
            39.33525
          ],
          [
            3.67073,
            39.14706
          ],
          [
            3.63424,
            38.95885
          ],
          [
            3.59795,
            38.77063
          ],
          [
            3.56184,
            38.5824
          ],
          [
            3.52593,
            38.39416
          ],
          [
            3.4902,
            38.20591
          ],
          [
            3.45466,
            38.01764
          ],
          [
            3.4193,
            37.82937
          ],
          [
            3.38412,
            37.64109
          ],
          [
            3.34912,
            37.45279
          ],
          [
            3.31429,
            37.26449
          ],
          [
            3.27964,
            37.07617
          ],
          [
            3.24516,
            36.88785
          ],
          [
            3.21085,
            36.69951
          ]
        ]
      },
      "properties": {
        "id": "lys-alg",
        "from": "LYS",
        "to": "ALG",
        "carrier": "AH",
        "flight": null,
        "status": "active",
        "days": null,
        "evidence": "verified",
        "planned": false,
        "source": "https://www.airalgerie.dz/decouvrir/nos-destinations/",
        "great_circle_km": 1016,
        "from_name": "Lyon Saint-Exupéry Airport",
        "to_name": "Aéroport d’Alger – Houari Boumediene"
      }
    },
    {
      "type": "Feature",
      "geometry": {
        "type": "LineString",
        "coordinates": [
          [
            5.09014,
            45.726
          ],
          [
            5.12701,
            45.52951
          ],
          [
            5.16363,
            45.33301
          ],
          [
            5.2,
            45.13651
          ],
          [
            5.23611,
            44.93999
          ],
          [
            5.27198,
            44.74346
          ],
          [
            5.3076,
            44.54691
          ],
          [
            5.34299,
            44.35036
          ],
          [
            5.37814,
            44.1538
          ],
          [
            5.41306,
            43.95722
          ],
          [
            5.44774,
            43.76064
          ],
          [
            5.4822,
            43.56404
          ],
          [
            5.51643,
            43.36744
          ],
          [
            5.55045,
            43.17082
          ],
          [
            5.58424,
            42.97419
          ],
          [
            5.61782,
            42.77756
          ],
          [
            5.65119,
            42.58091
          ],
          [
            5.68434,
            42.38426
          ],
          [
            5.71729,
            42.18759
          ],
          [
            5.75004,
            41.99092
          ],
          [
            5.78258,
            41.79423
          ],
          [
            5.81493,
            41.59754
          ],
          [
            5.84707,
            41.40084
          ],
          [
            5.87903,
            41.20413
          ],
          [
            5.91079,
            41.00741
          ],
          [
            5.94236,
            40.81068
          ],
          [
            5.97375,
            40.61395
          ],
          [
            6.00495,
            40.4172
          ],
          [
            6.03597,
            40.22045
          ],
          [
            6.06681,
            40.02369
          ],
          [
            6.09748,
            39.82692
          ],
          [
            6.12796,
            39.63014
          ],
          [
            6.15828,
            39.43335
          ],
          [
            6.18842,
            39.23656
          ],
          [
            6.2184,
            39.03976
          ],
          [
            6.24821,
            38.84295
          ],
          [
            6.27785,
            38.64613
          ],
          [
            6.30734,
            38.44931
          ],
          [
            6.33666,
            38.25248
          ],
          [
            6.36582,
            38.05564
          ],
          [
            6.39483,
            37.8588
          ],
          [
            6.42368,
            37.66194
          ],
          [
            6.45238,
            37.46508
          ],
          [
            6.48093,
            37.26822
          ],
          [
            6.50933,
            37.07134
          ],
          [
            6.53758,
            36.87446
          ],
          [
            6.56569,
            36.67758
          ],
          [
            6.59366,
            36.48068
          ],
          [
            6.62148,
            36.28378
          ]
        ]
      },
      "properties": {
        "id": "lys-czl",
        "from": "LYS",
        "to": "CZL",
        "carrier": "AH",
        "flight": null,
        "status": "active",
        "days": null,
        "evidence": "verified",
        "planned": false,
        "source": "https://www.airalgerie.dz/decouvrir/nos-destinations/",
        "great_circle_km": 1058,
        "from_name": "Lyon Saint-Exupéry Airport",
        "to_name": "Aéroport de Constantine – Mohamed Boudiaf"
      }
    },
    {
      "type": "Feature",
      "geometry": {
        "type": "LineString",
        "coordinates": [
          [
            5.09014,
            45.726
          ],
          [
            4.95172,
            45.51859
          ],
          [
            4.81432,
            45.31103
          ],
          [
            4.67793,
            45.1033
          ],
          [
            4.54252,
            44.89541
          ],
          [
            4.40809,
            44.68735
          ],
          [
            4.27462,
            44.47915
          ],
          [
            4.1421,
            44.27079
          ],
          [
            4.01052,
            44.06227
          ],
          [
            3.87986,
            43.85361
          ],
          [
            3.75012,
            43.6448
          ],
          [
            3.62127,
            43.43584
          ],
          [
            3.49331,
            43.22674
          ],
          [
            3.36622,
            43.0175
          ],
          [
            3.24,
            42.80812
          ],
          [
            3.11463,
            42.5986
          ],
          [
            2.9901,
            42.38894
          ],
          [
            2.8664,
            42.17915
          ],
          [
            2.74352,
            41.96923
          ],
          [
            2.62145,
            41.75918
          ],
          [
            2.50017,
            41.549
          ],
          [
            2.37968,
            41.33869
          ],
          [
            2.25996,
            41.12826
          ],
          [
            2.14101,
            40.91771
          ],
          [
            2.02282,
            40.70703
          ],
          [
            1.90537,
            40.49623
          ],
          [
            1.78866,
            40.28532
          ],
          [
            1.67267,
            40.07429
          ],
          [
            1.5574,
            39.86314
          ],
          [
            1.44284,
            39.65188
          ],
          [
            1.32898,
            39.44051
          ],
          [
            1.2158,
            39.22903
          ],
          [
            1.10331,
            39.01744
          ],
          [
            0.99149,
            38.80575
          ],
          [
            0.88033,
            38.59394
          ],
          [
            0.76982,
            38.38204
          ],
          [
            0.65996,
            38.17002
          ],
          [
            0.55074,
            37.95791
          ],
          [
            0.44215,
            37.7457
          ],
          [
            0.33417,
            37.53339
          ],
          [
            0.22681,
            37.32098
          ],
          [
            0.12006,
            37.10847
          ],
          [
            0.0139,
            36.89587
          ],
          [
            -0.09166,
            36.68317
          ],
          [
            -0.19665,
            36.47039
          ],
          [
            -0.30106,
            36.25751
          ],
          [
            -0.4049,
            36.04454
          ],
          [
            -0.50818,
            35.83148
          ],
          [
            -0.61091,
            35.61833
          ]
        ]
      },
      "properties": {
        "id": "lys-orn",
        "from": "LYS",
        "to": "ORN",
        "carrier": "AH",
        "flight": null,
        "status": "active",
        "days": null,
        "evidence": "verified",
        "planned": false,
        "source": "https://www.airalgerie.dz/decouvrir/nos-destinations/",
        "great_circle_km": 1222,
        "from_name": "Lyon Saint-Exupéry Airport",
        "to_name": "Aéroport d’Oran – Ahmed Benbella"
      }
    },
    {
      "type": "Feature",
      "geometry": {
        "type": "LineString",
        "coordinates": [
          [
            5.2125,
            43.43809
          ],
          [
            5.16646,
            43.29808
          ],
          [
            5.12063,
            43.15805
          ],
          [
            5.07501,
            43.018
          ],
          [
            5.02959,
            42.87794
          ],
          [
            4.98438,
            42.73785
          ],
          [
            4.93938,
            42.59775
          ],
          [
            4.89458,
            42.45763
          ],
          [
            4.84998,
            42.3175
          ],
          [
            4.80557,
            42.17735
          ],
          [
            4.76136,
            42.03718
          ],
          [
            4.71735,
            41.89699
          ],
          [
            4.67353,
            41.75679
          ],
          [
            4.6299,
            41.61657
          ],
          [
            4.58646,
            41.47633
          ],
          [
            4.54321,
            41.33608
          ],
          [
            4.50014,
            41.19581
          ],
          [
            4.45726,
            41.05552
          ],
          [
            4.41456,
            40.91522
          ],
          [
            4.37204,
            40.77491
          ],
          [
            4.3297,
            40.63458
          ],
          [
            4.28754,
            40.49423
          ],
          [
            4.24556,
            40.35387
          ],
          [
            4.20375,
            40.21349
          ],
          [
            4.16211,
            40.0731
          ],
          [
            4.12064,
            39.93269
          ],
          [
            4.07934,
            39.79227
          ],
          [
            4.03821,
            39.65183
          ],
          [
            3.99725,
            39.51138
          ],
          [
            3.95645,
            39.37091
          ],
          [
            3.91582,
            39.23043
          ],
          [
            3.87535,
            39.08994
          ],
          [
            3.83504,
            38.94943
          ],
          [
            3.79489,
            38.80891
          ],
          [
            3.7549,
            38.66837
          ],
          [
            3.71506,
            38.52783
          ],
          [
            3.67538,
            38.38726
          ],
          [
            3.63585,
            38.24669
          ],
          [
            3.59648,
            38.1061
          ],
          [
            3.55726,
            37.9655
          ],
          [
            3.51818,
            37.82488
          ],
          [
            3.47926,
            37.68426
          ],
          [
            3.44048,
            37.54362
          ],
          [
            3.40185,
            37.40296
          ],
          [
            3.36337,
            37.2623
          ],
          [
            3.32503,
            37.12162
          ],
          [
            3.28683,
            36.98093
          ],
          [
            3.24877,
            36.84023
          ],
          [
            3.21085,
            36.69951
          ]
        ]
      },
      "properties": {
        "id": "mrs-alg",
        "from": "MRS",
        "to": "ALG",
        "carrier": "AH",
        "flight": null,
        "status": "active",
        "days": null,
        "evidence": "verified",
        "planned": false,
        "source": "https://www.airalgerie.dz/decouvrir/nos-destinations/",
        "great_circle_km": 768,
        "from_name": "Marseille Provence Airport",
        "to_name": "Aéroport d’Alger – Houari Boumediene"
      }
    },
    {
      "type": "Feature",
      "geometry": {
        "type": "LineString",
        "coordinates": [
          [
            5.2125,
            43.43809
          ],
          [
            5.24509,
            43.28923
          ],
          [
            5.27752,
            43.14036
          ],
          [
            5.30979,
            42.99148
          ],
          [
            5.34191,
            42.84259
          ],
          [
            5.37388,
            42.69369
          ],
          [
            5.40569,
            42.54479
          ],
          [
            5.43734,
            42.39587
          ],
          [
            5.46885,
            42.24695
          ],
          [
            5.50021,
            42.09802
          ],
          [
            5.53143,
            41.94908
          ],
          [
            5.5625,
            41.80013
          ],
          [
            5.59342,
            41.65117
          ],
          [
            5.6242,
            41.5022
          ],
          [
            5.65484,
            41.35323
          ],
          [
            5.68534,
            41.20425
          ],
          [
            5.7157,
            41.05526
          ],
          [
            5.74593,
            40.90626
          ],
          [
            5.77602,
            40.75726
          ],
          [
            5.80597,
            40.60824
          ],
          [
            5.83579,
            40.45922
          ],
          [
            5.86548,
            40.31019
          ],
          [
            5.89504,
            40.16116
          ],
          [
            5.92446,
            40.01211
          ],
          [
            5.95376,
            39.86306
          ],
          [
            5.98294,
            39.714
          ],
          [
            6.01198,
            39.56494
          ],
          [
            6.04091,
            39.41586
          ],
          [
            6.06971,
            39.26678
          ],
          [
            6.09838,
            39.1177
          ],
          [
            6.12694,
            38.9686
          ],
          [
            6.15537,
            38.8195
          ],
          [
            6.18369,
            38.67039
          ],
          [
            6.21189,
            38.52128
          ],
          [
            6.23997,
            38.37216
          ],
          [
            6.26794,
            38.22303
          ],
          [
            6.29579,
            38.07389
          ],
          [
            6.32353,
            37.92475
          ],
          [
            6.35116,
            37.77561
          ],
          [
            6.37868,
            37.62645
          ],
          [
            6.40608,
            37.47729
          ],
          [
            6.43338,
            37.32812
          ],
          [
            6.46057,
            37.17895
          ],
          [
            6.48765,
            37.02977
          ],
          [
            6.51462,
            36.88059
          ],
          [
            6.54149,
            36.73139
          ],
          [
            6.56826,
            36.5822
          ],
          [
            6.59492,
            36.43299
          ],
          [
            6.62148,
            36.28378
          ]
        ]
      },
      "properties": {
        "id": "mrs-czl",
        "from": "MRS",
        "to": "CZL",
        "carrier": "AH",
        "flight": null,
        "status": "active",
        "days": null,
        "evidence": "verified",
        "planned": false,
        "source": "https://www.airalgerie.dz/decouvrir/nos-destinations/",
        "great_circle_km": 805,
        "from_name": "Marseille Provence Airport",
        "to_name": "Aéroport de Constantine – Mohamed Boudiaf"
      }
    },
    {
      "type": "Feature",
      "geometry": {
        "type": "LineString",
        "coordinates": [
          [
            5.2125,
            43.43809
          ],
          [
            5.07671,
            43.27839
          ],
          [
            4.94163,
            43.11853
          ],
          [
            4.80725,
            42.95851
          ],
          [
            4.67357,
            42.79833
          ],
          [
            4.54058,
            42.638
          ],
          [
            4.40828,
            42.47752
          ],
          [
            4.27665,
            42.31688
          ],
          [
            4.14569,
            42.1561
          ],
          [
            4.0154,
            41.99517
          ],
          [
            3.88577,
            41.83409
          ],
          [
            3.75678,
            41.67287
          ],
          [
            3.62844,
            41.5115
          ],
          [
            3.50074,
            41.34999
          ],
          [
            3.37367,
            41.18834
          ],
          [
            3.24723,
            41.02655
          ],
          [
            3.12141,
            40.86462
          ],
          [
            2.9962,
            40.70256
          ],
          [
            2.8716,
            40.54036
          ],
          [
            2.7476,
            40.37803
          ],
          [
            2.6242,
            40.21557
          ],
          [
            2.50139,
            40.05298
          ],
          [
            2.37916,
            39.89026
          ],
          [
            2.25752,
            39.72741
          ],
          [
            2.13644,
            39.56443
          ],
          [
            2.01594,
            39.40133
          ],
          [
            1.89599,
            39.23811
          ],
          [
            1.77661,
            39.07476
          ],
          [
            1.65777,
            38.91129
          ],
          [
            1.53949,
            38.74771
          ],
          [
            1.42174,
            38.584
          ],
          [
            1.30453,
            38.42018
          ],
          [
            1.18785,
            38.25624
          ],
          [
            1.07169,
            38.09218
          ],
          [
            0.95606,
            37.92801
          ],
          [
            0.84094,
            37.76373
          ],
          [
            0.72633,
            37.59934
          ],
          [
            0.61222,
            37.43483
          ],
          [
            0.49862,
            37.27022
          ],
          [
            0.38552,
            37.1055
          ],
          [
            0.2729,
            36.94067
          ],
          [
            0.16077,
            36.77574
          ],
          [
            0.04912,
            36.6107
          ],
          [
            -0.06205,
            36.44556
          ],
          [
            -0.17275,
            36.28032
          ],
          [
            -0.28298,
            36.11497
          ],
          [
            -0.39275,
            35.94952
          ],
          [
            -0.50205,
            35.78398
          ],
          [
            -0.61091,
            35.61833
          ]
        ]
      },
      "properties": {
        "id": "mrs-orn",
        "from": "MRS",
        "to": "ORN",
        "carrier": "AH",
        "flight": null,
        "status": "active",
        "days": null,
        "evidence": "verified",
        "planned": false,
        "source": "https://www.airalgerie.dz/decouvrir/nos-destinations/",
        "great_circle_km": 1002,
        "from_name": "Marseille Provence Airport",
        "to_name": "Aéroport d’Oran – Ahmed Benbella"
      }
    },
    {
      "type": "Feature",
      "geometry": {
        "type": "LineString",
        "coordinates": [
          [
            7.21587,
            43.6584
          ],
          [
            7.12342,
            43.51494
          ],
          [
            7.03142,
            43.3714
          ],
          [
            6.93985,
            43.22779
          ],
          [
            6.8487,
            43.0841
          ],
          [
            6.75799,
            42.94034
          ],
          [
            6.6677,
            42.79652
          ],
          [
            6.57782,
            42.65262
          ],
          [
            6.48837,
            42.50865
          ],
          [
            6.39932,
            42.36461
          ],
          [
            6.31068,
            42.2205
          ],
          [
            6.22244,
            42.07633
          ],
          [
            6.13461,
            41.93209
          ],
          [
            6.04717,
            41.78778
          ],
          [
            5.96012,
            41.6434
          ],
          [
            5.87347,
            41.49896
          ],
          [
            5.78719,
            41.35446
          ],
          [
            5.70131,
            41.20989
          ],
          [
            5.6158,
            41.06526
          ],
          [
            5.53066,
            40.92056
          ],
          [
            5.4459,
            40.77581
          ],
          [
            5.3615,
            40.63099
          ],
          [
            5.27747,
            40.48611
          ],
          [
            5.19381,
            40.34117
          ],
          [
            5.1105,
            40.19617
          ],
          [
            5.02755,
            40.0511
          ],
          [
            4.94495,
            39.90599
          ],
          [
            4.8627,
            39.76081
          ],
          [
            4.78079,
            39.61557
          ],
          [
            4.69923,
            39.47028
          ],
          [
            4.61801,
            39.32493
          ],
          [
            4.53713,
            39.17952
          ],
          [
            4.45657,
            39.03406
          ],
          [
            4.37636,
            38.88855
          ],
          [
            4.29646,
            38.74297
          ],
          [
            4.2169,
            38.59735
          ],
          [
            4.13765,
            38.45167
          ],
          [
            4.05873,
            38.30594
          ],
          [
            3.98012,
            38.16015
          ],
          [
            3.90183,
            38.01432
          ],
          [
            3.82384,
            37.86843
          ],
          [
            3.74617,
            37.72249
          ],
          [
            3.6688,
            37.5765
          ],
          [
            3.59173,
            37.43046
          ],
          [
            3.51496,
            37.28436
          ],
          [
            3.43849,
            37.13822
          ],
          [
            3.36232,
            36.99204
          ],
          [
            3.28644,
            36.8458
          ],
          [
            3.21085,
            36.69951
          ]
        ]
      },
      "properties": {
        "id": "nce-alg",
        "from": "NCE",
        "to": "ALG",
        "carrier": "AH",
        "flight": null,
        "status": "active",
        "days": null,
        "evidence": "verified",
        "planned": false,
        "source": "https://www.airalgerie.dz/decouvrir/nos-destinations/",
        "great_circle_km": 845,
        "from_name": "Nice-Côte d'Azur Airport",
        "to_name": "Aéroport d’Alger – Houari Boumediene"
      }
    },
    {
      "type": "Feature",
      "geometry": {
        "type": "LineString",
        "coordinates": [
          [
            -1.61073,
            47.1532
          ],
          [
            -1.49218,
            46.93771
          ],
          [
            -1.37458,
            46.7221
          ],
          [
            -1.25792,
            46.50637
          ],
          [
            -1.14218,
            46.29052
          ],
          [
            -1.02736,
            46.07456
          ],
          [
            -0.91342,
            45.85848
          ],
          [
            -0.80037,
            45.64229
          ],
          [
            -0.68819,
            45.42599
          ],
          [
            -0.57686,
            45.20958
          ],
          [
            -0.46638,
            44.99306
          ],
          [
            -0.35673,
            44.77644
          ],
          [
            -0.2479,
            44.55971
          ],
          [
            -0.13988,
            44.34288
          ],
          [
            -0.03265,
            44.12595
          ],
          [
            0.07379,
            43.90892
          ],
          [
            0.17946,
            43.69179
          ],
          [
            0.28436,
            43.47457
          ],
          [
            0.38851,
            43.25725
          ],
          [
            0.49193,
            43.03984
          ],
          [
            0.59461,
            42.82233
          ],
          [
            0.69657,
            42.60473
          ],
          [
            0.79782,
            42.38704
          ],
          [
            0.89837,
            42.16927
          ],
          [
            0.99824,
            41.95141
          ],
          [
            1.09742,
            41.73346
          ],
          [
            1.19593,
            41.51542
          ],
          [
            1.29378,
            41.29731
          ],
          [
            1.39097,
            41.07911
          ],
          [
            1.48752,
            40.86083
          ],
          [
            1.58344,
            40.64247
          ],
          [
            1.67874,
            40.42403
          ],
          [
            1.77341,
            40.20551
          ],
          [
            1.86748,
            39.98692
          ],
          [
            1.96095,
            39.76825
          ],
          [
            2.05382,
            39.54951
          ],
          [
            2.14611,
            39.33069
          ],
          [
            2.23783,
            39.1118
          ],
          [
            2.32898,
            38.89284
          ],
          [
            2.41956,
            38.67381
          ],
          [
            2.5096,
            38.45471
          ],
          [
            2.59909,
            38.23554
          ],
          [
            2.68804,
            38.0163
          ],
          [
            2.77646,
            37.797
          ],
          [
            2.86435,
            37.57763
          ],
          [
            2.95174,
            37.35819
          ],
          [
            3.03861,
            37.1387
          ],
          [
            3.12497,
            36.91913
          ],
          [
            3.21085,
            36.69951
          ]
        ]
      },
      "properties": {
        "id": "nte-alg",
        "from": "NTE",
        "to": "ALG",
        "carrier": "AH",
        "flight": null,
        "status": "active",
        "days": null,
        "evidence": "verified",
        "planned": false,
        "source": "https://www.airalgerie.dz/decouvrir/nos-destinations/",
        "great_circle_km": 1228,
        "from_name": "Nantes Atlantique Airport",
        "to_name": "Aéroport d’Alger – Houari Boumediene"
      }
    },
    {
      "type": "Feature",
      "geometry": {
        "type": "LineString",
        "coordinates": [
          [
            -0.61091,
            35.61833
          ],
          [
            -0.60985,
            35.67383
          ],
          [
            -0.60878,
            35.72933
          ],
          [
            -0.60772,
            35.78482
          ],
          [
            -0.60665,
            35.84032
          ],
          [
            -0.60558,
            35.89582
          ],
          [
            -0.60451,
            35.95132
          ],
          [
            -0.60344,
            36.00681
          ],
          [
            -0.60237,
            36.06231
          ],
          [
            -0.60129,
            36.11781
          ],
          [
            -0.60022,
            36.17331
          ],
          [
            -0.59914,
            36.2288
          ],
          [
            -0.59806,
            36.2843
          ],
          [
            -0.59698,
            36.3398
          ],
          [
            -0.5959,
            36.3953
          ],
          [
            -0.59482,
            36.45079
          ],
          [
            -0.59373,
            36.50629
          ],
          [
            -0.59264,
            36.56179
          ],
          [
            -0.59156,
            36.61728
          ],
          [
            -0.59047,
            36.67278
          ],
          [
            -0.58937,
            36.72828
          ],
          [
            -0.58828,
            36.78378
          ],
          [
            -0.58719,
            36.83927
          ],
          [
            -0.58609,
            36.89477
          ],
          [
            -0.58499,
            36.95027
          ],
          [
            -0.58389,
            37.00577
          ],
          [
            -0.58279,
            37.06126
          ],
          [
            -0.58169,
            37.11676
          ],
          [
            -0.58059,
            37.17226
          ],
          [
            -0.57948,
            37.22775
          ],
          [
            -0.57837,
            37.28325
          ],
          [
            -0.57726,
            37.33875
          ],
          [
            -0.57615,
            37.39425
          ],
          [
            -0.57504,
            37.44974
          ],
          [
            -0.57393,
            37.50524
          ],
          [
            -0.57281,
            37.56074
          ],
          [
            -0.57169,
            37.61624
          ],
          [
            -0.57058,
            37.67173
          ],
          [
            -0.56946,
            37.72723
          ],
          [
            -0.56833,
            37.78273
          ],
          [
            -0.56721,
            37.83822
          ],
          [
            -0.56608,
            37.89372
          ],
          [
            -0.56496,
            37.94922
          ],
          [
            -0.56383,
            38.00471
          ],
          [
            -0.5627,
            38.06021
          ],
          [
            -0.56156,
            38.11571
          ],
          [
            -0.56043,
            38.17121
          ],
          [
            -0.55929,
            38.2267
          ],
          [
            -0.55816,
            38.2822
          ]
        ]
      },
      "properties": {
        "id": "orn-alc",
        "from": "ORN",
        "to": "ALC",
        "carrier": "AH",
        "flight": null,
        "status": "active",
        "days": null,
        "evidence": "verified",
        "planned": false,
        "source": "https://www.airalgerie.dz/decouvrir/nos-destinations/",
        "great_circle_km": 296,
        "from_name": "Aéroport d’Oran – Ahmed Benbella",
        "to_name": "Alicante-Elche Miguel Hernández Airport"
      }
    },
    {
      "type": "Feature",
      "geometry": {
        "type": "LineString",
        "coordinates": [
          [
            -0.61091,
            35.61833
          ],
          [
            -0.55897,
            35.73723
          ],
          [
            -0.50688,
            35.85611
          ],
          [
            -0.45463,
            35.97496
          ],
          [
            -0.40223,
            36.09379
          ],
          [
            -0.34966,
            36.2126
          ],
          [
            -0.29694,
            36.33139
          ],
          [
            -0.24405,
            36.45015
          ],
          [
            -0.191,
            36.56889
          ],
          [
            -0.13779,
            36.68761
          ],
          [
            -0.08442,
            36.8063
          ],
          [
            -0.03088,
            36.92497
          ],
          [
            0.02283,
            37.04361
          ],
          [
            0.07671,
            37.16223
          ],
          [
            0.13075,
            37.28082
          ],
          [
            0.18497,
            37.3994
          ],
          [
            0.23936,
            37.51794
          ],
          [
            0.29392,
            37.63646
          ],
          [
            0.34865,
            37.75496
          ],
          [
            0.40356,
            37.87343
          ],
          [
            0.45865,
            37.99187
          ],
          [
            0.51392,
            38.11029
          ],
          [
            0.56936,
            38.22868
          ],
          [
            0.62499,
            38.34705
          ],
          [
            0.6808,
            38.46539
          ],
          [
            0.73679,
            38.5837
          ],
          [
            0.79296,
            38.70199
          ],
          [
            0.84933,
            38.82025
          ],
          [
            0.90588,
            38.93848
          ],
          [
            0.96262,
            39.05669
          ],
          [
            1.01955,
            39.17487
          ],
          [
            1.07667,
            39.29302
          ],
          [
            1.13398,
            39.41114
          ],
          [
            1.19149,
            39.52923
          ],
          [
            1.24919,
            39.6473
          ],
          [
            1.30709,
            39.76533
          ],
          [
            1.3652,
            39.88334
          ],
          [
            1.4235,
            40.00132
          ],
          [
            1.482,
            40.11927
          ],
          [
            1.5407,
            40.23719
          ],
          [
            1.59962,
            40.35508
          ],
          [
            1.65873,
            40.47294
          ],
          [
            1.71806,
            40.59077
          ],
          [
            1.77759,
            40.70857
          ],
          [
            1.83734,
            40.82634
          ],
          [
            1.8973,
            40.94407
          ],
          [
            1.95747,
            41.06178
          ],
          [
            2.01785,
            41.17946
          ],
          [
            2.07846,
            41.2971
          ]
        ]
      },
      "properties": {
        "id": "orn-bcn",
        "from": "ORN",
        "to": "BCN",
        "carrier": "AH",
        "flight": null,
        "status": "unclear",
        "days": null,
        "evidence": "listed",
        "planned": false,
        "source": "https://en.wikipedia.org/wiki/Ahmed_Ben_Bella_Airport",
        "great_circle_km": 673,
        "from_name": "Aéroport d’Oran – Ahmed Benbella",
        "to_name": "Josep Tarradellas Barcelona-El Prat Airport"
      }
    },
    {
      "type": "Feature",
      "geometry": {
        "type": "LineString",
        "coordinates": [
          [
            -0.61091,
            35.61833
          ],
          [
            -0.61282,
            35.81021
          ],
          [
            -0.61474,
            36.0021
          ],
          [
            -0.61667,
            36.19398
          ],
          [
            -0.61861,
            36.38586
          ],
          [
            -0.62056,
            36.57774
          ],
          [
            -0.62252,
            36.76963
          ],
          [
            -0.62449,
            36.96151
          ],
          [
            -0.62646,
            37.15339
          ],
          [
            -0.62845,
            37.34527
          ],
          [
            -0.63045,
            37.53716
          ],
          [
            -0.63246,
            37.72904
          ],
          [
            -0.63448,
            37.92092
          ],
          [
            -0.63651,
            38.1128
          ],
          [
            -0.63855,
            38.30468
          ],
          [
            -0.6406,
            38.49657
          ],
          [
            -0.64266,
            38.68845
          ],
          [
            -0.64474,
            38.88033
          ],
          [
            -0.64682,
            39.07221
          ],
          [
            -0.64892,
            39.26409
          ],
          [
            -0.65103,
            39.45598
          ],
          [
            -0.65315,
            39.64786
          ],
          [
            -0.65528,
            39.83974
          ],
          [
            -0.65742,
            40.03162
          ],
          [
            -0.65957,
            40.2235
          ],
          [
            -0.66174,
            40.41538
          ],
          [
            -0.66392,
            40.60727
          ],
          [
            -0.66611,
            40.79915
          ],
          [
            -0.66832,
            40.99103
          ],
          [
            -0.67054,
            41.18291
          ],
          [
            -0.67277,
            41.37479
          ],
          [
            -0.67501,
            41.56667
          ],
          [
            -0.67727,
            41.75855
          ],
          [
            -0.67954,
            41.95044
          ],
          [
            -0.68183,
            42.14232
          ],
          [
            -0.68412,
            42.3342
          ],
          [
            -0.68644,
            42.52608
          ],
          [
            -0.68876,
            42.71796
          ],
          [
            -0.69111,
            42.90984
          ],
          [
            -0.69346,
            43.10172
          ],
          [
            -0.69583,
            43.2936
          ],
          [
            -0.69822,
            43.48548
          ],
          [
            -0.70062,
            43.67737
          ],
          [
            -0.70304,
            43.86925
          ],
          [
            -0.70547,
            44.06113
          ],
          [
            -0.70792,
            44.25301
          ],
          [
            -0.71038,
            44.44489
          ],
          [
            -0.71286,
            44.63677
          ],
          [
            -0.71536,
            44.82865
          ]
        ]
      },
      "properties": {
        "id": "orn-bod",
        "from": "ORN",
        "to": "BOD",
        "carrier": "AH",
        "flight": null,
        "status": "unclear",
        "days": null,
        "evidence": "listed",
        "planned": false,
        "source": "https://en.wikipedia.org/wiki/Ahmed_Ben_Bella_Airport",
        "great_circle_km": 1024,
        "from_name": "Aéroport d’Oran – Ahmed Benbella",
        "to_name": "Bordeaux–Mérignac Airport"
      }
    },
    {
      "type": "Feature",
      "geometry": {
        "type": "LineString",
        "coordinates": [
          [
            -0.61091,
            35.61833
          ],
          [
            -0.49415,
            35.90035
          ],
          [
            -0.37656,
            36.18225
          ],
          [
            -0.25812,
            36.46404
          ],
          [
            -0.13881,
            36.74571
          ],
          [
            -0.01863,
            37.02726
          ],
          [
            0.10245,
            37.30869
          ],
          [
            0.22444,
            37.58999
          ],
          [
            0.34735,
            37.87117
          ],
          [
            0.4712,
            38.15222
          ],
          [
            0.59602,
            38.43314
          ],
          [
            0.7218,
            38.71392
          ],
          [
            0.84858,
            38.99457
          ],
          [
            0.97637,
            39.27508
          ],
          [
            1.10519,
            39.55545
          ],
          [
            1.23505,
            39.83568
          ],
          [
            1.36597,
            40.11576
          ],
          [
            1.49798,
            40.39569
          ],
          [
            1.63109,
            40.67547
          ],
          [
            1.76532,
            40.95509
          ],
          [
            1.90069,
            41.23456
          ],
          [
            2.03722,
            41.51387
          ],
          [
            2.17494,
            41.79302
          ],
          [
            2.31386,
            42.072
          ],
          [
            2.45401,
            42.35081
          ],
          [
            2.59541,
            42.62945
          ],
          [
            2.73808,
            42.90791
          ],
          [
            2.88204,
            43.1862
          ],
          [
            3.02732,
            43.4643
          ],
          [
            3.17394,
            43.74221
          ],
          [
            3.32193,
            44.01994
          ],
          [
            3.47131,
            44.29748
          ],
          [
            3.62212,
            44.57482
          ],
          [
            3.77436,
            44.85195
          ],
          [
            3.92808,
            45.12889
          ],
          [
            4.0833,
            45.40561
          ],
          [
            4.24004,
            45.68213
          ],
          [
            4.39834,
            45.95842
          ],
          [
            4.55823,
            46.2345
          ],
          [
            4.71973,
            46.51035
          ],
          [
            4.88288,
            46.78597
          ],
          [
            5.04771,
            47.06136
          ],
          [
            5.21425,
            47.33651
          ],
          [
            5.38253,
            47.61141
          ],
          [
            5.55259,
            47.88607
          ],
          [
            5.72447,
            48.16047
          ],
          [
            5.89819,
            48.43461
          ],
          [
            6.07379,
            48.70849
          ],
          [
            6.25132,
            48.9821
          ]
        ]
      },
      "properties": {
        "id": "orn-etz",
        "from": "ORN",
        "to": "ETZ",
        "carrier": "AH",
        "flight": null,
        "status": "seasonal",
        "days": null,
        "evidence": "verified",
        "planned": false,
        "source": "https://www.lorraineaeroport.com/vols-destinations/oran/",
        "great_circle_km": 1588,
        "from_name": "Aéroport d’Oran – Ahmed Benbella",
        "to_name": "Metz-Nancy-Lorraine Airport"
      }
    },
    {
      "type": "Feature",
      "geometry": {
        "type": "LineString",
        "coordinates": [
          [
            -0.61091,
            35.61833
          ],
          [
            -0.05328,
            35.80703
          ],
          [
            0.50699,
            35.99315
          ],
          [
            1.0699,
            36.17665
          ],
          [
            1.63542,
            36.3575
          ],
          [
            2.20356,
            36.53567
          ],
          [
            2.77431,
            36.71114
          ],
          [
            3.34764,
            36.88387
          ],
          [
            3.92356,
            37.05383
          ],
          [
            4.50204,
            37.22099
          ],
          [
            5.08307,
            37.38533
          ],
          [
            5.66662,
            37.54682
          ],
          [
            6.25269,
            37.70542
          ],
          [
            6.84125,
            37.86111
          ],
          [
            7.43228,
            38.01386
          ],
          [
            8.02575,
            38.16363
          ],
          [
            8.62164,
            38.31041
          ],
          [
            9.21993,
            38.45416
          ],
          [
            9.82057,
            38.59486
          ],
          [
            10.42355,
            38.73247
          ],
          [
            11.02883,
            38.86697
          ],
          [
            11.63638,
            38.99834
          ],
          [
            12.24616,
            39.12655
          ],
          [
            12.85814,
            39.25157
          ],
          [
            13.47228,
            39.37337
          ],
          [
            14.08853,
            39.49194
          ],
          [
            14.70686,
            39.60724
          ],
          [
            15.32722,
            39.71925
          ],
          [
            15.94958,
            39.82795
          ],
          [
            16.57387,
            39.93332
          ],
          [
            17.20006,
            40.03532
          ],
          [
            17.82809,
            40.13395
          ],
          [
            18.45792,
            40.22917
          ],
          [
            19.08949,
            40.32097
          ],
          [
            19.72274,
            40.40933
          ],
          [
            20.35763,
            40.49422
          ],
          [
            20.99409,
            40.57563
          ],
          [
            21.63207,
            40.65354
          ],
          [
            22.27151,
            40.72793
          ],
          [
            22.91235,
            40.79879
          ],
          [
            23.55452,
            40.86609
          ],
          [
            24.19796,
            40.92982
          ],
          [
            24.84261,
            40.98997
          ],
          [
            25.48841,
            41.04652
          ],
          [
            26.13527,
            41.09946
          ],
          [
            26.78315,
            41.14878
          ],
          [
            27.43197,
            41.19446
          ],
          [
            28.08165,
            41.23649
          ],
          [
            28.73214,
            41.27487
          ]
        ]
      },
      "properties": {
        "id": "orn-ist",
        "from": "ORN",
        "to": "IST",
        "carrier": "AH",
        "flight": "AH 3024",
        "status": "active",
        "days": null,
        "evidence": "verified",
        "planned": false,
        "source": "https://www.aeroroutes.com/",
        "great_circle_km": 2618,
        "from_name": "Aéroport d’Oran – Ahmed Benbella",
        "to_name": "İstanbul Airport"
      }
    },
    {
      "type": "Feature",
      "geometry": {
        "type": "LineString",
        "coordinates": [
          [
            -0.61091,
            35.61833
          ],
          [
            -0.54955,
            35.93079
          ],
          [
            -0.4877,
            36.24322
          ],
          [
            -0.42536,
            36.55561
          ],
          [
            -0.36252,
            36.86797
          ],
          [
            -0.29915,
            37.1803
          ],
          [
            -0.23526,
            37.4926
          ],
          [
            -0.17084,
            37.80486
          ],
          [
            -0.10586,
            38.11708
          ],
          [
            -0.04033,
            38.42927
          ],
          [
            0.02577,
            38.74142
          ],
          [
            0.09245,
            39.05354
          ],
          [
            0.15972,
            39.36561
          ],
          [
            0.2276,
            39.67765
          ],
          [
            0.29609,
            39.98965
          ],
          [
            0.36521,
            40.3016
          ],
          [
            0.43498,
            40.61352
          ],
          [
            0.50539,
            40.92539
          ],
          [
            0.57648,
            41.23722
          ],
          [
            0.64824,
            41.549
          ],
          [
            0.72071,
            41.86074
          ],
          [
            0.79388,
            42.17244
          ],
          [
            0.86777,
            42.48408
          ],
          [
            0.94241,
            42.79568
          ],
          [
            1.0178,
            43.10723
          ],
          [
            1.09396,
            43.41873
          ],
          [
            1.17092,
            43.73018
          ],
          [
            1.24867,
            44.04158
          ],
          [
            1.32725,
            44.35292
          ],
          [
            1.40666,
            44.66421
          ],
          [
            1.48694,
            44.97544
          ],
          [
            1.56809,
            45.28662
          ],
          [
            1.65013,
            45.59774
          ],
          [
            1.73309,
            45.9088
          ],
          [
            1.81698,
            46.2198
          ],
          [
            1.90183,
            46.53073
          ],
          [
            1.98766,
            46.84161
          ],
          [
            2.07449,
            47.15241
          ],
          [
            2.16233,
            47.46316
          ],
          [
            2.25122,
            47.77383
          ],
          [
            2.34118,
            48.08443
          ],
          [
            2.43224,
            48.39497
          ],
          [
            2.52441,
            48.70543
          ],
          [
            2.61773,
            49.01581
          ],
          [
            2.71221,
            49.32612
          ],
          [
            2.8079,
            49.63636
          ],
          [
            2.90481,
            49.94651
          ],
          [
            3.00298,
            50.25658
          ],
          [
            3.10243,
            50.56656
          ]
        ]
      },
      "properties": {
        "id": "orn-lil",
        "from": "ORN",
        "to": "LIL",
        "carrier": "AH",
        "flight": null,
        "status": "unclear",
        "days": null,
        "evidence": "listed",
        "planned": false,
        "source": "https://en.wikipedia.org/wiki/Ahmed_Ben_Bella_Airport",
        "great_circle_km": 1689,
        "from_name": "Aéroport d’Oran – Ahmed Benbella",
        "to_name": "Lille Airport"
      }
    },
    {
      "type": "Feature",
      "geometry": {
        "type": "LineString",
        "coordinates": [
          [
            -0.61091,
            35.61833
          ],
          [
            -0.50818,
            35.83148
          ],
          [
            -0.4049,
            36.04454
          ],
          [
            -0.30106,
            36.25751
          ],
          [
            -0.19665,
            36.47039
          ],
          [
            -0.09166,
            36.68317
          ],
          [
            0.0139,
            36.89587
          ],
          [
            0.12006,
            37.10847
          ],
          [
            0.22681,
            37.32098
          ],
          [
            0.33417,
            37.53339
          ],
          [
            0.44215,
            37.7457
          ],
          [
            0.55074,
            37.95791
          ],
          [
            0.65996,
            38.17002
          ],
          [
            0.76982,
            38.38204
          ],
          [
            0.88033,
            38.59394
          ],
          [
            0.99149,
            38.80575
          ],
          [
            1.10331,
            39.01744
          ],
          [
            1.2158,
            39.22903
          ],
          [
            1.32898,
            39.44051
          ],
          [
            1.44284,
            39.65188
          ],
          [
            1.5574,
            39.86314
          ],
          [
            1.67267,
            40.07429
          ],
          [
            1.78866,
            40.28532
          ],
          [
            1.90537,
            40.49623
          ],
          [
            2.02282,
            40.70703
          ],
          [
            2.14101,
            40.91771
          ],
          [
            2.25996,
            41.12826
          ],
          [
            2.37968,
            41.33869
          ],
          [
            2.50017,
            41.549
          ],
          [
            2.62145,
            41.75918
          ],
          [
            2.74352,
            41.96923
          ],
          [
            2.8664,
            42.17915
          ],
          [
            2.9901,
            42.38894
          ],
          [
            3.11463,
            42.5986
          ],
          [
            3.24,
            42.80812
          ],
          [
            3.36622,
            43.0175
          ],
          [
            3.49331,
            43.22674
          ],
          [
            3.62127,
            43.43584
          ],
          [
            3.75012,
            43.6448
          ],
          [
            3.87986,
            43.85361
          ],
          [
            4.01052,
            44.06227
          ],
          [
            4.1421,
            44.27079
          ],
          [
            4.27462,
            44.47915
          ],
          [
            4.40809,
            44.68735
          ],
          [
            4.54252,
            44.89541
          ],
          [
            4.67793,
            45.1033
          ],
          [
            4.81432,
            45.31103
          ],
          [
            4.95172,
            45.51859
          ],
          [
            5.09014,
            45.726
          ]
        ]
      },
      "properties": {
        "id": "orn-lys",
        "from": "ORN",
        "to": "LYS",
        "carrier": "AH",
        "flight": null,
        "status": "unclear",
        "days": null,
        "evidence": "listed",
        "planned": false,
        "source": "https://en.wikipedia.org/wiki/Ahmed_Ben_Bella_Airport",
        "great_circle_km": 1222,
        "from_name": "Aéroport d’Oran – Ahmed Benbella",
        "to_name": "Lyon Saint-Exupéry Airport"
      }
    },
    {
      "type": "Feature",
      "geometry": {
        "type": "LineString",
        "coordinates": [
          [
            -0.61091,
            35.61833
          ],
          [
            -0.50205,
            35.78398
          ],
          [
            -0.39275,
            35.94952
          ],
          [
            -0.28298,
            36.11497
          ],
          [
            -0.17275,
            36.28032
          ],
          [
            -0.06205,
            36.44556
          ],
          [
            0.04912,
            36.6107
          ],
          [
            0.16077,
            36.77574
          ],
          [
            0.2729,
            36.94067
          ],
          [
            0.38552,
            37.1055
          ],
          [
            0.49862,
            37.27022
          ],
          [
            0.61222,
            37.43483
          ],
          [
            0.72633,
            37.59934
          ],
          [
            0.84094,
            37.76373
          ],
          [
            0.95606,
            37.92801
          ],
          [
            1.07169,
            38.09218
          ],
          [
            1.18785,
            38.25624
          ],
          [
            1.30453,
            38.42018
          ],
          [
            1.42174,
            38.584
          ],
          [
            1.53949,
            38.74771
          ],
          [
            1.65777,
            38.91129
          ],
          [
            1.77661,
            39.07476
          ],
          [
            1.89599,
            39.23811
          ],
          [
            2.01594,
            39.40133
          ],
          [
            2.13644,
            39.56443
          ],
          [
            2.25752,
            39.72741
          ],
          [
            2.37916,
            39.89026
          ],
          [
            2.50139,
            40.05298
          ],
          [
            2.6242,
            40.21557
          ],
          [
            2.7476,
            40.37803
          ],
          [
            2.8716,
            40.54036
          ],
          [
            2.9962,
            40.70256
          ],
          [
            3.12141,
            40.86462
          ],
          [
            3.24723,
            41.02655
          ],
          [
            3.37367,
            41.18834
          ],
          [
            3.50074,
            41.34999
          ],
          [
            3.62844,
            41.5115
          ],
          [
            3.75678,
            41.67287
          ],
          [
            3.88577,
            41.83409
          ],
          [
            4.0154,
            41.99517
          ],
          [
            4.14569,
            42.1561
          ],
          [
            4.27665,
            42.31688
          ],
          [
            4.40828,
            42.47752
          ],
          [
            4.54058,
            42.638
          ],
          [
            4.67357,
            42.79833
          ],
          [
            4.80725,
            42.95851
          ],
          [
            4.94163,
            43.11853
          ],
          [
            5.07671,
            43.27839
          ],
          [
            5.2125,
            43.43809
          ]
        ]
      },
      "properties": {
        "id": "orn-mrs",
        "from": "ORN",
        "to": "MRS",
        "carrier": "AH",
        "flight": null,
        "status": "unclear",
        "days": null,
        "evidence": "listed",
        "planned": false,
        "source": "https://en.wikipedia.org/wiki/Ahmed_Ben_Bella_Airport",
        "great_circle_km": 1002,
        "from_name": "Aéroport d’Oran – Ahmed Benbella",
        "to_name": "Marseille Provence Airport"
      }
    },
    {
      "type": "Feature",
      "geometry": {
        "type": "LineString",
        "coordinates": [
          [
            -0.61091,
            35.61833
          ],
          [
            0.16893,
            35.56583
          ],
          [
            0.94769,
            35.50831
          ],
          [
            1.72529,
            35.4458
          ],
          [
            2.50164,
            35.3783
          ],
          [
            3.27664,
            35.30585
          ],
          [
            4.05021,
            35.22847
          ],
          [
            4.82225,
            35.14617
          ],
          [
            5.59269,
            35.05899
          ],
          [
            6.36144,
            34.96694
          ],
          [
            7.12842,
            34.87007
          ],
          [
            7.89355,
            34.76838
          ],
          [
            8.65676,
            34.66193
          ],
          [
            9.41796,
            34.55073
          ],
          [
            10.17708,
            34.43482
          ],
          [
            10.93406,
            34.31423
          ],
          [
            11.68883,
            34.189
          ],
          [
            12.44132,
            34.05916
          ],
          [
            13.19147,
            33.92475
          ],
          [
            13.93921,
            33.78581
          ],
          [
            14.68449,
            33.64237
          ],
          [
            15.42726,
            33.49447
          ],
          [
            16.16745,
            33.34216
          ],
          [
            16.90502,
            33.18547
          ],
          [
            17.63992,
            33.02445
          ],
          [
            18.37211,
            32.85914
          ],
          [
            19.10154,
            32.68958
          ],
          [
            19.82816,
            32.51582
          ],
          [
            20.55195,
            32.33789
          ],
          [
            21.27287,
            32.15585
          ],
          [
            21.99088,
            31.96974
          ],
          [
            22.70596,
            31.7796
          ],
          [
            23.41807,
            31.58549
          ],
          [
            24.12718,
            31.38744
          ],
          [
            24.83329,
            31.1855
          ],
          [
            25.53636,
            30.97973
          ],
          [
            26.23638,
            30.77017
          ],
          [
            26.93333,
            30.55686
          ],
          [
            27.62719,
            30.33986
          ],
          [
            28.31796,
            30.11921
          ],
          [
            29.00562,
            29.89496
          ],
          [
            29.69018,
            29.66717
          ],
          [
            30.37161,
            29.43587
          ],
          [
            31.04993,
            29.20112
          ],
          [
            31.72512,
            28.96296
          ],
          [
            32.39719,
            28.72145
          ],
          [
            33.06615,
            28.47663
          ],
          [
            33.73199,
            28.22856
          ],
          [
            34.39472,
            27.97727
          ]
        ]
      },
      "properties": {
        "id": "orn-ssh",
        "from": "ORN",
        "to": "SSH",
        "carrier": "AH",
        "flight": null,
        "status": "unclear",
        "days": null,
        "evidence": "listed",
        "planned": false,
        "source": "https://www.aeroroutes.com/eng/250722-ah3q25eg",
        "great_circle_km": 3396,
        "from_name": "Aéroport d’Oran – Ahmed Benbella",
        "to_name": "Sharm El Sheikh International Airport"
      }
    },
    {
      "type": "Feature",
      "geometry": {
        "type": "LineString",
        "coordinates": [
          [
            2.35896,
            48.7295
          ],
          [
            2.38059,
            48.47895
          ],
          [
            2.402,
            48.22839
          ],
          [
            2.4232,
            47.97783
          ],
          [
            2.4442,
            47.72727
          ],
          [
            2.465,
            47.4767
          ],
          [
            2.4856,
            47.22613
          ],
          [
            2.506,
            46.97556
          ],
          [
            2.52622,
            46.72498
          ],
          [
            2.54625,
            46.4744
          ],
          [
            2.56609,
            46.22381
          ],
          [
            2.58575,
            45.97322
          ],
          [
            2.60524,
            45.72263
          ],
          [
            2.62456,
            45.47204
          ],
          [
            2.6437,
            45.22144
          ],
          [
            2.66267,
            44.97084
          ],
          [
            2.68148,
            44.72023
          ],
          [
            2.70013,
            44.46962
          ],
          [
            2.71862,
            44.21901
          ],
          [
            2.73695,
            43.9684
          ],
          [
            2.75512,
            43.71778
          ],
          [
            2.77315,
            43.46716
          ],
          [
            2.79103,
            43.21654
          ],
          [
            2.80876,
            42.96591
          ],
          [
            2.82634,
            42.71529
          ],
          [
            2.84379,
            42.46466
          ],
          [
            2.86109,
            42.21402
          ],
          [
            2.87826,
            41.96339
          ],
          [
            2.8953,
            41.71275
          ],
          [
            2.9122,
            41.46211
          ],
          [
            2.92897,
            41.21147
          ],
          [
            2.94561,
            40.96082
          ],
          [
            2.96213,
            40.71017
          ],
          [
            2.97852,
            40.45952
          ],
          [
            2.9948,
            40.20887
          ],
          [
            3.01095,
            39.95821
          ],
          [
            3.02698,
            39.70756
          ],
          [
            3.0429,
            39.4569
          ],
          [
            3.05871,
            39.20624
          ],
          [
            3.0744,
            38.95557
          ],
          [
            3.08998,
            38.70491
          ],
          [
            3.10545,
            38.45424
          ],
          [
            3.12081,
            38.20357
          ],
          [
            3.13607,
            37.9529
          ],
          [
            3.15123,
            37.70223
          ],
          [
            3.16628,
            37.45155
          ],
          [
            3.18124,
            37.20087
          ],
          [
            3.19609,
            36.95019
          ],
          [
            3.21085,
            36.69951
          ]
        ]
      },
      "properties": {
        "id": "ory-alg",
        "from": "ORY",
        "to": "ALG",
        "carrier": "AH",
        "flight": null,
        "status": "active",
        "days": null,
        "evidence": "verified",
        "planned": false,
        "source": "https://www.airalgerie.dz/decouvrir/nos-destinations/",
        "great_circle_km": 1339,
        "from_name": "Paris-Orly Airport",
        "to_name": "Aéroport d’Alger – Houari Boumediene"
      }
    },
    {
      "type": "Feature",
      "geometry": {
        "type": "LineString",
        "coordinates": [
          [
            2.35896,
            48.7295
          ],
          [
            2.28247,
            48.45725
          ],
          [
            2.20679,
            48.18494
          ],
          [
            2.13192,
            47.91259
          ],
          [
            2.05783,
            47.64019
          ],
          [
            1.9845,
            47.36774
          ],
          [
            1.91193,
            47.09525
          ],
          [
            1.8401,
            46.82271
          ],
          [
            1.769,
            46.55013
          ],
          [
            1.6986,
            46.2775
          ],
          [
            1.6289,
            46.00483
          ],
          [
            1.55989,
            45.73212
          ],
          [
            1.49154,
            45.45937
          ],
          [
            1.42386,
            45.18657
          ],
          [
            1.35682,
            44.91374
          ],
          [
            1.29041,
            44.64087
          ],
          [
            1.22463,
            44.36796
          ],
          [
            1.15945,
            44.09501
          ],
          [
            1.09488,
            43.82203
          ],
          [
            1.03089,
            43.54901
          ],
          [
            0.96748,
            43.27595
          ],
          [
            0.90464,
            43.00286
          ],
          [
            0.84235,
            42.72974
          ],
          [
            0.78061,
            42.45658
          ],
          [
            0.7194,
            42.18339
          ],
          [
            0.65872,
            41.91016
          ],
          [
            0.59856,
            41.63691
          ],
          [
            0.53891,
            41.36362
          ],
          [
            0.47975,
            41.09031
          ],
          [
            0.42109,
            40.81696
          ],
          [
            0.36291,
            40.54359
          ],
          [
            0.3052,
            40.27018
          ],
          [
            0.24795,
            39.99675
          ],
          [
            0.19117,
            39.72329
          ],
          [
            0.13483,
            39.4498
          ],
          [
            0.07893,
            39.17628
          ],
          [
            0.02346,
            38.90274
          ],
          [
            -0.03158,
            38.62917
          ],
          [
            -0.0862,
            38.35558
          ],
          [
            -0.14041,
            38.08196
          ],
          [
            -0.19421,
            37.80832
          ],
          [
            -0.24762,
            37.53465
          ],
          [
            -0.30064,
            37.26096
          ],
          [
            -0.35327,
            36.98724
          ],
          [
            -0.40553,
            36.71351
          ],
          [
            -0.45742,
            36.43975
          ],
          [
            -0.50894,
            36.16596
          ],
          [
            -0.5601,
            35.89216
          ],
          [
            -0.61091,
            35.61833
          ]
        ]
      },
      "properties": {
        "id": "ory-orn",
        "from": "ORY",
        "to": "ORN",
        "carrier": "AH",
        "flight": null,
        "status": "active",
        "days": null,
        "evidence": "verified",
        "planned": false,
        "source": "https://www.airalgerie.dz/decouvrir/nos-destinations/",
        "great_circle_km": 1478,
        "from_name": "Paris-Orly Airport",
        "to_name": "Aéroport d’Oran – Ahmed Benbella"
      }
    },
    {
      "type": "Feature",
      "geometry": {
        "type": "LineString",
        "coordinates": [
          [
            5.33031,
            36.17553
          ],
          [
            5.29326,
            36.47572
          ],
          [
            5.25592,
            36.7759
          ],
          [
            5.2183,
            37.07607
          ],
          [
            5.18037,
            37.37622
          ],
          [
            5.14213,
            37.67636
          ],
          [
            5.10359,
            37.97649
          ],
          [
            5.06473,
            38.2766
          ],
          [
            5.02555,
            38.57671
          ],
          [
            4.98604,
            38.8768
          ],
          [
            4.94619,
            39.17687
          ],
          [
            4.906,
            39.47694
          ],
          [
            4.86547,
            39.77699
          ],
          [
            4.82458,
            40.07702
          ],
          [
            4.78332,
            40.37704
          ],
          [
            4.7417,
            40.67705
          ],
          [
            4.6997,
            40.97704
          ],
          [
            4.65732,
            41.27701
          ],
          [
            4.61455,
            41.57697
          ],
          [
            4.57138,
            41.87691
          ],
          [
            4.5278,
            42.17684
          ],
          [
            4.4838,
            42.47675
          ],
          [
            4.43938,
            42.77664
          ],
          [
            4.39453,
            43.07652
          ],
          [
            4.34924,
            43.37638
          ],
          [
            4.3035,
            43.67622
          ],
          [
            4.2573,
            43.97604
          ],
          [
            4.21063,
            44.27584
          ],
          [
            4.16348,
            44.57563
          ],
          [
            4.11584,
            44.87539
          ],
          [
            4.0677,
            45.17514
          ],
          [
            4.01906,
            45.47486
          ],
          [
            3.96989,
            45.77456
          ],
          [
            3.92019,
            46.07424
          ],
          [
            3.86995,
            46.3739
          ],
          [
            3.81916,
            46.67354
          ],
          [
            3.7678,
            46.97316
          ],
          [
            3.71586,
            47.27275
          ],
          [
            3.66333,
            47.57231
          ],
          [
            3.61019,
            47.87186
          ],
          [
            3.55644,
            48.17138
          ],
          [
            3.50205,
            48.47087
          ],
          [
            3.44702,
            48.77034
          ],
          [
            3.39133,
            49.06978
          ],
          [
            3.33496,
            49.36919
          ],
          [
            3.27791,
            49.66858
          ],
          [
            3.22014,
            49.96794
          ],
          [
            3.16166,
            50.26727
          ],
          [
            3.10243,
            50.56656
          ]
        ]
      },
      "properties": {
        "id": "qsf-lil",
        "from": "QSF",
        "to": "LIL",
        "carrier": "AH",
        "flight": null,
        "status": "unclear",
        "days": null,
        "evidence": "listed",
        "planned": false,
        "source": "https://www.air-journal.fr/2025-01-06-asl-airlines-france-lance-une-ligne-entre-lille-et-toulon-5260220.html",
        "great_circle_km": 1610,
        "from_name": "Aéroport de SETIF /8 Mai 45",
        "to_name": "Lille Airport"
      }
    },
    {
      "type": "Feature",
      "geometry": {
        "type": "LineString",
        "coordinates": [
          [
            5.33031,
            36.17553
          ],
          [
            5.32595,
            36.37451
          ],
          [
            5.32157,
            36.57348
          ],
          [
            5.31716,
            36.77245
          ],
          [
            5.31274,
            36.97142
          ],
          [
            5.30829,
            37.1704
          ],
          [
            5.30382,
            37.36937
          ],
          [
            5.29932,
            37.56834
          ],
          [
            5.2948,
            37.76731
          ],
          [
            5.29025,
            37.96628
          ],
          [
            5.28568,
            38.16525
          ],
          [
            5.28109,
            38.36422
          ],
          [
            5.27647,
            38.56319
          ],
          [
            5.27182,
            38.76216
          ],
          [
            5.26715,
            38.96113
          ],
          [
            5.26245,
            39.1601
          ],
          [
            5.25773,
            39.35907
          ],
          [
            5.25298,
            39.55804
          ],
          [
            5.2482,
            39.75701
          ],
          [
            5.24339,
            39.95598
          ],
          [
            5.23856,
            40.15495
          ],
          [
            5.23369,
            40.35392
          ],
          [
            5.2288,
            40.55289
          ],
          [
            5.22388,
            40.75186
          ],
          [
            5.21893,
            40.95083
          ],
          [
            5.21395,
            41.1498
          ],
          [
            5.20894,
            41.34876
          ],
          [
            5.20389,
            41.54773
          ],
          [
            5.19882,
            41.7467
          ],
          [
            5.19372,
            41.94567
          ],
          [
            5.18858,
            42.14463
          ],
          [
            5.18341,
            42.3436
          ],
          [
            5.17821,
            42.54257
          ],
          [
            5.17298,
            42.74153
          ],
          [
            5.16771,
            42.9405
          ],
          [
            5.1624,
            43.13946
          ],
          [
            5.15707,
            43.33843
          ],
          [
            5.15169,
            43.53739
          ],
          [
            5.14629,
            43.73636
          ],
          [
            5.14084,
            43.93532
          ],
          [
            5.13536,
            44.13429
          ],
          [
            5.12984,
            44.33325
          ],
          [
            5.12429,
            44.53222
          ],
          [
            5.1187,
            44.73118
          ],
          [
            5.11306,
            44.93014
          ],
          [
            5.10739,
            45.12911
          ],
          [
            5.10168,
            45.32807
          ],
          [
            5.09593,
            45.52703
          ],
          [
            5.09014,
            45.726
          ]
        ]
      },
      "properties": {
        "id": "qsf-lys",
        "from": "QSF",
        "to": "LYS",
        "carrier": "AH",
        "flight": null,
        "status": "unclear",
        "days": null,
        "evidence": "listed",
        "planned": false,
        "source": "https://en.wikipedia.org/wiki/Ain_Arnat_Airport",
        "great_circle_km": 1062,
        "from_name": "Aéroport de SETIF /8 Mai 45",
        "to_name": "Lyon Saint-Exupéry Airport"
      }
    },
    {
      "type": "Feature",
      "geometry": {
        "type": "LineString",
        "coordinates": [
          [
            5.33031,
            36.17553
          ],
          [
            5.27915,
            36.43776
          ],
          [
            5.22766,
            36.69996
          ],
          [
            5.1758,
            36.96214
          ],
          [
            5.12359,
            37.22429
          ],
          [
            5.07102,
            37.48643
          ],
          [
            5.01808,
            37.74854
          ],
          [
            4.96476,
            38.01062
          ],
          [
            4.91105,
            38.27268
          ],
          [
            4.85696,
            38.53472
          ],
          [
            4.80247,
            38.79673
          ],
          [
            4.74758,
            39.05872
          ],
          [
            4.69228,
            39.32068
          ],
          [
            4.63657,
            39.58261
          ],
          [
            4.58043,
            39.84452
          ],
          [
            4.52387,
            40.1064
          ],
          [
            4.46686,
            40.36825
          ],
          [
            4.40941,
            40.63008
          ],
          [
            4.35151,
            40.89187
          ],
          [
            4.29315,
            41.15364
          ],
          [
            4.23432,
            41.41538
          ],
          [
            4.17502,
            41.67708
          ],
          [
            4.11523,
            41.93876
          ],
          [
            4.05495,
            42.2004
          ],
          [
            3.99416,
            42.46201
          ],
          [
            3.93287,
            42.72359
          ],
          [
            3.87106,
            42.98514
          ],
          [
            3.80872,
            43.24665
          ],
          [
            3.74584,
            43.50813
          ],
          [
            3.68241,
            43.76958
          ],
          [
            3.61843,
            44.03099
          ],
          [
            3.55388,
            44.29236
          ],
          [
            3.48876,
            44.5537
          ],
          [
            3.42304,
            44.815
          ],
          [
            3.35673,
            45.07626
          ],
          [
            3.28981,
            45.33748
          ],
          [
            3.22227,
            45.59866
          ],
          [
            3.1541,
            45.85981
          ],
          [
            3.08528,
            46.12091
          ],
          [
            3.01581,
            46.38197
          ],
          [
            2.94567,
            46.64299
          ],
          [
            2.87485,
            46.90396
          ],
          [
            2.80334,
            47.16489
          ],
          [
            2.73112,
            47.42578
          ],
          [
            2.65818,
            47.68662
          ],
          [
            2.58451,
            47.94741
          ],
          [
            2.5101,
            48.20815
          ],
          [
            2.43492,
            48.46885
          ],
          [
            2.35896,
            48.7295
          ]
        ]
      },
      "properties": {
        "id": "qsf-ory",
        "from": "QSF",
        "to": "ORY",
        "carrier": "AH",
        "flight": null,
        "status": "unclear",
        "days": null,
        "evidence": "listed",
        "planned": false,
        "source": "https://en.wikipedia.org/wiki/Ain_Arnat_Airport",
        "great_circle_km": 1417,
        "from_name": "Aéroport de SETIF /8 Mai 45",
        "to_name": "Paris-Orly Airport"
      }
    },
    {
      "type": "Feature",
      "geometry": {
        "type": "LineString",
        "coordinates": [
          [
            0.235,
            51.885
          ],
          [
            0.3159,
            51.56956
          ],
          [
            0.39568,
            51.25407
          ],
          [
            0.47438,
            50.93853
          ],
          [
            0.55201,
            50.62293
          ],
          [
            0.62861,
            50.30728
          ],
          [
            0.7042,
            49.99158
          ],
          [
            0.7788,
            49.67584
          ],
          [
            0.85244,
            49.36005
          ],
          [
            0.92514,
            49.04421
          ],
          [
            0.99692,
            48.72832
          ],
          [
            1.06781,
            48.41239
          ],
          [
            1.13782,
            48.09642
          ],
          [
            1.20698,
            47.78041
          ],
          [
            1.2753,
            47.46436
          ],
          [
            1.3428,
            47.14826
          ],
          [
            1.40951,
            46.83213
          ],
          [
            1.47543,
            46.51596
          ],
          [
            1.54059,
            46.19975
          ],
          [
            1.60501,
            45.8835
          ],
          [
            1.6687,
            45.56722
          ],
          [
            1.73167,
            45.2509
          ],
          [
            1.79395,
            44.93455
          ],
          [
            1.85554,
            44.61817
          ],
          [
            1.91647,
            44.30175
          ],
          [
            1.97674,
            43.9853
          ],
          [
            2.03637,
            43.66882
          ],
          [
            2.09538,
            43.35231
          ],
          [
            2.15378,
            43.03577
          ],
          [
            2.21157,
            42.7192
          ],
          [
            2.26878,
            42.4026
          ],
          [
            2.32542,
            42.08597
          ],
          [
            2.38149,
            41.76931
          ],
          [
            2.43701,
            41.45263
          ],
          [
            2.49199,
            41.13592
          ],
          [
            2.54645,
            40.81919
          ],
          [
            2.60038,
            40.50243
          ],
          [
            2.65381,
            40.18565
          ],
          [
            2.70674,
            39.86884
          ],
          [
            2.75919,
            39.552
          ],
          [
            2.81116,
            39.23515
          ],
          [
            2.86266,
            38.91827
          ],
          [
            2.9137,
            38.60137
          ],
          [
            2.9643,
            38.28444
          ],
          [
            3.01445,
            37.9675
          ],
          [
            3.06418,
            37.65053
          ],
          [
            3.11348,
            37.33355
          ],
          [
            3.16237,
            37.01654
          ],
          [
            3.21085,
            36.69951
          ]
        ]
      },
      "properties": {
        "id": "stn-alg",
        "from": "STN",
        "to": "ALG",
        "carrier": "AH",
        "flight": null,
        "status": "active",
        "days": null,
        "evidence": "verified",
        "planned": false,
        "source": "https://www.aps.dz/en/economy/trade-services/mm0cvuxi-air-algerie-expands-its-uk-presence-with-heathrow-stansted-routes",
        "great_circle_km": 1705,
        "from_name": "London Stansted Airport",
        "to_name": "Aéroport d’Alger – Houari Boumediene"
      }
    },
    {
      "type": "Feature",
      "geometry": {
        "type": "LineString",
        "coordinates": [
          [
            7.62823,
            48.5383
          ],
          [
            7.51658,
            48.29362
          ],
          [
            7.406,
            48.04883
          ],
          [
            7.29647,
            47.80394
          ],
          [
            7.18796,
            47.55895
          ],
          [
            7.08046,
            47.31385
          ],
          [
            6.97396,
            47.06865
          ],
          [
            6.86843,
            46.82336
          ],
          [
            6.76386,
            46.57797
          ],
          [
            6.66023,
            46.33249
          ],
          [
            6.55753,
            46.08691
          ],
          [
            6.45574,
            45.84124
          ],
          [
            6.35484,
            45.59548
          ],
          [
            6.25483,
            45.34964
          ],
          [
            6.15568,
            45.1037
          ],
          [
            6.05738,
            44.85769
          ],
          [
            5.95992,
            44.61159
          ],
          [
            5.86328,
            44.3654
          ],
          [
            5.76745,
            44.11914
          ],
          [
            5.67241,
            43.87279
          ],
          [
            5.57816,
            43.62637
          ],
          [
            5.48467,
            43.37987
          ],
          [
            5.39195,
            43.1333
          ],
          [
            5.29997,
            42.88665
          ],
          [
            5.20872,
            42.63993
          ],
          [
            5.11819,
            42.39314
          ],
          [
            5.02837,
            42.14627
          ],
          [
            4.93925,
            41.89934
          ],
          [
            4.85082,
            41.65234
          ],
          [
            4.76306,
            41.40527
          ],
          [
            4.67597,
            41.15813
          ],
          [
            4.58953,
            40.91093
          ],
          [
            4.50373,
            40.66367
          ],
          [
            4.41857,
            40.41634
          ],
          [
            4.33403,
            40.16895
          ],
          [
            4.25011,
            39.9215
          ],
          [
            4.16679,
            39.67399
          ],
          [
            4.08407,
            39.42642
          ],
          [
            4.00193,
            39.1788
          ],
          [
            3.92037,
            38.93111
          ],
          [
            3.83938,
            38.68337
          ],
          [
            3.75894,
            38.43557
          ],
          [
            3.67906,
            38.18772
          ],
          [
            3.59972,
            37.93982
          ],
          [
            3.52091,
            37.69186
          ],
          [
            3.44262,
            37.44385
          ],
          [
            3.36486,
            37.19579
          ],
          [
            3.2876,
            36.94767
          ],
          [
            3.21085,
            36.69951
          ]
        ]
      },
      "properties": {
        "id": "sxb-alg",
        "from": "SXB",
        "to": "ALG",
        "carrier": "AH",
        "flight": "AH 1453",
        "status": "seasonal",
        "days": null,
        "evidence": "verified",
        "planned": false,
        "source": "https://www.observalgerie.com/",
        "great_circle_km": 1365,
        "from_name": "Strasbourg Airport",
        "to_name": "Aéroport d’Alger – Houari Boumediene"
      }
    },
    {
      "type": "Feature",
      "geometry": {
        "type": "LineString",
        "coordinates": [
          [
            -1.44804,
            35.01248
          ],
          [
            -1.38038,
            35.30529
          ],
          [
            -1.31223,
            35.59806
          ],
          [
            -1.24357,
            35.8908
          ],
          [
            -1.17441,
            36.18349
          ],
          [
            -1.10473,
            36.47615
          ],
          [
            -1.03452,
            36.76876
          ],
          [
            -0.96377,
            37.06133
          ],
          [
            -0.89247,
            37.35386
          ],
          [
            -0.82062,
            37.64635
          ],
          [
            -0.74819,
            37.93879
          ],
          [
            -0.67519,
            38.23119
          ],
          [
            -0.6016,
            38.52354
          ],
          [
            -0.52741,
            38.81585
          ],
          [
            -0.45261,
            39.10811
          ],
          [
            -0.37718,
            39.40032
          ],
          [
            -0.30112,
            39.69248
          ],
          [
            -0.22442,
            39.98459
          ],
          [
            -0.14705,
            40.27665
          ],
          [
            -0.06902,
            40.56866
          ],
          [
            0.0097,
            40.86062
          ],
          [
            0.08912,
            41.15252
          ],
          [
            0.16925,
            41.44436
          ],
          [
            0.2501,
            41.73616
          ],
          [
            0.33169,
            42.02789
          ],
          [
            0.41403,
            42.31956
          ],
          [
            0.49714,
            42.61118
          ],
          [
            0.58103,
            42.90273
          ],
          [
            0.66572,
            43.19423
          ],
          [
            0.75122,
            43.48566
          ],
          [
            0.83755,
            43.77702
          ],
          [
            0.92472,
            44.06832
          ],
          [
            1.01276,
            44.35956
          ],
          [
            1.10167,
            44.65072
          ],
          [
            1.19149,
            44.94182
          ],
          [
            1.28221,
            45.23284
          ],
          [
            1.37388,
            45.52379
          ],
          [
            1.46649,
            45.81467
          ],
          [
            1.56008,
            46.10547
          ],
          [
            1.65466,
            46.39619
          ],
          [
            1.75025,
            46.68684
          ],
          [
            1.84688,
            46.97741
          ],
          [
            1.94456,
            47.26789
          ],
          [
            2.04332,
            47.55829
          ],
          [
            2.14319,
            47.8486
          ],
          [
            2.24417,
            48.13883
          ],
          [
            2.34631,
            48.42896
          ],
          [
            2.44961,
            48.71901
          ],
          [
            2.55412,
            49.00896
          ]
        ]
      },
      "properties": {
        "id": "tlm-cdg",
        "from": "TLM",
        "to": "CDG",
        "carrier": "AH",
        "flight": null,
        "status": "unclear",
        "days": null,
        "evidence": "listed",
        "planned": false,
        "source": "https://en.wikipedia.org/wiki/Zenata_–_Messali_El_Hadj_Airport",
        "great_circle_km": 1590,
        "from_name": "Aéroport de Tlemcen – Zenata – Messali El Hadj",
        "to_name": "Charles de Gaulle International Airport"
      }
    },
    {
      "type": "Feature",
      "geometry": {
        "type": "LineString",
        "coordinates": [
          [
            -1.44804,
            35.01248
          ],
          [
            -1.37335,
            35.33807
          ],
          [
            -1.29805,
            35.66361
          ],
          [
            -1.22214,
            35.98911
          ],
          [
            -1.14559,
            36.31456
          ],
          [
            -1.06841,
            36.63996
          ],
          [
            -0.99057,
            36.96531
          ],
          [
            -0.91206,
            37.2906
          ],
          [
            -0.83287,
            37.61585
          ],
          [
            -0.75299,
            37.94104
          ],
          [
            -0.67239,
            38.26618
          ],
          [
            -0.59107,
            38.59126
          ],
          [
            -0.50901,
            38.91628
          ],
          [
            -0.42619,
            39.24125
          ],
          [
            -0.34261,
            39.56616
          ],
          [
            -0.25823,
            39.89101
          ],
          [
            -0.17306,
            40.21579
          ],
          [
            -0.08706,
            40.54051
          ],
          [
            -0.00023,
            40.86517
          ],
          [
            0.08746,
            41.18976
          ],
          [
            0.17603,
            41.51429
          ],
          [
            0.26548,
            41.83875
          ],
          [
            0.35585,
            42.16313
          ],
          [
            0.44715,
            42.48745
          ],
          [
            0.5394,
            42.81169
          ],
          [
            0.63262,
            43.13586
          ],
          [
            0.72684,
            43.45995
          ],
          [
            0.82207,
            43.78396
          ],
          [
            0.91834,
            44.10789
          ],
          [
            1.01567,
            44.43174
          ],
          [
            1.11409,
            44.75551
          ],
          [
            1.21361,
            45.07919
          ],
          [
            1.31427,
            45.40278
          ],
          [
            1.41609,
            45.72629
          ],
          [
            1.51909,
            46.0497
          ],
          [
            1.62331,
            46.37302
          ],
          [
            1.72876,
            46.69624
          ],
          [
            1.83549,
            47.01937
          ],
          [
            1.94352,
            47.34239
          ],
          [
            2.05287,
            47.66532
          ],
          [
            2.16359,
            47.98813
          ],
          [
            2.2757,
            48.31084
          ],
          [
            2.38924,
            48.63344
          ],
          [
            2.50424,
            48.95593
          ],
          [
            2.62074,
            49.2783
          ],
          [
            2.73877,
            49.60055
          ],
          [
            2.85837,
            49.92268
          ],
          [
            2.97957,
            50.24469
          ],
          [
            3.10243,
            50.56656
          ]
        ]
      },
      "properties": {
        "id": "tlm-lil",
        "from": "TLM",
        "to": "LIL",
        "carrier": "AH",
        "flight": null,
        "status": "unclear",
        "days": null,
        "evidence": "listed",
        "planned": false,
        "source": "https://www.air-journal.fr/2025-01-06-asl-airlines-france-lance-une-ligne-entre-lille-et-toulon-5260220.html",
        "great_circle_km": 1768,
        "from_name": "Aéroport de Tlemcen – Zenata – Messali El Hadj",
        "to_name": "Lille Airport"
      }
    },
    {
      "type": "Feature",
      "geometry": {
        "type": "LineString",
        "coordinates": [
          [
            -1.44804,
            35.01248
          ],
          [
            -1.33105,
            35.23903
          ],
          [
            -1.2134,
            35.46547
          ],
          [
            -1.09508,
            35.6918
          ],
          [
            -0.97609,
            35.91801
          ],
          [
            -0.85642,
            36.1441
          ],
          [
            -0.73606,
            36.37007
          ],
          [
            -0.615,
            36.59592
          ],
          [
            -0.49322,
            36.82164
          ],
          [
            -0.37073,
            37.04725
          ],
          [
            -0.2475,
            37.27272
          ],
          [
            -0.12354,
            37.49807
          ],
          [
            0.00118,
            37.72328
          ],
          [
            0.12665,
            37.94837
          ],
          [
            0.2529,
            38.17332
          ],
          [
            0.37992,
            38.39813
          ],
          [
            0.50774,
            38.6228
          ],
          [
            0.63637,
            38.84734
          ],
          [
            0.76581,
            39.07173
          ],
          [
            0.89607,
            39.29598
          ],
          [
            1.02717,
            39.52009
          ],
          [
            1.15912,
            39.74404
          ],
          [
            1.29193,
            39.96785
          ],
          [
            1.42561,
            40.1915
          ],
          [
            1.56017,
            40.415
          ],
          [
            1.69563,
            40.63834
          ],
          [
            1.832,
            40.86152
          ],
          [
            1.9693,
            41.08454
          ],
          [
            2.10752,
            41.3074
          ],
          [
            2.2467,
            41.53009
          ],
          [
            2.38683,
            41.75261
          ],
          [
            2.52794,
            41.97495
          ],
          [
            2.67004,
            42.19713
          ],
          [
            2.81315,
            42.41913
          ],
          [
            2.95726,
            42.64095
          ],
          [
            3.10241,
            42.86258
          ],
          [
            3.24861,
            43.08404
          ],
          [
            3.39586,
            43.3053
          ],
          [
            3.54419,
            43.52638
          ],
          [
            3.69361,
            43.74726
          ],
          [
            3.84414,
            43.96794
          ],
          [
            3.99579,
            44.18843
          ],
          [
            4.14857,
            44.40871
          ],
          [
            4.30252,
            44.62879
          ],
          [
            4.45763,
            44.84866
          ],
          [
            4.61393,
            45.06832
          ],
          [
            4.77144,
            45.28777
          ],
          [
            4.93017,
            45.50699
          ],
          [
            5.09014,
            45.726
          ]
        ]
      },
      "properties": {
        "id": "tlm-lys",
        "from": "TLM",
        "to": "LYS",
        "carrier": "AH",
        "flight": "AH 1098",
        "status": "active",
        "days": [
          "wed"
        ],
        "evidence": "verified",
        "planned": false,
        "source": "https://www.lyonaeroports.com/en/flight-and-destinations/airlines-tour-operators/air-algerie",
        "great_circle_km": 1313,
        "from_name": "Aéroport de Tlemcen – Zenata – Messali El Hadj",
        "to_name": "Lyon Saint-Exupéry Airport"
      }
    },
    {
      "type": "Feature",
      "geometry": {
        "type": "LineString",
        "coordinates": [
          [
            -1.44804,
            35.01248
          ],
          [
            -1.32442,
            35.19156
          ],
          [
            -1.20025,
            35.37051
          ],
          [
            -1.07553,
            35.54934
          ],
          [
            -0.95025,
            35.72804
          ],
          [
            -0.82441,
            35.90661
          ],
          [
            -0.698,
            36.08504
          ],
          [
            -0.57101,
            36.26334
          ],
          [
            -0.44344,
            36.44151
          ],
          [
            -0.31529,
            36.61954
          ],
          [
            -0.18654,
            36.79743
          ],
          [
            -0.0572,
            36.97519
          ],
          [
            0.07276,
            37.1528
          ],
          [
            0.20332,
            37.33027
          ],
          [
            0.3345,
            37.5076
          ],
          [
            0.46631,
            37.68478
          ],
          [
            0.59874,
            37.86181
          ],
          [
            0.73182,
            38.03869
          ],
          [
            0.86554,
            38.21542
          ],
          [
            0.99991,
            38.392
          ],
          [
            1.13493,
            38.56843
          ],
          [
            1.27062,
            38.7447
          ],
          [
            1.40699,
            38.92081
          ],
          [
            1.54403,
            39.09677
          ],
          [
            1.68175,
            39.27256
          ],
          [
            1.82017,
            39.44819
          ],
          [
            1.95929,
            39.62365
          ],
          [
            2.09912,
            39.79895
          ],
          [
            2.23966,
            39.97408
          ],
          [
            2.38092,
            40.14904
          ],
          [
            2.52291,
            40.32382
          ],
          [
            2.66564,
            40.49843
          ],
          [
            2.80911,
            40.67287
          ],
          [
            2.95333,
            40.84712
          ],
          [
            3.09832,
            41.0212
          ],
          [
            3.24407,
            41.19509
          ],
          [
            3.3906,
            41.3688
          ],
          [
            3.53791,
            41.54232
          ],
          [
            3.68601,
            41.71565
          ],
          [
            3.83492,
            41.8888
          ],
          [
            3.98463,
            42.06174
          ],
          [
            4.13517,
            42.2345
          ],
          [
            4.28652,
            42.40705
          ],
          [
            4.43871,
            42.5794
          ],
          [
            4.59175,
            42.75156
          ],
          [
            4.74564,
            42.9235
          ],
          [
            4.90039,
            43.09524
          ],
          [
            5.056,
            43.26677
          ],
          [
            5.2125,
            43.43809
          ]
        ]
      },
      "properties": {
        "id": "tlm-mrs",
        "from": "TLM",
        "to": "MRS",
        "carrier": "AH",
        "flight": "AH 1092",
        "status": "active",
        "days": null,
        "evidence": "verified",
        "planned": false,
        "source": "https://www.marseille.aeroport.fr/vols-et-destinations/destinations/toutes-les-destinations/afrique/algerie/tlemcen",
        "great_circle_km": 1098,
        "from_name": "Aéroport de Tlemcen – Zenata – Messali El Hadj",
        "to_name": "Marseille Provence Airport"
      }
    },
    {
      "type": "Feature",
      "geometry": {
        "type": "LineString",
        "coordinates": [
          [
            -1.44804,
            35.01248
          ],
          [
            -1.38335,
            35.29936
          ],
          [
            -1.31819,
            35.5862
          ],
          [
            -1.25257,
            35.873
          ],
          [
            -1.18647,
            36.15977
          ],
          [
            -1.11988,
            36.44651
          ],
          [
            -1.0528,
            36.7332
          ],
          [
            -0.98522,
            37.01986
          ],
          [
            -0.91712,
            37.30648
          ],
          [
            -0.8485,
            37.59306
          ],
          [
            -0.77936,
            37.8796
          ],
          [
            -0.70967,
            38.1661
          ],
          [
            -0.63943,
            38.45256
          ],
          [
            -0.56864,
            38.73898
          ],
          [
            -0.49727,
            39.02535
          ],
          [
            -0.42532,
            39.31168
          ],
          [
            -0.35278,
            39.59796
          ],
          [
            -0.27964,
            39.8842
          ],
          [
            -0.20589,
            40.17039
          ],
          [
            -0.13151,
            40.45654
          ],
          [
            -0.05649,
            40.74264
          ],
          [
            0.01917,
            41.02868
          ],
          [
            0.09549,
            41.31468
          ],
          [
            0.17249,
            41.60063
          ],
          [
            0.25017,
            41.88653
          ],
          [
            0.32855,
            42.17237
          ],
          [
            0.40764,
            42.45816
          ],
          [
            0.48745,
            42.74389
          ],
          [
            0.56801,
            43.02957
          ],
          [
            0.64932,
            43.31519
          ],
          [
            0.73139,
            43.60075
          ],
          [
            0.81425,
            43.88626
          ],
          [
            0.89791,
            44.1717
          ],
          [
            0.98238,
            44.45708
          ],
          [
            1.06768,
            44.7424
          ],
          [
            1.15383,
            45.02766
          ],
          [
            1.24084,
            45.31285
          ],
          [
            1.32873,
            45.59797
          ],
          [
            1.41751,
            45.88302
          ],
          [
            1.50722,
            46.16801
          ],
          [
            1.59785,
            46.45292
          ],
          [
            1.68944,
            46.73776
          ],
          [
            1.78201,
            47.02253
          ],
          [
            1.87556,
            47.30722
          ],
          [
            1.97013,
            47.59184
          ],
          [
            2.06573,
            47.87638
          ],
          [
            2.16239,
            48.16083
          ],
          [
            2.26013,
            48.44521
          ],
          [
            2.35896,
            48.7295
          ]
        ]
      },
      "properties": {
        "id": "tlm-ory",
        "from": "TLM",
        "to": "ORY",
        "carrier": "AH",
        "flight": null,
        "status": "unclear",
        "days": null,
        "evidence": "listed",
        "planned": false,
        "source": "https://en.wikipedia.org/wiki/Zenata_–_Messali_El_Hadj_Airport",
        "great_circle_km": 1557,
        "from_name": "Aéroport de Tlemcen – Zenata – Messali El Hadj",
        "to_name": "Paris-Orly Airport"
      }
    },
    {
      "type": "Feature",
      "geometry": {
        "type": "LineString",
        "coordinates": [
          [
            1.36382,
            43.6291
          ],
          [
            1.48576,
            43.47869
          ],
          [
            1.6071,
            43.32814
          ],
          [
            1.72784,
            43.17747
          ],
          [
            1.84798,
            43.02667
          ],
          [
            1.96754,
            42.87575
          ],
          [
            2.08651,
            42.7247
          ],
          [
            2.2049,
            42.57353
          ],
          [
            2.32272,
            42.42224
          ],
          [
            2.43997,
            42.27083
          ],
          [
            2.55666,
            42.1193
          ],
          [
            2.67279,
            41.96766
          ],
          [
            2.78837,
            41.81589
          ],
          [
            2.90341,
            41.66401
          ],
          [
            3.0179,
            41.51202
          ],
          [
            3.13186,
            41.35992
          ],
          [
            3.24528,
            41.2077
          ],
          [
            3.35818,
            41.05537
          ],
          [
            3.47056,
            40.90293
          ],
          [
            3.58241,
            40.75038
          ],
          [
            3.69376,
            40.59773
          ],
          [
            3.8046,
            40.44497
          ],
          [
            3.91494,
            40.2921
          ],
          [
            4.02477,
            40.13913
          ],
          [
            4.13412,
            39.98606
          ],
          [
            4.24297,
            39.83288
          ],
          [
            4.35135,
            39.6796
          ],
          [
            4.45924,
            39.52623
          ],
          [
            4.56665,
            39.37275
          ],
          [
            4.67359,
            39.21917
          ],
          [
            4.78007,
            39.0655
          ],
          [
            4.88609,
            38.91173
          ],
          [
            4.99164,
            38.75787
          ],
          [
            5.09674,
            38.60391
          ],
          [
            5.20139,
            38.44986
          ],
          [
            5.3056,
            38.29571
          ],
          [
            5.40936,
            38.14147
          ],
          [
            5.51269,
            37.98715
          ],
          [
            5.61558,
            37.83273
          ],
          [
            5.71804,
            37.67822
          ],
          [
            5.82007,
            37.52362
          ],
          [
            5.92169,
            37.36894
          ],
          [
            6.02288,
            37.21417
          ],
          [
            6.12366,
            37.05932
          ],
          [
            6.22403,
            36.90438
          ],
          [
            6.32399,
            36.74935
          ],
          [
            6.42355,
            36.59425
          ],
          [
            6.52271,
            36.43906
          ],
          [
            6.62148,
            36.28378
          ]
        ]
      },
      "properties": {
        "id": "tls-czl",
        "from": "TLS",
        "to": "CZL",
        "carrier": "AH",
        "flight": "AH 1053",
        "status": "active",
        "days": [
          "tue"
        ],
        "evidence": "verified",
        "planned": false,
        "source": "https://www.toulouse.aeroport.fr/vols-et-destinations/constantine",
        "great_circle_km": 931,
        "from_name": "Toulouse-Blagnac Airport",
        "to_name": "Aéroport de Constantine – Mohamed Boudiaf"
      }
    },
    {
      "type": "Feature",
      "geometry": {
        "type": "LineString",
        "coordinates": [
          [
            1.36382,
            43.6291
          ],
          [
            1.3176,
            43.46258
          ],
          [
            1.27163,
            43.29604
          ],
          [
            1.22591,
            43.12948
          ],
          [
            1.18044,
            42.96291
          ],
          [
            1.13522,
            42.79631
          ],
          [
            1.09023,
            42.6297
          ],
          [
            1.04549,
            42.46307
          ],
          [
            1.00099,
            42.29643
          ],
          [
            0.95672,
            42.12976
          ],
          [
            0.91268,
            41.96308
          ],
          [
            0.86888,
            41.79639
          ],
          [
            0.8253,
            41.62967
          ],
          [
            0.78194,
            41.46294
          ],
          [
            0.73881,
            41.2962
          ],
          [
            0.6959,
            41.12943
          ],
          [
            0.65321,
            40.96266
          ],
          [
            0.61073,
            40.79586
          ],
          [
            0.56846,
            40.62905
          ],
          [
            0.5264,
            40.46223
          ],
          [
            0.48456,
            40.29539
          ],
          [
            0.44292,
            40.12853
          ],
          [
            0.40148,
            39.96166
          ],
          [
            0.36024,
            39.79478
          ],
          [
            0.31921,
            39.62788
          ],
          [
            0.27837,
            39.46097
          ],
          [
            0.23773,
            39.29404
          ],
          [
            0.19728,
            39.1271
          ],
          [
            0.15702,
            38.96014
          ],
          [
            0.11695,
            38.79318
          ],
          [
            0.07707,
            38.62619
          ],
          [
            0.03737,
            38.4592
          ],
          [
            -0.00214,
            38.29219
          ],
          [
            -0.04147,
            38.12516
          ],
          [
            -0.08063,
            37.95813
          ],
          [
            -0.1196,
            37.79108
          ],
          [
            -0.1584,
            37.62402
          ],
          [
            -0.19702,
            37.45694
          ],
          [
            -0.23547,
            37.28986
          ],
          [
            -0.27376,
            37.12276
          ],
          [
            -0.31187,
            36.95565
          ],
          [
            -0.34982,
            36.78852
          ],
          [
            -0.3876,
            36.62139
          ],
          [
            -0.42521,
            36.45424
          ],
          [
            -0.46267,
            36.28708
          ],
          [
            -0.49997,
            36.11991
          ],
          [
            -0.5371,
            35.95273
          ],
          [
            -0.57408,
            35.78554
          ],
          [
            -0.61091,
            35.61833
          ]
        ]
      },
      "properties": {
        "id": "tls-orn",
        "from": "TLS",
        "to": "ORN",
        "carrier": "AH",
        "flight": null,
        "status": "active",
        "days": null,
        "evidence": "verified",
        "planned": false,
        "source": "https://www.airalgerie.dz/decouvrir/nos-destinations/",
        "great_circle_km": 907,
        "from_name": "Toulouse-Blagnac Airport",
        "to_name": "Aéroport d’Oran – Ahmed Benbella"
      }
    },
    {
      "type": "Feature",
      "geometry": {
        "type": "LineString",
        "coordinates": [
          [
            10.2272,
            36.851
          ],
          [
            10.08087,
            36.85206
          ],
          [
            9.93453,
            36.85293
          ],
          [
            9.78819,
            36.85363
          ],
          [
            9.64184,
            36.85414
          ],
          [
            9.4955,
            36.85448
          ],
          [
            9.34915,
            36.85464
          ],
          [
            9.20281,
            36.85462
          ],
          [
            9.05646,
            36.85442
          ],
          [
            8.91012,
            36.85403
          ],
          [
            8.76378,
            36.85347
          ],
          [
            8.61744,
            36.85273
          ],
          [
            8.4711,
            36.85182
          ],
          [
            8.32477,
            36.85072
          ],
          [
            8.17844,
            36.84944
          ],
          [
            8.03211,
            36.84798
          ],
          [
            7.8858,
            36.84635
          ],
          [
            7.73949,
            36.84453
          ],
          [
            7.59318,
            36.84254
          ],
          [
            7.44689,
            36.84036
          ],
          [
            7.3006,
            36.83801
          ],
          [
            7.15432,
            36.83548
          ],
          [
            7.00805,
            36.83277
          ],
          [
            6.8618,
            36.82988
          ],
          [
            6.71555,
            36.82681
          ],
          [
            6.56932,
            36.82356
          ],
          [
            6.4231,
            36.82013
          ],
          [
            6.27689,
            36.81652
          ],
          [
            6.1307,
            36.81274
          ],
          [
            5.98452,
            36.80877
          ],
          [
            5.83836,
            36.80463
          ],
          [
            5.69221,
            36.8003
          ],
          [
            5.54608,
            36.7958
          ],
          [
            5.39997,
            36.79112
          ],
          [
            5.25388,
            36.78626
          ],
          [
            5.1078,
            36.78123
          ],
          [
            4.96174,
            36.77601
          ],
          [
            4.81571,
            36.77062
          ],
          [
            4.6697,
            36.76504
          ],
          [
            4.5237,
            36.75929
          ],
          [
            4.37773,
            36.75336
          ],
          [
            4.23178,
            36.74725
          ],
          [
            4.08586,
            36.74097
          ],
          [
            3.93996,
            36.7345
          ],
          [
            3.79408,
            36.72786
          ],
          [
            3.64824,
            36.72104
          ],
          [
            3.50241,
            36.71404
          ],
          [
            3.35662,
            36.70687
          ],
          [
            3.21085,
            36.69951
          ]
        ]
      },
      "properties": {
        "id": "tun-alg",
        "from": "TUN",
        "to": "ALG",
        "carrier": "AH",
        "flight": "AH 4001",
        "status": "active",
        "days": null,
        "evidence": "verified",
        "planned": false,
        "source": "https://www.airalgerie.dz/decouvrir/nos-destinations/",
        "great_circle_km": 625,
        "from_name": "Tunis Carthage International Airport",
        "to_name": "Aéroport d’Alger – Houari Boumediene"
      }
    },
    {
      "type": "Feature",
      "geometry": {
        "type": "LineString",
        "coordinates": [
          [
            -73.74229,
            45.46784
          ],
          [
            -72.15952,
            45.86626
          ],
          [
            -70.55454,
            46.24253
          ],
          [
            -68.92808,
            46.59603
          ],
          [
            -67.28096,
            46.92619
          ],
          [
            -65.61416,
            47.23243
          ],
          [
            -63.92876,
            47.51424
          ],
          [
            -62.22598,
            47.77109
          ],
          [
            -60.50714,
            48.00252
          ],
          [
            -58.77368,
            48.20808
          ],
          [
            -57.02714,
            48.38738
          ],
          [
            -55.26917,
            48.54007
          ],
          [
            -53.50151,
            48.66585
          ],
          [
            -51.72596,
            48.76445
          ],
          [
            -49.9444,
            48.83568
          ],
          [
            -48.15875,
            48.8794
          ],
          [
            -46.37096,
            48.8955
          ],
          [
            -44.583,
            48.88397
          ],
          [
            -42.79686,
            48.84481
          ],
          [
            -41.01449,
            48.77812
          ],
          [
            -39.23781,
            48.68402
          ],
          [
            -37.46872,
            48.56272
          ],
          [
            -35.70903,
            48.41446
          ],
          [
            -33.96049,
            48.23953
          ],
          [
            -32.22476,
            48.03828
          ],
          [
            -30.5034,
            47.8111
          ],
          [
            -28.79786,
            47.55842
          ],
          [
            -27.10951,
            47.28071
          ],
          [
            -25.43956,
            46.97846
          ],
          [
            -23.78912,
            46.65222
          ],
          [
            -22.15918,
            46.30254
          ],
          [
            -20.55059,
            45.92999
          ],
          [
            -18.96411,
            45.53519
          ],
          [
            -17.40034,
            45.11873
          ],
          [
            -15.8598,
            44.68125
          ],
          [
            -14.34289,
            44.22338
          ],
          [
            -12.84989,
            43.74575
          ],
          [
            -11.38099,
            43.249
          ],
          [
            -9.93629,
            42.73376
          ],
          [
            -8.51581,
            42.20066
          ],
          [
            -7.11948,
            41.65034
          ],
          [
            -5.74715,
            41.08341
          ],
          [
            -4.39862,
            40.50048
          ],
          [
            -3.07364,
            39.90214
          ],
          [
            -1.77187,
            39.289
          ],
          [
            -0.49296,
            38.66161
          ],
          [
            0.7635,
            38.02053
          ],
          [
            1.99795,
            37.36633
          ],
          [
            3.21085,
            36.69951
          ]
        ]
      },
      "properties": {
        "id": "yul-alg",
        "from": "YUL",
        "to": "ALG",
        "carrier": "AH",
        "flight": null,
        "status": "active",
        "days": null,
        "evidence": "verified",
        "planned": false,
        "source": "https://www.visa-algerie.com/air-algerie-se-renforce-a-montreal-pour-compenser-labsence-dair-canada/",
        "great_circle_km": 6275,
        "from_name": "Montreal / Pierre Elliott Trudeau International Airport",
        "to_name": "Aéroport d’Alger – Houari Boumediene"
      }
    },
    {
      "type": "Feature",
      "geometry": {
        "type": "LineString",
        "coordinates": [
          [
            3.21085,
            36.69951
          ],
          [
            5.01975,
            37.93789
          ],
          [
            6.88992,
            39.14763
          ],
          [
            8.82465,
            40.32645
          ],
          [
            10.82716,
            41.4719
          ],
          [
            12.90056,
            42.58139
          ],
          [
            15.04775,
            43.65216
          ],
          [
            17.27134,
            44.6813
          ],
          [
            19.57356,
            45.66576
          ],
          [
            21.95616,
            46.60235
          ],
          [
            24.42023,
            47.48777
          ],
          [
            26.96614,
            48.31864
          ],
          [
            29.59333,
            49.0915
          ],
          [
            32.30024,
            49.8029
          ],
          [
            35.08413,
            50.44944
          ],
          [
            37.941,
            51.02779
          ],
          [
            40.86554,
            51.53479
          ],
          [
            43.85105,
            51.96753
          ],
          [
            46.88955,
            52.32339
          ],
          [
            49.97177,
            52.60012
          ],
          [
            53.08741,
            52.79593
          ],
          [
            56.22528,
            52.9095
          ],
          [
            59.3736,
            52.94007
          ],
          [
            62.52032,
            52.88743
          ],
          [
            65.65341,
            52.75193
          ],
          [
            68.76124,
            52.53449
          ],
          [
            71.83283,
            52.23656
          ],
          [
            74.85811,
            51.86007
          ],
          [
            77.82817,
            51.40735
          ],
          [
            80.73534,
            50.88111
          ],
          [
            83.57331,
            50.28435
          ],
          [
            86.3371,
            49.62027
          ],
          [
            89.02307,
            48.89222
          ],
          [
            91.6288,
            48.10363
          ],
          [
            94.153,
            47.25795
          ],
          [
            96.59538,
            46.35862
          ],
          [
            98.95651,
            45.40901
          ],
          [
            101.23767,
            44.41238
          ],
          [
            103.44074,
            43.3719
          ],
          [
            105.56808,
            42.29058
          ],
          [
            107.62237,
            41.17128
          ],
          [
            109.60659,
            40.01673
          ],
          [
            111.52387,
            38.82947
          ],
          [
            113.37745,
            37.61191
          ],
          [
            115.17064,
            36.3663
          ],
          [
            116.90675,
            35.09474
          ],
          [
            118.58905,
            33.79921
          ],
          [
            120.22075,
            32.48152
          ],
          [
            121.805,
            31.1434
          ]
        ]
      },
      "properties": {
        "id": "alg-pvg",
        "from": "ALG",
        "to": "PVG",
        "carrier": "AH",
        "flight": null,
        "status": "unclear",
        "days": null,
        "evidence": "listed",
        "planned": true,
        "source": "https://algerie-eco.com/2026/06/20/air-algerie-prevoit-douvrir-des-vols-vers-delhi-et-shanghai-des-lhiver-prochain/",
        "great_circle_km": 10131,
        "from_name": "Aéroport d’Alger – Houari Boumediene",
        "to_name": "Shanghai Pudong International Airport"
      }
    },
    {
      "type": "Feature",
      "geometry": {
        "type": "LineString",
        "coordinates": [
          [
            3.21085,
            36.69951
          ],
          [
            3.70423,
            37.18339
          ],
          [
            4.20396,
            37.66521
          ],
          [
            4.71021,
            38.14488
          ],
          [
            5.22314,
            38.62235
          ],
          [
            5.74294,
            39.09756
          ],
          [
            6.26977,
            39.57042
          ],
          [
            6.80381,
            40.04088
          ],
          [
            7.34526,
            40.50884
          ],
          [
            7.8943,
            40.97425
          ],
          [
            8.45112,
            41.43701
          ],
          [
            9.01591,
            41.89705
          ],
          [
            9.58887,
            42.35429
          ],
          [
            10.1702,
            42.80863
          ],
          [
            10.7601,
            43.25998
          ],
          [
            11.35879,
            43.70826
          ],
          [
            11.96647,
            44.15337
          ],
          [
            12.58335,
            44.5952
          ],
          [
            13.20965,
            45.03367
          ],
          [
            13.84557,
            45.46866
          ],
          [
            14.49135,
            45.90007
          ],
          [
            15.1472,
            46.32778
          ],
          [
            15.81334,
            46.75168
          ],
          [
            16.49,
            47.17166
          ],
          [
            17.17738,
            47.58759
          ],
          [
            17.87573,
            47.99935
          ],
          [
            18.58525,
            48.4068
          ],
          [
            19.30617,
            48.80983
          ],
          [
            20.0387,
            49.20829
          ],
          [
            20.78307,
            49.60204
          ],
          [
            21.53948,
            49.99094
          ],
          [
            22.30815,
            50.37484
          ],
          [
            23.08927,
            50.75359
          ],
          [
            23.88305,
            51.12704
          ],
          [
            24.68967,
            51.49504
          ],
          [
            25.50932,
            51.85741
          ],
          [
            26.34217,
            52.21399
          ],
          [
            27.18839,
            52.56461
          ],
          [
            28.04813,
            52.90911
          ],
          [
            28.92152,
            53.2473
          ],
          [
            29.80869,
            53.57901
          ],
          [
            30.70975,
            53.90405
          ],
          [
            31.6248,
            54.22224
          ],
          [
            32.5539,
            54.53339
          ],
          [
            33.4971,
            54.83731
          ],
          [
            34.45444,
            55.13382
          ],
          [
            35.42593,
            55.4227
          ],
          [
            36.41153,
            55.70378
          ],
          [
            37.41121,
            55.97686
          ]
        ]
      },
      "properties": {
        "id": "alg-svo",
        "from": "ALG",
        "to": "SVO",
        "carrier": "AH",
        "flight": null,
        "status": "unclear",
        "days": null,
        "evidence": "listed",
        "planned": true,
        "source": "https://www.tsa-algerie.dz/air-algerie-va-relancer-ses-vols-directs-entre-alger-et-moscou/",
        "great_circle_km": 3332,
        "from_name": "Aéroport d’Alger – Houari Boumediene",
        "to_name": "Sheremetyevo International Airport"
      }
    }
  ]
}
