id,name,name_fr,name_ar,wilaya_code,commune_code,commune,lat,lng,geo_precision,geo_method,source,refs,osm_type,osm_id,operator_ids,line_ids,wilaya_method,roles,highway,public_transport
osm-node-10028487216,Université de Mostaganem,,,27,,,35.931276,0.088424,exact,osm_node,osm,"{""osm"":""node/10028487216""}",node,10028487216,"[""etus-mostaganem""]","[""etus-mostaganem-1""]",point_in_wilaya,"[""stop""]",bus_stop,stop_position
osm-node-10028500906,Cour de la Culture,,,27,,,35.925086,0.07818,exact,osm_node,osm,"{""osm"":""node/10028500906""}",node,10028500906,"[""etus-mostaganem""]","[""etus-mostaganem-1""]",point_in_wilaya,"[""stop""]",bus_stop,stop_position
osm-node-10028502217,Cité CIA,,,27,,,35.923087,0.078083,exact,osm_node,osm,"{""osm"":""node/10028502217""}",node,10028502217,"[""etus-mostaganem""]","[""etus-mostaganem-1""]",point_in_wilaya,"[""stop""]",bus_stop,stop_position
osm-node-10028502218,Cité 400 Logements,Cité 400 Logements,,27,,,35.927029,0.079695,exact,osm_node,osm,"{""osm"":""node/10028502218""}",node,10028502218,"[""etus-mostaganem""]","[""etus-mostaganem-1""]",point_in_wilaya,"[""stop""]",bus_stop,stop_position
osm-node-10028502219,,,,27,,,35.927998,0.081973,exact,osm_node,osm,"{""osm"":""node/10028502219""}",node,10028502219,"[""etus-mostaganem""]","[""etus-mostaganem-1""]",point_in_wilaya,"[""stop""]",bus_stop,stop_position
osm-node-10028502220,Beaux Arts,,,27,,,35.929243,0.082826,exact,osm_node,osm,"{""osm"":""node/10028502220""}",node,10028502220,"[""etus-mostaganem""]","[""etus-mostaganem-1""]",point_in_wilaya,"[""stop""]",bus_stop,stop_position
osm-node-10028502221,SAA,,,27,,,35.930593,0.083715,exact,osm_node,osm,"{""osm"":""node/10028502221""}",node,10028502221,"[""etus-mostaganem""]","[""etus-mostaganem-1""]",point_in_wilaya,"[""stop""]",bus_stop,stop_position
osm-node-10028502222,,,,27,,,35.931758,0.087226,exact,osm_node,osm,"{""osm"":""node/10028502222""}",node,10028502222,"[""etus-mostaganem""]","[""etus-mostaganem-1""]",point_in_wilaya,"[""stop""]",bus_stop,stop_position
osm-node-10028502223,Cheikh Ibn Eddine,,,27,,,35.931594,0.090788,exact,osm_node,osm,"{""osm"":""node/10028502223""}",node,10028502223,"[""etus-mostaganem""]","[""etus-mostaganem-1""]",point_in_wilaya,"[""stop""]",bus_stop,stop_position
osm-node-10029708051,Ben Haoua,,,27,,,35.921123,0.102923,exact,osm_node,osm,"{""osm"":""node/10029708051""}",node,10029708051,"[""etus-mostaganem""]","[""etus-mostaganem-1""]",point_in_wilaya,"[""stop""]",bus_stop,stop_position
osm-node-10029708052,Cité 5 Juillet - Centre,,,27,,,35.920492,0.099452,exact,osm_node,osm,"{""osm"":""node/10029708052""}",node,10029708052,"[""etus-mostaganem""]","[""etus-mostaganem-1""]",point_in_wilaya,"[""stop""]",bus_stop,stop_position
osm-node-10029741252,Route Oued Ain Sefra,,,27,,,35.931637,0.092225,exact,osm_node,osm,"{""osm"":""node/10029741252""}",node,10029741252,"[""etus-mostaganem""]","[""etus-mostaganem-1""]",point_in_wilaya,"[""platform""]",,platform
osm-node-10029741253,Pont du 17 Octobre,,,27,,,35.931345,0.091221,exact,osm_node,osm,"{""osm"":""node/10029741253""}",node,10029741253,"[""etus-mostaganem""]","[""etus-mostaganem-1""]",point_in_wilaya,"[""platform""]",,platform
osm-node-10029741254,Protection Civile الحماية المدنية,Protection Civile,الحماية المدنية,27,,,35.931738,0.087208,exact,osm_node,osm,"{""osm"":""node/10029741254""}",node,10029741254,"[""etus-mostaganem""]","[""etus-mostaganem-1""]",point_in_wilaya,"[""platform""]",,platform
osm-node-10029741255,SAA,,,27,,,35.930582,0.08375,exact,osm_node,osm,"{""osm"":""node/10029741255""}",node,10029741255,"[""etus-mostaganem""]","[""etus-mostaganem-1""]",point_in_wilaya,"[""platform""]",,platform
osm-node-10029741256,Beaux Arts,,,27,,,35.92923,0.08286,exact,osm_node,osm,"{""osm"":""node/10029741256""}",node,10029741256,"[""etus-mostaganem""]","[""etus-mostaganem-1""]",point_in_wilaya,"[""platform""]",,platform
osm-node-10029741257,,,,27,,,35.927981,0.082005,exact,osm_node,osm,"{""osm"":""node/10029741257""}",node,10029741257,"[""etus-mostaganem""]","[""etus-mostaganem-1""]",point_in_wilaya,"[""platform""]",,platform
osm-node-10029741258,Cité CIA,,,27,,,35.923111,0.078075,exact,osm_node,osm,"{""osm"":""node/10029741258""}",node,10029741258,"[""etus-mostaganem""]","[""etus-mostaganem-1""]",point_in_wilaya,"[""platform""]",,platform
osm-node-10029741259,Cour de la Culture,,,27,,,35.925082,0.078143,exact,osm_node,osm,"{""osm"":""node/10029741259""}",node,10029741259,"[""etus-mostaganem""]","[""etus-mostaganem-1""]",point_in_wilaya,"[""platform""]",,platform
osm-node-10029741260,Cité 400 Logements,Cité 400 Logements,,27,,,35.927038,0.079664,exact,osm_node,osm,"{""osm"":""node/10029741260""}",node,10029741260,"[""etus-mostaganem""]","[""etus-mostaganem-1""]",point_in_wilaya,"[""platform""]",,platform
osm-node-10029741261,,,,27,,,35.928006,0.081943,exact,osm_node,osm,"{""osm"":""node/10029741261""}",node,10029741261,"[""etus-mostaganem""]","[""etus-mostaganem-1""]",point_in_wilaya,"[""platform""]",,platform
osm-node-10029741262,Beaux Arts,,,27,,,35.929251,0.082794,exact,osm_node,osm,"{""osm"":""node/10029741262""}",node,10029741262,"[""etus-mostaganem""]","[""etus-mostaganem-1""]",point_in_wilaya,"[""platform""]",,platform
osm-node-10029741263,SAA,,,27,,,35.9306,0.083684,exact,osm_node,osm,"{""osm"":""node/10029741263""}",node,10029741263,"[""etus-mostaganem""]","[""etus-mostaganem-1""]",point_in_wilaya,"[""platform""]",,platform
osm-node-10029741264,Université de Mostaganem,,,27,,,35.931297,0.088443,exact,osm_node,osm,"{""osm"":""node/10029741264""}",node,10029741264,"[""etus-mostaganem""]","[""etus-mostaganem-1""]",point_in_wilaya,"[""platform""]",,platform
osm-node-10029741265,Cheikh Ibn Eddine,,,27,,,35.931618,0.090783,exact,osm_node,osm,"{""osm"":""node/10029741265""}",node,10029741265,"[""etus-mostaganem""]","[""etus-mostaganem-1""]",point_in_wilaya,"[""platform""]",,platform
osm-node-10029752162,Cité 5 Juillet,,,27,,,35.916853,0.102743,exact,osm_node,osm,"{""osm"":""node/10029752162""}",node,10029752162,"[""etus-mostaganem""]","[""etus-mostaganem-1""]",point_in_wilaya,"[""stop""]",bus_stop,stop_position
osm-node-10035219305,GR ETUS,,,19,,,36.185405,5.392108,exact,osm_node,osm,"{""osm"":""node/10035219305""}",node,10035219305,"[""etus-setif""]","[""etus-setif-101""]",point_in_wilaya,"[""platform_entry_only""]",bus_stop,platform
osm-node-10035219306,Samu ETUS,Samu ETUS,,19,,,36.181595,5.398524,exact,osm_node,osm,"{""osm"":""node/10035219306""}",node,10035219306,"[""etus-setif""]","[""etus-setif-101""]",point_in_wilaya,"[""platform""]",bus_stop,platform
osm-node-10035219307,Samu bus stop,,,19,,,36.181595,5.39866,exact,osm_node,osm,"{""osm"":""node/10035219307""}",node,10035219307,"[""etus-setif""]","[""etus-setif-101"",""etus-setif-104""]",point_in_wilaya,"[""stop""]",,stop_position
osm-node-10035219308,Mahdi ETUS,Mahdi ETUS,,19,,,36.180311,5.402226,exact,osm_node,osm,"{""osm"":""node/10035219308""}",node,10035219308,"[""etus-setif""]","[""etus-setif-104""]",point_in_wilaya,"[""platform""]",bus_stop,platform
osm-node-10035219309,Guessab bus stop,,,19,,,36.180242,5.402314,exact,osm_node,osm,"{""osm"":""node/10035219309""}",node,10035219309,"[""etus-setif""]","[""etus-setif-104""]",point_in_wilaya,"[""stop""]",,stop_position
osm-node-10035219311,Guessab bus stop,,,19,,,36.183051,5.404642,exact,osm_node,osm,"{""osm"":""node/10035219311""}",node,10035219311,"[""etus-setif""]","[""etus-setif-104""]",point_in_wilaya,"[""stop""]",,stop_position
osm-node-10035219312,Guessab ETUS,,,19,,,36.186695,5.409788,exact,osm_node,osm,"{""osm"":""node/10035219312""}",node,10035219312,"[""etus-setif""]","[""etus-setif-104""]",point_in_wilaya,"[""platform""]",bus_stop,platform
osm-node-10035219313,Guessab bus stop,,,19,,,36.186704,5.409748,exact,osm_node,osm,"{""osm"":""node/10035219313""}",node,10035219313,"[""etus-setif""]","[""etus-setif-104""]",point_in_wilaya,"[""stop""]",,stop_position
osm-node-10035219314,Guessab bus stop,,,19,,,36.18682,5.409659,exact,osm_node,osm,"{""osm"":""node/10035219314""}",node,10035219314,"[""etus-setif""]","[""etus-setif-104""]",point_in_wilaya,"[""stop""]",,stop_position
osm-node-10035232521,GR ETUS,,,19,,,36.185469,5.39172,exact,osm_node,osm,"{""osm"":""node/10035232521""}",node,10035232521,"[""etus-setif""]","[""etus-setif-104""]",point_in_wilaya,"[""platform""]",bus_stop,platform
osm-node-10035232522,Samu ETUS,Samu ETUS,,19,,,36.1816,5.398522,exact,osm_node,osm,"{""osm"":""node/10035232522""}",node,10035232522,"[""etus-setif""]","[""etus-setif-104""]",point_in_wilaya,"[""platform""]",bus_stop,platform
osm-node-10035232531,,,,19,,,36.193685,5.410559,exact,osm_node,osm,"{""osm"":""node/10035232531""}",node,10035232531,"[""etus-setif""]","[""etus-setif-104""]",point_in_wilaya,"[""platform""]",bus_stop,platform
osm-node-10035232532,Parc bus stop,,,19,,,36.193687,5.410466,exact,osm_node,osm,"{""osm"":""node/10035232532""}",node,10035232532,"[""etus-setif""]","[""etus-setif-104""]",point_in_wilaya,"[""stop""]",,stop_position
osm-node-10035232541,Laararsa 1 bus stop,,,19,,,36.200557,5.412153,exact,osm_node,osm,"{""osm"":""node/10035232541""}",node,10035232541,"[""etus-setif""]","[""etus-setif-104""]",point_in_wilaya,"[""stop""]",,stop_position
osm-node-10035232544,Laararsa 2 bus stop,,,19,,,36.201208,5.415406,exact,osm_node,osm,"{""osm"":""node/10035232544""}",node,10035232544,"[""etus-setif""]","[""etus-setif-104""]",point_in_wilaya,"[""stop""]",,stop_position
osm-node-10035232545,500 Logs 1,,,19,,,36.201735,5.417777,exact,osm_node,osm,"{""osm"":""node/10035232545""}",node,10035232545,"[""etus-setif""]","[""etus-setif-104""]",point_in_wilaya,"[""platform""]",bus_stop,platform
osm-node-10035232546,500 Logs 2,,,19,,,36.202154,5.421622,exact,osm_node,osm,"{""osm"":""node/10035232546""}",node,10035232546,"[""etus-setif""]","[""etus-setif-104""]",point_in_wilaya,"[""platform""]",bus_stop,platform
osm-node-10035232547,Chadli 1,,,19,,,36.202037,5.42381,exact,osm_node,osm,"{""osm"":""node/10035232547""}",node,10035232547,"[""etus-setif""]","[""etus-setif-104""]",point_in_wilaya,"[""platform""]",bus_stop,platform
osm-node-10035232556,Hidhab 2 bus platform,,,19,,,36.205942,5.435672,exact,osm_node,osm,"{""osm"":""node/10035232556""}",node,10035232556,"[""etus-setif""]","[""etus-setif-104""]",point_in_wilaya,"[""platform""]",bus_stop,platform
osm-node-10035232557,Hidhab 3 bus platform,,,19,,,36.20668,5.436905,exact,osm_node,osm,"{""osm"":""node/10035232557""}",node,10035232557,"[""etus-setif""]","[""etus-setif-104""]",point_in_wilaya,"[""platform""]",bus_stop,platform
osm-node-10035232559,Hidhab 4 bus platform,,,19,,,36.20827,5.438308,exact,osm_node,osm,"{""osm"":""node/10035232559""}",node,10035232559,"[""etus-setif""]","[""etus-setif-104""]",point_in_wilaya,"[""platform""]",bus_stop,platform
osm-node-10035232567,GR ETUS,,,19,,,36.185405,5.39169,exact,osm_node,osm,"{""osm"":""node/10035232567""}",node,10035232567,"[""etus-setif""]","[""etus-setif-101""]",point_in_wilaya,"[""platform_exit_only""]",bus_stop,platform
osm-node-10035232568,Samu ETUS,Samu ETUS,,19,,,36.181586,5.398728,exact,osm_node,osm,"{""osm"":""node/10035232568""}",node,10035232568,"[""etus-setif""]","[""etus-setif-101""]",point_in_wilaya,"[""platform""]",bus_stop,platform
osm-node-10035232570,Malizia ETUS,,,19,,,36.18308,5.404597,exact,osm_node,osm,"{""osm"":""node/10035232570""}",node,10035232570,"[""etus-setif""]","[""etus-setif-104""]",point_in_wilaya,"[""platform""]",bus_stop,platform
osm-node-10035232571,Guessab ETUS,,,19,,,36.186844,5.409617,exact,osm_node,osm,"{""osm"":""node/10035232571""}",node,10035232571,"[""etus-setif""]","[""etus-setif-104""]",point_in_wilaya,"[""platform""]",bus_stop,platform
osm-node-10035232572,,,,19,,,36.193672,5.410254,exact,osm_node,osm,"{""osm"":""node/10035232572""}",node,10035232572,"[""etus-setif""]","[""etus-setif-104""]",point_in_wilaya,"[""platform""]",bus_stop,platform
osm-node-10035232573,CPA,,,19,,,36.195553,5.41063,exact,osm_node,osm,"{""osm"":""node/10035232573""}",node,10035232573,"[""etus-setif""]","[""etus-setif-104""]",point_in_wilaya,"[""platform""]",bus_stop,platform
osm-node-10035232574,600 Logs,,,19,,,36.199492,5.411245,exact,osm_node,osm,"{""osm"":""node/10035232574""}",node,10035232574,"[""etus-setif""]","[""etus-setif-104""]",point_in_wilaya,"[""platform""]",bus_stop,platform
osm-node-10035232582,Hidhab 2 bus platform,,,19,,,36.205819,5.435719,exact,osm_node,osm,"{""osm"":""node/10035232582""}",node,10035232582,"[""etus-setif""]","[""etus-setif-104""]",point_in_wilaya,"[""platform""]",bus_stop,platform
osm-node-10035232583,Hidhab 3 bus platform,,,19,,,36.20659,5.437109,exact,osm_node,osm,"{""osm"":""node/10035232583""}",node,10035232583,"[""etus-setif""]","[""etus-setif-104""]",point_in_wilaya,"[""platform""]",bus_stop,platform
osm-node-10035232587,University of Setif Bus Platform,Plateforme de bus de l'Université de Sétif,,19,,,36.213732,5.444931,exact,osm_node,osm,"{""osm"":""node/10035232587""}",node,10035232587,"[""etus-setif""]","[""etus-setif-104""]",point_in_wilaya,"[""platform""]",bus_stop,platform
osm-node-10035252917,Parc bus stop,,,19,,,36.193691,5.41035,exact,osm_node,osm,"{""osm"":""node/10035252917""}",node,10035252917,"[""etus-setif""]","[""etus-setif-104""]",point_in_wilaya,"[""stop""]",,stop_position
osm-node-10035252918,CPA,,,19,,,36.195557,5.410881,exact,osm_node,osm,"{""osm"":""node/10035252918""}",node,10035252918,"[""etus-setif""]","[""etus-setif-104""]",point_in_wilaya,"[""platform""]",bus_stop,platform
osm-node-10035252919,CPA bus stop,,,19,,,36.195564,5.410848,exact,osm_node,osm,"{""osm"":""node/10035252919""}",node,10035252919,"[""etus-setif""]","[""etus-setif-104""]",point_in_wilaya,"[""stop""]",,stop_position
osm-node-10035252920,600 Logs,,,19,,,36.199532,5.411089,exact,osm_node,osm,"{""osm"":""node/10035252920""}",node,10035252920,"[""etus-setif""]","[""etus-setif-104""]",point_in_wilaya,"[""platform""]",bus_stop,platform
osm-node-10035252921,600 Logs bus stop,,,19,,,36.199526,5.411105,exact,osm_node,osm,"{""osm"":""node/10035252921""}",node,10035252921,"[""etus-setif""]","[""etus-setif-104""]",point_in_wilaya,"[""stop""]",,stop_position
osm-node-10035252922,CPA bus stop,,,19,,,36.199498,5.411225,exact,osm_node,osm,"{""osm"":""node/10035252922""}",node,10035252922,"[""etus-setif""]","[""etus-setif-104""]",point_in_wilaya,"[""stop""]",,stop_position
osm-node-10035252923,Laararsa 1,,,19,,,36.200683,5.412133,exact,osm_node,osm,"{""osm"":""node/10035252923""}",node,10035252923,"[""etus-setif""]","[""etus-setif-104""]",point_in_wilaya,"[""platform""]",bus_stop,platform
osm-node-10035252924,Laararsa 1 bus stop,,,19,,,36.200659,5.412129,exact,osm_node,osm,"{""osm"":""node/10035252924""}",node,10035252924,"[""etus-setif""]","[""etus-setif-104""]",point_in_wilaya,"[""stop""]",,stop_position
osm-node-10035252926,Laararsa 2,,,19,,,36.201337,5.415427,exact,osm_node,osm,"{""osm"":""node/10035252926""}",node,10035252926,"[""etus-setif""]","[""etus-setif-104""]",point_in_wilaya,"[""platform""]",bus_stop,platform
osm-node-10035252932,Chadli 1 bus stop,,,19,,,36.202051,5.423807,exact,osm_node,osm,"{""osm"":""node/10035252932""}",node,10035252932,"[""etus-setif""]","[""etus-setif-104""]",point_in_wilaya,"[""stop""]",,stop_position
osm-node-10035252933,Chadli 1 bus stop,,,19,,,36.202134,5.423809,exact,osm_node,osm,"{""osm"":""node/10035252933""}",node,10035252933,"[""etus-setif""]","[""etus-setif-104""]",point_in_wilaya,"[""stop""]",,stop_position
osm-node-10035252934,Chadli 2 bus platform,,,19,,,36.202864,5.427595,exact,osm_node,osm,"{""osm"":""node/10035252934""}",node,10035252934,"[""etus-setif""]","[""etus-setif-104""]",point_in_wilaya,"[""platform""]",bus_stop,platform
osm-node-10035252935,Chadli 2 bus stop,,,19,,,36.202887,5.427569,exact,osm_node,osm,"{""osm"":""node/10035252935""}",node,10035252935,"[""etus-setif""]","[""etus-setif-104""]",point_in_wilaya,"[""stop""]",,stop_position
osm-node-10035252936,Chadli 2 bus stop,,,19,,,36.202952,5.427522,exact,osm_node,osm,"{""osm"":""node/10035252936""}",node,10035252936,"[""etus-setif""]","[""etus-setif-104""]",point_in_wilaya,"[""stop""]",,stop_position
osm-node-10035252937,Hidhab 1 bus platform,,,19,,,36.204595,5.431062,exact,osm_node,osm,"{""osm"":""node/10035252937""}",node,10035252937,"[""etus-setif""]","[""etus-setif-104""]",point_in_wilaya,"[""platform""]",bus_stop,platform
osm-node-10035252938,Hidhab 1 bus stop,,,19,,,36.204634,5.431037,exact,osm_node,osm,"{""osm"":""node/10035252938""}",node,10035252938,"[""etus-setif""]","[""etus-setif-104""]",point_in_wilaya,"[""stop""]",,stop_position
osm-node-10035252939,Hidhab 1 bus stop,,,19,,,36.204725,5.431004,exact,osm_node,osm,"{""osm"":""node/10035252939""}",node,10035252939,"[""etus-setif""]","[""etus-setif-104""]",point_in_wilaya,"[""stop""]",,stop_position
osm-node-10035252945,Hidhab 4 bus stop,,,19,,,36.208306,5.438171,exact,osm_node,osm,"{""osm"":""node/10035252945""}",node,10035252945,"[""etus-setif""]","[""etus-setif-104""]",point_in_wilaya,"[""stop""]",,stop_position
osm-node-10035252946,Hidhab 5 bus platform,,,19,,,36.210012,5.440453,exact,osm_node,osm,"{""osm"":""node/10035252946""}",node,10035252946,"[""etus-setif""]","[""etus-setif-104""]",point_in_wilaya,"[""stop""]",,stop_position
osm-node-10035252947,Hidhab 5 bus platform,,,19,,,36.210072,5.440337,exact,osm_node,osm,"{""osm"":""node/10035252947""}",node,10035252947,"[""etus-setif""]","[""etus-setif-104""]",point_in_wilaya,"[""stop""]",,stop_position
osm-node-10035252948,Hidhab 6 bus platform,,,19,,,36.212586,5.443633,exact,osm_node,osm,"{""osm"":""node/10035252948""}",node,10035252948,"[""etus-setif""]","[""etus-setif-104""]",point_in_wilaya,"[""stop""]",,stop_position
osm-node-10035252950,Hidhab 6 Bus Stop,,,19,,,36.212651,5.443533,exact,osm_node,osm,"{""osm"":""node/10035252950""}",node,10035252950,"[""etus-setif""]","[""etus-setif-104""]",point_in_wilaya,"[""stop""]",,stop_position
osm-node-10035252951,GR ETUS,,,19,,,36.185313,5.392059,exact,osm_node,osm,"{""osm"":""node/10035252951""}",node,10035252951,"[""etus-setif""]","[""etus-setif-104""]",point_in_wilaya,"[""platform""]",bus_stop,platform
osm-node-10035252952,Samu ETUS,Samu ETUS,,19,,,36.181583,5.398713,exact,osm_node,osm,"{""osm"":""node/10035252952""}",node,10035252952,"[""etus-setif""]","[""etus-setif-104""]",point_in_wilaya,"[""platform""]",bus_stop,platform
osm-node-10035252953,Mahdi ETUS,Mahdi ETUS,,19,,,36.180201,5.402344,exact,osm_node,osm,"{""osm"":""node/10035252953""}",node,10035252953,"[""etus-setif""]","[""etus-setif-104""]",point_in_wilaya,"[""platform""]",bus_stop,platform
osm-node-10035252959,Laararsa 2,,,19,,,36.201146,5.415412,exact,osm_node,osm,"{""osm"":""node/10035252959""}",node,10035252959,"[""etus-setif""]","[""etus-setif-104""]",point_in_wilaya,"[""platform""]",bus_stop,platform
osm-node-10035252960,Laararsa 1,,,19,,,36.200495,5.412129,exact,osm_node,osm,"{""osm"":""node/10035252960""}",node,10035252960,"[""etus-setif""]","[""etus-setif-104""]",point_in_wilaya,"[""platform""]",bus_stop,platform
osm-node-10035252961,500 Logs 1,,,19,,,36.201563,5.417837,exact,osm_node,osm,"{""osm"":""node/10035252961""}",node,10035252961,"[""etus-setif""]","[""etus-setif-104""]",point_in_wilaya,"[""platform""]",bus_stop,platform
osm-node-10035252962,500 Logs 2,,,19,,,36.202016,5.421573,exact,osm_node,osm,"{""osm"":""node/10035252962""}",node,10035252962,"[""etus-setif""]","[""etus-setif-104""]",point_in_wilaya,"[""platform""]",bus_stop,platform
osm-node-10035252963,Chadli 1,,,19,,,36.202194,5.423813,exact,osm_node,osm,"{""osm"":""node/10035252963""}",node,10035252963,"[""etus-setif""]","[""etus-setif-104""]",point_in_wilaya,"[""platform""]",bus_stop,platform
osm-node-10035252964,Chadli 2 bus platform,,,19,,,36.203017,5.427512,exact,osm_node,osm,"{""osm"":""node/10035252964""}",node,10035252964,"[""etus-setif""]","[""etus-setif-104""]",point_in_wilaya,"[""platform""]",bus_stop,platform
osm-node-10035252965,Hidhab 1 bus platform,,,19,,,36.204773,5.430986,exact,osm_node,osm,"{""osm"":""node/10035252965""}",node,10035252965,"[""etus-setif""]","[""etus-setif-104""]",point_in_wilaya,"[""platform""]",bus_stop,platform
osm-node-10035252968,Hidhab 4 bus platform,,,19,,,36.208344,5.438121,exact,osm_node,osm,"{""osm"":""node/10035252968""}",node,10035252968,"[""etus-setif""]","[""etus-setif-104""]",point_in_wilaya,"[""platform""]",bus_stop,platform
osm-node-10035252969,Hidhab 5 bus platform,,,19,,,36.210116,5.440284,exact,osm_node,osm,"{""osm"":""node/10035252969""}",node,10035252969,"[""etus-setif""]","[""etus-setif-104""]",point_in_wilaya,"[""platform""]",bus_stop,platform
osm-node-10035252970,Hidhab 6 Bus Platform,,,19,,,36.212689,5.44347,exact,osm_node,osm,"{""osm"":""node/10035252970""}",node,10035252970,"[""etus-setif""]","[""etus-setif-104""]",point_in_wilaya,"[""platform""]",bus_stop,platform
osm-node-10036316611,Hidhab 4 bus stop,,,19,,,36.20826,5.438262,exact,osm_node,osm,"{""osm"":""node/10036316611""}",node,10036316611,"[""etus-setif""]","[""etus-setif-104""]",point_in_wilaya,"[""stop""]",,stop_position
osm-node-10036316614,University of Setif Bus Platform,Plateforme de bus de l'Université de Sétif,,19,,,36.213502,5.445216,exact,osm_node,osm,"{""osm"":""node/10036316614""}",node,10036316614,"[""etus-setif""]","[""etus-setif-104""]",point_in_wilaya,"[""platform""]",bus_stop,platform
osm-node-10036316615,Malizia ETUS,,,19,,,36.182725,5.405196,exact,osm_node,osm,"{""osm"":""node/10036316615""}",node,10036316615,"[""etus-setif""]","[""etus-setif-104""]",point_in_wilaya,"[""platform""]",bus_stop,platform
osm-node-10036316616,Guessab bus stop,,,19,,,36.182739,5.40518,exact,osm_node,osm,"{""osm"":""node/10036316616""}",node,10036316616,"[""etus-setif""]","[""etus-setif-104""]",point_in_wilaya,"[""stop""]",,stop_position
osm-node-10036333652,Hidhab 5 bus platform,,,19,,,36.209991,5.4405,exact,osm_node,osm,"{""osm"":""node/10036333652""}",node,10036333652,"[""etus-setif""]","[""etus-setif-104""]",point_in_wilaya,"[""platform""]",bus_stop,platform
osm-node-10036333653,Hidhab 6 Bus Platform,,,19,,,36.212548,5.443691,exact,osm_node,osm,"{""osm"":""node/10036333653""}",node,10036333653,"[""etus-setif""]","[""etus-setif-104""]",point_in_wilaya,"[""platform""]",bus_stop,platform
osm-node-10043547684,Stade 500 logts,,,19,,,36.206984,5.423478,exact,osm_node,osm,"{""osm"":""node/10043547684""}",node,10043547684,"[""etus-setif""]","[""etus-setif-101""]",point_in_wilaya,"[""platform""]",bus_stop,platform
osm-node-10043547685,Stade 500 logts,,,19,,,36.207056,5.423498,exact,osm_node,osm,"{""osm"":""node/10043547685""}",node,10043547685,"[""etus-setif""]","[""etus-setif-101""]",point_in_wilaya,"[""stop""]",,stop_position
osm-node-10043547686,Stade 500 logts,,,19,,,36.20724,5.423563,exact,osm_node,osm,"{""osm"":""node/10043547686""}",node,10043547686,"[""etus-setif""]","[""etus-setif-101""]",point_in_wilaya,"[""platform""]",bus_stop,platform
osm-node-10043547687,Ecole Primaire,,,19,,,36.206519,5.425815,exact,osm_node,osm,"{""osm"":""node/10043547687""}",node,10043547687,"[""etus-setif""]","[""etus-setif-101""]",point_in_wilaya,"[""platform""]",bus_stop,platform
osm-node-10043547688,Ecole Primaire,,,19,,,36.206756,5.425904,exact,osm_node,osm,"{""osm"":""node/10043547688""}",node,10043547688,"[""etus-setif""]","[""etus-setif-101""]",point_in_wilaya,"[""platform""]",bus_stop,platform
osm-node-10043547689,Ecole Primaire,,,19,,,36.206584,5.425841,exact,osm_node,osm,"{""osm"":""node/10043547689""}",node,10043547689,"[""etus-setif""]","[""etus-setif-101""]",point_in_wilaya,"[""stop""]",,stop_position
osm-node-10043547690,Ecole Primaire,,,19,,,36.206692,5.425881,exact,osm_node,osm,"{""osm"":""node/10043547690""}",node,10043547690,"[""etus-setif""]","[""etus-setif-101""]",point_in_wilaya,"[""stop""]",,stop_position
osm-node-10043547691,407 Logts,,,19,,,36.205392,5.428507,exact,osm_node,osm,"{""osm"":""node/10043547691""}",node,10043547691,"[""etus-setif""]","[""etus-setif-101""]",point_in_wilaya,"[""platform""]",bus_stop,platform
osm-node-10043547692,407 Logts,,,19,,,36.205553,5.42874,exact,osm_node,osm,"{""osm"":""node/10043547692""}",node,10043547692,"[""etus-setif""]","[""etus-setif-101""]",point_in_wilaya,"[""platform""]",bus_stop,platform
osm-node-10043547693,Htatba,,,19,,,36.203166,5.430745,exact,osm_node,osm,"{""osm"":""node/10043547693""}",node,10043547693,"[""etus-setif""]","[""etus-setif-101""]",point_in_wilaya,"[""platform""]",bus_stop,platform
osm-node-10043547695,Htatba,,,19,,,36.203182,5.430805,exact,osm_node,osm,"{""osm"":""node/10043547695""}",node,10043547695,"[""etus-setif""]","[""etus-setif-101""]",point_in_wilaya,"[""stop""]",,stop_position
osm-node-10043547696,Htatba,,,19,,,36.203241,5.43096,exact,osm_node,osm,"{""osm"":""node/10043547696""}",node,10043547696,"[""etus-setif""]","[""etus-setif-101""]",point_in_wilaya,"[""stop""]",,stop_position
osm-node-10043547699,1006 Logts 2,,,19,,,36.198641,5.433946,exact,osm_node,osm,"{""osm"":""node/10043547699""}",node,10043547699,"[""etus-setif""]","[""etus-setif-101""]",point_in_wilaya,"[""platform""]",bus_stop,platform
osm-node-10043547700,1006 Logts 2,,,19,,,36.198703,5.434122,exact,osm_node,osm,"{""osm"":""node/10043547700""}",node,10043547700,"[""etus-setif""]","[""etus-setif-101""]",point_in_wilaya,"[""platform""]",bus_stop,platform
osm-node-10043547701,1006 Logts 2,,,19,,,36.198643,5.43398,exact,osm_node,osm,"{""osm"":""node/10043547701""}",node,10043547701,"[""etus-setif""]","[""etus-setif-101""]",point_in_wilaya,"[""stop""]",,stop_position
osm-node-10043547702,1006 Logts 2,,,19,,,36.198693,5.434099,exact,osm_node,osm,"{""osm"":""node/10043547702""}",node,10043547702,"[""etus-setif""]","[""etus-setif-101""]",point_in_wilaya,"[""stop""]",,stop_position
osm-node-10043547703,1006 Logts 1,,,19,,,36.196713,5.435114,exact,osm_node,osm,"{""osm"":""node/10043547703""}",node,10043547703,"[""etus-setif""]","[""etus-setif-101""]",point_in_wilaya,"[""platform""]",bus_stop,platform
osm-node-10043547704,1006 Logts 1,,,19,,,36.196817,5.435396,exact,osm_node,osm,"{""osm"":""node/10043547704""}",node,10043547704,"[""etus-setif""]","[""etus-setif-101""]",point_in_wilaya,"[""platform""]",bus_stop,platform
osm-node-10043547705,1006 Logts 1,,,19,,,36.196744,5.435208,exact,osm_node,osm,"{""osm"":""node/10043547705""}",node,10043547705,"[""etus-setif""]","[""etus-setif-101""]",point_in_wilaya,"[""stop""]",,stop_position
osm-node-10043547706,1006 Logts 1,,,19,,,36.196799,5.435335,exact,osm_node,osm,"{""osm"":""node/10043547706""}",node,10043547706,"[""etus-setif""]","[""etus-setif-101""]",point_in_wilaya,"[""stop""]",,stop_position
osm-node-10043547707,1014 Logts,,,19,,,36.194514,5.436687,exact,osm_node,osm,"{""osm"":""node/10043547707""}",node,10043547707,"[""etus-setif""]","[""etus-setif-101""]",point_in_wilaya,"[""platform""]",bus_stop,platform
osm-node-10043547708,1014 Logts,,,19,,,36.194575,5.436851,exact,osm_node,osm,"{""osm"":""node/10043547708""}",node,10043547708,"[""etus-setif""]","[""etus-setif-101""]",point_in_wilaya,"[""platform""]",bus_stop,platform
osm-node-10043547709,1014 Logts,,,19,,,36.194527,5.436724,exact,osm_node,osm,"{""osm"":""node/10043547709""}",node,10043547709,"[""etus-setif""]","[""etus-setif-101""]",point_in_wilaya,"[""stop""]",,stop_position
osm-node-10043547710,1014 Logts,,,19,,,36.19456,5.43681,exact,osm_node,osm,"{""osm"":""node/10043547710""}",node,10043547710,"[""etus-setif""]","[""etus-setif-101""]",point_in_wilaya,"[""stop""]",,stop_position
osm-node-10043547711,,,,19,,,36.192317,5.438164,exact,osm_node,osm,"{""osm"":""node/10043547711""}",node,10043547711,"[""etus-setif""]","[""etus-setif-101""]",point_in_wilaya,"[""platform""]",bus_stop,platform
osm-node-10043547712,,,,19,,,36.192395,5.438363,exact,osm_node,osm,"{""osm"":""node/10043547712""}",node,10043547712,"[""etus-setif""]","[""etus-setif-101""]",point_in_wilaya,"[""platform""]",bus_stop,platform
osm-node-10043547714,,,,19,,,36.192331,5.438197,exact,osm_node,osm,"{""osm"":""node/10043547714""}",node,10043547714,"[""etus-setif""]","[""etus-setif-101""]",point_in_wilaya,"[""stop""]",,stop_position
osm-node-10043547715,,,,19,,,36.192379,5.438309,exact,osm_node,osm,"{""osm"":""node/10043547715""}",node,10043547715,"[""etus-setif""]","[""etus-setif-101""]",point_in_wilaya,"[""stop""]",,stop_position
osm-node-10043547716,5 eme Arrondissment,,,19,,,36.190342,5.439493,exact,osm_node,osm,"{""osm"":""node/10043547716""}",node,10043547716,"[""etus-setif""]","[""etus-setif-101""]",point_in_wilaya,"[""platform""]",bus_stop,platform
osm-node-10043613817,5 eme Arrondissment,,,19,,,36.190433,5.439717,exact,osm_node,osm,"{""osm"":""node/10043613817""}",node,10043613817,"[""etus-setif""]","[""etus-setif-101""]",point_in_wilaya,"[""platform""]",bus_stop,platform
osm-node-10043613818,5 eme Arrondissment,,,19,,,36.190362,5.439547,exact,osm_node,osm,"{""osm"":""node/10043613818""}",node,10043613818,"[""etus-setif""]","[""etus-setif-101""]",point_in_wilaya,"[""stop""]",,stop_position
osm-node-10043613819,5 eme Arrondissment,,,19,,,36.190413,5.439655,exact,osm_node,osm,"{""osm"":""node/10043613819""}",node,10043613819,"[""etus-setif""]","[""etus-setif-101""]",point_in_wilaya,"[""stop""]",,stop_position
osm-node-10043613820,Aldjazzar,Aldjazzar,,19,,,36.187614,5.441332,exact,osm_node,osm,"{""osm"":""node/10043613820""}",node,10043613820,"[""etus-setif""]","[""etus-setif-101""]",point_in_wilaya,"[""platform""]",bus_stop,platform
osm-node-10043613821,Aldjazzar,Aldjazzar,,19,,,36.187647,5.441392,exact,osm_node,osm,"{""osm"":""node/10043613821""}",node,10043613821,"[""etus-setif""]","[""etus-setif-101""]",point_in_wilaya,"[""stop""]",,stop_position
osm-node-10043613822,Aldjazzar,Aldjazzar,,19,,,36.187712,5.44154,exact,osm_node,osm,"{""osm"":""node/10043613822""}",node,10043613822,"[""etus-setif""]","[""etus-setif-101""]",point_in_wilaya,"[""platform""]",bus_stop,platform
osm-node-10043613823,Aldjazzar,Aldjazzar,,19,,,36.18769,5.441494,exact,osm_node,osm,"{""osm"":""node/10043613823""}",node,10043613823,"[""etus-setif""]","[""etus-setif-101""]",point_in_wilaya,"[""stop""]",,stop_position
osm-node-10043613824,Les tours,,,19,,,36.184612,5.443338,exact,osm_node,osm,"{""osm"":""node/10043613824""}",node,10043613824,"[""etus-setif""]","[""etus-setif-101""]",point_in_wilaya,"[""platform_exit_only""]",bus_stop,platform
osm-node-10043613825,Les tours,,,19,,,36.184687,5.443601,exact,osm_node,osm,"{""osm"":""node/10043613825""}",node,10043613825,"[""etus-setif""]","[""etus-setif-101""]",point_in_wilaya,"[""platform_entry_only""]",bus_stop,platform
osm-node-10043613826,Les tours,,,19,,,36.184657,5.443533,exact,osm_node,osm,"{""osm"":""node/10043613826""}",node,10043613826,"[""etus-setif""]","[""etus-setif-101""]",point_in_wilaya,"[""stop_entry_only""]",,stop_position
osm-node-10044422191,,,,19,,,36.185624,5.394728,exact,osm_node,osm,"{""osm"":""node/10044422191""}",node,10044422191,"[""etus-setif""]","[""etus-setif-101""]",point_in_wilaya,"[""platform""]",bus_stop,platform
osm-node-10044422192,,,,19,,,36.185853,5.394725,exact,osm_node,osm,"{""osm"":""node/10044422192""}",node,10044422192,"[""etus-setif""]","[""etus-setif-101""]",point_in_wilaya,"[""platform""]",bus_stop,platform
osm-node-10044422193,,,,19,,,36.185677,5.39473,exact,osm_node,osm,"{""osm"":""node/10044422193""}",node,10044422193,"[""etus-setif""]","[""etus-setif-101""]",point_in_wilaya,"[""stop""]",,stop_position
osm-node-10044422194,,,,19,,,36.185747,5.39473,exact,osm_node,osm,"{""osm"":""node/10044422194""}",node,10044422194,"[""etus-setif""]","[""etus-setif-101""]",point_in_wilaya,"[""stop""]",,stop_position
osm-node-10044422195,Stop,,,19,,,36.184992,5.398695,exact,osm_node,osm,"{""osm"":""node/10044422195""}",node,10044422195,"[""etus-setif""]","[""etus-setif-101""]",point_in_wilaya,"[""platform""]",bus_stop,platform
osm-node-10044422196,Stop,,,19,,,36.184992,5.398746,exact,osm_node,osm,"{""osm"":""node/10044422196""}",node,10044422196,"[""etus-setif""]","[""etus-setif-101""]",point_in_wilaya,"[""stop""]",,stop_position
osm-node-10044422197,Stop,,,19,,,36.18499,5.39882,exact,osm_node,osm,"{""osm"":""node/10044422197""}",node,10044422197,"[""etus-setif""]","[""etus-setif-101""]",point_in_wilaya,"[""platform""]",bus_stop,platform
osm-node-10044422198,,,,19,,,36.178663,5.403176,exact,osm_node,osm,"{""osm"":""node/10044422198""}",node,10044422198,"[""etus-setif""]","[""etus-setif-101""]",point_in_wilaya,"[""platform""]",bus_stop,platform
osm-node-10044422200,,,,19,,,36.178737,5.403194,exact,osm_node,osm,"{""osm"":""node/10044422200""}",node,10044422200,"[""etus-setif""]","[""etus-setif-101""]",point_in_wilaya,"[""stop""]",,stop_position
osm-node-10044422201,1000 Logts,,,19,,,36.178499,5.406731,exact,osm_node,osm,"{""osm"":""node/10044422201""}",node,10044422201,"[""etus-setif""]","[""etus-setif-101""]",point_in_wilaya,"[""platform""]",bus_stop,platform
osm-node-10044422202,1000 Logts,,,19,,,36.17834,5.40673,exact,osm_node,osm,"{""osm"":""node/10044422202""}",node,10044422202,"[""etus-setif""]","[""etus-setif-101""]",point_in_wilaya,"[""platform""]",bus_stop,platform
osm-node-10044422203,,,,19,,,36.181185,5.408909,exact,osm_node,osm,"{""osm"":""node/10044422203""}",node,10044422203,"[""etus-setif""]","[""etus-setif-101""]",point_in_wilaya,"[""platform""]",bus_stop,platform
osm-node-10044422204,,,,19,,,36.181203,5.409058,exact,osm_node,osm,"{""osm"":""node/10044422204""}",node,10044422204,"[""etus-setif""]","[""etus-setif-101""]",point_in_wilaya,"[""platform""]",bus_stop,platform
osm-node-10044422205,,,,19,,,36.181192,5.408973,exact,osm_node,osm,"{""osm"":""node/10044422205""}",node,10044422205,"[""etus-setif""]","[""etus-setif-101""]",point_in_wilaya,"[""stop""]",,stop_position
osm-node-10044422206,Bizard,Bizard,,19,,,36.179246,5.409352,exact,osm_node,osm,"{""osm"":""node/10044422206""}",node,10044422206,"[""etus-setif""]","[""etus-setif-101""]",point_in_wilaya,"[""platform""]",bus_stop,platform
osm-node-10044422207,Bizard,Bizard,,19,,,36.17926,5.409468,exact,osm_node,osm,"{""osm"":""node/10044422207""}",node,10044422207,"[""etus-setif""]","[""etus-setif-101""]",point_in_wilaya,"[""platform""]",bus_stop,platform
osm-node-10044422208,Bizard,,,19,,,36.179251,5.409405,exact,osm_node,osm,"{""osm"":""node/10044422208""}",node,10044422208,"[""etus-setif""]","[""etus-setif-101""]",point_in_wilaya,"[""stop""]",,stop_position
osm-node-10044422209,Souk,Souk,,19,,,36.1844,5.407263,exact,osm_node,osm,"{""osm"":""node/10044422209""}",node,10044422209,"[""etus-setif""]","[""etus-setif-101""]",point_in_wilaya,"[""platform""]",bus_stop,platform
osm-node-10044422210,Souk,Souk,,19,,,36.184507,5.407342,exact,osm_node,osm,"{""osm"":""node/10044422210""}",node,10044422210,"[""etus-setif""]","[""etus-setif-101""]",point_in_wilaya,"[""platform""]",bus_stop,platform
osm-node-10044422211,Souk,Souk,,19,,,36.184448,5.407303,exact,osm_node,osm,"{""osm"":""node/10044422211""}",node,10044422211,"[""etus-setif""]","[""etus-setif-101""]",point_in_wilaya,"[""stop""]",,stop_position
osm-node-10044422212,Rempart,,,19,,,36.188632,5.40366,exact,osm_node,osm,"{""osm"":""node/10044422212""}",node,10044422212,"[""etus-setif""]","[""etus-setif-101""]",point_in_wilaya,"[""platform""]",bus_stop,platform
osm-node-10044422213,Rempart,,,19,,,36.18862,5.403433,exact,osm_node,osm,"{""osm"":""node/10044422213""}",node,10044422213,"[""etus-setif""]","[""etus-setif-101""]",point_in_wilaya,"[""platform""]",bus_stop,platform
osm-node-10044422214,Rempart,,,19,,,36.188628,5.403591,exact,osm_node,osm,"{""osm"":""node/10044422214""}",node,10044422214,"[""etus-setif""]","[""etus-setif-101""]",point_in_wilaya,"[""stop""]",,stop_position
osm-node-10044422215,Rempart,,,19,,,36.188621,5.403481,exact,osm_node,osm,"{""osm"":""node/10044422215""}",node,10044422215,"[""etus-setif""]","[""etus-setif-101""]",point_in_wilaya,"[""stop""]",,stop_position
osm-node-10044422216,,,,19,,,36.19174,5.403521,exact,osm_node,osm,"{""osm"":""node/10044422216""}",node,10044422216,"[""etus-setif""]","[""etus-setif-101""]",point_in_wilaya,"[""platform""]",bus_stop,platform
osm-node-10044455617,,,,19,,,36.19174,5.403272,exact,osm_node,osm,"{""osm"":""node/10044455617""}",node,10044455617,"[""etus-setif""]","[""etus-setif-101""]",point_in_wilaya,"[""platform""]",bus_stop,platform
osm-node-10044455620,,,,19,,,36.191742,5.403336,exact,osm_node,osm,"{""osm"":""node/10044455620""}",node,10044455620,"[""etus-setif""]","[""etus-setif-101""]",point_in_wilaya,"[""stop""]",,stop_position
osm-node-10044455633,Maternite,,,19,,,36.200696,5.404517,exact,osm_node,osm,"{""osm"":""node/10044455633""}",node,10044455633,"[""etus-setif""]","[""etus-setif-101""]",point_in_wilaya,"[""platform""]",bus_stop,platform
osm-node-10044455634,Maternite,,,19,,,36.200747,5.404736,exact,osm_node,osm,"{""osm"":""node/10044455634""}",node,10044455634,"[""etus-setif""]","[""etus-setif-101""]",point_in_wilaya,"[""platform""]",bus_stop,platform
osm-node-10044455635,Maternite,,,19,,,36.200711,5.404575,exact,osm_node,osm,"{""osm"":""node/10044455635""}",node,10044455635,"[""etus-setif""]","[""etus-setif-101""]",point_in_wilaya,"[""stop""]",,stop_position
osm-node-10044455636,Maternite,,,19,,,36.200728,5.404682,exact,osm_node,osm,"{""osm"":""node/10044455636""}",node,10044455636,"[""etus-setif""]","[""etus-setif-101""]",point_in_wilaya,"[""stop""]",,stop_position
osm-node-10044455637,Kaaboub,,,19,,,36.204307,5.402824,exact,osm_node,osm,"{""osm"":""node/10044455637""}",node,10044455637,"[""etus-setif""]","[""etus-setif-101""]",point_in_wilaya,"[""platform""]",bus_stop,platform
osm-node-10044455638,Kaaboub,,,19,,,36.204249,5.402633,exact,osm_node,osm,"{""osm"":""node/10044455638""}",node,10044455638,"[""etus-setif""]","[""etus-setif-101""]",point_in_wilaya,"[""platform""]",bus_stop,platform
osm-node-10044455639,Kaaboub,,,19,,,36.204295,5.402774,exact,osm_node,osm,"{""osm"":""node/10044455639""}",node,10044455639,"[""etus-setif""]","[""etus-setif-101""]",point_in_wilaya,"[""stop""]",,stop_position
osm-node-10044455640,Kaaboub,,,19,,,36.204267,5.402669,exact,osm_node,osm,"{""osm"":""node/10044455640""}",node,10044455640,"[""etus-setif""]","[""etus-setif-101""]",point_in_wilaya,"[""stop""]",,stop_position
osm-node-10044455641,,,,19,,,36.206152,5.41674,exact,osm_node,osm,"{""osm"":""node/10044455641""}",node,10044455641,"[""etus-setif""]","[""etus-setif-101""]",point_in_wilaya,"[""platform""]",bus_stop,platform
osm-node-10044455642,,,,19,,,36.206368,5.416692,exact,osm_node,osm,"{""osm"":""node/10044455642""}",node,10044455642,"[""etus-setif""]","[""etus-setif-101""]",point_in_wilaya,"[""platform""]",bus_stop,platform
osm-node-10044455643,Gaoua 2,,,19,,,36.206047,5.412778,exact,osm_node,osm,"{""osm"":""node/10044455643""}",node,10044455643,"[""etus-setif""]","[""etus-setif-101""]",point_in_wilaya,"[""platform""]",bus_stop,platform
osm-node-10044455644,Gaoua 2,,,19,,,36.206259,5.412747,exact,osm_node,osm,"{""osm"":""node/10044455644""}",node,10044455644,"[""etus-setif""]","[""etus-setif-101""]",point_in_wilaya,"[""platform""]",bus_stop,platform
osm-node-10044455645,Gaoua 2,,,19,,,36.206091,5.412772,exact,osm_node,osm,"{""osm"":""node/10044455645""}",node,10044455645,"[""etus-setif""]","[""etus-setif-101""]",point_in_wilaya,"[""stop""]",,stop_position
osm-node-10044455646,Gaoua 2,,,19,,,36.206215,5.412752,exact,osm_node,osm,"{""osm"":""node/10044455646""}",node,10044455646,"[""etus-setif""]","[""etus-setif-101""]",point_in_wilaya,"[""stop""]",,stop_position
osm-node-10044455647,Gaoua 1,,,19,,,36.206557,5.406987,exact,osm_node,osm,"{""osm"":""node/10044455647""}",node,10044455647,"[""etus-setif""]","[""etus-setif-101""]",point_in_wilaya,"[""platform""]",bus_stop,platform
osm-node-10044455648,Gaoua 1,,,19,,,36.20668,5.406987,exact,osm_node,osm,"{""osm"":""node/10044455648""}",node,10044455648,"[""etus-setif""]","[""etus-setif-101""]",point_in_wilaya,"[""platform""]",bus_stop,platform
osm-node-10044455649,Boussekine,Boussekine,,19,,,36.206507,5.403021,exact,osm_node,osm,"{""osm"":""node/10044455649""}",node,10044455649,"[""etus-setif""]","[""etus-setif-101""]",point_in_wilaya,"[""platform""]",bus_stop,platform
osm-node-10044455650,Boussekine,Boussekine,,19,,,36.206602,5.403019,exact,osm_node,osm,"{""osm"":""node/10044455650""}",node,10044455650,"[""etus-setif""]","[""etus-setif-101""]",point_in_wilaya,"[""platform""]",bus_stop,platform
osm-node-10044455651,Boussekine,,,19,,,36.206526,5.403021,exact,osm_node,osm,"{""osm"":""node/10044455651""}",node,10044455651,"[""etus-setif""]","[""etus-setif-101""]",point_in_wilaya,"[""stop""]",,stop_position
osm-node-10044455652,Boussekine,,,19,,,36.206586,5.403019,exact,osm_node,osm,"{""osm"":""node/10044455652""}",node,10044455652,"[""etus-setif""]","[""etus-setif-101""]",point_in_wilaya,"[""stop""]",,stop_position
osm-node-10044455653,,,,19,,,36.206942,5.420176,exact,osm_node,osm,"{""osm"":""node/10044455653""}",node,10044455653,"[""etus-setif""]","[""etus-setif-101""]",point_in_wilaya,"[""platform""]",bus_stop,platform
osm-node-10044455654,,,,19,,,36.207198,5.420157,exact,osm_node,osm,"{""osm"":""node/10044455654""}",node,10044455654,"[""etus-setif""]","[""etus-setif-101""]",point_in_wilaya,"[""platform""]",bus_stop,platform
osm-node-10048295469,arret 5,,,19,,,36.18545,5.418022,exact,osm_node,osm,"{""osm"":""node/10048295469""}",node,10048295469,"[""etus-setif""]","[""etus-setif-106B""]",point_in_wilaya,"[""platform_exit_only""]",bus_stop,platform
osm-node-10048295470,arret 5,,,19,,,36.185244,5.417994,exact,osm_node,osm,"{""osm"":""node/10048295470""}",node,10048295470,"[""etus-setif""]","[""etus-setif-106B""]",point_in_wilaya,"[""platform_entry_only""]",bus_stop,platform
osm-node-10048295472,Cadastre,,,19,,,36.185256,5.420205,exact,osm_node,osm,"{""osm"":""node/10048295472""}",node,10048295472,"[""etus-setif""]","[""etus-setif-106B""]",point_in_wilaya,"[""platform""]",bus_stop,platform
osm-node-10048295473,Cadastre,,,19,,,36.185181,5.420346,exact,osm_node,osm,"{""osm"":""node/10048295473""}",node,10048295473,"[""etus-setif""]","[""etus-setif-106B""]",point_in_wilaya,"[""platform""]",bus_stop,platform
osm-node-10048295474,Cadastre,,,19,,,36.185243,5.420245,exact,osm_node,osm,"{""osm"":""node/10048295474""}",node,10048295474,"[""etus-setif""]","[""etus-setif-106B""]",point_in_wilaya,"[""stop""]",,stop_position
osm-node-10048295475,Cadastre,,,19,,,36.185202,5.420318,exact,osm_node,osm,"{""osm"":""node/10048295475""}",node,10048295475,"[""etus-setif""]","[""etus-setif-106B""]",point_in_wilaya,"[""stop""]",,stop_position
osm-node-10048295476,CNEP,,,19,,,36.186944,5.421233,exact,osm_node,osm,"{""osm"":""node/10048295476""}",node,10048295476,"[""etus-setif""]","[""etus-setif-106B""]",point_in_wilaya,"[""platform""]",bus_stop,platform
osm-node-10048295477,CNEP,,,19,,,36.186831,5.421436,exact,osm_node,osm,"{""osm"":""node/10048295477""}",node,10048295477,"[""etus-setif""]","[""etus-setif-106B""]",point_in_wilaya,"[""platform""]",bus_stop,platform
osm-node-10048295478,,,,19,,,36.188403,5.425756,exact,osm_node,osm,"{""osm"":""node/10048295478""}",node,10048295478,"[""etus-setif""]","[""etus-setif-106B""]",point_in_wilaya,"[""platform""]",bus_stop,platform
osm-node-10048295479,,,,19,,,36.188541,5.425601,exact,osm_node,osm,"{""osm"":""node/10048295479""}",node,10048295479,"[""etus-setif""]","[""etus-setif-106B""]",point_in_wilaya,"[""platform""]",bus_stop,platform
osm-node-10048295480,50 Logts,,,19,,,36.185875,5.436792,exact,osm_node,osm,"{""osm"":""node/10048295480""}",node,10048295480,"[""etus-setif""]","[""etus-setif-106B""]",point_in_wilaya,"[""platform""]",bus_stop,platform
osm-node-10048295481,50 Logts,,,19,,,36.18556,5.436826,exact,osm_node,osm,"{""osm"":""node/10048295481""}",node,10048295481,"[""etus-setif""]","[""etus-setif-106B""]",point_in_wilaya,"[""platform""]",bus_stop,platform
osm-node-10048295482,50 Logts,,,19,,,36.185784,5.436832,exact,osm_node,osm,"{""osm"":""node/10048295482""}",node,10048295482,"[""etus-setif""]","[""etus-setif-106B""]",point_in_wilaya,"[""stop""]",,stop_position
osm-node-10048295483,Les tours,,,19,,,36.184556,5.441983,exact,osm_node,osm,"{""osm"":""node/10048295483""}",node,10048295483,"[""etus-setif""]","[""etus-setif-106B""]",point_in_wilaya,"[""platform""]",bus_stop,platform
osm-node-10048295484,Les tours,,,19,,,36.184748,5.442067,exact,osm_node,osm,"{""osm"":""node/10048295484""}",node,10048295484,"[""etus-setif""]","[""etus-setif-106B""]",point_in_wilaya,"[""platform""]",bus_stop,platform
osm-node-10048295485,Les tours,,,19,,,36.184613,5.442008,exact,osm_node,osm,"{""osm"":""node/10048295485""}",node,10048295485,"[""etus-setif""]","[""etus-setif-106B""]",point_in_wilaya,"[""stop""]",,stop_position
osm-node-10048295486,La Cite,,,19,,,36.180628,5.451947,exact,osm_node,osm,"{""osm"":""node/10048295486""}",node,10048295486,"[""etus-setif""]","[""etus-setif-106B""]",point_in_wilaya,"[""platform""]",bus_stop,platform
osm-node-10048295487,La Cite,,,19,,,36.180978,5.451994,exact,osm_node,osm,"{""osm"":""node/10048295487""}",node,10048295487,"[""etus-setif""]","[""etus-setif-106B""]",point_in_wilaya,"[""platform""]",bus_stop,platform
osm-node-10048295488,La Cite,,,19,,,36.180729,5.451974,exact,osm_node,osm,"{""osm"":""node/10048295488""}",node,10048295488,"[""etus-setif""]","[""etus-setif-106B""]",point_in_wilaya,"[""stop""]",,stop_position
osm-node-10048295489,AADL 2,,,19,,,36.177196,5.495718,exact,osm_node,osm,"{""osm"":""node/10048295489""}",node,10048295489,"[""etus-setif""]","[""etus-setif-106B""]",point_in_wilaya,"[""platform_exit_only""]",bus_stop,platform
osm-node-10048295490,AADL 2,,,19,,,36.177539,5.495676,exact,osm_node,osm,"{""osm"":""node/10048295490""}",node,10048295490,"[""etus-setif""]","[""etus-setif-106B""]",point_in_wilaya,"[""platform_entry_only""]",bus_stop,platform
osm-node-10048295491,AADL 1,,,19,,,36.177823,5.484744,exact,osm_node,osm,"{""osm"":""node/10048295491""}",node,10048295491,"[""etus-setif""]","[""etus-setif-106B""]",point_in_wilaya,"[""platform""]",bus_stop,platform
osm-node-10048295492,AADL 1,,,19,,,36.178177,5.484807,exact,osm_node,osm,"{""osm"":""node/10048295492""}",node,10048295492,"[""etus-setif""]","[""etus-setif-106B""]",point_in_wilaya,"[""platform""]",bus_stop,platform
osm-node-10048295493,AADL 1,,,19,,,36.177942,5.48476,exact,osm_node,osm,"{""osm"":""node/10048295493""}",node,10048295493,"[""etus-setif""]","[""etus-setif-106B""]",point_in_wilaya,"[""stop""]",,stop_position
osm-node-10048295494,AADL 1,,,19,,,36.178072,5.48478,exact,osm_node,osm,"{""osm"":""node/10048295494""}",node,10048295494,"[""etus-setif""]","[""etus-setif-106B""]",point_in_wilaya,"[""stop""]",,stop_position
osm-node-10048295495,Sonalgaz,,,19,,,36.178747,5.473621,exact,osm_node,osm,"{""osm"":""node/10048295495""}",node,10048295495,"[""etus-setif""]","[""etus-setif-106B""]",point_in_wilaya,"[""platform""]",bus_stop,platform
osm-node-10048295496,Sonalgaz,,,19,,,36.179149,5.473668,exact,osm_node,osm,"{""osm"":""node/10048295496""}",node,10048295496,"[""etus-setif""]","[""etus-setif-106B""]",point_in_wilaya,"[""platform""]",bus_stop,platform
osm-node-10048295497,Sonalgaz,,,19,,,36.178989,5.473629,exact,osm_node,osm,"{""osm"":""node/10048295497""}",node,10048295497,"[""etus-setif""]","[""etus-setif-106B""]",point_in_wilaya,"[""stop""]",,stop_position
osm-node-10048295498,El Hassi,,,19,,,36.179838,5.459689,exact,osm_node,osm,"{""osm"":""node/10048295498""}",node,10048295498,"[""etus-setif""]","[""etus-setif-106B""]",point_in_wilaya,"[""platform""]",bus_stop,platform
osm-node-10048295499,El Hassi,,,19,,,36.180143,5.459731,exact,osm_node,osm,"{""osm"":""node/10048295499""}",node,10048295499,"[""etus-setif""]","[""etus-setif-106B""]",point_in_wilaya,"[""platform""]",bus_stop,platform
osm-node-10048295500,El Hassi,,,19,,,36.180057,5.459708,exact,osm_node,osm,"{""osm"":""node/10048295500""}",node,10048295500,"[""etus-setif""]","[""etus-setif-106B""]",point_in_wilaya,"[""stop""]",,stop_position
osm-node-10049953044,arret 5,,,19,,,36.185286,5.418007,exact,osm_node,osm,"{""osm"":""node/10049953044""}",node,10049953044,"[""etus-setif""]","[""etus-setif-106B""]",point_in_wilaya,"[""stop_entry_only""]",,stop_position
osm-node-10049953045,arret 5,,,19,,,36.18537,5.418008,exact,osm_node,osm,"{""osm"":""node/10049953045""}",node,10049953045,"[""etus-setif""]","[""etus-setif-106B""]",point_in_wilaya,"[""stop_exit_only""]",,stop_position
osm-node-1057645071,Cité Maya,,,16,,,36.730176,3.102991,exact,osm_node,osm,"{""osm"":""node/1057645071""}",node,1057645071,"[""etusa""]","[""etusa-66""]",point_in_wilaya,"[""platform""]",bus_stop,platform
osm-node-10751048813,GR bus stop,,,19,,,36.185467,5.391781,exact,osm_node,osm,"{""osm"":""node/10751048813""}",node,10751048813,"[""etus-setif""]","[""etus-setif-101""]",point_in_wilaya,"[""stop_exit_only""]",,stop_position
osm-node-10751672551,GR bus stop,,,19,,,36.185422,5.392051,exact,osm_node,osm,"{""osm"":""node/10751672551""}",node,10751672551,"[""etus-setif""]","[""etus-setif-101""]",point_in_wilaya,"[""stop_entry_only""]",,stop_position
osm-node-10811355554,القرية,,,14,,,35.386266,1.360548,exact,osm_node,osm,"{""osm"":""node/10811355554""}",node,10811355554,"[""etus-tiaret""]","[""etus-tiaret-26"",""etus-tiaret-29""]",point_in_wilaya,"[""platform""]",bus_stop,platform
osm-node-10811355556,القرية,,,14,,,35.3864,1.360506,exact,osm_node,osm,"{""osm"":""node/10811355556""}",node,10811355556,"[""etus-tiaret""]","[""etus-tiaret-26"",""etus-tiaret-29""]",point_in_wilaya,"[""stop""]",,stop_position
osm-node-10811355557,الحاسي,,,14,,,35.386585,1.362733,exact,osm_node,osm,"{""osm"":""node/10811355557""}",node,10811355557,"[""etus-tiaret""]","[""etus-tiaret-26"",""etus-tiaret-29""]",point_in_wilaya,"[""platform""]",bus_stop,platform
osm-node-10811355559,الحاسي,,,14,,,35.386658,1.362727,exact,osm_node,osm,"{""osm"":""node/10811355559""}",node,10811355559,"[""etus-tiaret""]","[""etus-tiaret-26"",""etus-tiaret-29""]",point_in_wilaya,"[""stop""]",,stop_position
osm-node-10811355560,الحرس البلدي,,,14,,,35.38654,1.365847,exact,osm_node,osm,"{""osm"":""node/10811355560""}",node,10811355560,"[""etus-tiaret""]","[""etus-tiaret-26"",""etus-tiaret-29""]",point_in_wilaya,"[""platform""]",bus_stop,platform
osm-node-10811355561,الحرس البلدي,,,14,,,35.386608,1.365837,exact,osm_node,osm,"{""osm"":""node/10811355561""}",node,10811355561,"[""etus-tiaret""]","[""etus-tiaret-26"",""etus-tiaret-29""]",point_in_wilaya,"[""stop""]",,stop_position
osm-node-10811355562,الحرس البلدي,,,14,,,35.386683,1.365818,exact,osm_node,osm,"{""osm"":""node/10811355562""}",node,10811355562,"[""etus-tiaret""]","[""etus-tiaret-26"",""etus-tiaret-29""]",point_in_wilaya,"[""platform""]",bus_stop,platform
osm-node-10811355563,المطحنة,,,14,,,35.385676,1.372663,exact,osm_node,osm,"{""osm"":""node/10811355563""}",node,10811355563,"[""etus-tiaret""]","[""etus-tiaret-26"",""etus-tiaret-29""]",point_in_wilaya,"[""platform""]",bus_stop,platform
osm-node-10811355564,المطحنة,,,14,,,35.385669,1.372792,exact,osm_node,osm,"{""osm"":""node/10811355564""}",node,10811355564,"[""etus-tiaret""]","[""etus-tiaret-26"",""etus-tiaret-29""]",point_in_wilaya,"[""platform""]",bus_stop,platform
osm-node-10811355565,المطحنة,,,14,,,35.385667,1.372683,exact,osm_node,osm,"{""osm"":""node/10811355565""}",node,10811355565,"[""etus-tiaret""]","[""etus-tiaret-26"",""etus-tiaret-29""]",point_in_wilaya,"[""stop""]",,stop_position
osm-node-10811430183,المركز القديم للحرف التقليدية,,,14,,,35.367736,1.313483,exact,osm_node,osm,"{""osm"":""node/10811430183""}",node,10811430183,"[""etus-tiaret""]","[""etus-tiaret-26""]",point_in_wilaya,"[""platform""]",bus_stop,platform
osm-node-10811430184,المركز القديم للحرف التقليدية,,,14,,,35.36778,1.31343,exact,osm_node,osm,"{""osm"":""node/10811430184""}",node,10811430184,"[""etus-tiaret""]","[""etus-tiaret-26""]",point_in_wilaya,"[""platform""]",bus_stop,platform
osm-node-10811430185,المركز القديم للحرف التقليدية,,,14,,,35.367759,1.313458,exact,osm_node,osm,"{""osm"":""node/10811430185""}",node,10811430185,"[""etus-tiaret""]","[""etus-tiaret-26""]",point_in_wilaya,"[""stop""]",,stop_position
osm-node-10811430186,"محل الخراطة ""حماني""",,,14,,,35.369158,1.315085,exact,osm_node,osm,"{""osm"":""node/10811430186""}",node,10811430186,"[""etus-tiaret""]","[""etus-tiaret-26""]",point_in_wilaya,"[""platform""]",bus_stop,platform
osm-node-10811430187,"محل الخراطة ""حماني""",,,14,,,35.369208,1.315012,exact,osm_node,osm,"{""osm"":""node/10811430187""}",node,10811430187,"[""etus-tiaret""]","[""etus-tiaret-26""]",point_in_wilaya,"[""platform""]",bus_stop,platform
osm-node-10811430188,"محل الخراطة ""حماني""",,,14,,,35.369183,1.315054,exact,osm_node,osm,"{""osm"":""node/10811430188""}",node,10811430188,"[""etus-tiaret""]","[""etus-tiaret-26""]",point_in_wilaya,"[""stop""]",,stop_position
osm-node-10811430189,مديرية النشاط الاجتماعي,,,14,,,35.37413,1.323365,exact,osm_node,osm,"{""osm"":""node/10811430189""}",node,10811430189,"[""etus-tiaret""]","[""etus-tiaret-26"",""etus-tiaret-31""]",point_in_wilaya,"[""platform""]",,platform
osm-node-10811430190,ملتقى الطرق (المقبرة),,,14,,,35.377056,1.329162,exact,osm_node,osm,"{""osm"":""node/10811430190""}",node,10811430190,"[""etus-tiaret""]","[""etus-tiaret-26"",""etus-tiaret-31""]",point_in_wilaya,"[""platform""]",bus_stop,platform
osm-node-10811430191,صيدلية عمارات عدل,,,14,,,35.378473,1.333577,exact,osm_node,osm,"{""osm"":""node/10811430191""}",node,10811430191,"[""etus-tiaret""]","[""etus-tiaret-26"",""etus-tiaret-29"",""etus-tiaret-31""]",point_in_wilaya,"[""stop""]",,stop_position
osm-node-10811430192,صيدلية عمارات عدل,,,14,,,35.378598,1.333528,exact,osm_node,osm,"{""osm"":""node/10811430192""}",node,10811430192,"[""etus-tiaret""]","[""etus-tiaret-26"",""etus-tiaret-29"",""etus-tiaret-31""]",point_in_wilaya,"[""platform""]",bus_stop,platform
osm-node-10811430193,صيدلية عمارات عدل,,,14,,,35.378431,1.333601,exact,osm_node,osm,"{""osm"":""node/10811430193""}",node,10811430193,"[""etus-tiaret""]","[""etus-tiaret-26"",""etus-tiaret-29"",""etus-tiaret-31""]",point_in_wilaya,"[""platform""]",bus_stop,platform
osm-node-10811468486,,,,14,,,35.361376,1.312152,exact,osm_node,osm,"{""osm"":""node/10811468486""}",node,10811468486,"[""etus-tiaret""]","[""etus-tiaret-26""]",point_in_wilaya,"[""platform""]",bus_stop,platform
osm-node-10811468488,"محطة الغسيل ""لكادات""",,,14,,,35.360117,1.316162,exact,osm_node,osm,"{""osm"":""node/10811468488""}",node,10811468488,"[""etus-tiaret""]","[""etus-tiaret-26""]",point_in_wilaya,"[""platform""]",bus_stop,platform
osm-node-10811468489,"محطة الغسيل ""لكادات""",,,14,,,35.360117,1.316238,exact,osm_node,osm,"{""osm"":""node/10811468489""}",node,10811468489,"[""etus-tiaret""]","[""etus-tiaret-26""]",point_in_wilaya,"[""stop""]",,stop_position
osm-node-10811468490,"محطة الغسيل ""لكادات""",,,14,,,35.358044,1.316161,exact,osm_node,osm,"{""osm"":""node/10811468490""}",node,10811468490,"[""etus-tiaret""]","[""etus-tiaret-26""]",point_in_wilaya,"[""platform""]",bus_stop,platform
osm-node-10811468492,"المركز التجاري ""اليسر""",,,14,,,35.353272,1.317364,exact,osm_node,osm,"{""osm"":""node/10811468492""}",node,10811468492,"[""etus-tiaret""]","[""etus-tiaret-26""]",point_in_wilaya,"[""platform""]",bus_stop,platform
osm-node-10811468493,"المركز التجاري ""اليسر""",,,14,,,35.353269,1.317269,exact,osm_node,osm,"{""osm"":""node/10811468493""}",node,10811468493,"[""etus-tiaret""]","[""etus-tiaret-26""]",point_in_wilaya,"[""platform""]",bus_stop,platform
osm-node-10811468494,"المركز التجاري ""اليسر""",,,14,,,35.353272,1.317314,exact,osm_node,osm,"{""osm"":""node/10811468494""}",node,10811468494,"[""etus-tiaret""]","[""etus-tiaret-26""]",point_in_wilaya,"[""stop""]",,stop_position
osm-node-10811468495,الاقامة الجامعية (2000 سرير),,,14,,,35.350339,1.318002,exact,osm_node,osm,"{""osm"":""node/10811468495""}",node,10811468495,"[""etus-tiaret""]","[""etus-tiaret-26""]",point_in_wilaya,"[""platform""]",bus_stop,platform
osm-node-10811468496,الاقامة الجامعية (2000 سرير),,,14,,,35.350387,1.318116,exact,osm_node,osm,"{""osm"":""node/10811468496""}",node,10811468496,"[""etus-tiaret""]","[""etus-tiaret-26""]",point_in_wilaya,"[""platform""]",bus_stop,platform
osm-node-10811468497,الاقامة الجامعية (2000 سرير),,,14,,,35.350363,1.318064,exact,osm_node,osm,"{""osm"":""node/10811468497""}",node,10811468497,"[""etus-tiaret""]","[""etus-tiaret-26""]",point_in_wilaya,"[""stop""]",,stop_position
osm-node-10811468498,ملتقى الطرق (زعرورة),,,14,,,35.348557,1.31476,exact,osm_node,osm,"{""osm"":""node/10811468498""}",node,10811468498,"[""etus-tiaret""]","[""etus-tiaret-28"",""etus-tiaret-30""]",point_in_wilaya,"[""platform""]",bus_stop,platform
osm-node-10811468499,ملتقى الطرق (زعرورة),,,14,,,35.348585,1.314773,exact,osm_node,osm,"{""osm"":""node/10811468499""}",node,10811468499,"[""etus-tiaret""]","[""etus-tiaret-28"",""etus-tiaret-30""]",point_in_wilaya,"[""stop""]",,stop_position
osm-node-10811468500,محطة,,,14,,,35.35294,1.305722,exact,osm_node,osm,"{""osm"":""node/10811468500""}",node,10811468500,"[""etus-tiaret""]","[""etus-tiaret-30""]",point_in_wilaya,"[""platform""]",bus_stop,platform
osm-node-10814254969,جامعة كارمان,,,14,,,35.377426,1.347048,exact,osm_node,osm,"{""osm"":""node/10814254969""}",node,10814254969,"[""etus-tiaret""]","[""etus-tiaret-28""]",point_in_wilaya,"[""platform""]",bus_stop,platform
osm-node-10814254992,"مكتبة ""بوقانون""",,,14,,,35.375059,1.317206,exact,osm_node,osm,"{""osm"":""node/10814254992""}",node,10814254992,"[""etus-tiaret""]","[""etus-tiaret-27"",""etus-tiaret-30""]",point_in_wilaya,"[""platform""]",bus_stop,platform
osm-node-10814254993,"مكتبة ""بوقانون""",,,14,,,35.374978,1.317204,exact,osm_node,osm,"{""osm"":""node/10814254993""}",node,10814254993,"[""etus-tiaret""]","[""etus-tiaret-27"",""etus-tiaret-30""]",point_in_wilaya,"[""platform""]",bus_stop,platform
osm-node-10814254994,"مكتبة ""بوقانون""",,,14,,,35.375025,1.317203,exact,osm_node,osm,"{""osm"":""node/10814254994""}",node,10814254994,"[""etus-tiaret""]","[""etus-tiaret-27"",""etus-tiaret-30""]",point_in_wilaya,"[""stop""]",,stop_position
osm-node-10814254995,عمارات 9EME,,,14,,,35.377856,1.313523,exact,osm_node,osm,"{""osm"":""node/10814254995""}",node,10814254995,"[""etus-tiaret""]","[""etus-tiaret-27"",""etus-tiaret-30""]",point_in_wilaya,"[""platform""]",bus_stop,platform
osm-node-10814254996,عمارات 9EME,,,14,,,35.377815,1.313379,exact,osm_node,osm,"{""osm"":""node/10814254996""}",node,10814254996,"[""etus-tiaret""]","[""etus-tiaret-27"",""etus-tiaret-30""]",point_in_wilaya,"[""platform""]",bus_stop,platform
osm-node-10814254997,عمارات 9EME,,,14,,,35.377841,1.313466,exact,osm_node,osm,"{""osm"":""node/10814254997""}",node,10814254997,"[""etus-tiaret""]","[""etus-tiaret-27"",""etus-tiaret-30""]",point_in_wilaya,"[""stop""]",,stop_position
osm-node-10816744918,عمارات الفيدا,,,14,,,35.371663,1.331717,exact,osm_node,osm,"{""osm"":""node/10816744918""}",node,10816744918,"[""etus-tiaret""]","[""etus-tiaret-28""]",point_in_wilaya,"[""platform""]",bus_stop,platform
osm-node-10816744919,عمارات الفيدا,,,14,,,35.371576,1.331447,exact,osm_node,osm,"{""osm"":""node/10816744919""}",node,10816744919,"[""etus-tiaret""]","[""etus-tiaret-28""]",point_in_wilaya,"[""platform""]",bus_stop,platform
osm-node-10816744920,عمارات الفيدا,,,14,,,35.371639,1.33165,exact,osm_node,osm,"{""osm"":""node/10816744920""}",node,10816744920,"[""etus-tiaret""]","[""etus-tiaret-28""]",point_in_wilaya,"[""stop""]",,stop_position
osm-node-10816744926,حي 282 سكن,,,14,,,35.376171,1.333319,exact,osm_node,osm,"{""osm"":""node/10816744926""}",node,10816744926,"[""etus-tiaret""]","[""etus-tiaret-27"",""etus-tiaret-28""]",point_in_wilaya,"[""platform""]",bus_stop,platform
osm-node-10816744927,حي 282 سكن,,,14,,,35.376282,1.333398,exact,osm_node,osm,"{""osm"":""node/10816744927""}",node,10816744927,"[""etus-tiaret""]","[""etus-tiaret-27"",""etus-tiaret-28""]",point_in_wilaya,"[""platform""]",bus_stop,platform
osm-node-10816744928,حي 282 سكن,,,14,,,35.376244,1.333366,exact,osm_node,osm,"{""osm"":""node/10816744928""}",node,10816744928,"[""etus-tiaret""]","[""etus-tiaret-27"",""etus-tiaret-28""]",point_in_wilaya,"[""stop""]",,stop_position
osm-node-10816744929,المسجد (حي 282 مسكن),,,14,,,35.377355,1.335225,exact,osm_node,osm,"{""osm"":""node/10816744929""}",node,10816744929,"[""etus-tiaret""]","[""etus-tiaret-28""]",point_in_wilaya,"[""platform""]",bus_stop,platform
osm-node-10816744930,المسجد (حي 282 مسكن),,,14,,,35.377302,1.335284,exact,osm_node,osm,"{""osm"":""node/10816744930""}",node,10816744930,"[""etus-tiaret""]","[""etus-tiaret-28""]",point_in_wilaya,"[""platform""]",bus_stop,platform
osm-node-10816744931,المسجد (حي 282 مسكن),,,14,,,35.377333,1.335252,exact,osm_node,osm,"{""osm"":""node/10816744931""}",node,10816744931,"[""etus-tiaret""]","[""etus-tiaret-28""]",point_in_wilaya,"[""stop""]",,stop_position
osm-node-10816744935,إبتدائية القاعدة رقم 5,,,14,,,35.37755,1.339166,exact,osm_node,osm,"{""osm"":""node/10816744935""}",node,10816744935,"[""etus-tiaret""]","[""etus-tiaret-28""]",point_in_wilaya,"[""platform""]",bus_stop,platform
osm-node-10816744936,إبتدائية القاعدة رقم 5,,,14,,,35.377574,1.339209,exact,osm_node,osm,"{""osm"":""node/10816744936""}",node,10816744936,"[""etus-tiaret""]","[""etus-tiaret-28""]",point_in_wilaya,"[""stop""]",,stop_position
osm-node-10816744937,إبتدائية القاعدة رقم 5,,,14,,,35.377604,1.339261,exact,osm_node,osm,"{""osm"":""node/10816744937""}",node,10816744937,"[""etus-tiaret""]","[""etus-tiaret-28""]",point_in_wilaya,"[""platform""]",bus_stop,platform
osm-node-10816744938,محلات حي 405 مسكن,,,14,,,35.376605,1.340638,exact,osm_node,osm,"{""osm"":""node/10816744938""}",node,10816744938,"[""etus-tiaret""]","[""etus-tiaret-28""]",point_in_wilaya,"[""platform""]",bus_stop,platform
osm-node-10816744939,محلات حي 405 مسكن,,,14,,,35.376499,1.340645,exact,osm_node,osm,"{""osm"":""node/10816744939""}",node,10816744939,"[""etus-tiaret""]","[""etus-tiaret-28""]",point_in_wilaya,"[""stop""]",,stop_position
osm-node-10816744940,ملتقى الطرق (الامن العاشر),,,14,,,35.378382,1.345034,exact,osm_node,osm,"{""osm"":""node/10816744940""}",node,10816744940,"[""etus-tiaret""]","[""etus-tiaret-28""]",point_in_wilaya,"[""platform""]",bus_stop,platform
osm-node-10816744942,جامعة كارمان,,,14,,,35.378439,1.349875,exact,osm_node,osm,"{""osm"":""node/10816744942""}",node,10816744942,"[""etus-tiaret""]","[""etus-tiaret-28""]",point_in_wilaya,"[""platform""]",bus_stop,platform
osm-node-10816744943,جامعة كارمان,,,14,,,35.378482,1.349955,exact,osm_node,osm,"{""osm"":""node/10816744943""}",node,10816744943,"[""etus-tiaret""]","[""etus-tiaret-28""]",point_in_wilaya,"[""stop""]",,stop_position
osm-node-10817085889,ملتقى الطرق (زعرورة),,,14,,,35.348397,1.315649,exact,osm_node,osm,"{""osm"":""node/10817085889""}",node,10817085889,"[""etus-tiaret""]","[""etus-tiaret-28"",""etus-tiaret-30""]",point_in_wilaya,"[""platform""]",,platform
osm-node-10817085890,ملتقى الطرق (زعرورة),,,14,,,35.348373,1.315609,exact,osm_node,osm,"{""osm"":""node/10817085890""}",node,10817085890,"[""etus-tiaret""]","[""etus-tiaret-28"",""etus-tiaret-30""]",point_in_wilaya,"[""stop""]",,stop_position
osm-node-10817085893,حي المنار 2,,,14,,,35.34557,1.322922,exact,osm_node,osm,"{""osm"":""node/10817085893""}",node,10817085893,"[""etus-tiaret""]","[""etus-tiaret-28"",""etus-tiaret-30""]",point_in_wilaya,"[""platform""]",bus_stop,platform
osm-node-10817085894,حي المنار 2,,,14,,,35.345805,1.32305,exact,osm_node,osm,"{""osm"":""node/10817085894""}",node,10817085894,"[""etus-tiaret""]","[""etus-tiaret-28"",""etus-tiaret-30""]",point_in_wilaya,"[""platform""]",bus_stop,platform
osm-node-10817085895,حي المنار 2,,,14,,,35.34561,1.322969,exact,osm_node,osm,"{""osm"":""node/10817085895""}",node,10817085895,"[""etus-tiaret""]","[""etus-tiaret-28"",""etus-tiaret-30""]",point_in_wilaya,"[""stop""]",,stop_position
osm-node-10817085896,حي المنار 2,,,14,,,35.345744,1.323027,exact,osm_node,osm,"{""osm"":""node/10817085896""}",node,10817085896,"[""etus-tiaret""]","[""etus-tiaret-28"",""etus-tiaret-30""]",point_in_wilaya,"[""stop""]",,stop_position
osm-node-10817085898,محطة نقل المسافرين (عين قاسمة),,,14,,,35.344911,1.328878,exact,osm_node,osm,"{""osm"":""node/10817085898""}",node,10817085898,"[""etus-tiaret""]","[""etus-tiaret-28""]",point_in_wilaya,"[""platform""]",bus_stop,platform
osm-node-10817085900,محطة نقل المسافرين (عين قاسمة),,,14,,,35.344902,1.328853,exact,osm_node,osm,"{""osm"":""node/10817085900""}",node,10817085900,"[""etus-tiaret""]","[""etus-tiaret-28""]",point_in_wilaya,"[""stop""]",,stop_position
osm-node-10817085901,Restaurant (Université de formation continue),,,14,,,35.350764,1.326695,exact,osm_node,osm,"{""osm"":""node/10817085901""}",node,10817085901,"[""etus-tiaret""]","[""etus-tiaret-27"",""etus-tiaret-28"",""etus-tiaret-29"",""etus-tiaret-30"",""etus-tiaret-31""]",point_in_wilaya,"[""platform""]",bus_stop,platform
osm-node-10817085902,Restaurant (Université de formation continue),,,14,,,35.350824,1.326951,exact,osm_node,osm,"{""osm"":""node/10817085902""}",node,10817085902,"[""etus-tiaret""]","[""etus-tiaret-27"",""etus-tiaret-28"",""etus-tiaret-29"",""etus-tiaret-30"",""etus-tiaret-31""]",point_in_wilaya,"[""platform""]",bus_stop,platform
osm-node-10817085903,المطعم (جامعة التكوين المتواصل),,,14,,,35.350779,1.326751,exact,osm_node,osm,"{""osm"":""node/10817085903""}",node,10817085903,"[""etus-tiaret""]","[""etus-tiaret-27"",""etus-tiaret-28"",""etus-tiaret-29"",""etus-tiaret-30"",""etus-tiaret-31""]",point_in_wilaya,"[""stop""]",,stop_position
osm-node-10817085904,المطعم (جامعة التكوين المتواصل),,,14,,,35.35081,1.326857,exact,osm_node,osm,"{""osm"":""node/10817085904""}",node,10817085904,"[""etus-tiaret""]","[""etus-tiaret-27"",""etus-tiaret-28"",""etus-tiaret-29"",""etus-tiaret-30"",""etus-tiaret-31""]",point_in_wilaya,"[""stop""]",,stop_position
osm-node-10817088107,السوق (المنظر الجميل),,,14,,,35.353032,1.328729,exact,osm_node,osm,"{""osm"":""node/10817088107""}",node,10817088107,"[""etus-tiaret""]","[""etus-tiaret-27"",""etus-tiaret-28"",""etus-tiaret-29"",""etus-tiaret-30"",""etus-tiaret-31""]",point_in_wilaya,"[""stop""]",,stop_position
osm-node-10817088108,السوق (المنظر الجميل),,,14,,,35.353127,1.328695,exact,osm_node,osm,"{""osm"":""node/10817088108""}",node,10817088108,"[""etus-tiaret""]","[""etus-tiaret-27"",""etus-tiaret-28"",""etus-tiaret-29"",""etus-tiaret-30"",""etus-tiaret-31""]",point_in_wilaya,"[""stop""]",,stop_position
osm-node-10819762149,حي 40 سكن,,,14,,,35.371629,1.32138,exact,osm_node,osm,"{""osm"":""node/10819762149""}",node,10819762149,"[""etus-tiaret""]","[""etus-tiaret-32""]",point_in_wilaya,"[""platform""]",,platform
osm-node-10819762150,حي 40 سكن,,,14,,,35.37169,1.321509,exact,osm_node,osm,"{""osm"":""node/10819762150""}",node,10819762150,"[""etus-tiaret""]","[""etus-tiaret-32""]",point_in_wilaya,"[""platform""]",,platform
osm-node-10819762151,حي 40 سكن,,,14,,,35.371661,1.32145,exact,osm_node,osm,"{""osm"":""node/10819762151""}",node,10819762151,"[""etus-tiaret""]","[""etus-tiaret-32""]",point_in_wilaya,"[""stop""]",,stop_position
osm-node-10819762152,معهد التربية,,,14,,,35.368962,1.323232,exact,osm_node,osm,"{""osm"":""node/10819762152""}",node,10819762152,"[""etus-tiaret""]","[""etus-tiaret-30"",""etus-tiaret-32""]",point_in_wilaya,"[""platform""]",,platform
osm-node-10819762153,معهد التربية,,,14,,,35.369007,1.32335,exact,osm_node,osm,"{""osm"":""node/10819762153""}",node,10819762153,"[""etus-tiaret""]","[""etus-tiaret-30""]",point_in_wilaya,"[""platform""]",,platform
osm-node-10819762154,معهد التربية,,,14,,,35.368987,1.323285,exact,osm_node,osm,"{""osm"":""node/10819762154""}",node,10819762154,"[""etus-tiaret""]","[""etus-tiaret-30"",""etus-tiaret-32""]",point_in_wilaya,"[""stop""]",,stop_position
osm-node-10819762156,معهد التربية,,,14,,,35.367508,1.324567,exact,osm_node,osm,"{""osm"":""node/10819762156""}",node,10819762156,"[""etus-tiaret""]","[""etus-tiaret-32""]",point_in_wilaya,"[""platform""]",bus_stop,platform
osm-node-10819762157,مديرية الحماية المدنية,,,14,,,35.364654,1.327604,exact,osm_node,osm,"{""osm"":""node/10819762157""}",node,10819762157,"[""etus-tiaret""]","[""etus-tiaret-30"",""etus-tiaret-32""]",point_in_wilaya,"[""platform""]",bus_stop,platform
osm-node-10819762158,مديرية الحماية المدنية,,,14,,,35.364669,1.327638,exact,osm_node,osm,"{""osm"":""node/10819762158""}",node,10819762158,"[""etus-tiaret""]","[""etus-tiaret-30"",""etus-tiaret-32""]",point_in_wilaya,"[""stop""]",,stop_position
osm-node-10819762159,مديرية الحماية المدنية,,,14,,,35.364683,1.327673,exact,osm_node,osm,"{""osm"":""node/10819762159""}",node,10819762159,"[""etus-tiaret""]","[""etus-tiaret-30"",""etus-tiaret-32""]",point_in_wilaya,"[""platform""]",bus_stop,platform
osm-node-10819762160,"ملعب ""قايد احمد""",,,14,,,35.360737,1.330533,exact,osm_node,osm,"{""osm"":""node/10819762160""}",node,10819762160,"[""etus-tiaret""]","[""etus-tiaret-30"",""etus-tiaret-32""]",point_in_wilaya,"[""platform""]",bus_stop,platform
osm-node-10819762161,"ملعب ""قايد احمد""",,,14,,,35.360894,1.330694,exact,osm_node,osm,"{""osm"":""node/10819762161""}",node,10819762161,"[""etus-tiaret""]","[""etus-tiaret-30"",""etus-tiaret-32""]",point_in_wilaya,"[""platform""]",bus_stop,platform
osm-node-10819762162,"ملعب ""قايد احمد""",,,14,,,35.36078,1.33058,exact,osm_node,osm,"{""osm"":""node/10819762162""}",node,10819762162,"[""etus-tiaret""]","[""etus-tiaret-30"",""etus-tiaret-32""]",point_in_wilaya,"[""stop""]",,stop_position
osm-node-10819762163,"ملعب ""قايد احمد""",,,14,,,35.360867,1.330637,exact,osm_node,osm,"{""osm"":""node/10819762163""}",node,10819762163,"[""etus-tiaret""]","[""etus-tiaret-30"",""etus-tiaret-32""]",point_in_wilaya,"[""stop""]",,stop_position
osm-node-10819762164,المركز الجديد لبنك الفلاحة والتنمية الريفية,,,14,,,35.358963,1.332516,exact,osm_node,osm,"{""osm"":""node/10819762164""}",node,10819762164,"[""etus-tiaret""]","[""etus-tiaret-30"",""etus-tiaret-32""]",point_in_wilaya,"[""platform""]",bus_stop,platform
osm-node-10819762165,المركز الجديد لبنك الفلاحة والتنمية الريفية,,,14,,,35.359072,1.332701,exact,osm_node,osm,"{""osm"":""node/10819762165""}",node,10819762165,"[""etus-tiaret""]","[""etus-tiaret-30"",""etus-tiaret-32""]",point_in_wilaya,"[""platform""]",bus_stop,platform
osm-node-10819762166,المركز الجديد لبنك الفلاحة والتنمية الريفية,,,14,,,35.358986,1.332556,exact,osm_node,osm,"{""osm"":""node/10819762166""}",node,10819762166,"[""etus-tiaret""]","[""etus-tiaret-30"",""etus-tiaret-32""]",point_in_wilaya,"[""stop""]",,stop_position
osm-node-10819762167,المركز الجديد لبنك الفلاحة والتنمية الريفية,,,14,,,35.35905,1.332646,exact,osm_node,osm,"{""osm"":""node/10819762167""}",node,10819762167,"[""etus-tiaret""]","[""etus-tiaret-30"",""etus-tiaret-32""]",point_in_wilaya,"[""stop""]",,stop_position
osm-node-10819762169,مديرية مسح الاراضي,,,14,,,35.357269,1.334604,exact,osm_node,osm,"{""osm"":""node/10819762169""}",node,10819762169,"[""etus-tiaret""]","[""etus-tiaret-30"",""etus-tiaret-32""]",point_in_wilaya,"[""platform""]",bus_stop,platform
osm-node-10819762171,مديرية مسح الاراضي,,,14,,,35.357251,1.334553,exact,osm_node,osm,"{""osm"":""node/10819762171""}",node,10819762171,"[""etus-tiaret""]","[""etus-tiaret-30"",""etus-tiaret-32""]",point_in_wilaya,"[""stop""]",,stop_position
osm-node-10819762172,ملتقى الطرق (الامن الولائي),,,14,,,35.355201,1.336791,exact,osm_node,osm,"{""osm"":""node/10819762172""}",node,10819762172,"[""etus-tiaret""]","[""etus-tiaret-32""]",point_in_wilaya,"[""platform""]",bus_stop,platform
osm-node-10819762173,ملتقى الطرق (الامن الولائي),,,14,,,35.355194,1.336763,exact,osm_node,osm,"{""osm"":""node/10819762173""}",node,10819762173,"[""etus-tiaret""]","[""etus-tiaret-32""]",point_in_wilaya,"[""stop""]",,stop_position
osm-node-10819762174,ملتقى الطرق (الامن الولائي),,,14,,,35.355117,1.336663,exact,osm_node,osm,"{""osm"":""node/10819762174""}",node,10819762174,"[""etus-tiaret""]","[""etus-tiaret-32""]",point_in_wilaya,"[""platform""]",bus_stop,platform
osm-node-10819762175,ملتقى الطرق (الامن الولائي),,,14,,,35.355149,1.336687,exact,osm_node,osm,"{""osm"":""node/10819762175""}",node,10819762175,"[""etus-tiaret""]","[""etus-tiaret-32""]",point_in_wilaya,"[""stop""]",,stop_position
osm-node-10819762176,مسجد السلام,,,14,,,35.352169,1.340647,exact,osm_node,osm,"{""osm"":""node/10819762176""}",node,10819762176,"[""etus-tiaret""]","[""etus-tiaret-32""]",point_in_wilaya,"[""platform""]",bus_stop,platform
osm-node-10819762177,مسجد السلام,,,14,,,35.352324,1.340818,exact,osm_node,osm,"{""osm"":""node/10819762177""}",node,10819762177,"[""etus-tiaret""]","[""etus-tiaret-32""]",point_in_wilaya,"[""platform""]",bus_stop,platform
osm-node-10819762178,مسجد السلام,,,14,,,35.352206,1.340687,exact,osm_node,osm,"{""osm"":""node/10819762178""}",node,10819762178,"[""etus-tiaret""]","[""etus-tiaret-32""]",point_in_wilaya,"[""stop""]",,stop_position
osm-node-10819762179,مسجد السلام,,,14,,,35.352297,1.340769,exact,osm_node,osm,"{""osm"":""node/10819762179""}",node,10819762179,"[""etus-tiaret""]","[""etus-tiaret-32""]",point_in_wilaya,"[""stop""]",,stop_position
osm-node-10819762180,ملتقى الطرق (عين قاسمة),,,14,,,35.348645,1.346041,exact,osm_node,osm,"{""osm"":""node/10819762180""}",node,10819762180,"[""etus-tiaret""]","[""etus-tiaret-32""]",point_in_wilaya,"[""platform""]",bus_stop,platform
osm-node-10819762181,ملتقى الطرق (عين قاسمة),,,14,,,35.348619,1.345993,exact,osm_node,osm,"{""osm"":""node/10819762181""}",node,10819762181,"[""etus-tiaret""]","[""etus-tiaret-32""]",point_in_wilaya,"[""stop""]",,stop_position
osm-node-10819762182,ملتقى الطرق (عين قاسمة),,,14,,,35.34856,1.345909,exact,osm_node,osm,"{""osm"":""node/10819762182""}",node,10819762182,"[""etus-tiaret""]","[""etus-tiaret-32""]",point_in_wilaya,"[""stop""]",,stop_position
osm-node-10819762183,ملتقى الطرق (عين قاسمة),,,14,,,35.348518,1.345852,exact,osm_node,osm,"{""osm"":""node/10819762183""}",node,10819762183,"[""etus-tiaret""]","[""etus-tiaret-32""]",point_in_wilaya,"[""platform""]",bus_stop,platform
osm-node-10819762184,حي السانية- محطة سونلغاز,,,14,,,35.346843,1.348102,exact,osm_node,osm,"{""osm"":""node/10819762184""}",node,10819762184,"[""etus-tiaret""]","[""etus-tiaret-32""]",point_in_wilaya,"[""platform""]",bus_stop,platform
osm-node-10819762185,حي السانية- محطة سونلغاز,,,14,,,35.346903,1.348175,exact,osm_node,osm,"{""osm"":""node/10819762185""}",node,10819762185,"[""etus-tiaret""]","[""etus-tiaret-32""]",point_in_wilaya,"[""stop""]",,stop_position
osm-node-10819762188,الحاسي,,,14,,,35.338442,1.355414,exact,osm_node,osm,"{""osm"":""node/10819762188""}",node,10819762188,"[""etus-tiaret""]","[""etus-tiaret-32""]",point_in_wilaya,"[""platform""]",bus_stop,platform
osm-node-10819762189,الحاسي,,,14,,,35.338553,1.355816,exact,osm_node,osm,"{""osm"":""node/10819762189""}",node,10819762189,"[""etus-tiaret""]","[""etus-tiaret-32""]",point_in_wilaya,"[""platform""]",bus_stop,platform
osm-node-10819762190,الحاسي,,,14,,,35.338462,1.355545,exact,osm_node,osm,"{""osm"":""node/10819762190""}",node,10819762190,"[""etus-tiaret""]","[""etus-tiaret-32""]",point_in_wilaya,"[""stop""]",,stop_position
osm-node-10819762191,الحاسي,,,14,,,35.338513,1.355704,exact,osm_node,osm,"{""osm"":""node/10819762191""}",node,10819762191,"[""etus-tiaret""]","[""etus-tiaret-32""]",point_in_wilaya,"[""stop""]",,stop_position
osm-node-10819762192,الوحدة الجمهورية للشرطة,,,14,,,35.314909,1.375587,exact,osm_node,osm,"{""osm"":""node/10819762192""}",node,10819762192,"[""etus-tiaret""]","[""etus-tiaret-32""]",point_in_wilaya,"[""platform""]",bus_stop,platform
osm-node-10819762193,الوحدة الجمهورية للشرطة,,,14,,,35.315134,1.375705,exact,osm_node,osm,"{""osm"":""node/10819762193""}",node,10819762193,"[""etus-tiaret""]","[""etus-tiaret-32""]",point_in_wilaya,"[""stop""]",,stop_position
osm-node-10819762194,الوحدة الجمهورية للشرطة,,,14,,,35.315235,1.375756,exact,osm_node,osm,"{""osm"":""node/10819762194""}",node,10819762194,"[""etus-tiaret""]","[""etus-tiaret-32""]",point_in_wilaya,"[""platform""]",bus_stop,platform
osm-node-10819762195,حي عين مصباح,,,14,,,35.309249,1.3829,exact,osm_node,osm,"{""osm"":""node/10819762195""}",node,10819762195,"[""etus-tiaret""]","[""etus-tiaret-32""]",point_in_wilaya,"[""platform""]",bus_stop,platform
osm-node-10819762196,حي عين مصباح,,,14,,,35.307671,1.385506,exact,osm_node,osm,"{""osm"":""node/10819762196""}",node,10819762196,"[""etus-tiaret""]","[""etus-tiaret-32""]",point_in_wilaya,"[""platform""]",bus_stop,platform
osm-node-10819762197,مدخل القرية,,,14,,,35.290352,1.402924,exact,osm_node,osm,"{""osm"":""node/10819762197""}",node,10819762197,"[""etus-tiaret""]","[""etus-tiaret-32""]",point_in_wilaya,"[""platform""]",bus_stop,platform
osm-node-10819762198,مدخل القرية,,,14,,,35.290468,1.402806,exact,osm_node,osm,"{""osm"":""node/10819762198""}",node,10819762198,"[""etus-tiaret""]","[""etus-tiaret-32""]",point_in_wilaya,"[""platform""]",bus_stop,platform
osm-node-10819762199,مدخل القرية,,,14,,,35.290407,1.402897,exact,osm_node,osm,"{""osm"":""node/10819762199""}",node,10819762199,"[""etus-tiaret""]","[""etus-tiaret-32""]",point_in_wilaya,"[""stop""]",,stop_position
osm-node-10819762200,ببان مصباح,,,14,,,35.291944,1.404214,exact,osm_node,osm,"{""osm"":""node/10819762200""}",node,10819762200,"[""etus-tiaret""]","[""etus-tiaret-32""]",point_in_wilaya,"[""platform""]",bus_stop,platform
osm-node-10819762201,ببان مصباح,,,14,,,35.292019,1.403949,exact,osm_node,osm,"{""osm"":""node/10819762201""}",node,10819762201,"[""etus-tiaret""]","[""etus-tiaret-32""]",point_in_wilaya,"[""platform""]",bus_stop,platform
osm-node-10819762202,ببان مصباح,,,14,,,35.292007,1.404094,exact,osm_node,osm,"{""osm"":""node/10819762202""}",node,10819762202,"[""etus-tiaret""]","[""etus-tiaret-32""]",point_in_wilaya,"[""stop""]",,stop_position
osm-node-10819762203,32 Arrival,,,14,,,35.293136,1.404702,exact,osm_node,osm,"{""osm"":""node/10819762203""}",node,10819762203,"[""etus-tiaret""]","[""etus-tiaret-32""]",point_in_wilaya,"[""platform""]",bus_stop,platform
osm-node-10819762204,32 Arrival,,,14,,,35.293161,1.404623,exact,osm_node,osm,"{""osm"":""node/10819762204""}",node,10819762204,"[""etus-tiaret""]","[""etus-tiaret-32""]",point_in_wilaya,"[""stop""]",,stop_position
osm-node-10819782905,عمارات ابن باديس,,,14,,,35.377088,1.320815,exact,osm_node,osm,"{""osm"":""node/10819782905""}",node,10819782905,"[""etus-tiaret""]","[""etus-tiaret-27"",""etus-tiaret-32""]",point_in_wilaya,"[""platform""]",bus_stop,platform
osm-node-10819782906,عمارات ابن باديس,,,14,,,35.377148,1.320977,exact,osm_node,osm,"{""osm"":""node/10819782906""}",node,10819782906,"[""etus-tiaret""]","[""etus-tiaret-27""]",point_in_wilaya,"[""platform""]",bus_stop,platform
osm-node-10819837147,حي السانية- محطة سونلغاز,,,14,,,35.346984,1.34831,exact,osm_node,osm,"{""osm"":""node/10819837147""}",node,10819837147,"[""etus-tiaret""]","[""etus-tiaret-32""]",point_in_wilaya,"[""platform""]",bus_stop,platform
osm-node-10819837148,حي السانية- محطة سونلغاز,,,14,,,35.346961,1.348256,exact,osm_node,osm,"{""osm"":""node/10819837148""}",node,10819837148,"[""etus-tiaret""]","[""etus-tiaret-32""]",point_in_wilaya,"[""stop""]",,stop_position
osm-node-10819837149,32 Arrival,,,14,,,35.293188,1.404539,exact,osm_node,osm,"{""osm"":""node/10819837149""}",node,10819837149,"[""etus-tiaret""]","[""etus-tiaret-32""]",point_in_wilaya,"[""platform""]",bus_stop,platform
osm-node-10822149748,الجامعة (الحديقة),,,14,,,35.349262,1.317448,exact,osm_node,osm,"{""osm"":""node/10822149748""}",node,10822149748,"[""etus-tiaret""]","[""etus-tiaret-26""]",point_in_wilaya,"[""platform""]",bus_stop,platform
osm-node-10822149749,نفطال,,,14,,,35.366031,1.312847,exact,osm_node,osm,"{""osm"":""node/10822149749""}",node,10822149749,"[""etus-tiaret""]","[""etus-tiaret-26""]",point_in_wilaya,"[""platform""]",bus_stop,platform
osm-node-10822149750,المكتب القديم لمفتشية العمل,,,14,,,35.372466,1.319827,exact,osm_node,osm,"{""osm"":""node/10822149750""}",node,10822149750,"[""etus-tiaret""]","[""etus-tiaret-26""]",point_in_wilaya,"[""platform""]",bus_stop,platform
osm-node-10822149751,المكتب القديم لمفتشية العمل,,,14,,,35.372549,1.31977,exact,osm_node,osm,"{""osm"":""node/10822149751""}",node,10822149751,"[""etus-tiaret""]","[""etus-tiaret-26""]",point_in_wilaya,"[""platform""]",bus_stop,platform
osm-node-10822149752,المكتب القديم لمفتشية العمل,,,14,,,35.372503,1.319801,exact,osm_node,osm,"{""osm"":""node/10822149752""}",node,10822149752,"[""etus-tiaret""]","[""etus-tiaret-26""]",point_in_wilaya,"[""stop""]",,stop_position
osm-node-10822149753,المركب الجواري المدرسة,,,14,,,35.371242,1.31726,exact,osm_node,osm,"{""osm"":""node/10822149753""}",node,10822149753,"[""etus-tiaret""]","[""etus-tiaret-26""]",point_in_wilaya,"[""platform""]",bus_stop,platform
osm-node-10822149754,الثانوية الجديدة,,,14,,,35.383708,1.372422,exact,osm_node,osm,"{""osm"":""node/10822149754""}",node,10822149754,"[""etus-tiaret""]","[""etus-tiaret-26""]",point_in_wilaya,"[""platform""]",bus_stop,platform
osm-node-10822354057,عمارات الفيدا 2,,,14,,,35.3714,1.331286,exact,osm_node,osm,"{""osm"":""node/10822354057""}",node,10822354057,"[""etus-tiaret""]","[""etus-tiaret-27"",""etus-tiaret-31""]",point_in_wilaya,"[""platform""]",bus_stop,platform
osm-node-10822354058,عمارات الفيدا 2,,,14,,,35.371219,1.331182,exact,osm_node,osm,"{""osm"":""node/10822354058""}",node,10822354058,"[""etus-tiaret""]","[""etus-tiaret-27"",""etus-tiaret-31""]",point_in_wilaya,"[""platform""]",bus_stop,platform
osm-node-10822354059,عمارات الفيدا 2,,,14,,,35.371373,1.331269,exact,osm_node,osm,"{""osm"":""node/10822354059""}",node,10822354059,"[""etus-tiaret""]","[""etus-tiaret-27"",""etus-tiaret-31""]",point_in_wilaya,"[""stop""]",,stop_position
osm-node-10822354060,عمارات الفيدا 2,,,14,,,35.371252,1.331209,exact,osm_node,osm,"{""osm"":""node/10822354060""}",node,10822354060,"[""etus-tiaret""]","[""etus-tiaret-27"",""etus-tiaret-31""]",point_in_wilaya,"[""stop""]",,stop_position
osm-node-10822354061,حظيرة البلدية,,,14,,,35.371699,1.328073,exact,osm_node,osm,"{""osm"":""node/10822354061""}",node,10822354061,"[""etus-tiaret""]","[""etus-tiaret-27"",""etus-tiaret-31""]",point_in_wilaya,"[""platform""]",bus_stop,platform
osm-node-10822354062,حظيرة البلدية,,,14,,,35.371634,1.328065,exact,osm_node,osm,"{""osm"":""node/10822354062""}",node,10822354062,"[""etus-tiaret""]","[""etus-tiaret-27"",""etus-tiaret-31""]",point_in_wilaya,"[""platform""]",bus_stop,platform
osm-node-10822354063,حظيرة البلدية,,,14,,,35.371671,1.328068,exact,osm_node,osm,"{""osm"":""node/10822354063""}",node,10822354063,"[""etus-tiaret""]","[""etus-tiaret-27"",""etus-tiaret-31""]",point_in_wilaya,"[""stop""]",,stop_position
osm-node-10822354071,الاذاعة المحلية,,,14,,,35.370796,1.321496,exact,osm_node,osm,"{""osm"":""node/10822354071""}",node,10822354071,"[""etus-tiaret""]","[""etus-tiaret-27""]",point_in_wilaya,"[""platform""]",bus_stop,platform
osm-node-10822354072,الاذاعة المحلية,,,14,,,35.370726,1.321561,exact,osm_node,osm,"{""osm"":""node/10822354072""}",node,10822354072,"[""etus-tiaret""]","[""etus-tiaret-27""]",point_in_wilaya,"[""platform""]",bus_stop,platform
osm-node-10822354073,الاذاعة المحلية,,,14,,,35.370766,1.321526,exact,osm_node,osm,"{""osm"":""node/10822354073""}",node,10822354073,"[""etus-tiaret""]","[""etus-tiaret-27""]",point_in_wilaya,"[""stop""]",,stop_position
osm-node-10822354074,حي 40 سكن,,,14,,,35.370045,1.320987,exact,osm_node,osm,"{""osm"":""node/10822354074""}",node,10822354074,"[""etus-tiaret""]","[""etus-tiaret-27""]",point_in_wilaya,"[""platform""]",bus_stop,platform
osm-node-10822354075,حي 40 سكن,,,14,,,35.370015,1.320914,exact,osm_node,osm,"{""osm"":""node/10822354075""}",node,10822354075,"[""etus-tiaret""]","[""etus-tiaret-27""]",point_in_wilaya,"[""platform""]",bus_stop,platform
osm-node-10822354076,حي 40 سكن,,,14,,,35.37003,1.320944,exact,osm_node,osm,"{""osm"":""node/10822354076""}",node,10822354076,"[""etus-tiaret""]","[""etus-tiaret-27""]",point_in_wilaya,"[""stop""]",,stop_position
osm-node-10822354077,الريجينة,,,14,,,35.372699,1.320047,exact,osm_node,osm,"{""osm"":""node/10822354077""}",node,10822354077,"[""etus-tiaret""]","[""etus-tiaret-27""]",point_in_wilaya,"[""platform""]",bus_stop,platform
osm-node-10822354078,الريجينة,,,14,,,35.372627,1.3201,exact,osm_node,osm,"{""osm"":""node/10822354078""}",node,10822354078,"[""etus-tiaret""]","[""etus-tiaret-27""]",point_in_wilaya,"[""platform""]",bus_stop,platform
osm-node-10822354079,الريجينة,,,14,,,35.372678,1.320057,exact,osm_node,osm,"{""osm"":""node/10822354079""}",node,10822354079,"[""etus-tiaret""]","[""etus-tiaret-27""]",point_in_wilaya,"[""stop""]",,stop_position
osm-node-10822354080,الحي الاداري (100مكتب),,,14,,,35.374097,1.323134,exact,osm_node,osm,"{""osm"":""node/10822354080""}",node,10822354080,"[""etus-tiaret""]","[""etus-tiaret-27""]",point_in_wilaya,"[""platform""]",,platform
osm-node-10822354081,الحي الاداري (100مكتب),,,14,,,35.374043,1.323177,exact,osm_node,osm,"{""osm"":""node/10822354081""}",node,10822354081,"[""etus-tiaret""]","[""etus-tiaret-27""]",point_in_wilaya,"[""platform""]",,platform
osm-node-10822354082,الحي الاداري (100مكتب),,,14,,,35.374074,1.323154,exact,osm_node,osm,"{""osm"":""node/10822354082""}",node,10822354082,"[""etus-tiaret""]","[""etus-tiaret-27""]",point_in_wilaya,"[""stop""]",,stop_position
osm-node-10822354083,بنك (BEA),,,14,,,35.374125,1.323264,exact,osm_node,osm,"{""osm"":""node/10822354083""}",node,10822354083,"[""etus-tiaret""]","[""etus-tiaret-31""]",point_in_wilaya,"[""stop""]",,stop_position
osm-node-10822354096,مستشفى المتيجي,,,14,,,35.379749,1.313589,exact,osm_node,osm,"{""osm"":""node/10822354096""}",node,10822354096,"[""etus-tiaret""]","[""etus-tiaret-27""]",point_in_wilaya,"[""platform""]",bus_stop,platform
osm-node-10822354097,مستشفى المتيجي,,,14,,,35.379672,1.313849,exact,osm_node,osm,"{""osm"":""node/10822354097""}",node,10822354097,"[""etus-tiaret""]","[""etus-tiaret-27""]",point_in_wilaya,"[""platform""]",bus_stop,platform
osm-node-10822354098,مستشفى المتيجي,,,14,,,35.379734,1.313655,exact,osm_node,osm,"{""osm"":""node/10822354098""}",node,10822354098,"[""etus-tiaret""]","[""etus-tiaret-27""]",point_in_wilaya,"[""stop""]",,stop_position
osm-node-10822354099,مستشفى المتيجي,,,14,,,35.379694,1.31377,exact,osm_node,osm,"{""osm"":""node/10822354099""}",node,10822354099,"[""etus-tiaret""]","[""etus-tiaret-27""]",point_in_wilaya,"[""stop""]",,stop_position
osm-node-10822354100,محطة الخدمات بوفاتح,,,14,,,35.378898,1.31319,exact,osm_node,osm,"{""osm"":""node/10822354100""}",node,10822354100,"[""etus-tiaret""]","[""etus-tiaret-27""]",point_in_wilaya,"[""platform""]",bus_stop,platform
osm-node-10822354101,محطة الخدمات بوفاتح,,,14,,,35.378861,1.313327,exact,osm_node,osm,"{""osm"":""node/10822354101""}",node,10822354101,"[""etus-tiaret""]","[""etus-tiaret-27""]",point_in_wilaya,"[""platform""]",bus_stop,platform
osm-node-10822354102,محطة الخدمات بوفاتح,,,14,,,35.378893,1.313227,exact,osm_node,osm,"{""osm"":""node/10822354102""}",node,10822354102,"[""etus-tiaret""]","[""etus-tiaret-27""]",point_in_wilaya,"[""stop""]",,stop_position
osm-node-10822354103,محطة الخدمات بوفاتح,,,14,,,35.378879,1.313293,exact,osm_node,osm,"{""osm"":""node/10822354103""}",node,10822354103,"[""etus-tiaret""]","[""etus-tiaret-27""]",point_in_wilaya,"[""stop""]",,stop_position
osm-node-10822354104,ثانوية ابن رستم,,,14,,,35.380525,1.314291,exact,osm_node,osm,"{""osm"":""node/10822354104""}",node,10822354104,"[""etus-tiaret""]","[""etus-tiaret-27""]",point_in_wilaya,"[""platform""]",bus_stop,platform
osm-node-10822357705,ثانوية ابن رستم,,,14,,,35.380577,1.314068,exact,osm_node,osm,"{""osm"":""node/10822357705""}",node,10822357705,"[""etus-tiaret""]","[""etus-tiaret-27""]",point_in_wilaya,"[""platform""]",bus_stop,platform
osm-node-10822357706,ثانوية ابن رستم,,,14,,,35.380538,1.314186,exact,osm_node,osm,"{""osm"":""node/10822357706""}",node,10822357706,"[""etus-tiaret""]","[""etus-tiaret-27""]",point_in_wilaya,"[""stop""]",,stop_position
osm-node-10822357707,ثانوية ابن رستم,,,14,,,35.380561,1.314089,exact,osm_node,osm,"{""osm"":""node/10822357707""}",node,10822357707,"[""etus-tiaret""]","[""etus-tiaret-27""]",point_in_wilaya,"[""stop""]",,stop_position
osm-node-10822357708,حي الهاشمي العربي,,,14,,,35.381299,1.314903,exact,osm_node,osm,"{""osm"":""node/10822357708""}",node,10822357708,"[""etus-tiaret""]","[""etus-tiaret-27""]",point_in_wilaya,"[""platform""]",bus_stop,platform
osm-node-10822357710,حي الهاشمي العربي,,,14,,,35.381097,1.31505,exact,osm_node,osm,"{""osm"":""node/10822357710""}",node,10822357710,"[""etus-tiaret""]","[""etus-tiaret-27""]",point_in_wilaya,"[""platform""]",bus_stop,platform
osm-node-10822415386,حي 220 سكن,,,14,,,35.360892,1.34934,exact,osm_node,osm,"{""osm"":""node/10822415386""}",node,10822415386,"[""etus-tiaret""]","[""etus-tiaret-27""]",point_in_wilaya,"[""platform""]",bus_stop,platform
osm-node-10822415387,حي 220 سكن,,,14,,,35.360885,1.349385,exact,osm_node,osm,"{""osm"":""node/10822415387""}",node,10822415387,"[""etus-tiaret""]","[""etus-tiaret-27""]",point_in_wilaya,"[""stop""]",,stop_position
osm-node-10824920396,حي 220 سكن,,,14,,,35.347735,1.341464,exact,osm_node,osm,"{""osm"":""node/10824920396""}",node,10824920396,"[""etus-tiaret""]","[""etus-tiaret-27""]",point_in_wilaya,"[""platform""]",bus_stop,platform
osm-node-10824920397,حي 220 سكن,,,14,,,35.347777,1.341441,exact,osm_node,osm,"{""osm"":""node/10824920397""}",node,10824920397,"[""etus-tiaret""]","[""etus-tiaret-27""]",point_in_wilaya,"[""stop""]",,stop_position
osm-node-10824920398,حي 220 سكن,,,14,,,35.347838,1.341346,exact,osm_node,osm,"{""osm"":""node/10824920398""}",node,10824920398,"[""etus-tiaret""]","[""etus-tiaret-27""]",point_in_wilaya,"[""stop""]",,stop_position
osm-node-10824920399,حي 220 سكن,,,14,,,35.347876,1.34129,exact,osm_node,osm,"{""osm"":""node/10824920399""}",node,10824920399,"[""etus-tiaret""]","[""etus-tiaret-27""]",point_in_wilaya,"[""platform""]",bus_stop,platform
osm-node-10824979312,حي البناء الذاتي 405 سكن,,,14,,,35.3748,1.342349,exact,osm_node,osm,"{""osm"":""node/10824979312""}",node,10824979312,"[""etus-tiaret""]","[""etus-tiaret-27""]",point_in_wilaya,"[""platform""]",bus_stop,platform
osm-node-10824979313,حي البناء الذاتي 405 سكن,,,14,,,35.3749,1.342507,exact,osm_node,osm,"{""osm"":""node/10824979313""}",node,10824979313,"[""etus-tiaret""]","[""etus-tiaret-27""]",point_in_wilaya,"[""platform""]",bus_stop,platform
osm-node-10824979314,حي البناء الذاتي 405 سكن,,,14,,,35.374822,1.342391,exact,osm_node,osm,"{""osm"":""node/10824979314""}",node,10824979314,"[""etus-tiaret""]","[""etus-tiaret-27""]",point_in_wilaya,"[""stop""]",,stop_position
osm-node-10824979315,حي البناء الذاتي 405 سكن,,,14,,,35.374877,1.342468,exact,osm_node,osm,"{""osm"":""node/10824979315""}",node,10824979315,"[""etus-tiaret""]","[""etus-tiaret-27""]",point_in_wilaya,"[""stop""]",,stop_position
osm-node-10824979316,المحطة الاخيرة لحي التفاح,,,14,,,35.373255,1.343586,exact,osm_node,osm,"{""osm"":""node/10824979316""}",node,10824979316,"[""etus-tiaret""]","[""etus-tiaret-27""]",point_in_wilaya,"[""platform""]",bus_stop,platform
osm-node-10824979317,المحطة الاخيرة لحي التفاح,,,14,,,35.373302,1.34383,exact,osm_node,osm,"{""osm"":""node/10824979317""}",node,10824979317,"[""etus-tiaret""]","[""etus-tiaret-27""]",point_in_wilaya,"[""platform""]",bus_stop,platform
osm-node-10824979318,المحطة الاخيرة لحي التفاح,,,14,,,35.373265,1.343636,exact,osm_node,osm,"{""osm"":""node/10824979318""}",node,10824979318,"[""etus-tiaret""]","[""etus-tiaret-27""]",point_in_wilaya,"[""stop""]",,stop_position
osm-node-10824979319,المحطة الاخيرة لحي التفاح,,,14,,,35.373295,1.343775,exact,osm_node,osm,"{""osm"":""node/10824979319""}",node,10824979319,"[""etus-tiaret""]","[""etus-tiaret-27""]",point_in_wilaya,"[""stop""]",,stop_position
osm-node-10824979320,مسجد حي التفاح,,,14,,,35.371553,1.342934,exact,osm_node,osm,"{""osm"":""node/10824979320""}",node,10824979320,"[""etus-tiaret""]","[""etus-tiaret-27""]",point_in_wilaya,"[""platform""]",bus_stop,platform
osm-node-10824979321,مسجد حي التفاح,,,14,,,35.371525,1.343141,exact,osm_node,osm,"{""osm"":""node/10824979321""}",node,10824979321,"[""etus-tiaret""]","[""etus-tiaret-27""]",point_in_wilaya,"[""platform""]",bus_stop,platform
osm-node-10824979322,مسجد حي التفاح,,,14,,,35.371541,1.343128,exact,osm_node,osm,"{""osm"":""node/10824979322""}",node,10824979322,"[""etus-tiaret""]","[""etus-tiaret-27""]",point_in_wilaya,"[""stop""]",,stop_position
osm-node-10824979323,مسجد حي التفاح,,,14,,,35.371542,1.342967,exact,osm_node,osm,"{""osm"":""node/10824979323""}",node,10824979323,"[""etus-tiaret""]","[""etus-tiaret-27""]",point_in_wilaya,"[""stop""]",,stop_position
osm-node-10824979326,معهد العلوم الفلاحية,,,14,,,35.351837,1.326275,exact,osm_node,osm,"{""osm"":""node/10824979326""}",node,10824979326,"[""etus-tiaret""]","[""etus-tiaret-27""]",point_in_wilaya,"[""platform""]",bus_stop,platform
osm-node-10824979327,معهد العلوم الفلاحية,,,14,,,35.35186,1.32637,exact,osm_node,osm,"{""osm"":""node/10824979327""}",node,10824979327,"[""etus-tiaret""]","[""etus-tiaret-27""]",point_in_wilaya,"[""stop""]",,stop_position
osm-node-10824979328,معهد العلوم الفلاحية,,,14,,,35.351895,1.3265,exact,osm_node,osm,"{""osm"":""node/10824979328""}",node,10824979328,"[""etus-tiaret""]","[""etus-tiaret-27""]",point_in_wilaya,"[""stop""]",,stop_position
osm-node-10824979329,معهد العلوم الفلاحية,,,14,,,35.351917,1.326572,exact,osm_node,osm,"{""osm"":""node/10824979329""}",node,10824979329,"[""etus-tiaret""]","[""etus-tiaret-27""]",point_in_wilaya,"[""platform""]",bus_stop,platform
osm-node-10827543820,محلات حي 405 مسكن,,,14,,,35.376405,1.340644,exact,osm_node,osm,"{""osm"":""node/10827543820""}",node,10827543820,"[""etus-tiaret""]","[""etus-tiaret-28""]",point_in_wilaya,"[""platform""]",bus_stop,platform
osm-node-10827543821,حي الشارة,,,14,,,35.385031,1.316978,exact,osm_node,osm,"{""osm"":""node/10827543821""}",node,10827543821,"[""etus-tiaret""]","[""etus-tiaret-27"",""etus-tiaret-30""]",point_in_wilaya,"[""platform""]",bus_stop,platform
osm-node-10827543822,حي الشارة,,,14,,,35.385166,1.316889,exact,osm_node,osm,"{""osm"":""node/10827543822""}",node,10827543822,"[""etus-tiaret""]","[""etus-tiaret-27"",""etus-tiaret-30""]",point_in_wilaya,"[""platform""]",bus_stop,platform
osm-node-10871330724,ملتقى الطرق (الامن العاشر),,,14,,,35.37826,1.345111,exact,osm_node,osm,"{""osm"":""node/10871330724""}",node,10871330724,"[""etus-tiaret""]","[""etus-tiaret-28""]",point_in_wilaya,"[""platform""]",bus_stop,platform
osm-node-10871330725,ملتقى الطرق (عين قاسمة),,,14,,,35.34418,1.328516,exact,osm_node,osm,"{""osm"":""node/10871330725""}",node,10871330725,"[""etus-tiaret""]","[""etus-tiaret-28"",""etus-tiaret-30"",""etus-tiaret-31""]",point_in_wilaya,"[""stop""]",,stop_position
osm-node-10871330726,ملتقى الطرق (عين قاسمة),,,14,,,35.344155,1.328502,exact,osm_node,osm,"{""osm"":""node/10871330726""}",node,10871330726,"[""etus-tiaret""]","[""etus-tiaret-28"",""etus-tiaret-30"",""etus-tiaret-31""]",point_in_wilaya,"[""platform""]",bus_stop,platform
osm-node-10871330727,ملتقى الطرق (عين قاسمة),,,14,,,35.344279,1.328546,exact,osm_node,osm,"{""osm"":""node/10871330727""}",node,10871330727,"[""etus-tiaret""]","[""etus-tiaret-28"",""etus-tiaret-30""]",point_in_wilaya,"[""platform""]",bus_stop,platform
osm-node-10871330728,ملتقى الطرق (عين قاسمة),,,14,,,35.344257,1.328536,exact,osm_node,osm,"{""osm"":""node/10871330728""}",node,10871330728,"[""etus-tiaret""]","[""etus-tiaret-28"",""etus-tiaret-30""]",point_in_wilaya,"[""stop""]",,stop_position
osm-node-10871330729,السوق (المنظر الجميل),,,14,,,35.353008,1.328733,exact,osm_node,osm,"{""osm"":""node/10871330729""}",node,10871330729,"[""etus-tiaret""]","[""etus-tiaret-28"",""etus-tiaret-29"",""etus-tiaret-30"",""etus-tiaret-31""]",point_in_wilaya,"[""platform""]",bus_stop,platform
osm-node-10871330730,السوق (المنظر الجميل),,,14,,,35.353156,1.328681,exact,osm_node,osm,"{""osm"":""node/10871330730""}",node,10871330730,"[""etus-tiaret""]","[""etus-tiaret-28"",""etus-tiaret-29"",""etus-tiaret-30"",""etus-tiaret-31""]",point_in_wilaya,"[""platform""]",bus_stop,platform
osm-node-10872218206,ملتقى الطرق (المقبرة),,,14,,,35.377861,1.331732,exact,osm_node,osm,"{""osm"":""node/10872218206""}",node,10872218206,"[""etus-tiaret""]","[""etus-tiaret-29""]",point_in_wilaya,"[""platform""]",bus_stop,platform
osm-node-10872218207,ملتقى الطرق (المقبرة),,,14,,,35.377784,1.331615,exact,osm_node,osm,"{""osm"":""node/10872218207""}",node,10872218207,"[""etus-tiaret""]","[""etus-tiaret-29""]",point_in_wilaya,"[""stop""]",,stop_position
osm-node-10872218208,ملتقى الطرق (المقبرة),,,14,,,35.377762,1.331551,exact,osm_node,osm,"{""osm"":""node/10872218208""}",node,10872218208,"[""etus-tiaret""]","[""etus-tiaret-29""]",point_in_wilaya,"[""platform""]",bus_stop,platform
osm-node-10872218209,القرية,,,14,,,35.386467,1.360487,exact,osm_node,osm,"{""osm"":""node/10872218209""}",node,10872218209,"[""etus-tiaret""]","[""etus-tiaret-29""]",point_in_wilaya,"[""platform""]",bus_stop,platform
osm-node-10872218210,الحاسي,,,14,,,35.386721,1.362727,exact,osm_node,osm,"{""osm"":""node/10872218210""}",node,10872218210,"[""etus-tiaret""]","[""etus-tiaret-29""]",point_in_wilaya,"[""platform""]",bus_stop,platform
osm-node-10873127878,حي1500 سكن AADL,,,14,,,35.387641,1.328954,exact,osm_node,osm,"{""osm"":""node/10873127878""}",node,10873127878,"[""etus-tiaret""]","[""etus-tiaret-30""]",point_in_wilaya,"[""platform""]",bus_stop,platform
osm-node-10873127879,حي1500 سكن AADL,,,14,,,35.387612,1.32891,exact,osm_node,osm,"{""osm"":""node/10873127879""}",node,10873127879,"[""etus-tiaret""]","[""etus-tiaret-30""]",point_in_wilaya,"[""stop""]",,stop_position
osm-node-10873127881,سرسو,,,14,,,35.366324,1.325892,exact,osm_node,osm,"{""osm"":""node/10873127881""}",node,10873127881,"[""etus-tiaret""]","[""etus-tiaret-30""]",point_in_wilaya,"[""platform""]",bus_stop,platform
osm-node-10873127882,سرسو,,,14,,,35.366404,1.325979,exact,osm_node,osm,"{""osm"":""node/10873127882""}",node,10873127882,"[""etus-tiaret""]","[""etus-tiaret-30""]",point_in_wilaya,"[""platform""]",bus_stop,platform
osm-node-10873127883,سرسو,,,14,,,35.366369,1.325929,exact,osm_node,osm,"{""osm"":""node/10873127883""}",node,10873127883,"[""etus-tiaret""]","[""etus-tiaret-30""]",point_in_wilaya,"[""stop""]",,stop_position
osm-node-10873127884,مركز البريد,,,14,,,35.373333,1.321609,exact,osm_node,osm,"{""osm"":""node/10873127884""}",node,10873127884,"[""etus-tiaret""]","[""etus-tiaret-30""]",point_in_wilaya,"[""platform""]",bus_stop,platform
osm-node-10873127885,مركز البريد,,,14,,,35.373375,1.321573,exact,osm_node,osm,"{""osm"":""node/10873127885""}",node,10873127885,"[""etus-tiaret""]","[""etus-tiaret-30""]",point_in_wilaya,"[""platform""]",bus_stop,platform
osm-node-10873127886,نقطة التوقف (الابتدائية),,,14,,,35.384026,1.317974,exact,osm_node,osm,"{""osm"":""node/10873127886""}",node,10873127886,"[""etus-tiaret""]","[""etus-tiaret-30""]",point_in_wilaya,"[""platform""]",bus_stop,platform
osm-node-10873127887,نقطة التوقف (الابتدائية),,,14,,,35.384049,1.318129,exact,osm_node,osm,"{""osm"":""node/10873127887""}",node,10873127887,"[""etus-tiaret""]","[""etus-tiaret-30""]",point_in_wilaya,"[""platform""]",bus_stop,platform
osm-node-10873127888,نقطة التوقف (الابتدائية),,,14,,,35.384026,1.318002,exact,osm_node,osm,"{""osm"":""node/10873127888""}",node,10873127888,"[""etus-tiaret""]","[""etus-tiaret-30""]",point_in_wilaya,"[""stop""]",,stop_position
osm-node-10873127889,حي المثلجات,,,14,,,35.384689,1.321899,exact,osm_node,osm,"{""osm"":""node/10873127889""}",node,10873127889,"[""etus-tiaret""]","[""etus-tiaret-30""]",point_in_wilaya,"[""platform""]",bus_stop,platform
osm-node-10873127890,حي المثلجات,,,14,,,35.384538,1.321937,exact,osm_node,osm,"{""osm"":""node/10873127890""}",node,10873127890,"[""etus-tiaret""]","[""etus-tiaret-30""]",point_in_wilaya,"[""platform""]",bus_stop,platform
osm-node-10873127891,حي المثلجات,,,14,,,35.384608,1.321925,exact,osm_node,osm,"{""osm"":""node/10873127891""}",node,10873127891,"[""etus-tiaret""]","[""etus-tiaret-30""]",point_in_wilaya,"[""stop""]",,stop_position
osm-node-10879589689,المجمعات السكنية زعرورة,,,14,,,35.339254,1.314901,exact,osm_node,osm,"{""osm"":""node/10879589689""}",node,10879589689,"[""etus-tiaret""]","[""etus-tiaret-31""]",point_in_wilaya,"[""platform""]",bus_stop,platform
osm-node-10879589690,سكنات LPA (زعرورة),,,14,,,35.342138,1.321692,exact,osm_node,osm,"{""osm"":""node/10879589690""}",node,10879589690,"[""etus-tiaret""]","[""etus-tiaret-31""]",point_in_wilaya,"[""platform""]",bus_stop,platform
osm-node-10879589691,سكنات LPA (زعرورة),,,14,,,35.342313,1.321632,exact,osm_node,osm,"{""osm"":""node/10879589691""}",node,10879589691,"[""etus-tiaret""]","[""etus-tiaret-31""]",point_in_wilaya,"[""platform""]",bus_stop,platform
osm-node-10879589692,سكنات LPA (زعرورة),,,14,,,35.342187,1.321674,exact,osm_node,osm,"{""osm"":""node/10879589692""}",node,10879589692,"[""etus-tiaret""]","[""etus-tiaret-31""]",point_in_wilaya,"[""stop""]",,stop_position
osm-node-10879589693,سكنات LPA (زعرورة),,,14,,,35.342269,1.321656,exact,osm_node,osm,"{""osm"":""node/10879589693""}",node,10879589693,"[""etus-tiaret""]","[""etus-tiaret-31""]",point_in_wilaya,"[""stop""]",,stop_position
osm-node-10879589694,وكالة البيع FOTONs,,,14,,,35.344041,1.327069,exact,osm_node,osm,"{""osm"":""node/10879589694""}",node,10879589694,"[""etus-tiaret""]","[""etus-tiaret-31""]",point_in_wilaya,"[""platform""]",bus_stop,platform
osm-node-10879589695,وكالة البيع FOTONs,,,14,,,35.344184,1.326887,exact,osm_node,osm,"{""osm"":""node/10879589695""}",node,10879589695,"[""etus-tiaret""]","[""etus-tiaret-31""]",point_in_wilaya,"[""platform""]",bus_stop,platform
osm-node-10879589696,وكالة البيع FOTONs,,,14,,,35.344159,1.32696,exact,osm_node,osm,"{""osm"":""node/10879589696""}",node,10879589696,"[""etus-tiaret""]","[""etus-tiaret-31""]",point_in_wilaya,"[""stop""]",,stop_position
osm-node-10879589697,محلات تاج السلطان,,,14,,,35.357159,1.338053,exact,osm_node,osm,"{""osm"":""node/10879589697""}",node,10879589697,"[""etus-tiaret""]","[""etus-tiaret-31""]",point_in_wilaya,"[""platform""]",bus_stop,platform
osm-node-10879589698,محلات تاج السلطان,,,14,,,35.357173,1.33801,exact,osm_node,osm,"{""osm"":""node/10879589698""}",node,10879589698,"[""etus-tiaret""]","[""etus-tiaret-31""]",point_in_wilaya,"[""stop""]",,stop_position
osm-node-10879589699,محلات تاج السلطان,,,14,,,35.357211,1.337844,exact,osm_node,osm,"{""osm"":""node/10879589699""}",node,10879589699,"[""etus-tiaret""]","[""etus-tiaret-31""]",point_in_wilaya,"[""platform""]",bus_stop,platform
osm-node-10879589700,محطة الشؤون الدينية,,,14,,,35.360417,1.338572,exact,osm_node,osm,"{""osm"":""node/10879589700""}",node,10879589700,"[""etus-tiaret""]","[""etus-tiaret-31""]",point_in_wilaya,"[""platform""]",bus_stop,platform
osm-node-10879589701,محطة الشؤون الدينية,,,14,,,35.360421,1.338516,exact,osm_node,osm,"{""osm"":""node/10879589701""}",node,10879589701,"[""etus-tiaret""]","[""etus-tiaret-31""]",point_in_wilaya,"[""stop""]",,stop_position
osm-node-10879589702,محطة الشؤون الدينية,,,14,,,35.360437,1.338352,exact,osm_node,osm,"{""osm"":""node/10879589702""}",node,10879589702,"[""etus-tiaret""]","[""etus-tiaret-31""]",point_in_wilaya,"[""platform""]",bus_stop,platform
osm-node-10879589703,المحطة الأخيرة لحي سوناتيبا (super posée ),,,14,,,35.362198,1.334861,exact,osm_node,osm,"{""osm"":""node/10879589703""}",node,10879589703,"[""etus-tiaret""]","[""etus-tiaret-31""]",point_in_wilaya,"[""platform""]",bus_stop,platform
osm-node-10879589704,المحطة الأخيرة لحي سوناتيبا (super posée ),,,14,,,35.362256,1.334847,exact,osm_node,osm,"{""osm"":""node/10879589704""}",node,10879589704,"[""etus-tiaret""]","[""etus-tiaret-31""]",point_in_wilaya,"[""platform""]",bus_stop,platform
osm-node-10879608317,عمارات الفيدا 1,,,14,,,35.369322,1.332202,exact,osm_node,osm,"{""osm"":""node/10879608317""}",node,10879608317,"[""etus-tiaret""]","[""etus-tiaret-31""]",point_in_wilaya,"[""platform""]",bus_stop,platform
osm-node-10879608318,عمارات الفيدا 1,,,14,,,35.369302,1.332094,exact,osm_node,osm,"{""osm"":""node/10879608318""}",node,10879608318,"[""etus-tiaret""]","[""etus-tiaret-31""]",point_in_wilaya,"[""platform""]",bus_stop,platform
osm-node-10879608319,عمارات الفيدا 1,,,14,,,35.369313,1.332164,exact,osm_node,osm,"{""osm"":""node/10879608319""}",node,10879608319,"[""etus-tiaret""]","[""etus-tiaret-31""]",point_in_wilaya,"[""stop""]",,stop_position
osm-node-10879608320,بنك الخارجي,,,14,,,35.374108,1.323278,exact,osm_node,osm,"{""osm"":""node/10879608320""}",node,10879608320,"[""etus-tiaret""]","[""etus-tiaret-31""]",point_in_wilaya,"[""platform""]",,platform
osm-node-10879608321,بنك (BEA),,,14,,,35.374147,1.323242,exact,osm_node,osm,"{""osm"":""node/10879608321""}",node,10879608321,"[""etus-tiaret""]","[""etus-tiaret-31""]",point_in_wilaya,"[""platform""]",,platform
osm-node-10880395726,32 depart,,,14,,,35.377161,1.320758,exact,osm_node,osm,"{""osm"":""node/10880395726""}",node,10880395726,"[""etus-tiaret""]","[""etus-tiaret-32""]",point_in_wilaya,"[""platform""]",bus_stop,platform
osm-node-10880395727,32 depart,,,14,,,35.377215,1.320881,exact,osm_node,osm,"{""osm"":""node/10880395727""}",node,10880395727,"[""etus-tiaret""]","[""etus-tiaret-32""]",point_in_wilaya,"[""platform""]",bus_stop,platform
osm-node-10880395728,حي EPLF 1,,,14,,,35.35338,1.339243,exact,osm_node,osm,"{""osm"":""node/10880395728""}",node,10880395728,"[""etus-tiaret""]","[""etus-tiaret-32""]",point_in_wilaya,"[""platform""]",bus_stop,platform
osm-node-10880395729,حي EPLF 1,,,14,,,35.353364,1.339221,exact,osm_node,osm,"{""osm"":""node/10880395729""}",node,10880395729,"[""etus-tiaret""]","[""etus-tiaret-32""]",point_in_wilaya,"[""stop""]",,stop_position
osm-node-10880395730,حي EPLF2(المقهى),,,14,,,35.352898,1.339954,exact,osm_node,osm,"{""osm"":""node/10880395730""}",node,10880395730,"[""etus-tiaret""]","[""etus-tiaret-32""]",point_in_wilaya,"[""platform""]",bus_stop,platform
osm-node-10880395731,حي EPLF2(المقهى),,,14,,,35.352879,1.33992,exact,osm_node,osm,"{""osm"":""node/10880395731""}",node,10880395731,"[""etus-tiaret""]","[""etus-tiaret-32""]",point_in_wilaya,"[""stop""]",,stop_position
osm-node-10880395732,حي EPLF2(المقهى),,,14,,,35.352785,1.339782,exact,osm_node,osm,"{""osm"":""node/10880395732""}",node,10880395732,"[""etus-tiaret""]","[""etus-tiaret-32""]",point_in_wilaya,"[""platform""]",bus_stop,platform
osm-node-10880395733,حي EPLF 1,,,14,,,35.353289,1.339119,exact,osm_node,osm,"{""osm"":""node/10880395733""}",node,10880395733,"[""etus-tiaret""]","[""etus-tiaret-32""]",point_in_wilaya,"[""platform""]",bus_stop,platform
osm-node-10880395734,حي EPLF2(المقهى),,,14,,,35.352815,1.339828,exact,osm_node,osm,"{""osm"":""node/10880395734""}",node,10880395734,"[""etus-tiaret""]","[""etus-tiaret-32""]",point_in_wilaya,"[""stop""]",,stop_position
osm-node-10880395735,حي EPLF 1,,,14,,,35.353312,1.339148,exact,osm_node,osm,"{""osm"":""node/10880395735""}",node,10880395735,"[""etus-tiaret""]","[""etus-tiaret-32""]",point_in_wilaya,"[""stop""]",,stop_position
osm-node-10880395736,محطة كارجوا,,,14,,,35.354173,1.338132,exact,osm_node,osm,"{""osm"":""node/10880395736""}",node,10880395736,"[""etus-tiaret""]","[""etus-tiaret-32""]",point_in_wilaya,"[""platform""]",bus_stop,platform
osm-node-10880395737,محطة كارجوا,,,14,,,35.354154,1.338114,exact,osm_node,osm,"{""osm"":""node/10880395737""}",node,10880395737,"[""etus-tiaret""]","[""etus-tiaret-32""]",point_in_wilaya,"[""stop""]",,stop_position
osm-node-10880395738,محطة كارجوا,,,14,,,35.353938,1.33825,exact,osm_node,osm,"{""osm"":""node/10880395738""}",node,10880395738,"[""etus-tiaret""]","[""etus-tiaret-32""]",point_in_wilaya,"[""stop""]",,stop_position
osm-node-10880395739,محطة كارجوا,,,14,,,35.353911,1.3382,exact,osm_node,osm,"{""osm"":""node/10880395739""}",node,10880395739,"[""etus-tiaret""]","[""etus-tiaret-32""]",point_in_wilaya,"[""platform""]",bus_stop,platform
osm-node-10880395740,32 depart,,,14,,,35.377202,1.320831,exact,osm_node,osm,"{""osm"":""node/10880395740""}",node,10880395740,"[""etus-tiaret""]","[""etus-tiaret-32""]",point_in_wilaya,"[""stop""]",,stop_position
osm-node-11281591036,Les Castors,,,16,,,36.803425,3.258039,exact,osm_node,osm,"{""osm"":""node/11281591036""}",node,11281591036,"[""etusa""]","[""etusa-L615""]",point_in_wilaya,"[""platform""]",bus_stop,platform
osm-node-11281591038,Cité Chabou,,حي شابو,16,,,36.777206,3.269884,exact,osm_node,osm,"{""osm"":""node/11281591038""}",node,11281591038,"[""etusa""]","[""etusa-L615""]",point_in_wilaya,"[""platform""]",bus_stop,platform
osm-node-11281591039,DOMAINE SI BOUALEM,,,16,,,36.770908,3.286623,exact,osm_node,osm,"{""osm"":""node/11281591039""}",node,11281591039,"[""etusa""]","[""etusa-L615""]",point_in_wilaya,"[""platform""]",bus_stop,platform
osm-node-11281591040,Diar El Gharb 1,Diar El Gharb 1,,16,,,36.800649,3.257803,exact,osm_node,osm,"{""osm"":""node/11281591040""}",node,11281591040,"[""etusa""]","[""etusa-L615""]",point_in_wilaya,"[""platform""]",bus_stop,platform
osm-node-11281591041,Diar El Gharb 2,,,16,,,36.795106,3.257315,exact,osm_node,osm,"{""osm"":""node/11281591041""}",node,11281591041,"[""etusa""]","[""etusa-L615""]",point_in_wilaya,"[""platform""]",bus_stop,
osm-node-11281591042,Diar El Gharb 2,,,16,,,36.79525,3.257189,exact,osm_node,osm,"{""osm"":""node/11281591042""}",node,11281591042,"[""etusa""]","[""etusa-L615""]",point_in_wilaya,"[""platform""]",bus_stop,
osm-node-11281591043,CFPA Ain Taya,,,16,,,36.798729,3.269261,exact,osm_node,osm,"{""osm"":""node/11281591043""}",node,11281591043,"[""etusa""]","[""etusa-L615""]",point_in_wilaya,"[""platform""]",bus_stop,stop_position
osm-node-11281591045,Souk El Fellah,,,16,,,36.788961,3.289091,exact,osm_node,osm,"{""osm"":""node/11281591045""}",node,11281591045,"[""etusa""]","[""etusa-L615""]",point_in_wilaya,"[""platform""]",bus_stop,platform
osm-node-11281591046,École Houari Boumediène,,مدرسة هواري بومدين,16,,,36.781229,3.288624,exact,osm_node,osm,"{""osm"":""node/11281591046""}",node,11281591046,"[""etusa""]","[""etusa-L615""]",point_in_wilaya,"[""platform""]",bus_stop,platform
osm-node-11281591047,El Karia,,حي 108 مسكن,16,,,36.777831,3.288434,exact,osm_node,osm,"{""osm"":""node/11281591047""}",node,11281591047,"[""etusa""]","[""etusa-L615""]",point_in_wilaya,"[""platform""]",bus_stop,platform
osm-node-11281591048,قسمة السي بوعلام,,حي 700 مسكن,16,,,36.773173,3.288104,exact,osm_node,osm,"{""osm"":""node/11281591048""}",node,11281591048,"[""etusa""]","[""etusa-L615""]",point_in_wilaya,"[""platform""]",bus_stop,platform
osm-node-11281591049,CITE BOUALEM EL ALOUI,,حي بوعلام العلوي,16,,,36.774965,3.277728,exact,osm_node,osm,"{""osm"":""node/11281591049""}",node,11281591049,"[""etusa""]","[""etusa-L615""]",point_in_wilaya,"[""platform""]",bus_stop,platform
osm-node-1166443206,Scala,,,16,,,36.774441,3.042398,exact,osm_node,osm,"{""osm"":""node/1166443206""}",node,1166443206,"[""etusa""]","[""etusa-50""]",point_in_wilaya,"[""platform""]",bus_stop,platform
osm-node-1166446505,Saint Raphaël,,,16,,,36.77027,3.037223,exact,osm_node,osm,"{""osm"":""node/1166446505""}",node,1166446505,"[""etusa""]","[""etusa-50""]",point_in_wilaya,"[""platform""]",bus_stop,platform
osm-node-1166446803,Saint Raphaël,Saint Raphaël,,16,,,36.770153,3.036656,exact,osm_node,osm,"{""osm"":""node/1166446803""}",node,1166446803,"[""etusa""]","[""etusa-50""]",point_in_wilaya,"[""platform""]",bus_stop,platform
osm-node-1166448041,Châteauneuf,,شاطوناف,16,,,36.768872,3.021582,exact,osm_node,osm,"{""osm"":""node/1166448041""}",node,1166448041,"[""etusa""]","[""etusa-10"",""etusa-50""]",point_in_wilaya,"[""platform""]",bus_stop,platform
osm-node-1166448212,Chateauneuf,,شاطوناف,16,,,36.76867,3.021581,exact,osm_node,osm,"{""osm"":""node/1166448212""}",node,1166448212,"[""etusa""]","[""etusa-10""]",point_in_wilaya,"[""platform""]",bus_stop,platform
osm-node-1166448693,,,,16,,,36.769362,3.026829,exact,osm_node,osm,"{""osm"":""node/1166448693""}",node,1166448693,"[""etusa""]","[""etusa-10"",""etusa-50""]",point_in_wilaya,"[""platform""]",bus_stop,platform
osm-node-1166453231,Chevalley,Chevalley,شوفالي,16,,,36.768952,3.007494,exact,osm_node,osm,"{""osm"":""node/1166453231""}",node,1166453231,"[""etusa""]","[""etusa-3"",""etusa-58"",""etusa-701"",""etusa-731""]",point_in_wilaya,"[""platform_entry_only"",""platform_exit_only""]",,station
osm-node-1166459382,El Biar Stade,El Biar Stade,ملعب الأبيار,16,,,36.764463,3.022887,exact,osm_node,osm,"{""osm"":""node/1166459382""}",node,1166459382,"[""etusa""]","[""etusa-50""]",point_in_wilaya,"[""platform""]",bus_stop,platform
osm-node-1166465446,FORT L'EMPREUR,,,16,,,36.77402,3.044885,exact,osm_node,osm,"{""osm"":""node/1166465446""}",node,1166465446,"[""etusa""]","[""etusa-50""]",point_in_wilaya,"[""platform""]",bus_stop,platform
osm-node-1166465625,El Aourassi,,,16,,,36.776565,3.04858,exact,osm_node,osm,"{""osm"":""node/1166465625""}",node,1166465625,"[""etusa""]","[""etusa-50""]",point_in_wilaya,"[""platform""]",bus_stop,platform
osm-node-1166466032,نفق الكليات,Tunnel des Facultés,نفق الكليات,16,,,36.7717,3.055657,exact,osm_node,osm,"{""osm"":""node/1166466032""}",node,1166466032,"[""etusa""]","[""etusa-15"",""etusa-37""]",point_in_wilaya,"[""platform"",""stop""]",bus_stop,platform
osm-node-1185935485,,,,16,,,36.743051,3.109239,exact,osm_node,osm,"{""osm"":""node/1185935485""}",node,1185935485,"[""etusa""]","[""etusa-113"",""etusa-178""]",point_in_wilaya,"[""platform_entry_only"",""platform_exit_only""]",bus_stop,platform
osm-node-1240253721,الوحدة الجمهورية للشرطة,,,14,,,35.314976,1.375707,exact,osm_node,osm,"{""osm"":""node/1240253721""}",node,1240253721,"[""etus-tiaret""]","[""etus-tiaret-32""]",point_in_wilaya,"[""stop""]",,stop_position
osm-node-1240254024,حي عين مصباح,,,14,,,35.309312,1.38301,exact,osm_node,osm,"{""osm"":""node/1240254024""}",node,1240254024,"[""etus-tiaret""]","[""etus-tiaret-32""]",point_in_wilaya,"[""stop""]",,stop_position
osm-node-1240255949,حي عين مصباح,,,14,,,35.307596,1.385395,exact,osm_node,osm,"{""osm"":""node/1240255949""}",node,1240255949,"[""etus-tiaret""]","[""etus-tiaret-32""]",point_in_wilaya,"[""stop""]",,stop_position
osm-node-12766966903,الإقامة الجامعية,Cité Universitaire,الإقامة الجامعية,16,,,36.759128,3.008897,exact,osm_node,osm,"{""osm"":""node/12766966903""}",node,12766966903,"[""etusa""]","[""etusa-48"",""etusa-50""]",point_in_wilaya,[],bus_stop,platform
osm-node-12823735716,Kef Naâdja,,,15,,,36.693372,4.045153,exact,osm_node,osm,"{""osm"":""node/12823735716""}",node,12823735716,"[""etusto""]","[""etusto-9""]",point_in_wilaya,"[""stop_exit_only""]",,stop_position
osm-node-12823735717,Station Boukhalfa,,,15,,,36.725147,4.021335,exact,osm_node,osm,"{""osm"":""node/12823735717""}",node,12823735717,"[""etusto""]","[""etusto-1"",""etusto-6"",""etusto-9""]",point_in_wilaya,"[""stop_entry_only"",""stop_exit_only""]",,stop_position
osm-node-12823735718,Station Boukhalfa,,,15,,,36.7251,4.021397,exact,osm_node,osm,"{""osm"":""node/12823735718""}",node,12823735718,"[""etusto""]","[""etusto-1"",""etusto-6"",""etusto-9""]",point_in_wilaya,"[""platform_entry_only"",""platform_exit_only""]",bus_stop,platform
osm-node-12823735719,,,,15,,,36.713808,4.044376,exact,osm_node,osm,"{""osm"":""node/12823735719""}",node,12823735719,"[""etusto""]","[""etusto-1"",""etusto-9""]",point_in_wilaya,"[""stop""]",,stop_position
osm-node-12823735723,La Tour,,,15,,,36.70093,4.05255,exact,osm_node,osm,"{""osm"":""node/12823735723""}",node,12823735723,"[""etusto""]","[""etusto-9""]",point_in_wilaya,"[""stop""]",,stop_position
osm-node-12823735724,La Tour,,,15,,,36.701071,4.05258,exact,osm_node,osm,"{""osm"":""node/12823735724""}",node,12823735724,"[""etusto""]","[""etusto-9""]",point_in_wilaya,"[""stop""]",,stop_position
osm-node-12828900859,Kef Naâdja,,,15,,,36.693317,4.045142,exact,osm_node,osm,"{""osm"":""node/12828900859""}",node,12828900859,"[""etusto""]","[""etusto-9""]",point_in_wilaya,"[""platform_exit_only""]",bus_stop,platform
osm-node-12828902110,,,,15,,,36.715391,4.07665,exact,osm_node,osm,"{""osm"":""node/12828902110""}",node,12828902110,"[""etusto""]","[""etusto-1""]",point_in_wilaya,"[""stop_entry_only"",""stop_exit_only""]",,stop_position
osm-node-12833776157,Casorale : Vers la tour / Beni-Douala / nouvelles gare,Casorale : Vers la tour / Beni-Douala / nouvelles gare,,15,,,36.711025,4.052324,exact,osm_node,osm,"{""osm"":""node/12833776157""}",node,12833776157,"[""etusto""]","[""etusto-6"",""etusto-9""]",point_in_wilaya,"[""platform""]",bus_stop,platform
osm-node-12833776158,,,,15,,,36.710995,4.052271,exact,osm_node,osm,"{""osm"":""node/12833776158""}",node,12833776158,"[""etusto""]","[""etusto-6""]",point_in_wilaya,"[""stop""]",,stop_position
osm-node-12833776159,Arrêt la mairie,,,15,,,36.713731,4.043979,exact,osm_node,osm,"{""osm"":""node/12833776159""}",node,12833776159,"[""etusto""]","[""etusto-1""]",point_in_wilaya,"[""platform""]",bus_stop,platform
osm-node-12833776160,la mairie,,,15,,,36.713789,4.043932,exact,osm_node,osm,"{""osm"":""node/12833776160""}",node,12833776160,"[""etusto""]","[""etusto-1""]",point_in_wilaya,"[""stop""]",,stop_position
osm-node-12833776161,,,,15,,,36.715371,4.076705,exact,osm_node,osm,"{""osm"":""node/12833776161""}",node,12833776161,"[""etusto""]","[""etusto-1""]",point_in_wilaya,"[""platform_entry_only"",""platform_exit_only""]",bus_stop,platform
osm-node-1337246343,PLACE AL SMAA,,,16,,,36.743261,3.042093,exact,osm_node,osm,"{""osm"":""node/1337246343""}",node,1337246343,"[""etusa""]","[""etusa-31"",""etusa-88""]",point_in_wilaya,"[""platform_entry_only"",""platform_exit_only""]",bus_stop,platform
osm-node-13798143896,Salle des fêtes Yazourenne,,,15,,,36.714302,4.033118,exact,osm_node,osm,"{""osm"":""node/13798143896""}",node,13798143896,"[""etusto""]","[""etusto-6""]",point_in_wilaya,"[""platform""]",bus_stop,platform
osm-node-13798143897,Salle des fêtes Yazourenne,,,15,,,36.714223,4.033026,exact,osm_node,osm,"{""osm"":""node/13798143897""}",node,13798143897,"[""etusto""]","[""etusto-6"",""etusto-9""]",point_in_wilaya,"[""platform""]",bus_stop,platform
osm-node-13798143898,Salle des fêtes Yazourenne,,,15,,,36.714251,4.033048,exact,osm_node,osm,"{""osm"":""node/13798143898""}",node,13798143898,"[""etusto""]","[""etusto-6"",""etusto-9""]",point_in_wilaya,"[""stop""]",,stop_position
osm-node-13798143899,Salle des fêtes Yazourenne,,,15,,,36.714285,4.033103,exact,osm_node,osm,"{""osm"":""node/13798143899""}",node,13798143899,"[""etusto""]","[""etusto-6""]",point_in_wilaya,"[""stop""]",,stop_position
osm-node-13798143900,Station Beni Douala,,,15,,,36.696021,4.07414,exact,osm_node,osm,"{""osm"":""node/13798143900""}",node,13798143900,"[""etusto""]","[""etusto-6""]",point_in_wilaya,"[""stop_entry_only"",""stop_exit_only""]",,stop_position
osm-node-13798151101,Arrêt Station Beni Douala,,,15,,,36.696028,4.074174,exact,osm_node,osm,"{""osm"":""node/13798151101""}",node,13798151101,"[""etusto""]","[""etusto-6""]",point_in_wilaya,"[""platform_entry_only"",""platform_exit_only""]",bus_stop,platform
osm-node-13798187850,La Tour,,,15,,,36.702745,4.052699,exact,osm_node,osm,"{""osm"":""node/13798187850""}",node,13798187850,"[""etusto""]","[""etusto-6""]",point_in_wilaya,"[""stop""]",,stop_position
osm-node-1468889925,Aïn Allah,,عين الله,16,,,36.75071,2.991694,exact,osm_node,osm,"{""osm"":""node/1468889925""}",node,1468889925,"[""etusa""]","[""etusa-731""]",point_in_wilaya,"[""platform""]",bus_stop,platform
osm-node-1468889926,HAÏ EL BINA,,,16,,,36.76024,2.987245,exact,osm_node,osm,"{""osm"":""node/1468889926""}",node,1468889926,"[""etusa""]","[""etusa-731""]",point_in_wilaya,"[""platform""]",bus_stop,platform
osm-node-1468889927,Bois des Cars,,,16,,,36.754223,2.981748,exact,osm_node,osm,"{""osm"":""node/1468889927""}",node,1468889927,"[""etusa""]","[""etusa-731""]",point_in_wilaya,"[""platform""]",bus_stop,platform
osm-node-1468889928,Fédération Algérienne du Football,Fédération,الفيديرالية,16,,,36.762276,2.99313,exact,osm_node,osm,"{""osm"":""node/1468889928""}",node,1468889928,"[""etusa""]","[""etusa-731""]",point_in_wilaya,"[""platform""]",bus_stop,platform
osm-node-1468889929,La faculté,,الجامعة,16,,,36.758028,2.981344,exact,osm_node,osm,"{""osm"":""node/1468889929""}",node,1468889929,"[""etusa""]","[""etusa-731""]",point_in_wilaya,"[""platform""]",bus_stop,platform
osm-node-1468889931,RUE AHMED OUAKED,,,16,,,36.765616,2.992958,exact,osm_node,osm,"{""osm"":""node/1468889931""}",node,1468889931,"[""etusa""]","[""etusa-731""]",point_in_wilaya,"[""platform""]",bus_stop,platform
osm-node-1468894839,Station de bus chevalley,,محطة شوفالي الحافلات,16,,,36.769486,3.006971,exact,osm_node,osm,"{""osm"":""node/1468894839""}",node,1468894839,"[""etusa""]","[""etusa-701"",""etusa-731""]",point_in_wilaya,"[""platform"",""platform_entry_only""]",bus_stop,station
osm-node-1469251516,bois des cars,,,16,,,36.753817,2.981777,exact,osm_node,osm,"{""osm"":""node/1469251516""}",node,1469251516,"[""etusa""]","[""etusa-731""]",point_in_wilaya,"[""platform""]",bus_stop,platform
osm-node-1469251524,UNIVERSITE DELY BRAHIM,,الجامعة,16,,,36.758245,2.982055,exact,osm_node,osm,"{""osm"":""node/1469251524""}",node,1469251524,"[""etusa""]","[""etusa-731""]",point_in_wilaya,"[""platform""]",bus_stop,platform
osm-node-1469251527,Aïn Allah,Aïn Allah,عين الله,16,,,36.75203,2.990576,exact,osm_node,osm,"{""osm"":""node/1469251527""}",node,1469251527,"[""etusa""]","[""etusa-731""]",point_in_wilaya,"[""platform""]",bus_stop,platform
osm-node-1474259121,Baba Ali,,,16,,,36.672252,3.049311,exact,osm_node,osm,"{""osm"":""node/1474259121""}",node,1474259121,"[""etusa""]","[""etusa-101""]",point_in_wilaya,"[""platform""]",bus_stop,platform
osm-node-1492357913,LES PINS EL BIAR,,الأبيار,16,,,36.767391,3.03088,exact,osm_node,osm,"{""osm"":""node/1492357913""}",node,1492357913,"[""etusa""]","[""etusa-10"",""etusa-50""]",point_in_wilaya,"[""platform""]",bus_stop,platform
osm-node-1626615591,INFORBA,INFORBA,,16,,,36.735298,3.272838,exact,osm_node,osm,"{""osm"":""node/1626615591""}",node,1626615591,"[""etusa""]","[""etusa-72""]",point_in_wilaya,"[""platform""]",bus_stop,platform
osm-node-1669297522,ITFC,ITFC,,16,,,36.751373,3.013823,exact,osm_node,osm,"{""osm"":""node/1669297522""}",node,1669297522,"[""etusa""]","[""etusa-732""]",point_in_wilaya,"[""platform""]",bus_stop,platform
osm-node-1669627886,Mokrani 1,,,16,,,36.755707,3.008155,exact,osm_node,osm,"{""osm"":""node/1669627886""}",node,1669627886,"[""etusa""]","[""etusa-50""]",point_in_wilaya,"[""platform""]",bus_stop,platform
osm-node-1677008107,Chevalley,,شوفالي,16,,,36.768971,3.009814,exact,osm_node,osm,"{""osm"":""node/1677008107""}",node,1677008107,"[""etusa""]","[""etusa-10""]",point_in_wilaya,"[""platform""]",bus_stop,platform
osm-node-1677008115,Chevalley,,شوفالي,16,,,36.768959,3.010012,exact,osm_node,osm,"{""osm"":""node/1677008115""}",node,1677008115,"[""etusa""]","[""etusa-10""]",point_in_wilaya,"[""platform""]",bus_stop,platform
osm-node-1834136535,محلات تاج السلطان,,,14,,,35.357198,1.33789,exact,osm_node,osm,"{""osm"":""node/1834136535""}",node,1834136535,"[""etus-tiaret""]","[""etus-tiaret-31""]",point_in_wilaya,"[""stop""]",,stop_position
osm-node-1834136552,"محطة الغسيل ""لكادات""",,,14,,,35.358037,1.316094,exact,osm_node,osm,"{""osm"":""node/1834136552""}",node,1834136552,"[""etus-tiaret""]","[""etus-tiaret-26""]",point_in_wilaya,"[""stop""]",,stop_position
osm-node-1834136875,ملتقى الطرق (الامن العاشر),,,14,,,35.378314,1.345064,exact,osm_node,osm,"{""osm"":""node/1834136875""}",node,1834136875,"[""etus-tiaret""]","[""etus-tiaret-28""]",point_in_wilaya,"[""stop""]",,stop_position
osm-node-1855608553,Tour,,,15,,,36.70259,4.05252,exact,osm_node,osm,"{""osm"":""node/1855608553""}",node,1855608553,"[""etusto""]","[""etusto-6""]",point_in_wilaya,"[""stop""]",,stop_position
osm-node-1876263692,El Madania,,,16,,,36.742165,3.06526,exact,osm_node,osm,"{""osm"":""node/1876263692""}",node,1876263692,"[""etusa""]","[""etusa-16""]",point_in_wilaya,"[""stop_entry_only"",""stop_exit_only""]",,stop_position
osm-node-1896427326,حي الشارة,,,14,,,35.385103,1.316935,exact,osm_node,osm,"{""osm"":""node/1896427326""}",node,1896427326,"[""etus-tiaret""]","[""etus-tiaret-27"",""etus-tiaret-30""]",point_in_wilaya,"[""stop""]",,stop_position
osm-node-1896427495,حي1500 سكن AADL,,,14,,,35.387565,1.328828,exact,osm_node,osm,"{""osm"":""node/1896427495""}",node,1896427495,"[""etus-tiaret""]","[""etus-tiaret-30""]",point_in_wilaya,"[""stop""]",,stop_position
osm-node-1999760512,Route Oued Ain Sefra,,,27,,,35.931646,0.092276,exact,osm_node,osm,"{""osm"":""node/1999760512""}",node,1999760512,"[""etus-mostaganem""]","[""etus-mostaganem-1""]",point_in_wilaya,"[""stop""]",bus_stop,stop_position
osm-node-2151419645,محطة,,,14,,,35.352953,1.305762,exact,osm_node,osm,"{""osm"":""node/2151419645""}",node,2151419645,"[""etus-tiaret""]","[""etus-tiaret-30""]",point_in_wilaya,"[""stop""]",,stop_position
osm-node-2178208612,محطة الخدمات (GBS),,,14,,,35.381043,1.340387,exact,osm_node,osm,"{""osm"":""node/2178208612""}",node,2178208612,"[""etus-tiaret""]","[""etus-tiaret-31""]",point_in_wilaya,"[""stop""]",,stop_position
osm-node-2178218226,ملتقى الطرق التيتانيك,,,14,,,35.367786,1.340334,exact,osm_node,osm,"{""osm"":""node/2178218226""}",node,2178218226,"[""etus-tiaret""]","[""etus-tiaret-27""]",point_in_wilaya,"[""stop""]",,stop_position
osm-node-2232554758,La Côte,,,16,,,36.730694,3.048169,exact,osm_node,osm,"{""osm"":""node/2232554758""}",node,2232554758,"[""etusa""]","[""etusa-34""]",point_in_wilaya,"[""platform""]",bus_stop,platform
osm-node-2232554803,Station Bir Morade Rais,,,16,,,36.73983,3.049125,exact,osm_node,osm,"{""osm"":""node/2232554803""}",node,2232554803,"[""etusa""]","[""etusa-14""]",point_in_wilaya,"[""stop_entry_only""]",,stop_position
osm-node-2252620046,El Kettar,El Kettar,,16,,,36.785718,3.047452,exact,osm_node,osm,"{""osm"":""node/2252620046""}",node,2252620046,"[""etusa""]","[""etusa-37"",""etusa-45"",""etusa-46""]",point_in_wilaya,"[""stop""]",,stop_position
osm-node-2252620047,Barreaux rouges,,,16,,,36.781251,3.047133,exact,osm_node,osm,"{""osm"":""node/2252620047""}",node,2252620047,"[""etusa""]","[""etusa-37"",""etusa-46""]",point_in_wilaya,"[""platform"",""stop""]",bus_stop,platform
osm-node-2255925447,GUE DE CONSTANTINE STATION DE BUS,,,16,,,36.697056,3.091468,exact,osm_node,osm,"{""osm"":""node/2255925447""}",node,2255925447,"[""etusa""]","[""etusa-105""]",point_in_wilaya,"[""stop""]",,stop_position
osm-node-2268754433,Staouali,Staouali,,16,,,36.757621,2.890811,exact,osm_node,osm,"{""osm"":""node/2268754433""}",node,2268754433,"[""etusa""]","[""etusa-12"",""etusa-744""]",point_in_wilaya,"[""stop_entry_only"",""stop_exit_only""]",,stop_position
osm-node-2268849635,Raïs Hamidou 2,Raïs Hamidou 2,رايس حميدو 2,16,,,36.81717,3.009605,exact,osm_node,osm,"{""osm"":""node/2268849635""}",node,2268849635,"[""etusa""]","[""etusa-12""]",point_in_wilaya,"[""platform""]",bus_stop,platform
osm-node-2268895854,Vieux Kouba,Vieux Kouba,Vieux Kouba ETUSA,16,,,36.729619,3.075052,exact,osm_node,osm,"{""osm"":""node/2268895854""}",node,2268895854,"[""etusa""]","[""etusa-6""]",point_in_wilaya,"[""platform_entry_only"",""platform_exit_only""]",bus_stop,platform
osm-node-2274503073,Gare routière Bachdjerrah 2 -ETUSA-,,,16,,,36.721433,3.115703,exact,osm_node,osm,"{""osm"":""node/2274503073""}",node,2274503073,"[""etusa""]","[""etusa-105"",""etusa-66"",""etusa-74"",""etusa-82"",""etusa-D105""]",point_in_wilaya,"[""platform"",""platform_entry_only"",""platform_exit_only""]",,station
osm-node-2355935987,Cité 5 juillet,Cité 5 juillet,باب الزوار,16,,,36.721424,3.183201,exact,osm_node,osm,"{""osm"":""node/2355935987""}",node,2355935987,"[""etusa""]","[""etusa-19""]",point_in_wilaya,"[""platform""]",bus_stop,platform
osm-node-2398209884,RESIDECE,,,16,,,36.739453,3.091747,exact,osm_node,osm,"{""osm"":""node/2398209884""}",node,2398209884,"[""etusa""]","[""etusa-66""]",point_in_wilaya,"[""platform""]",bus_stop,platform
osm-node-2398209908,Emiliano Zapata,,,16,,,36.742721,3.086239,exact,osm_node,osm,"{""osm"":""node/2398209908""}",node,2398209908,"[""etusa""]","[""etusa-27"",""etusa-66""]",point_in_wilaya,"[""platform"",""stop""]",bus_stop,platform
osm-node-2398209928,ETUSA El Harrach,,,16,,,36.721573,3.13595,exact,osm_node,osm,"{""osm"":""node/2398209928""}",node,2398209928,"[""etusa""]","[""etusa-643""]",point_in_wilaya,"[""platform"",""platform_entry_only"",""platform_exit_only""]",bus_stop,platform
osm-node-2398223848,CAROUBIER - CENTRE EQUESTRE -,,,16,,,36.73649,3.11707,exact,osm_node,osm,"{""osm"":""node/2398223848""}",node,2398223848,"[""etusa""]","[""etusa-19"",""etusa-72"",""etusa-74"",""etusa-98""]",point_in_wilaya,"[""platform""]",bus_stop,platform
osm-node-2401310896,PLACE AL SMAA,,,16,,,36.743298,3.042145,exact,osm_node,osm,"{""osm"":""node/2401310896""}",node,2401310896,"[""etusa""]","[""etusa-31"",""etusa-88""]",point_in_wilaya,"[""stop_entry_only"",""stop_exit_only""]",,stop_position
osm-node-2441081650,University of Setif Bus Stop,,,19,,,36.213649,5.445054,exact,osm_node,osm,"{""osm"":""node/2441081650""}",node,2441081650,"[""etus-setif""]","[""etus-setif-104""]",point_in_wilaya,"[""stop_entry_only""]",,stop_position
osm-node-2441081766,University of Setif Bus Stop,,,19,,,36.213571,5.445163,exact,osm_node,osm,"{""osm"":""node/2441081766""}",node,2441081766,"[""etus-setif""]","[""etus-setif-104""]",point_in_wilaya,"[""stop_exit_only""]",,stop_position
osm-node-2488750879,Djenan Mabrouk,,,16,,,36.723348,3.125971,exact,osm_node,osm,"{""osm"":""node/2488750879""}",node,2488750879,"[""etusa""]","[""etusa-74""]",point_in_wilaya,"[""platform""]",bus_stop,platform
osm-node-2488750882,Djenan Mabrouk,,,16,,,36.723194,3.125817,exact,osm_node,osm,"{""osm"":""node/2488750882""}",node,2488750882,"[""etusa""]","[""etusa-74""]",point_in_wilaya,"[""platform""]",bus_stop,platform
osm-node-2488787634,Bachdjarah la Poste,,,16,,,36.722053,3.119641,exact,osm_node,osm,"{""osm"":""node/2488787634""}",node,2488787634,"[""etusa""]","[""etusa-74""]",point_in_wilaya,"[""platform""]",bus_stop,platform
osm-node-2523134689,,INFORBA,,16,,,36.735368,3.275331,exact,osm_node,osm,"{""osm"":""node/2523134689""}",node,2523134689,"[""etusa""]","[""etusa-72""]",point_in_wilaya,"[""platform""]",bus_stop,platform
osm-node-2536027667,Bir Mourad Rais - CNAS,,,16,,,36.739561,3.051306,exact,osm_node,osm,"{""osm"":""node/2536027667""}",node,2536027667,"[""etusa""]","[""etusa-14""]",point_in_wilaya,"[""stop""]",,stop_position
osm-node-2618307947,جامعة كارمان,,,14,,,35.37741,1.347019,exact,osm_node,osm,"{""osm"":""node/2618307947""}",node,2618307947,"[""etus-tiaret""]","[""etus-tiaret-28""]",point_in_wilaya,"[""stop""]",,stop_position
osm-node-2657681840,Carnot كارنو,Carnot,كارنو,16,,,36.772913,3.024478,exact,osm_node,osm,"{""osm"":""node/2657681840""}",node,2657681840,"[""etusa""]","[""etusa-45""]",point_in_wilaya,"[""platform"",""stop""]",bus_stop,platform
osm-node-2657682536,Carnot,Carnot,كارنو,16,,,36.772963,3.022135,exact,osm_node,osm,"{""osm"":""node/2657682536""}",node,2657682536,"[""etusa""]","[""etusa-58""]",point_in_wilaya,"[""platform""]",bus_stop,platform
osm-node-2664858540,Les Sources,Les sources,,16,,,36.774437,3.035764,exact,osm_node,osm,"{""osm"":""node/2664858540""}",node,2664858540,"[""etusa""]","[""etusa-45"",""etusa-58""]",point_in_wilaya,"[""platform""]",bus_stop,platform
osm-node-2664872866,فري فالون,Frais Vallon,فري فالون,16,,,36.778398,3.038634,exact,osm_node,osm,"{""osm"":""node/2664872866""}",node,2664872866,"[""etusa""]","[""etusa-45"",""etusa-58""]",point_in_wilaya,"[""platform""]",bus_stop,platform
osm-node-2664872867,Les Pompiers,Les Pompiers,,16,,,36.781597,3.040723,exact,osm_node,osm,"{""osm"":""node/2664872867""}",node,2664872867,"[""etusa""]","[""etusa-45"",""etusa-58""]",point_in_wilaya,"[""platform""]",bus_stop,platform
osm-node-2664872869,Les Pompiers,Les Pompiers,,16,,,36.781423,3.040837,exact,osm_node,osm,"{""osm"":""node/2664872869""}",node,2664872869,"[""etusa""]","[""etusa-45"",""etusa-58""]",point_in_wilaya,"[""stop""]",,stop_position
osm-node-2664878341,Secouto,Secouto,,16,,,36.78544,3.042828,exact,osm_node,osm,"{""osm"":""node/2664878341""}",node,2664878341,"[""etusa""]","[""etusa-45"",""etusa-58""]",point_in_wilaya,"[""stop""]",,stop_position
osm-node-2670166900,Robert,Robert,روبار,16,,,36.775005,3.025577,exact,osm_node,osm,"{""osm"":""node/2670166900""}",node,2670166900,"[""etusa""]","[""etusa-45""]",point_in_wilaya,"[""platform""]",bus_stop,platform
osm-node-2670171781,جسر كارنو,Pont Carnot,جسر كارنو,16,,,36.772195,3.02449,exact,osm_node,osm,"{""osm"":""node/2670171781""}",node,2670171781,"[""etusa""]","[""etusa-45"",""etusa-58""]",point_in_wilaya,"[""platform""]",bus_stop,platform
osm-node-2670235861,Louni Arezki,,لوني أرزقي,16,,,36.789208,3.056984,exact,osm_node,osm,"{""osm"":""node/2670235861""}",node,2670235861,"[""etusa""]","[""etusa-50""]",point_in_wilaya,"[""platform""]",bus_stop,platform
osm-node-2671205625,Quatre saisons,Quatre saisons,,16,,,36.780168,3.016333,exact,osm_node,osm,"{""osm"":""node/2671205625""}",node,2671205625,"[""etusa""]","[""etusa-45""]",point_in_wilaya,"[""platform""]",bus_stop,platform
osm-node-2671205630,Quatre saisons,Quatre Saisons,,16,,,36.78008,3.016311,exact,osm_node,osm,"{""osm"":""node/2671205630""}",node,2671205630,"[""etusa""]","[""etusa-45""]",point_in_wilaya,"[""platform""]",bus_stop,platform
osm-node-2671205650,برانيس بوزريعة,Baranas Bouzareah,برانيس بوزريعة,16,,,36.777221,3.016172,exact,osm_node,osm,"{""osm"":""node/2671205650""}",node,2671205650,"[""etusa""]","[""etusa-45""]",point_in_wilaya,"[""platform""]",bus_stop,platform
osm-node-2671205654,Baranes Triouli,Baranes Triouli,,16,,,36.776726,3.016492,exact,osm_node,osm,"{""osm"":""node/2671205654""}",node,2671205654,"[""etusa""]","[""etusa-45""]",point_in_wilaya,"[""platform""]",bus_stop,platform
osm-node-2671205659,La Bruyère,La Bruyère,,16,,,36.775335,3.021017,exact,osm_node,osm,"{""osm"":""node/2671205659""}",node,2671205659,"[""etusa""]","[""etusa-45""]",point_in_wilaya,"[""platform""]",bus_stop,platform
osm-node-2671205663,La Bruyère,La Bruyère,,16,,,36.775296,3.021243,exact,osm_node,osm,"{""osm"":""node/2671205663""}",node,2671205663,"[""etusa""]","[""etusa-45""]",point_in_wilaya,"[""platform""]",bus_stop,platform
osm-node-2671228617,Petit Bois,Petit Bois,,16,,,36.784109,3.016123,exact,osm_node,osm,"{""osm"":""node/2671228617""}",node,2671228617,"[""etusa""]","[""etusa-45""]",point_in_wilaya,"[""platform""]",bus_stop,platform
osm-node-2671228618,Petit Bois,Petit Bois,,16,,,36.783567,3.015936,exact,osm_node,osm,"{""osm"":""node/2671228618""}",node,2671228618,"[""etusa""]","[""etusa-45""]",point_in_wilaya,"[""platform""]",bus_stop,platform
osm-node-2671245901,Bouzaréah - Départ ETUSA,Bouzaréah - Départ ETUSA,,16,,,36.789981,3.017387,exact,osm_node,osm,"{""osm"":""node/2671245901""}",node,2671245901,"[""etusa""]","[""etusa-45""]",point_in_wilaya,"[""platform"",""platform_entry_only""]",bus_stop,platform
osm-node-2671280381,El Alia,El Alia,,16,,,36.787557,3.016816,exact,osm_node,osm,"{""osm"":""node/2671280381""}",node,2671280381,"[""etusa""]","[""etusa-45""]",point_in_wilaya,"[""platform""]",bus_stop,platform
osm-node-2671280383,El Alia,El Alia,,16,,,36.787468,3.016932,exact,osm_node,osm,"{""osm"":""node/2671280383""}",node,2671280383,"[""etusa""]","[""etusa-45""]",point_in_wilaya,"[""platform""]",bus_stop,platform
osm-node-2677666565,ملتقى الطرق التيتانيك,,,14,,,35.36779,1.340448,exact,osm_node,osm,"{""osm"":""node/2677666565""}",node,2677666565,"[""etus-tiaret""]","[""etus-tiaret-27""]",point_in_wilaya,"[""stop""]",,stop_position
osm-node-2677708120,حي الهاشمي العربي,,,14,,,35.381196,1.31496,exact,osm_node,osm,"{""osm"":""node/2677708120""}",node,2677708120,"[""etus-tiaret""]","[""etus-tiaret-27""]",point_in_wilaya,"[""stop""]",,stop_position
osm-node-2677708181,حي الهاشمي العربي,,,14,,,35.381291,1.314926,exact,osm_node,osm,"{""osm"":""node/2677708181""}",node,2677708181,"[""etus-tiaret""]","[""etus-tiaret-27""]",point_in_wilaya,"[""stop""]",,stop_position
osm-node-2691906122,Gare routière de Ain Allah - Oued El Romane-,Gare routière de Ain Allah - Oued El Romane -,العاشور,16,,,36.747593,2.99438,exact,osm_node,osm,"{""osm"":""node/2691906122""}",node,2691906122,"[""etusa""]","[""etusa-731""]",point_in_wilaya,"[""platform""]",,platform
osm-node-2692608110,Avenue Ahmed Ghermoul,Avenue Ahmed Ghermoul,,16,,,36.761531,3.046747,exact,osm_node,osm,"{""osm"":""node/2692608110""}",node,2692608110,"[""etusa""]","[""etusa-16"",""etusa-88""]",point_in_wilaya,"[""platform""]",bus_stop,platform
osm-node-2709436847,Place des Martyrs ساحة الشهداء,Place des Martyrs,ساحة الشهداء,16,,,36.785688,3.063067,exact,osm_node,osm,"{""osm"":""node/2709436847""}",node,2709436847,"[""etusa""]","[""etusa-101"",""etusa-113"",""etusa-12"",""etusa-46"",""etusa-6"",""etusa-72"",""etusa-90"",""etusa-98""]",point_in_wilaya,"[""platform"",""platform_entry_only""]",bus_stop,platform
osm-node-2712536510,"""la côte""","Arrêt de bus ""la côte""",ديار رحمة,16,,,36.727394,3.044543,exact,osm_node,osm,"{""osm"":""node/2712536510""}",node,2712536510,"[""etusa""]","[""etusa-101""]",point_in_wilaya,"[""platform""]",bus_stop,platform
osm-node-2725110264,El Idrissi,El Idrissi,الادريسي,16,,,36.773507,3.02959,exact,osm_node,osm,"{""osm"":""node/2725110264""}",node,2725110264,"[""etusa""]","[""etusa-45""]",point_in_wilaya,"[""platform""]",bus_stop,platform
osm-node-2752195921,Bir Mourad Raïs,,بئر مراد رايس,16,,,36.740164,3.049588,exact,osm_node,osm,"{""osm"":""node/2752195921""}",node,2752195921,"[""etusa""]","[""etusa-14""]",point_in_wilaya,"[""platform""]",bus_stop,platform
osm-node-2752195923,BIR MOURAD RAIS,,بئر مراد رايس,16,,,36.737239,3.048485,exact,osm_node,osm,"{""osm"":""node/2752195923""}",node,2752195923,"[""etusa""]","[""etusa-34""]",point_in_wilaya,"[""platform""]",bus_stop,platform
osm-node-2752195925,Stade Mohamed Iguer,,بئر مراد رايس الملعب,16,,,36.734843,3.048749,exact,osm_node,osm,"{""osm"":""node/2752195925""}",node,2752195925,"[""etusa""]","[""etusa-34""]",point_in_wilaya,"[""platform""]",bus_stop,platform
osm-node-2752195926,STADE MOHAMED IGUER,,,16,,,36.734842,3.04892,exact,osm_node,osm,"{""osm"":""node/2752195926""}",node,2752195926,"[""etusa""]","[""etusa-34""]",point_in_wilaya,"[""platform""]",bus_stop,platform
osm-node-2754535591,Boulevard Bougara,,,16,,,36.766571,3.035949,exact,osm_node,osm,"{""osm"":""node/2754535591""}",node,2754535591,"[""etusa""]","[""etusa-10""]",point_in_wilaya,"[""platform""]",bus_stop,platform
osm-node-2755765540,École Mohamed Baaziz,École Mohamed Baaziz,,16,,,36.789184,3.015817,exact,osm_node,osm,"{""osm"":""node/2755765540""}",node,2755765540,"[""etusa""]","[""etusa-10""]",point_in_wilaya,"[""platform""]",bus_stop,platform
osm-node-2767339846,Les Sources,,الينابيع,16,,,36.732365,3.054303,exact,osm_node,osm,"{""osm"":""node/2767339846""}",node,2767339846,"[""etusa""]","[""etusa-101""]",point_in_wilaya,"[""platform""]",bus_stop,platform
osm-node-2793290211,Horizons Bleus,Horizons Bleus,,16,,,36.815755,3.001904,exact,osm_node,osm,"{""osm"":""node/2793290211""}",node,2793290211,"[""etusa""]","[""etusa-12""]",point_in_wilaya,"[""platform""]",bus_stop,platform
osm-node-2793290360,Bains Romains,Bains Romains,,16,,,36.813357,2.99103,exact,osm_node,osm,"{""osm"":""node/2793290360""}",node,2793290360,"[""etusa""]","[""etusa-12""]",point_in_wilaya,"[""platform""]",bus_stop,platform
osm-node-2804815538,Oued Kniss,Oued Kniss,وادي كنيس,16,,,36.741274,3.081048,exact,osm_node,osm,"{""osm"":""node/2804815538""}",node,2804815538,"[""etusa""]","[""etusa-14"",""etusa-34""]",point_in_wilaya,"[""platform""]",bus_stop,platform
osm-node-2804815547,El Annasser 1,,,16,,,36.740741,3.084725,exact,osm_node,osm,"{""osm"":""node/2804815547""}",node,2804815547,"[""etusa""]","[""etusa-27""]",point_in_wilaya,"[""platform""]",bus_stop,platform
osm-node-2804815548,Oued Kniss,Oued Kniss,وادي كنيس,16,,,36.741138,3.084386,exact,osm_node,osm,"{""osm"":""node/2804815548""}",node,2804815548,"[""etusa""]","[""etusa-6""]",point_in_wilaya,"[""platform""]",bus_stop,platform
osm-node-2807673972,RESIDECE,,,16,,,36.739699,3.09151,exact,osm_node,osm,"{""osm"":""node/2807673972""}",node,2807673972,"[""etusa""]","[""etusa-66""]",point_in_wilaya,"[""stop""]",,stop_position
osm-node-283464371,Cité du 5 Juillet,Cité du 5 Juillet,حي 5 يوليو,16,,,36.720414,3.201811,exact,osm_node,osm,"{""osm"":""node/283464371""}",node,283464371,"[""etusa""]","[""etusa-98""]",point_in_wilaya,"[""stop"",""stop_entry_only""]",,stop_position
osm-node-283476367,Bab Ezzouar,Bab Ezzouar,,16,,,36.726004,3.184349,exact,osm_node,osm,"{""osm"":""node/283476367""}",node,283476367,"[""etusa""]","[""etusa-72""]",point_in_wilaya,"[""stop""]",,stop_position
osm-node-2839477950,Avenue Ahmed Ghermoul,Avenue Ahmed Ghermoul,,16,,,36.761286,3.046651,exact,osm_node,osm,"{""osm"":""node/2839477950""}",node,2839477950,"[""etusa""]","[""etusa-31"",""etusa-54""]",point_in_wilaya,"[""platform""]",bus_stop,platform
osm-node-284037645,Place Geay,,,16,,,36.770602,3.050029,exact,osm_node,osm,"{""osm"":""node/284037645""}",node,284037645,"[""etusa""]","[""etusa-15""]",point_in_wilaya,"[""stop""]",,stop_position
osm-node-284037835,Lycée Zeineb Oum El Massakine,,,16,,,36.769428,3.050371,exact,osm_node,osm,"{""osm"":""node/284037835""}",node,284037835,"[""etusa""]","[""etusa-15""]",point_in_wilaya,"[""stop""]",,stop_position
osm-node-284139932,,,,16,,,36.788371,3.056445,exact,osm_node,osm,"{""osm"":""node/284139932""}",node,284139932,"[""etusa""]","[""etusa-50""]",point_in_wilaya,"[""stop""]",,
osm-node-2860029703,APC Kouba,APC Kouba,بلدية القبة,16,,,36.734007,3.086697,exact,osm_node,osm,"{""osm"":""node/2860029703""}",node,2860029703,"[""etusa""]","[""etusa-6""]",point_in_wilaya,"[""platform""]",bus_stop,platform
osm-node-2860034767,Calvaire,Calvaire,,16,,,36.737166,3.091534,exact,osm_node,osm,"{""osm"":""node/2860034767""}",node,2860034767,"[""etusa""]","[""etusa-6""]",point_in_wilaya,"[""platform""]",bus_stop,platform
osm-node-2860034768,Calvaire,,,16,,,36.737094,3.091424,exact,osm_node,osm,"{""osm"":""node/2860034768""}",node,2860034768,"[""etusa""]","[""etusa-6""]",point_in_wilaya,"[""platform""]",bus_stop,platform
osm-node-2860034770,Oasis,Oasis,,16,,,36.739108,3.088544,exact,osm_node,osm,"{""osm"":""node/2860034770""}",node,2860034770,"[""etusa""]","[""etusa-6""]",point_in_wilaya,"[""platform""]",bus_stop,platform
osm-node-2860034771,Oasis,Oasis,,16,,,36.739064,3.088214,exact,osm_node,osm,"{""osm"":""node/2860034771""}",node,2860034771,"[""etusa""]","[""etusa-6""]",point_in_wilaya,"[""platform""]",bus_stop,platform
osm-node-2867674894,,,,16,,,36.750913,3.054553,exact,osm_node,osm,"{""osm"":""node/2867674894""}",node,2867674894,"[""etusa""]","[""etusa-16""]",point_in_wilaya,"[""platform""]",bus_stop,platform
osm-node-2867724831,El Mouradia المرادية,El Mouradia,المرادية,16,,,36.747648,3.050815,exact,osm_node,osm,"{""osm"":""node/2867724831""}",node,2867724831,"[""etusa""]","[""etusa-54""]",point_in_wilaya,"[""platform_entry_only"",""platform_exit_only""]",bus_stop,platform
osm-node-287186997,Descartes ديكارت,Descartes,ديكارت,16,,,36.749174,3.050773,exact,osm_node,osm,"{""osm"":""node/287186997""}",node,287186997,"[""etusa""]","[""etusa-16"",""etusa-54""]",point_in_wilaya,"[""platform"",""stop""]",bus_stop,platform
osm-node-287469933,1er Mai,1er Mai,,16,,,36.760088,3.056706,exact,osm_node,osm,"{""osm"":""node/287469933""}",node,287469933,"[""etusa""]","[""etusa-10"",""etusa-14"",""etusa-15"",""etusa-16"",""etusa-27"",""etusa-34"",""etusa-88""]",point_in_wilaya,"[""platform"",""platform_entry_only"",""platform_exit_only""]",bus_stop,platform
osm-node-287482289,El Biar,El Biar,,16,,,36.774062,3.044784,exact,osm_node,osm,"{""osm"":""node/287482289""}",node,287482289,"[""etusa""]","[""etusa-50""]",point_in_wilaya,"[""stop""]",,stop_position
osm-node-287507863,,,,16,,,36.746722,3.064293,exact,osm_node,osm,"{""osm"":""node/287507863""}",node,287507863,"[""etusa""]","[""etusa-16""]",point_in_wilaya,"[""platform""]",bus_stop,platform
osm-node-287518724,Bazita,Bazita,,16,,,36.79012,3.047621,exact,osm_node,osm,"{""osm"":""node/287518724""}",node,287518724,"[""etusa""]","[""etusa-58""]",point_in_wilaya,"[""stop"",""stop_entry_only""]",,stop_position
osm-node-287870239,Bouzareah,Bouzareah,,16,,,36.790191,3.017199,exact,osm_node,osm,"{""osm"":""node/287870239""}",node,287870239,"[""etusa""]","[""etusa-10"",""etusa-21"",""etusa-45""]",point_in_wilaya,"[""platform_entry_only"",""platform_exit_only""]",bus_stop,platform
osm-node-287872590,Carnot,Carnot,,16,,,36.773466,3.0248,exact,osm_node,osm,"{""osm"":""node/287872590""}",node,287872590,"[""etusa""]","[""etusa-45""]",point_in_wilaya,"[""stop""]",,stop_position
osm-node-287874287,Reber,Reber,,16,,,36.774978,3.025594,exact,osm_node,osm,"{""osm"":""node/287874287""}",node,287874287,"[""etusa""]","[""etusa-45""]",point_in_wilaya,"[""stop""]",,stop_position
osm-node-287876082,El Idrissi,El Idrissi,الإدريسي,16,,,36.773532,3.029557,exact,osm_node,osm,"{""osm"":""node/287876082""}",node,287876082,"[""etusa""]","[""etusa-45""]",point_in_wilaya,"[""stop""]",,stop_position
osm-node-287876774,École Mohamed Baaziz,École Mohamed Baaziz,,16,,,36.788629,3.015228,exact,osm_node,osm,"{""osm"":""node/287876774""}",node,287876774,"[""etusa""]","[""etusa-10""]",point_in_wilaya,"[""stop""]",,stop_position
osm-node-288119026,"Plateau, Bologhine.","Plateau, Bologhine",,16,,,36.809416,3.039186,exact,osm_node,osm,"{""osm"":""node/288119026""}",node,288119026,"[""etusa""]","[""etusa-12"",""etusa-99""]",operator_scope,"[""stop""]",,stop_position
osm-node-288636713,Basilique,Basilique,كاتدرائية,16,,,36.800479,3.042748,exact,osm_node,osm,"{""osm"":""node/288636713""}",node,288636713,"[""etusa""]","[""etusa-38""]",point_in_wilaya,"[""platform""]",bus_stop,platform
osm-node-288637570,Seminaire,,,16,,,36.802224,3.036033,exact,osm_node,osm,"{""osm"":""node/288637570""}",node,288637570,"[""etusa""]","[""etusa-38""]",point_in_wilaya,"[""platform""]",bus_stop,platform
osm-node-291956605,,,,15,,,36.707212,4.053926,exact,osm_node,osm,"{""osm"":""node/291956605""}",node,291956605,"[""etusto""]","[""etusto-6""]",point_in_wilaya,"[""stop""]",,stop_position
osm-node-2958893269,Scala,,,16,,,36.774543,3.042283,exact,osm_node,osm,"{""osm"":""node/2958893269""}",node,2958893269,"[""etusa""]","[""etusa-50""]",point_in_wilaya,"[""platform""]",bus_stop,platform
osm-node-2964284740,Place du 11 Décembre,Place 11 décembre,ساحة 11 ديسمبر,16,,,36.752146,3.062467,exact,osm_node,osm,"{""osm"":""node/2964284740""}",node,2964284740,"[""etusa""]","[""etusa-14"",""etusa-27"",""etusa-34"",""etusa-6""]",point_in_wilaya,"[""platform""]",bus_stop,platform
osm-node-2969174890,Frères Hameche,,,16,,,36.768979,3.024665,exact,osm_node,osm,"{""osm"":""node/2969174890""}",node,2969174890,"[""etusa""]","[""etusa-10"",""etusa-50""]",point_in_wilaya,"[""platform""]",bus_stop,platform
osm-node-2989748981,Louni Arezki,Louni Arezki,,16,,,36.789637,3.057673,exact,osm_node,osm,"{""osm"":""node/2989748981""}",node,2989748981,"[""etusa""]","[""etusa-45""]",point_in_wilaya,"[""platform""]",bus_stop,platform
osm-node-3004199997,CITE MAYA,,,16,,,36.731234,3.103925,exact,osm_node,osm,"{""osm"":""node/3004199997""}",node,3004199997,"[""etusa""]","[""etusa-66""]",point_in_wilaya,"[""platform""]",bus_stop,platform
osm-node-3009229269,Les Ateliers,Les Ateliers,الورشات,16,,,36.756503,3.066333,exact,osm_node,osm,"{""osm"":""node/3009229269""}",node,3009229269,"[""etusa""]","[""etusa-113"",""etusa-19"",""etusa-601"",""etusa-72"",""etusa-732"",""etusa-74"",""etusa-98""]",point_in_wilaya,"[""platform""]",bus_stop,platform
osm-node-3009232528,Bel Air - La Glacière,Bel Air - La Glacière,,16,,,36.73351,3.124167,exact,osm_node,osm,"{""osm"":""node/3009232528""}",node,3009232528,"[""etusa""]","[""etusa-19"",""etusa-72"",""etusa-74"",""etusa-98""]",point_in_wilaya,"[""platform""]",bus_stop,platform
osm-node-3009232531,CAROBIER GARE ROUTIERE,,,16,,,36.742633,3.105948,exact,osm_node,osm,"{""osm"":""node/3009232531""}",node,3009232531,"[""etusa""]","[""etusa-113"",""etusa-19"",""etusa-72"",""etusa-74"",""etusa-98""]",point_in_wilaya,"[""platform"",""platform_entry_only""]",bus_stop,platform
osm-node-3010708034,PONT DES FUSILLES,,,16,,,36.746731,3.091581,exact,osm_node,osm,"{""osm"":""node/3010708034""}",node,3010708034,"[""etusa""]","[""etusa-113"",""etusa-19"",""etusa-98""]",point_in_wilaya,"[""platform"",""stop""]",bus_stop,platform
osm-node-3017253554,EL HAMIZ COMMISSARIAT DE POLICE,,,16,,,36.729809,3.229213,exact,osm_node,osm,"{""osm"":""node/3017253554""}",node,3017253554,"[""etusa""]","[""etusa-601"",""etusa-72""]",point_in_wilaya,"[""platform""]",bus_stop,platform
osm-node-3033268912,SNTP,,,16,,,36.728119,3.217721,exact,osm_node,osm,"{""osm"":""node/3033268912""}",node,3033268912,"[""etusa""]","[""etusa-72""]",point_in_wilaya,"[""platform""]",bus_stop,platform
osm-node-3036044495,HOTEL LE BEAU FAYET,,,16,,,36.732406,2.923638,exact,osm_node,osm,"{""osm"":""node/3036044495""}",node,3036044495,"[""etusa""]","[""etusa-3""]",point_in_wilaya,"[""platform""]",bus_stop,platform
osm-node-3037650895,50 Logts,,,19,,,36.185638,5.436841,exact,osm_node,osm,"{""osm"":""node/3037650895""}",node,3037650895,"[""etus-setif""]","[""etus-setif-106B""]",point_in_wilaya,"[""stop""]",,stop_position
osm-node-3037679635,Sonalgaz,,,19,,,36.178857,5.473609,exact,osm_node,osm,"{""osm"":""node/3037679635""}",node,3037679635,"[""etus-setif""]","[""etus-setif-106B""]",point_in_wilaya,"[""stop""]",,stop_position
osm-node-3042180460,CNR,,,16,,,36.758499,3.042544,exact,osm_node,osm,"{""osm"":""node/3042180460""}",node,3042180460,"[""etusa""]","[""etusa-10""]",point_in_wilaya,"[""platform""]",bus_stop,platform
osm-node-3042181554,Jardin Tunis,,حديقة تونس,16,,,36.765135,3.039439,exact,osm_node,osm,"{""osm"":""node/3042181554""}",node,3042181554,"[""etusa""]","[""etusa-10""]",point_in_wilaya,"[""platform""]",bus_stop,platform
osm-node-3050668048,El Merdja,,Merja vers el-hamiz rouiba et Réghaïa,16,,,36.725785,3.200016,exact,osm_node,osm,"{""osm"":""node/3050668048""}",node,3050668048,"[""etusa""]","[""etusa-72""]",point_in_wilaya,"[""platform""]",bus_stop,platform
osm-node-3053777848,Hamma,Hamma,الحامة,16,,,36.748508,3.069102,exact,osm_node,osm,"{""osm"":""node/3053777848""}",node,3053777848,"[""etusa""]","[""etusa-14"",""etusa-27"",""etusa-34"",""etusa-6""]",point_in_wilaya,"[""platform""]",bus_stop,platform
osm-node-3065000064,الحميز,El Hamiz,الحميز,16,,,36.731033,3.240739,exact,osm_node,osm,"{""osm"":""node/3065000064""}",node,3065000064,"[""etusa""]","[""etusa-72""]",point_in_wilaya,"[""platform""]",bus_stop,platform
osm-node-3065003730,EL HAMIZ CITE EN-NASR,,,16,,,36.731823,3.247198,exact,osm_node,osm,"{""osm"":""node/3065003730""}",node,3065003730,"[""etusa""]","[""etusa-72""]",point_in_wilaya,"[""platform""]",bus_stop,platform
osm-node-3068220343,El Annasser,,العناصر,16,,,36.743971,3.088734,exact,osm_node,osm,"{""osm"":""node/3068220343""}",node,3068220343,"[""etusa""]","[""etusa-101"",""etusa-732""]",point_in_wilaya,"[""platform""]",bus_stop,platform
osm-node-3082467957,Robert,Robert,روبار,16,,,36.774892,3.025136,exact,osm_node,osm,"{""osm"":""node/3082467957""}",node,3082467957,"[""etusa""]","[""etusa-45""]",point_in_wilaya,"[""platform""]",bus_stop,platform
osm-node-3082556554,El Idrissi,El-Idrissi,الإدريسي,16,,,36.773551,3.029526,exact,osm_node,osm,"{""osm"":""node/3082556554""}",node,3082556554,"[""etusa""]","[""etusa-45""]",point_in_wilaya,"[""platform""]",bus_stop,platform
osm-node-3082556555,Chevalley,Chevalley,شوفالي,16,,,36.768841,3.00867,exact,osm_node,osm,"{""osm"":""node/3082556555""}",node,3082556555,"[""etusa""]","[""etusa-56"",""etusa-58""]",point_in_wilaya,"[""platform_exit_only""]",bus_stop,platform
osm-node-3082556556,El Kettar,El Kettar,,16,,,36.785881,3.048052,exact,osm_node,osm,"{""osm"":""node/3082556556""}",node,3082556556,"[""etusa""]","[""etusa-45""]",point_in_wilaya,"[""stop""]",,stop_position
osm-node-3082556557,Re maison,Re maison,,16,,,36.78809,3.050963,exact,osm_node,osm,"{""osm"":""node/3082556557""}",node,3082556557,"[""etusa""]","[""etusa-45"",""etusa-46""]",point_in_wilaya,"[""platform""]",bus_stop,platform
osm-node-3082556558,Oukba,Oukba,عقبة,16,,,36.789074,3.056024,exact,osm_node,osm,"{""osm"":""node/3082556558""}",node,3082556558,"[""etusa""]","[""etusa-45"",""etusa-46""]",point_in_wilaya,"[""platform""]",bus_stop,platform
osm-node-3082556559,LYCEE OKBA,Lycée Okba,ثانوية عقبة,16,,,36.78964,3.058716,exact,osm_node,osm,"{""osm"":""node/3082556559""}",node,3082556559,"[""etusa""]","[""etusa-45"",""etusa-46"",""etusa-50""]",point_in_wilaya,"[""platform""]",bus_stop,platform
osm-node-3082556560,Bab El Oued,Bab El Oued,,16,,,36.789877,3.054431,exact,osm_node,osm,"{""osm"":""node/3082556560""}",node,3082556560,"[""etusa""]","[""etusa-45""]",point_in_wilaya,"[""platform""]",bus_stop,platform
osm-node-3082556561,Re maison,Re maison,,16,,,36.789151,3.05116,exact,osm_node,osm,"{""osm"":""node/3082556561""}",node,3082556561,"[""etusa""]","[""etusa-45""]",point_in_wilaya,"[""platform""]",bus_stop,platform
osm-node-3082567100,Bazita,Bazita,,16,,,36.790768,3.048125,exact,osm_node,osm,"{""osm"":""node/3082567100""}",node,3082567100,"[""etusa""]","[""etusa-58""]",point_in_wilaya,"[""stop""]",,stop_position
osm-node-3082572543,Maillot,Maillot,,16,,,36.792999,3.049709,exact,osm_node,osm,"{""osm"":""node/3082572543""}",node,3082572543,"[""etusa""]","[""etusa-38"",""etusa-58""]",point_in_wilaya,"[""platform""]",bus_stop,platform
osm-node-3085944787,Carnot,Carnot,,16,,,36.77347,3.02477,exact,osm_node,osm,"{""osm"":""node/3085944787""}",node,3085944787,"[""etusa""]","[""etusa-45""]",point_in_wilaya,"[""platform""]",bus_stop,platform
osm-node-3093958960,BEAUX ARTS,BEAUX ARTS,معهد الفنون الجميلة,16,,,36.761973,3.045114,exact,osm_node,osm,"{""osm"":""node/3093958960""}",node,3093958960,"[""etusa""]","[""etusa-15"",""etusa-31"",""etusa-54""]",point_in_wilaya,"[""platform""]",bus_stop,platform
osm-node-3093959442,SNTP,,,16,,,36.728294,3.217602,exact,osm_node,osm,"{""osm"":""node/3093959442""}",node,3093959442,"[""etusa""]","[""etusa-601"",""etusa-72""]",point_in_wilaya,"[""platform""]",bus_stop,platform
osm-node-3094362118,جسر كارنو,Pont Carnot,جسر كارنو,16,,,36.772312,3.024538,exact,osm_node,osm,"{""osm"":""node/3094362118""}",node,3094362118,"[""etusa""]","[""etusa-45"",""etusa-58""]",point_in_wilaya,"[""stop""]",,stop_position
osm-node-3095540842,arrêt les Quatre Chemins,,,16,,,36.714021,3.094866,exact,osm_node,osm,"{""osm"":""node/3095540842""}",node,3095540842,"[""etusa""]","[""etusa-105"",""etusa-82"",""etusa-D105""]",point_in_wilaya,"[""platform""]",bus_stop,platform
osm-node-3095545365,Quatre Chemins,,,16,,,36.715207,3.092672,exact,osm_node,osm,"{""osm"":""node/3095545365""}",node,3095545365,"[""etusa""]","[""etusa-82""]",point_in_wilaya,"[""platform""]",bus_stop,platform
osm-node-3095545367,,,,16,,,36.763999,3.01416,exact,osm_node,osm,"{""osm"":""node/3095545367""}",node,3095545367,"[""etusa""]","[""etusa-48"",""etusa-50""]",point_in_wilaya,"[""platform""]",bus_stop,platform
osm-node-3102188280,Jardin d'Essai حديقة التجارب,Jardin d'Essai,حديقة التجارب,16,,,36.750876,3.076337,exact,osm_node,osm,"{""osm"":""node/3102188280""}",node,3102188280,"[""etusa""]","[""etusa-14"",""etusa-27"",""etusa-34"",""etusa-6""]",point_in_wilaya,"[""platform""]",bus_stop,platform
osm-node-3102188618,Les Halles,,القاعات,16,,,36.755109,3.066424,exact,osm_node,osm,"{""osm"":""node/3102188618""}",node,3102188618,"[""etusa""]","[""etusa-14"",""etusa-27"",""etusa-34"",""etusa-6"",""etusa-66""]",point_in_wilaya,"[""platform""]",bus_stop,platform
osm-node-3102188967,PARC TIFARTI,,حديقة تيفاريتي,16,,,36.764374,3.044157,exact,osm_node,osm,"{""osm"":""node/3102188967""}",node,3102188967,"[""etusa""]","[""etusa-15"",""etusa-31"",""etusa-54""]",point_in_wilaya,"[""platform""]",bus_stop,platform
osm-node-3102189266,LES ATELIERS الورشات,LES ATELIERS,الورشات,16,,,36.752147,3.070608,exact,osm_node,osm,"{""osm"":""node/3102189266""}",node,3102189266,"[""etusa""]","[""etusa-14"",""etusa-27"",""etusa-34"",""etusa-6""]",point_in_wilaya,"[""platform""]",bus_stop,platform
osm-node-3103526388,HÔPITAL MILITAIRE,,,16,,,36.723091,3.064714,exact,osm_node,osm,"{""osm"":""node/3103526388""}",node,3103526388,"[""etusa""]","[""etusa-18""]",point_in_wilaya,"[""platform_exit_only""]",bus_stop,platform
osm-node-3103832337,Les Vergers 2,,,16,,,36.727098,3.050045,exact,osm_node,osm,"{""osm"":""node/3103832337""}",node,3103832337,"[""etusa""]","[""etusa-34""]",point_in_wilaya,"[""platform""]",bus_stop,platform
osm-node-3111110259,El Biar,,,16,,,36.768103,3.032583,exact,osm_node,osm,"{""osm"":""node/3111110259""}",node,3111110259,"[""etusa""]","[""etusa-10""]",point_in_wilaya,"[""platform""]",bus_stop,platform
osm-node-3111110407,CNR,,,16,,,36.758586,3.042653,exact,osm_node,osm,"{""osm"":""node/3111110407""}",node,3111110407,"[""etusa""]","[""etusa-10""]",point_in_wilaya,"[""platform""]",bus_stop,platform
osm-node-3122540287,1er Mai,1er Mai,,16,,,36.760649,3.057341,exact,osm_node,osm,"{""osm"":""node/3122540287""}",node,3122540287,"[""etusa""]","[""etusa-6"",""etusa-90"",""etusa-99""]",point_in_wilaya,"[""platform"",""platform_entry_only"",""platform_exit_only""]",bus_stop,platform
osm-node-3122551359,École Mohamed Baaziz,École Mohamed Baaziz,,16,,,36.784608,3.013163,exact,osm_node,osm,"{""osm"":""node/3122551359""}",node,3122551359,"[""etusa""]","[""etusa-10""]",point_in_wilaya,"[""platform""]",bus_stop,platform
osm-node-3122555050,Pascale,,,16,,,36.777037,3.010829,exact,osm_node,osm,"{""osm"":""node/3122555050""}",node,3122555050,"[""etusa""]","[""etusa-10""]",point_in_wilaya,"[""platform""]",bus_stop,platform
osm-node-3122559292,مناخ فرنسا,Air de France,مناخ فرنسا,16,,,36.78017,3.010421,exact,osm_node,osm,"{""osm"":""node/3122559292""}",node,3122559292,"[""etusa""]","[""etusa-10""]",point_in_wilaya,"[""platform""]",bus_stop,platform
osm-node-3123720608,La Vigie,La Vigie,,16,,,36.813122,3.021156,exact,osm_node,osm,"{""osm"":""node/3123720608""}",node,3123720608,"[""etusa""]","[""etusa-12"",""etusa-99""]",point_in_wilaya,"[""platform""]",bus_stop,platform
osm-node-3123720671,الرميلة (باب الوادي),Remilla B.E.O,الرميلة (باب الوادي),16,,,36.79499,3.053405,exact,osm_node,osm,"{""osm"":""node/3123720671""}",node,3123720671,"[""etusa""]","[""etusa-12"",""etusa-38"",""etusa-58""]",point_in_wilaya,"[""platform""]",bus_stop,platform
osm-node-3123720674,بلدية بولوغين,APC Bologhine,بلدية بولوغين,16,,,36.805489,3.043779,exact,osm_node,osm,"{""osm"":""node/3123720674""}",node,3123720674,"[""etusa""]","[""etusa-12""]",operator_scope,"[""platform""]",bus_stop,platform
osm-node-3123720947,La Vigie,La Vigie,,16,,,36.81242,3.02163,exact,osm_node,osm,"{""osm"":""node/3123720947""}",node,3123720947,"[""etusa""]","[""etusa-12""]",point_in_wilaya,"[""platform""]",bus_stop,platform
osm-node-3123721010,Stade de Bologhine,Stade de Bologhine,ملعب بولوغين,16,,,36.801794,3.048341,exact,osm_node,osm,"{""osm"":""node/3123721010""}",node,3123721010,"[""etusa""]","[""etusa-12""]",operator_scope,"[""platform""]",bus_stop,platform
osm-node-3125562005,LA PERINE,,لابيرين,16,,,36.758085,3.05127,exact,osm_node,osm,"{""osm"":""node/3125562005""}",node,3125562005,"[""etusa""]","[""etusa-10"",""etusa-15"",""etusa-16"",""etusa-88""]",point_in_wilaya,"[""platform""]",bus_stop,platform
osm-node-312647188,PARNET,,,16,,,36.732952,3.104701,exact,osm_node,osm,"{""osm"":""node/312647188""}",node,312647188,"[""etusa""]","[""etusa-66""]",point_in_wilaya,"[""stop""]",,stop_position
osm-node-3130910490,Varrefour Souidani Boudjemaa,,,16,,,36.752499,3.04876,exact,osm_node,osm,"{""osm"":""node/3130910490""}",node,3130910490,"[""etusa""]","[""etusa-31"",""etusa-54"",""etusa-88""]",point_in_wilaya,"[""platform""]",bus_stop,platform
osm-node-3135851207,محطة الشؤون الدينية,,,14,,,35.360437,1.338403,exact,osm_node,osm,"{""osm"":""node/3135851207""}",node,3135851207,"[""etus-tiaret""]","[""etus-tiaret-31""]",point_in_wilaya,"[""stop""]",,stop_position
osm-node-3135982938,وكالة البيع FOTONs,,,14,,,35.344083,1.32703,exact,osm_node,osm,"{""osm"":""node/3135982938""}",node,3135982938,"[""etus-tiaret""]","[""etus-tiaret-31""]",point_in_wilaya,"[""stop""]",,stop_position
osm-node-3138282793,Atlas,Atlas,الأطلس,16,,,36.79077,3.059965,exact,osm_node,osm,"{""osm"":""node/3138282793""}",node,3138282793,"[""etusa""]","[""etusa-12"",""etusa-38"",""etusa-58""]",point_in_wilaya,"[""platform""]",bus_stop,platform
osm-node-3138306727,Place Maurice Audin,,ساحة موريس أودان,16,,,36.768734,3.054635,exact,osm_node,osm,"{""osm"":""node/3138306727""}",node,3138306727,"[""etusa""]","[""etusa-31"",""etusa-54""]",point_in_wilaya,"[""platform_entry_only"",""platform_exit_only""]",bus_stop,platform
osm-node-3152308097,Aïn Benian - Gare routière,Aïn Benian - Gare routière,,16,,,36.801834,2.910272,exact,osm_node,osm,"{""osm"":""node/3152308097""}",node,3152308097,"[""etusa""]","[""etusa-707"",""etusa-99""]",point_in_wilaya,"[""platform_exit_only"",""stop""]",,stop_position
osm-node-3156575567,COLONNE VOIROLE,,,16,,,36.753844,3.043345,exact,osm_node,osm,"{""osm"":""node/3156575567""}",node,3156575567,"[""etusa""]","[""etusa-31"",""etusa-88""]",point_in_wilaya,"[""platform""]",bus_stop,platform
osm-node-3156575568,BD ABDRRAHMANE TALEB,,,16,,,36.790883,3.057604,exact,osm_node,osm,"{""osm"":""node/3156575568""}",node,3156575568,"[""etusa""]","[""etusa-90""]",point_in_wilaya,"[""platform""]",bus_stop,platform
osm-node-317902162,Place Maurice Audin,,ساحة موريس أودان,16,,,36.76875,3.054596,exact,osm_node,osm,"{""osm"":""node/317902162""}",node,317902162,"[""etusa""]","[""etusa-31"",""etusa-54""]",point_in_wilaya,"[""stop_entry_only"",""stop_exit_only""]",,stop_position
osm-node-3195853156,Cercle national de l'armée - 2 -,,,16,,,36.770118,2.993534,exact,osm_node,osm,"{""osm"":""node/3195853156""}",node,3195853156,"[""etusa""]","[""etusa-3"",""etusa-701"",""etusa-731""]",point_in_wilaya,"[""platform""]",bus_stop,platform
osm-node-319619368,El Madania,El Madania,,16,,,36.742206,3.065257,exact,osm_node,osm,"{""osm"":""node/319619368""}",node,319619368,"[""etusa""]","[""etusa-16"",""etusa-32""]",point_in_wilaya,"[""platform"",""platform_entry_only"",""platform_exit_only""]",bus_stop,platform
osm-node-3212364187,Gare de l'Agha,Gare de l'Agha,محطة آغا,16,,,36.767921,3.056259,exact,osm_node,osm,"{""osm"":""node/3212364187""}",node,3212364187,"[""etusa""]","[""etusa-6"",""etusa-90"",""etusa-99""]",point_in_wilaya,"[""platform""]",bus_stop,platform
osm-node-3213973328,EL HAMIZ COMMISSARIAT DE POLICE,,,16,,,36.729615,3.229268,exact,osm_node,osm,"{""osm"":""node/3213973328""}",node,3213973328,"[""etusa""]","[""etusa-72""]",point_in_wilaya,"[""platform""]",bus_stop,platform
osm-node-3228177317,CERCLE NATIONAL DE L'ARMEE - 2 -,,,16,,,36.76908,2.984104,exact,osm_node,osm,"{""osm"":""node/3228177317""}",node,3228177317,"[""etusa""]","[""etusa-3"",""etusa-701""]",point_in_wilaya,"[""platform""]",bus_stop,platform
osm-node-3228184540,Rue Ahmed Ouaked,,,16,,,36.765716,2.993064,exact,osm_node,osm,"{""osm"":""node/3228184540""}",node,3228184540,"[""etusa""]","[""etusa-731""]",point_in_wilaya,"[""platform""]",bus_stop,platform
osm-node-3228186997,Dar Diaf,,,16,,,36.772056,2.965073,exact,osm_node,osm,"{""osm"":""node/3228186997""}",node,3228186997,"[""etusa""]","[""etusa-3"",""etusa-701"",""etusa-707""]",point_in_wilaya,"[""platform""]",bus_stop,platform
osm-node-3240830221,EL HAMIZ - CITE EN-NASER -,,,16,,,36.732066,3.246972,exact,osm_node,osm,"{""osm"":""node/3240830221""}",node,3240830221,"[""etusa""]","[""etusa-601"",""etusa-72""]",point_in_wilaya,"[""platform""]",bus_stop,platform
osm-node-3240830222,الحميز,El Hamiz,الحميز,16,,,36.731087,3.239696,exact,osm_node,osm,"{""osm"":""node/3240830222""}",node,3240830222,"[""etusa""]","[""etusa-601"",""etusa-72""]",point_in_wilaya,"[""platform""]",bus_stop,platform
osm-node-326421421,Vieux Kouba,,,16,,,36.729634,3.075048,exact,osm_node,osm,"{""osm"":""node/326421421""}",node,326421421,"[""etusa""]","[""etusa-6""]",point_in_wilaya,"[""stop_entry_only"",""stop_exit_only""]",,stop_position
osm-node-3266800497,Aïn Taya,Aïn Taya,عين طاية,16,,,36.792881,3.292923,exact,osm_node,osm,"{""osm"":""node/3266800497""}",node,3266800497,"[""etusa""]","[""etusa-606""]",point_in_wilaya,"[""platform"",""platform_exit_only""]",bus_stop,platform
osm-node-3300695711,Varrefour Souidani Boudjemaa,,,16,,,36.752555,3.048466,exact,osm_node,osm,"{""osm"":""node/3300695711""}",node,3300695711,"[""etusa""]","[""etusa-16"",""etusa-54""]",point_in_wilaya,"[""platform""]",bus_stop,platform
osm-node-3321711393,DG PROTECTION CIVILE,,,16,,,36.722803,3.198597,exact,osm_node,osm,"{""osm"":""node/3321711393""}",node,3321711393,"[""etusa""]","[""etusa-19"",""etusa-98""]",point_in_wilaya,"[""platform""]",bus_stop,platform
osm-node-3323387475,500 Logs 1 bus stop,,,19,,,36.201711,5.417767,exact,osm_node,osm,"{""osm"":""node/3323387475""}",node,3323387475,"[""etus-setif""]","[""etus-setif-104""]",point_in_wilaya,"[""stop""]",,stop_position
osm-node-3323387493,500 Logs 2 bus stop,,,19,,,36.202064,5.421608,exact,osm_node,osm,"{""osm"":""node/3323387493""}",node,3323387493,"[""etus-setif""]","[""etus-setif-104""]",point_in_wilaya,"[""stop""]",,stop_position
osm-node-333296123,Birkhadem بئر خادم,Birkhadem,بئر خادم,16,,,36.715188,3.049238,exact,osm_node,osm,"{""osm"":""node/333296123""}",node,333296123,"[""etusa""]","[""etusa-34""]",point_in_wilaya,"[""stop_entry_only"",""stop_exit_only""]",,stop_position
osm-node-3370017395,05 juillet,,حي 5 يوليو,16,,,36.720258,3.201621,exact,osm_node,osm,"{""osm"":""node/3370017395""}",node,3370017395,"[""etusa""]","[""etusa-178"",""etusa-98""]",point_in_wilaya,"[""platform"",""platform_exit_only""]",bus_stop,platform
osm-node-3375302518,Secoutto,,,16,,,36.785466,3.04387,exact,osm_node,osm,"{""osm"":""node/3375302518""}",node,3375302518,"[""etusa""]","[""etusa-37"",""etusa-46""]",point_in_wilaya,"[""platform"",""stop""]",bus_stop,platform
osm-node-3398375770,Rochelle,,,16,,,36.760638,3.042542,exact,osm_node,osm,"{""osm"":""node/3398375770""}",node,3398375770,"[""etusa""]","[""etusa-10""]",point_in_wilaya,"[""platform""]",bus_stop,platform
osm-node-3424194717,Cité La Radieuse,,,16,,,36.723957,3.153641,exact,osm_node,osm,"{""osm"":""node/3424194717""}",node,3424194717,"[""etusa""]","[""etusa-19"",""etusa-72"",""etusa-98""]",point_in_wilaya,"[""platform""]",bus_stop,platform
osm-node-3424195063,Cité La Radieuse,,,16,,,36.723996,3.15417,exact,osm_node,osm,"{""osm"":""node/3424195063""}",node,3424195063,"[""etusa""]","[""etusa-19"",""etusa-72"",""etusa-98""]",point_in_wilaya,"[""platform""]",bus_stop,platform
osm-node-3429799436,Hôtel Es-Safir,Hôtel Es-Safir,,16,,,36.777499,3.060293,exact,osm_node,osm,"{""osm"":""node/3429799436""}",node,3429799436,"[""etusa""]","[""etusa-100"",""etusa-6"",""etusa-74"",""etusa-90"",""etusa-99""]",point_in_wilaya,"[""stop""]",crossing,stop_position
osm-node-3452502395,Port Saïd,,بور سعيد,16,,,36.781028,3.061716,exact,osm_node,osm,"{""osm"":""node/3452502395""}",node,3452502395,"[""etusa""]","[""etusa-101"",""etusa-113"",""etusa-6"",""etusa-72"",""etusa-74"",""etusa-90"",""etusa-98""]",point_in_wilaya,"[""platform""]",bus_stop,platform
osm-node-3551013431,Soummam,,,16,,,36.72596,3.190387,exact,osm_node,osm,"{""osm"":""node/3551013431""}",node,3551013431,"[""etusa""]","[""etusa-98""]",point_in_wilaya,"[""platform""]",bus_stop,platform
osm-node-3551013432,Soumam,,,16,,,36.726121,3.190245,exact,osm_node,osm,"{""osm"":""node/3551013432""}",node,3551013432,"[""etusa""]","[""etusa-19"",""etusa-72"",""etusa-98""]",point_in_wilaya,"[""platform""]",bus_stop,platform
osm-node-3636381580,FRERES MADANI,,,16,,,36.738605,3.070639,exact,osm_node,osm,"{""osm"":""node/3636381580""}",node,3636381580,"[""etusa""]","[""etusa-14"",""etusa-34""]",point_in_wilaya,"[""platform""]",bus_stop,platform
osm-node-3636381721,El Anassseur Station multimodale,,,16,,,36.743029,3.08345,exact,osm_node,osm,"{""osm"":""node/3636381721""}",node,3636381721,"[""etusa""]","[""etusa-14"",""etusa-34"",""etusa-6""]",point_in_wilaya,"[""platform""]",bus_stop,platform
osm-node-3668592456,Belvédère,Belvédère,,16,,,36.812638,2.983571,exact,osm_node,osm,"{""osm"":""node/3668592456""}",node,3668592456,"[""etusa""]","[""etusa-12""]",point_in_wilaya,"[""platform""]",bus_stop,platform
osm-node-3668592885,Cimetière d'Aïn Benian,Cimetière d'Aïn Benian,,16,,,36.806624,2.937497,exact,osm_node,osm,"{""osm"":""node/3668592885""}",node,3668592885,"[""etusa""]","[""etusa-12""]",point_in_wilaya,"[""platform""]",bus_stop,platform
osm-node-3668592887,Le phare,Le phare,,16,,,36.81099,2.955003,exact,osm_node,osm,"{""osm"":""node/3668592887""}",node,3668592887,"[""etusa""]","[""etusa-12""]",point_in_wilaya,"[""platform""]",bus_stop,platform
osm-node-3668593322,Copemad,Copemad,,16,,,36.790444,2.903459,exact,osm_node,osm,"{""osm"":""node/3668593322""}",node,3668593322,"[""etusa""]","[""etusa-12""]",point_in_wilaya,"[""platform""]",bus_stop,platform
osm-node-3668593491,Le phare,Le phare,,16,,,36.811028,2.954105,exact,osm_node,osm,"{""osm"":""node/3668593491""}",node,3668593491,"[""etusa""]","[""etusa-12"",""etusa-99""]",point_in_wilaya,"[""platform""]",bus_stop,platform
osm-node-3668594089,Aïn Benian Cimetière,Aïn Benian Cimetière,,16,,,36.806654,2.937117,exact,osm_node,osm,"{""osm"":""node/3668594089""}",node,3668594089,"[""etusa""]","[""etusa-12"",""etusa-99""]",point_in_wilaya,"[""platform""]",bus_stop,platform
osm-node-3668594091,Baïnem,Baïnem,باينام,16,,,36.813268,2.979892,exact,osm_node,osm,"{""osm"":""node/3668594091""}",node,3668594091,"[""etusa""]","[""etusa-12""]",point_in_wilaya,"[""platform""]",bus_stop,platform
osm-node-3668594170,Baïnem Falaise,Baïnem Falaise,,16,,,36.813619,2.97234,exact,osm_node,osm,"{""osm"":""node/3668594170""}",node,3668594170,"[""etusa""]","[""etusa-12""]",point_in_wilaya,"[""platform""]",bus_stop,platform
osm-node-3668594173,Bains Romains,Bains Romains,,16,,,36.813531,2.991083,exact,osm_node,osm,"{""osm"":""node/3668594173""}",node,3668594173,"[""etusa""]","[""etusa-12"",""etusa-99""]",point_in_wilaya,"[""platform""]",bus_stop,platform
osm-node-3670326211,BARO ROUDJ,,,16,,,36.784366,3.044826,exact,osm_node,osm,"{""osm"":""node/3670326211""}",node,3670326211,"[""etusa""]","[""etusa-37""]",point_in_wilaya,"[""stop""]",bus_stop,platform
osm-node-3670326212,Barreaux rouges,,,16,,,36.781582,3.04663,exact,osm_node,osm,"{""osm"":""node/3670326212""}",node,3670326212,"[""etusa""]","[""etusa-37"",""etusa-46""]",point_in_wilaya,"[""platform"",""stop""]",bus_stop,platform
osm-node-3670326216,طارق بن زياد,Tariq ibn Ziyad,طارق بن زياد,16,,,36.778601,3.04617,exact,osm_node,osm,"{""osm"":""node/3670326216""}",node,3670326216,"[""etusa""]","[""etusa-37"",""etusa-46""]",point_in_wilaya,"[""platform"",""platform_exit_only"",""stop""]",bus_stop,platform
osm-node-3670326217,,,,16,,,36.785689,3.046791,exact,osm_node,osm,"{""osm"":""node/3670326217""}",node,3670326217,"[""etusa""]","[""etusa-37"",""etusa-46""]",point_in_wilaya,"[""platform"",""stop""]",bus_stop,platform
osm-node-3670328313,Station Souidania,,,16,,,36.708854,2.910691,exact,osm_node,osm,"{""osm"":""node/3670328313""}",node,3670328313,"[""etusa""]","[""etusa-3""]",point_in_wilaya,"[""platform_entry_only"",""platform_exit_only""]",bus_stop,platform
osm-node-3670342832,,,,16,,,36.774784,3.053866,exact,osm_node,osm,"{""osm"":""node/3670342832""}",node,3670342832,"[""etusa""]","[""etusa-37""]",point_in_wilaya,"[""stop""]",bus_stop,platform
osm-node-3670342833,,,,16,,,36.774949,3.053811,exact,osm_node,osm,"{""osm"":""node/3670342833""}",node,3670342833,"[""etusa""]","[""etusa-37""]",point_in_wilaya,"[""stop""]",bus_stop,platform
osm-node-373567487,Les Vergers 1,,,16,,,36.723274,3.051326,exact,osm_node,osm,"{""osm"":""node/373567487""}",node,373567487,"[""etusa""]","[""etusa-34""]",point_in_wilaya,"[""stop""]",,stop_position
osm-node-3749282014,4 Saison,,,16,,,36.796843,3.002248,exact,osm_node,osm,"{""osm"":""node/3749282014""}",node,3749282014,"[""etusa""]","[""etusa-21""]",point_in_wilaya,"[""platform""]",bus_stop,platform
osm-node-3749282248,la city blanche,,,16,,,36.796888,3.004059,exact,osm_node,osm,"{""osm"":""node/3749282248""}",node,3749282248,"[""etusa""]","[""etusa-21""]",point_in_wilaya,"[""platform""]",bus_stop,platform
osm-node-3749326578,Les Jasmins,,,16,,,36.73995,3.058642,exact,osm_node,osm,"{""osm"":""node/3749326578""}",node,3749326578,"[""etusa""]","[""etusa-14"",""etusa-34""]",point_in_wilaya,"[""platform""]",bus_stop,platform
osm-node-3766186850,قريدي 2,Garidi 2,قريدي 2,16,,,36.733434,3.062613,exact,osm_node,osm,"{""osm"":""node/3766186850""}",node,3766186850,"[""etusa""]","[""etusa-101""]",point_in_wilaya,"[""platform""]",bus_stop,platform
osm-node-3778056946,Drid Hocine,Drid Hocine,,16,,,36.739349,3.085817,exact,osm_node,osm,"{""osm"":""node/3778056946""}",node,3778056946,"[""etusa""]","[""etusa-101"",""etusa-27"",""etusa-732""]",point_in_wilaya,"[""platform""]",bus_stop,platform
osm-node-3780772966,Grande Poste,Grande Poste,,16,,,36.773732,3.059807,exact,osm_node,osm,"{""osm"":""node/3780772966""}",node,3780772966,"[""etusa""]","[""etusa-101"",""etusa-113"",""etusa-6"",""etusa-72"",""etusa-74"",""etusa-90"",""etusa-98""]",point_in_wilaya,"[""platform""]",bus_stop,platform
osm-node-3784295291,El Annasser 1,,,16,,,36.743728,3.079165,exact,osm_node,osm,"{""osm"":""node/3784295291""}",node,3784295291,"[""etusa""]","[""etusa-14"",""etusa-27"",""etusa-34"",""etusa-6""]",point_in_wilaya,"[""platform""]",bus_stop,platform
osm-node-3784295292,Les Vergers 1,,,16,,,36.723268,3.051382,exact,osm_node,osm,"{""osm"":""node/3784295292""}",node,3784295292,"[""etusa""]","[""etusa-34""]",point_in_wilaya,"[""platform""]",bus_stop,platform
osm-node-3784295293,Carrefour Djnane Sfari,,,16,,,36.711097,3.045056,exact,osm_node,osm,"{""osm"":""node/3784295293""}",node,3784295293,"[""etusa""]","[""etusa-34""]",point_in_wilaya,"[""platform""]",bus_stop,platform
osm-node-3784295295,Musset,,,16,,,36.754942,3.060024,exact,osm_node,osm,"{""osm"":""node/3784295295""}",node,3784295295,"[""etusa""]","[""etusa-14"",""etusa-27"",""etusa-34"",""etusa-6""]",point_in_wilaya,"[""platform""]",bus_stop,platform
osm-node-3784295298,Jardin d'Essai,Jardin d'Essais,حديقة التجارب,16,,,36.746122,3.073548,exact,osm_node,osm,"{""osm"":""node/3784295298""}",node,3784295298,"[""etusa""]","[""etusa-14"",""etusa-27"",""etusa-34"",""etusa-6""]",point_in_wilaya,"[""platform""]",bus_stop,platform
osm-node-3784295301,Les Sources,Les sources,الينابيع,16,,,36.738316,3.064214,exact,osm_node,osm,"{""osm"":""node/3784295301""}",node,3784295301,"[""etusa""]","[""etusa-14"",""etusa-34""]",point_in_wilaya,"[""platform""]",bus_stop,platform
osm-node-3784295302,Bir Mourad Rais - CNAS,,,16,,,36.739683,3.052192,exact,osm_node,osm,"{""osm"":""node/3784295302""}",node,3784295302,"[""etusa""]","[""etusa-14"",""etusa-34""]",point_in_wilaya,"[""platform""]",bus_stop,platform
osm-node-3784295303,Sidi M'hamed,Sidi M'hamed,سيدي امحمد,16,,,36.749621,3.066778,exact,osm_node,osm,"{""osm"":""node/3784295303""}",node,3784295303,"[""etusa""]","[""etusa-14"",""etusa-27"",""etusa-6""]",point_in_wilaya,"[""platform""]",bus_stop,platform
osm-node-3784295304,Bir Mourad Rais - CNAS,,,16,,,36.739507,3.051361,exact,osm_node,osm,"{""osm"":""node/3784295304""}",node,3784295304,"[""etusa""]","[""etusa-14""]",point_in_wilaya,"[""platform""]",bus_stop,platform
osm-node-3787794893,Les tours,,,19,,,36.184701,5.442048,exact,osm_node,osm,"{""osm"":""node/3787794893""}",node,3787794893,"[""etus-setif""]","[""etus-setif-106B""]",point_in_wilaya,"[""stop""]",,stop_position
osm-node-3791449212,HARCHA حرشة حسان,HARCHA,حرشة حسان,16,,,36.75767,3.054704,exact,osm_node,osm,"{""osm"":""node/3791449212""}",node,3791449212,"[""etusa""]","[""etusa-15"",""etusa-16"",""etusa-88""]",point_in_wilaya,"[""platform""]",bus_stop,platform
osm-node-3791449217,PALAIS DU PEUPLE,,قصر الشعب,16,,,36.758665,3.044842,exact,osm_node,osm,"{""osm"":""node/3791449217""}",node,3791449217,"[""etusa""]","[""etusa-16"",""etusa-88""]",point_in_wilaya,"[""platform""]",bus_stop,platform
osm-node-3791449218,AEROHABITAT,,,16,,,36.765723,3.045141,exact,osm_node,osm,"{""osm"":""node/3791449218""}",node,3791449218,"[""etusa""]","[""etusa-15"",""etusa-54""]",point_in_wilaya,"[""platform""]",bus_stop,platform
osm-node-3791449221,PARC DE BEYROUTH,,,16,,,36.767389,3.048097,exact,osm_node,osm,"{""osm"":""node/3791449221""}",node,3791449221,"[""etusa""]","[""etusa-15""]",point_in_wilaya,"[""platform""]",bus_stop,platform
osm-node-3791449222,Lycée Zeineb Oum El Massakine,,,16,,,36.769501,3.050538,exact,osm_node,osm,"{""osm"":""node/3791449222""}",node,3791449222,"[""etusa""]","[""etusa-15""]",point_in_wilaya,"[""platform""]",bus_stop,platform
osm-node-3791449225,SONALGAZ,,,16,,,36.773838,3.053016,exact,osm_node,osm,"{""osm"":""node/3791449225""}",node,3791449225,"[""etusa""]","[""etusa-15""]",point_in_wilaya,"[""platform""]",bus_stop,platform
osm-node-3791449228,Krim Belkacem كريم بلقاسم,Krim Belkacem,كريم بلقاسم,16,,,36.772049,3.051556,exact,osm_node,osm,"{""osm"":""node/3791449228""}",node,3791449228,"[""etusa""]","[""etusa-15""]",point_in_wilaya,"[""platform""]",bus_stop,platform
osm-node-3791449232,AEROHABITAT,,,16,,,36.765616,3.045474,exact,osm_node,osm,"{""osm"":""node/3791449232""}",node,3791449232,"[""etusa""]","[""etusa-15""]",point_in_wilaya,"[""platform""]",bus_stop,platform
osm-node-3791449240,Place Geay,,,16,,,36.770628,3.049998,exact,osm_node,osm,"{""osm"":""node/3791449240""}",node,3791449240,"[""etusa""]","[""etusa-15""]",point_in_wilaya,"[""platform""]",bus_stop,platform
osm-node-3791449242,Ghermoul 1,Ghermoul 1,غرمول 1,16,,,36.758787,3.051488,exact,osm_node,osm,"{""osm"":""node/3791449242""}",node,3791449242,"[""etusa""]","[""etusa-15"",""etusa-16"",""etusa-88""]",point_in_wilaya,"[""platform""]",bus_stop,platform
osm-node-3791500957,Hamoud Boualem,,,16,,,36.747976,3.083929,exact,osm_node,osm,"{""osm"":""node/3791500957""}",node,3791500957,"[""etusa""]","[""etusa-14"",""etusa-27"",""etusa-34"",""etusa-6"",""etusa-66""]",point_in_wilaya,"[""platform""]",bus_stop,platform
osm-node-3791500958,Le Moulin,,,16,,,36.765092,3.055919,exact,osm_node,osm,"{""osm"":""node/3791500958""}",node,3791500958,"[""etusa""]","[""etusa-6"",""etusa-90""]",point_in_wilaya,"[""platform""]",bus_stop,platform
osm-node-3791500960,1er Mai,1er Mai,أول ماي,16,,,36.760356,3.056141,exact,osm_node,osm,"{""osm"":""node/3791500960""}",node,3791500960,"[""etusa""]","[""etusa-6""]",point_in_wilaya,"[""platform""]",bus_stop,platform
osm-node-3791500961,Place des Martyrs,Place des Martyrs,,16,,,36.786402,3.063184,exact,osm_node,osm,"{""osm"":""node/3791500961""}",node,3791500961,"[""etusa""]","[""etusa-12"",""etusa-38"",""etusa-45"",""etusa-46"",""etusa-50"",""etusa-58"",""etusa-74""]",point_in_wilaya,"[""platform"",""platform_entry_only"",""platform_exit_only"",""stop_entry_only"",""stop_exit_only""]",bus_stop,platform
osm-node-3791906485,الكتّاني,El Kettani,الكتّاني,16,,,36.791727,3.058246,exact,osm_node,osm,"{""osm"":""node/3791906485""}",node,3791906485,"[""etusa""]","[""etusa-12"",""etusa-38"",""etusa-58"",""etusa-99""]",point_in_wilaya,"[""platform""]",bus_stop,platform
osm-node-3791915188,Escalier Mécanique,Escalier Mécanique,,16,,,36.766161,3.048214,exact,osm_node,osm,"{""osm"":""node/3791915188""}",node,3791915188,"[""etusa""]","[""etusa-31"",""etusa-54""]",point_in_wilaya,"[""platform""]",bus_stop,platform
osm-node-3791964307,FRERES EL SELAMI,,,16,,,36.729469,3.079401,exact,osm_node,osm,"{""osm"":""node/3791964307""}",node,3791964307,"[""etusa""]","[""etusa-18"",""etusa-6""]",point_in_wilaya,"[""platform""]",bus_stop,platform
osm-node-3791964308,La Croix,,,16,,,36.729992,3.08402,exact,osm_node,osm,"{""osm"":""node/3791964308""}",node,3791964308,"[""etusa""]","[""etusa-18"",""etusa-6""]",point_in_wilaya,"[""platform""]",bus_stop,platform
osm-node-3805629281,,,,19,,,36.188462,5.425727,exact,osm_node,osm,"{""osm"":""node/3805629281""}",node,3805629281,"[""etus-setif""]","[""etus-setif-106B""]",point_in_wilaya,"[""stop""]",,stop_position
osm-node-3805698045,Les tours,,,19,,,36.184628,5.443411,exact,osm_node,osm,"{""osm"":""node/3805698045""}",node,3805698045,"[""etus-setif""]","[""etus-setif-101""]",point_in_wilaya,"[""stop_exit_only""]",,stop_position
osm-node-3836214463,Cité jeunes filles,,,16,,,36.759954,3.014243,exact,osm_node,osm,"{""osm"":""node/3836214463""}",node,3836214463,"[""etusa""]","[""etusa-50""]",point_in_wilaya,"[""platform""]",bus_stop,platform
osm-node-3860942614,DERGANA,,درقانة,16,,,36.772252,3.260088,exact,osm_node,osm,"{""osm"":""node/3860942614""}",node,3860942614,"[""etusa""]","[""etusa-601"",""etusa-606""]",point_in_wilaya,"[""platform"",""platform_entry_only"",""platform_exit_only""]",bus_stop,platform
osm-node-3889238953,LES HOTELS,,,16,,,36.715211,3.197999,exact,osm_node,osm,"{""osm"":""node/3889238953""}",node,3889238953,"[""etusa""]","[""etusa-19""]",point_in_wilaya,"[""stop_entry_only"",""stop_exit_only""]",,stop_position
osm-node-3943953990,كارنو,Carnot,كارنو,16,,,36.772961,3.02439,exact,osm_node,osm,"{""osm"":""node/3943953990""}",node,3943953990,"[""etusa""]","[""etusa-45""]",point_in_wilaya,"[""stop""]",,stop_position
osm-node-3943953991,Petit Bois,Petit Bois,,16,,,36.783562,3.016015,exact,osm_node,osm,"{""osm"":""node/3943953991""}",node,3943953991,"[""etusa""]","[""etusa-45""]",point_in_wilaya,"[""stop""]",,stop_position
osm-node-3943953992,Petit Bois,Petit Bois,,16,,,36.784105,3.016061,exact,osm_node,osm,"{""osm"":""node/3943953992""}",node,3943953992,"[""etusa""]","[""etusa-45""]",point_in_wilaya,"[""stop""]",,stop_position
osm-node-3943953993,برانيس بوزريعة,Baranas Bouzareah,برانيس بوزريعة,16,,,36.777206,3.016145,exact,osm_node,osm,"{""osm"":""node/3943953993""}",node,3943953993,"[""etusa""]","[""etusa-45""]",point_in_wilaya,"[""stop""]",,stop_position
osm-node-3944144294,Bab El Ouad,Bab El Ouad,باب الوادي,16,,,36.79235,3.056335,exact,osm_node,osm,"{""osm"":""node/3944144294""}",node,3944144294,"[""etusa""]","[""etusa-12"",""etusa-38"",""etusa-58"",""etusa-98""]",point_in_wilaya,"[""platform""]",bus_stop,platform
osm-node-3977661908,ملتقى الطرق (المقبرة),,,14,,,35.377846,1.331691,exact,osm_node,osm,"{""osm"":""node/3977661908""}",node,3977661908,"[""etus-tiaret""]","[""etus-tiaret-29""]",point_in_wilaya,"[""stop""]",,stop_position
osm-node-4098730708,500 Logs 1 bus stop,,,19,,,36.201615,5.417809,exact,osm_node,osm,"{""osm"":""node/4098730708""}",node,4098730708,"[""etus-setif""]","[""etus-setif-104""]",point_in_wilaya,"[""stop""]",,stop_position
osm-node-416747453,AADL 2,,,19,,,36.177299,5.495723,exact,osm_node,osm,"{""osm"":""node/416747453""}",node,416747453,"[""etus-setif""]","[""etus-setif-106B""]",point_in_wilaya,"[""stop_exit_only""]",,stop_position
osm-node-416751618,AADL 2,,,19,,,36.177414,5.49571,exact,osm_node,osm,"{""osm"":""node/416751618""}",node,416751618,"[""etus-setif""]","[""etus-setif-106B""]",point_in_wilaya,"[""stop_entry_only""]",,stop_position
osm-node-416751648,La Cite,,,19,,,36.180855,5.451973,exact,osm_node,osm,"{""osm"":""node/416751648""}",node,416751648,"[""etus-setif""]","[""etus-setif-106B""]",point_in_wilaya,"[""stop""]",,stop_position
osm-node-4196127594,La Tour : Vers Beni-Douala / Oued Aissi,,,15,,,36.702627,4.052782,exact,osm_node,osm,"{""osm"":""node/4196127594""}",node,4196127594,"[""etusto""]","[""etusto-6""]",point_in_wilaya,"[""platform""]",bus_stop,platform
osm-node-4196211289,La Tour : Vers centre-ville / station Boukhalfa,,,15,,,36.702792,4.052706,exact,osm_node,osm,"{""osm"":""node/4196211289""}",node,4196211289,"[""etusto""]","[""etusto-6""]",point_in_wilaya,"[""platform""]",bus_stop,platform
osm-node-4231869090,Arrêt Djenane El Kares,,,16,,,36.71222,3.085565,exact,osm_node,osm,"{""osm"":""node/4231869090""}",node,4231869090,"[""etusa""]","[""etusa-82""]",point_in_wilaya,"[""platform""]",bus_stop,platform
osm-node-4231869289,Arrêt Djenane El Kares,,,16,,,36.712836,3.086762,exact,osm_node,osm,"{""osm"":""node/4231869289""}",node,4231869289,"[""etusa""]","[""etusa-82""]",point_in_wilaya,"[""platform""]",bus_stop,platform
osm-node-4235229293,Baïnem,Baïnem,,16,,,36.813508,2.97931,exact,osm_node,osm,"{""osm"":""node/4235229293""}",node,4235229293,"[""etusa""]","[""etusa-12"",""etusa-99""]",point_in_wilaya,"[""platform""]",bus_stop,platform
osm-node-4237361609,الرئيس حميدو 1,Raïs Hamidou 2,الرئيس حميدو 1,16,,,36.816867,3.014315,exact,osm_node,osm,"{""osm"":""node/4237361609""}",node,4237361609,"[""etusa""]","[""etusa-12"",""etusa-99""]",point_in_wilaya,"[""platform""]",bus_stop,platform
osm-node-4247339988,Carrefour de l'Entrée d'Aïn Benian,Intersection Entrée Aïn Benian,,16,,,36.80005,2.918429,exact,osm_node,osm,"{""osm"":""node/4247339988""}",node,4247339988,"[""etusa""]","[""etusa-12"",""etusa-707""]",point_in_wilaya,"[""platform""]",bus_stop,platform
osm-node-424859590,Pont du 17 Octobre,,,27,,,35.931362,0.091205,exact,osm_node,osm,"{""osm"":""node/424859590""}",node,424859590,"[""etus-mostaganem""]","[""etus-mostaganem-1""]",point_in_wilaya,"[""stop""]",bus_stop,stop_position
osm-node-4279100592,Hasnaoua,,,15,,,36.70406,4.051167,exact,osm_node,osm,"{""osm"":""node/4279100592""}",node,4279100592,"[""etusto""]","[""etusto-9""]",point_in_wilaya,"[""platform""]",bus_stop,platform
osm-node-4279358001,Grand Rocher,Grand Rocher,,16,,,36.807231,2.944124,exact,osm_node,osm,"{""osm"":""node/4279358001""}",node,4279358001,"[""etusa""]","[""etusa-12""]",point_in_wilaya,"[""platform""]",bus_stop,platform
osm-node-4312147830,la Concorde,,,16,,,36.733356,3.044804,exact,osm_node,osm,"{""osm"":""node/4312147830""}",node,4312147830,"[""etusa""]","[""etusa-732""]",point_in_wilaya,"[""platform""]",bus_stop,platform
osm-node-4314129592,MARCHER AIN NAADJA,,,16,,,36.698134,3.073957,exact,osm_node,osm,"{""osm"":""node/4314129592""}",node,4314129592,"[""etusa""]","[""etusa-82""]",point_in_wilaya,"[""platform""]",bus_stop,platform
osm-node-4334867237,DIAR DJEMAA,,,16,,,36.728488,3.128296,exact,osm_node,osm,"{""osm"":""node/4334867237""}",node,4334867237,"[""etusa""]","[""etusa-74""]",point_in_wilaya,"[""platform""]",bus_stop,platform
osm-node-4374702225,Z'Ghara زغارة,Z'Ghara,زغارة,16,,,36.805835,3.028958,exact,osm_node,osm,"{""osm"":""node/4374702225""}",node,4374702225,"[""etusa""]","[""etusa-38""]",point_in_wilaya,"[""platform_entry_only"",""platform_exit_only""]",bus_stop,station
osm-node-442957876,محطة الخدمات (GBS),,,14,,,35.38095,1.34041,exact,osm_node,osm,"{""osm"":""node/442957876""}",node,442957876,"[""etus-tiaret""]","[""etus-tiaret-31""]",point_in_wilaya,"[""stop""]",,stop_position
osm-node-443157679,,,,19,,,36.191739,5.403452,exact,osm_node,osm,"{""osm"":""node/443157679""}",node,443157679,"[""etus-setif""]","[""etus-setif-101""]",point_in_wilaya,"[""stop""]",,stop_position
osm-node-4448533508,Bab Ezzouar,,,16,,,36.725957,3.184363,exact,osm_node,osm,"{""osm"":""node/4448533508""}",node,4448533508,"[""etusa""]","[""etusa-19"",""etusa-72"",""etusa-98""]",point_in_wilaya,"[""platform""]",bus_stop,platform
osm-node-4473592985,Gaoua 1,,,19,,,36.206603,5.406988,exact,osm_node,osm,"{""osm"":""node/4473592985""}",node,4473592985,"[""etus-setif""]","[""etus-setif-101""]",point_in_wilaya,"[""stop""]",,stop_position
osm-node-4473596689,Gaoua 1,,,19,,,36.206658,5.406986,exact,osm_node,osm,"{""osm"":""node/4473596689""}",node,4473596689,"[""etus-setif""]","[""etus-setif-101""]",point_in_wilaya,"[""stop""]",,stop_position
osm-node-450300770,Copemad,Copemad,,16,,,36.795534,2.904929,exact,osm_node,osm,"{""osm"":""node/450300770""}",node,450300770,"[""etusa""]","[""etusa-12""]",point_in_wilaya,"[""platform""]",bus_stop,platform
osm-node-4516824889,Arret de bus,Arret de bus ONAB,,16,,,36.70938,3.094371,exact,osm_node,osm,"{""osm"":""node/4516824889""}",node,4516824889,"[""etusa""]","[""etusa-105"",""etusa-D105""]",point_in_wilaya,"[""platform""]",bus_stop,platform
osm-node-4527029581,Birtouta,,,16,,,36.64103,3.000862,exact,osm_node,osm,"{""osm"":""node/4527029581""}",node,4527029581,"[""etusa""]","[""etusa-101""]",point_in_wilaya,"[""platform_exit_only""]",bus_stop,platform
osm-node-4532791890,Vers Station multimodale / nouvelle gare routière,Vers Station multimodale / nouvelle gare routière,,15,,,36.700945,4.052515,exact,osm_node,osm,"{""osm"":""node/4532791890""}",node,4532791890,"[""etusto""]","[""etusto-9""]",point_in_wilaya,"[""platform""]",bus_stop,platform
osm-node-4532791891,Casorale : Vers la tour / Beni-Douala / nouvelles gare,Casorale : Vers la tour / Beni-Douala / nouvelles gare,,15,,,36.711143,4.052045,exact,osm_node,osm,"{""osm"":""node/4532791891""}",node,4532791891,"[""etusto""]","[""etusto-9""]",point_in_wilaya,"[""platform""]",bus_stop,platform
osm-node-4532791892,Arrêt la mairie,Arrêt la mairie,,15,,,36.713916,4.04436,exact,osm_node,osm,"{""osm"":""node/4532791892""}",node,4532791892,"[""etusto""]","[""etusto-1"",""etusto-9""]",point_in_wilaya,"[""platform"",""platform_exit_only""]",bus_stop,platform
osm-node-4532823389,Vers centre-ville / Artisanat,Vers centre-ville / Artisanat,,15,,,36.701062,4.052617,exact,osm_node,osm,"{""osm"":""node/4532823389""}",node,4532823389,"[""etusto""]","[""etusto-9""]",point_in_wilaya,"[""platform_entry_only""]",bus_stop,platform
osm-node-4532828089,Stade 1er Novembre Vers centre-ville / station Boukhalfa,Stade 1er Novembre,,15,,,36.707252,4.054053,exact,osm_node,osm,"{""osm"":""node/4532828089""}",node,4532828089,"[""etusto""]","[""etusto-6"",""etusto-9""]",point_in_wilaya,"[""platform""]",bus_stop,platform
osm-node-4534861291,Birkhadem بئر خادم,Birkhadem,بئر خادم,16,,,36.715151,3.049289,exact,osm_node,osm,"{""osm"":""node/4534861291""}",node,4534861291,"[""etusa""]","[""etusa-34""]",point_in_wilaya,"[""platform_entry_only"",""platform_exit_only""]",bus_stop,platform
osm-node-4577894391,RUE KACI AMEUR,,,16,,,36.750607,2.886802,exact,osm_node,osm,"{""osm"":""node/4577894391""}",node,4577894391,"[""etusa""]","[""etusa-701""]",point_in_wilaya,"[""platform""]",bus_stop,platform
osm-node-4581805717,La Glacière,,,16,,,36.731676,3.125363,exact,osm_node,osm,"{""osm"":""node/4581805717""}",node,4581805717,"[""etusa""]","[""etusa-74""]",point_in_wilaya,"[""platform""]",bus_stop,platform
osm-node-4624301291,Durafour,Dérafour,,16,,,36.732857,3.104559,exact,osm_node,osm,"{""osm"":""node/4624301291""}",node,4624301291,"[""etusa""]","[""etusa-66""]",point_in_wilaya,"[""platform""]",bus_stop,platform
osm-node-462695064,معهد التربية,,,14,,,35.367482,1.324516,exact,osm_node,osm,"{""osm"":""node/462695064""}",node,462695064,"[""etus-tiaret""]","[""etus-tiaret-32""]",point_in_wilaya,"[""stop""]",,stop_position
osm-node-4734308833,Frères El Sellami,,,16,,,36.729288,3.079793,exact,osm_node,osm,"{""osm"":""node/4734308833""}",node,4734308833,"[""etusa""]","[""etusa-6""]",point_in_wilaya,"[""platform""]",bus_stop,platform
osm-node-4876709921,LES HOTELS,,,16,,,36.715185,3.198006,exact,osm_node,osm,"{""osm"":""node/4876709921""}",node,4876709921,"[""etusa""]","[""etusa-19""]",point_in_wilaya,"[""platform_entry_only"",""platform_exit_only""]",bus_stop,platform
osm-node-4880009222,LOTISSEMENT MICHEL,,,16,,,36.721122,3.101566,exact,osm_node,osm,"{""osm"":""node/4880009222""}",node,4880009222,"[""etusa""]","[""etusa-66""]",point_in_wilaya,"[""platform""]",,
osm-node-4912435269,المحطة الجديدة للحافلات,,,27,,,35.916748,0.10788,exact,osm_node,osm,"{""osm"":""node/4912435269""}",node,4912435269,"[""etus-mostaganem""]","[""etus-mostaganem-1""]",point_in_wilaya,"[""stop""]",bus_stop,stop_position
osm-node-4937988329,Place Ferhani,Place Ferhani,,16,,,36.793553,3.053652,exact,osm_node,osm,"{""osm"":""node/4937988329""}",node,4937988329,"[""etusa""]","[""etusa-38"",""etusa-58"",""etusa-98"",""etusa-99""]",point_in_wilaya,"[""platform"",""platform_exit_only""]",bus_stop,platform
osm-node-503578286,STATION SERVICES Harraga,,محطات الخدمة الحراقة,16,,,36.767921,3.250044,exact,osm_node,osm,"{""osm"":""node/503578286""}",node,503578286,"[""etusa""]","[""etusa-601""]",point_in_wilaya,"[""platform""]",bus_stop,platform
osm-node-5045336761,Hôtel Dar Diaf,,,16,,,36.771711,2.965575,exact,osm_node,osm,"{""osm"":""node/5045336761""}",node,5045336761,"[""etusa""]","[""etusa-3"",""etusa-701""]",point_in_wilaya,"[""platform"",""stop""]",bus_stop,platform
osm-node-5107702682,عمارات ابن باديس,,,14,,,35.377123,1.320887,exact,osm_node,osm,"{""osm"":""node/5107702682""}",node,5107702682,"[""etus-tiaret""]","[""etus-tiaret-27"",""etus-tiaret-32""]",point_in_wilaya,"[""stop""]",,stop_position
osm-node-5130875391,Aéroport Terminal International,Aéroport Terminal International,المطار المحطة الدولية,16,,,36.698919,3.206833,exact,osm_node,osm,"{""osm"":""node/5130875391""}",node,5130875391,"[""etusa""]","[""etusa-100""]",point_in_wilaya,"[""stop""]",bus_stop,platform
osm-node-5176251303,DOMAINE HADJERI AHMED,,,16,,,36.740106,2.866591,exact,osm_node,osm,"{""osm"":""node/5176251303""}",node,5176251303,"[""etusa""]","[""etusa-701"",""etusa-744""]",point_in_wilaya,"[""platform""]",bus_stop,platform
osm-node-519403164,صيدلية عمارات عدل,,,14,,,35.378548,1.333542,exact,osm_node,osm,"{""osm"":""node/519403164""}",node,519403164,"[""etus-tiaret""]","[""etus-tiaret-26"",""etus-tiaret-29"",""etus-tiaret-31""]",point_in_wilaya,"[""stop""]",,stop_position
osm-node-5206802522,Brise Marine,,,16,,,36.783428,3.249288,exact,osm_node,osm,"{""osm"":""node/5206802522""}",node,5206802522,"[""etusa""]","[""etusa-606"",""etusa-L615""]",point_in_wilaya,"[""platform""]",bus_stop,platform
osm-node-5232903522,École Supérieure d'Hôtellerie et de Restauration d'Alger,École Supérieure d'Hôtellerie et de Restauration d'Alger,,16,,,36.787042,2.902214,exact,osm_node,osm,"{""osm"":""node/5232903522""}",node,5232903522,"[""etusa""]","[""etusa-12""]",point_in_wilaya,"[""platform""]",bus_stop,platform
osm-node-5294612035,TVC ( ISFF),,,16,,,36.733932,3.261508,exact,osm_node,osm,"{""osm"":""node/5294612035""}",node,5294612035,"[""etusa""]","[""etusa-72""]",point_in_wilaya,"[""platform""]",bus_stop,platform
osm-node-5294635527,Diar El Gharb 1,Diar El Gharb 1,,16,,,36.800618,3.258031,exact,osm_node,osm,"{""osm"":""node/5294635527""}",node,5294635527,"[""etusa""]","[""etusa-L615""]",point_in_wilaya,"[""platform""]",bus_stop,platform
osm-node-5339182621,Triolet,Triolet,تريولي,16,,,36.788023,3.044475,exact,osm_node,osm,"{""osm"":""node/5339182621""}",node,5339182621,"[""etusa""]","[""etusa-45"",""etusa-58""]",point_in_wilaya,"[""platform"",""platform_entry_only""]",bus_stop,platform
osm-node-5358485986,Sidi Abderahmane,Sidi Abderahmane,سيدي عبد الرحمن,16,,,36.788295,3.058842,exact,osm_node,osm,"{""osm"":""node/5358485986""}",node,5358485986,"[""etusa""]","[""etusa-50""]",point_in_wilaya,"[""platform""]",bus_stop,platform
osm-node-5358485987,Ben Aknoun Station,,,16,,,36.752715,3.005665,exact,osm_node,osm,"{""osm"":""node/5358485987""}",node,5358485987,"[""etusa""]","[""etusa-48"",""etusa-50""]",point_in_wilaya,"[""platform"",""platform_entry_only"",""platform_exit_only""]",,station
osm-node-5358528291,,,,16,,,36.777958,3.053177,exact,osm_node,osm,"{""osm"":""node/5358528291""}",node,5358528291,"[""etusa""]","[""etusa-37""]",point_in_wilaya,"[""stop""]",bus_stop,platform
osm-node-5363362129,Oukba,,عقبة,16,,,36.789158,3.055984,exact,osm_node,osm,"{""osm"":""node/5363362129""}",node,5363362129,"[""etusa""]","[""etusa-46""]",point_in_wilaya,"[""platform""]",bus_stop,platform
osm-node-5363362130,Re maison,,,16,,,36.788174,3.050925,exact,osm_node,osm,"{""osm"":""node/5363362130""}",node,5363362130,"[""etusa""]","[""etusa-46""]",point_in_wilaya,"[""platform""]",bus_stop,platform
osm-node-5363378536,Secoutto,,,16,,,36.785516,3.043993,exact,osm_node,osm,"{""osm"":""node/5363378536""}",node,5363378536,"[""etusa""]","[""etusa-46""]",point_in_wilaya,"[""platform""]",bus_stop,platform
osm-node-5363534926,Grand Rocher,Grand Rocher,,16,,,36.807434,2.944607,exact,osm_node,osm,"{""osm"":""node/5363534926""}",node,5363534926,"[""etusa""]","[""etusa-12"",""etusa-99""]",point_in_wilaya,"[""platform""]",bus_stop,platform
osm-node-5363640069,LES SOURCES,,,16,,,36.738441,3.064145,exact,osm_node,osm,"{""osm"":""node/5363640069""}",node,5363640069,"[""etusa""]","[""etusa-14"",""etusa-34""]",point_in_wilaya,"[""platform""]",bus_stop,platform
osm-node-5363647869,Station Bir Morade Rais,,محطة بئر مراد رايس,16,,,36.739821,3.049098,exact,osm_node,osm,"{""osm"":""node/5363647869""}",node,5363647869,"[""etusa""]","[""etusa-14""]",point_in_wilaya,"[""platform_entry_only""]",bus_stop,platform
osm-node-5363723126,Les Jasmins,,,16,,,36.739854,3.058536,exact,osm_node,osm,"{""osm"":""node/5363723126""}",node,5363723126,"[""etusa""]","[""etusa-14"",""etusa-34""]",point_in_wilaya,"[""platform"",""stop""]",bus_stop,platform
osm-node-5363723127,Frères Madani,,,16,,,36.738446,3.070668,exact,osm_node,osm,"{""osm"":""node/5363723127""}",node,5363723127,"[""etusa""]","[""etusa-34""]",point_in_wilaya,"[""platform""]",bus_stop,platform
osm-node-5363723128,Oued Kniss,Oued Kniss,وادي كنيس,16,,,36.741139,3.081059,exact,osm_node,osm,"{""osm"":""node/5363723128""}",node,5363723128,"[""etusa""]","[""etusa-14"",""etusa-34""]",point_in_wilaya,"[""platform""]",bus_stop,platform
osm-node-5363953272,Station Sidi Youcef,,محطة سيدي يوسف,16,,,36.78405,2.96412,exact,osm_node,osm,"{""osm"":""node/5363953272""}",node,5363953272,"[""etusa""]","[""etusa-21""]",point_in_wilaya,"[""platform_entry_only"",""platform_exit_only""]",bus_stop,platform
osm-node-5363981440,Ecole Supérieur de Banque,,,16,,,36.796661,2.988855,exact,osm_node,osm,"{""osm"":""node/5363981440""}",node,5363981440,"[""etusa""]","[""etusa-21""]",point_in_wilaya,"[""platform""]",bus_stop,platform
osm-node-5363981441,Ecole Supérieur de Banque,,,16,,,36.79694,2.988925,exact,osm_node,osm,"{""osm"":""node/5363981441""}",node,5363981441,"[""etusa""]","[""etusa-21""]",point_in_wilaya,"[""platform""]",bus_stop,platform
osm-node-5363981442,,,,16,,,36.796708,2.998484,exact,osm_node,osm,"{""osm"":""node/5363981442""}",node,5363981442,"[""etusa""]","[""etusa-21""]",point_in_wilaya,"[""platform""]",bus_stop,platform
osm-node-5363981443,,,,16,,,36.79682,2.998077,exact,osm_node,osm,"{""osm"":""node/5363981443""}",node,5363981443,"[""etusa""]","[""etusa-21""]",point_in_wilaya,"[""platform""]",bus_stop,platform
osm-node-5363981444,Bouskour,,,16,,,36.794977,3.010393,exact,osm_node,osm,"{""osm"":""node/5363981444""}",node,5363981444,"[""etusa""]","[""etusa-21""]",point_in_wilaya,"[""platform""]",bus_stop,platform
osm-node-5363981445,Lamara,,,16,,,36.794754,3.010667,exact,osm_node,osm,"{""osm"":""node/5363981445""}",node,5363981445,"[""etusa""]","[""etusa-21""]",point_in_wilaya,"[""platform""]",bus_stop,platform
osm-node-5363981446,Dayra,,,16,,,36.792185,3.013033,exact,osm_node,osm,"{""osm"":""node/5363981446""}",node,5363981446,"[""etusa""]","[""etusa-21""]",point_in_wilaya,"[""platform""]",bus_stop,platform
osm-node-5363981447,Dayra,,,16,,,36.79203,3.012899,exact,osm_node,osm,"{""osm"":""node/5363981447""}",node,5363981447,"[""etusa""]","[""etusa-21""]",point_in_wilaya,"[""platform""]",bus_stop,platform
osm-node-5363981448,Bouskour,,بوسكور,16,,,36.796977,3.007907,exact,osm_node,osm,"{""osm"":""node/5363981448""}",node,5363981448,"[""etusa""]","[""etusa-21""]",point_in_wilaya,"[""platform""]",bus_stop,platform
osm-node-5364197628,AEROPORT D'ALGER H.B,Aéroport d'Alger,AEROPORT D'ALGER H.B ligne 100,16,,,36.702576,3.208677,exact,osm_node,osm,"{""osm"":""node/5364197628""}",node,5364197628,"[""etusa""]","[""etusa-178""]",point_in_wilaya,"[""platform_exit_only""]",bus_stop,platform
osm-node-5364327701,EL ALIA,,العالية,16,,,36.723756,3.162255,exact,osm_node,osm,"{""osm"":""node/5364327701""}",node,5364327701,"[""etusa""]","[""etusa-19"",""etusa-72"",""etusa-98""]",point_in_wilaya,"[""platform""]",bus_stop,platform
osm-node-5364327703,المحمدية,El Mohammadia,المحمدية,16,,,36.728098,3.142868,exact,osm_node,osm,"{""osm"":""node/5364327703""}",node,5364327703,"[""etusa""]","[""etusa-19"",""etusa-72"",""etusa-98""]",point_in_wilaya,"[""platform""]",bus_stop,platform
osm-node-5364327704,5 MAISONS,,,16,,,36.726838,3.146451,exact,osm_node,osm,"{""osm"":""node/5364327704""}",node,5364327704,"[""etusa""]","[""etusa-19"",""etusa-72"",""etusa-98""]",point_in_wilaya,"[""platform""]",bus_stop,platform
osm-node-5364327705,LA GLACIERE,,,16,,,36.732686,3.12489,exact,osm_node,osm,"{""osm"":""node/5364327705""}",node,5364327705,"[""etusa""]","[""etusa-19"",""etusa-72"",""etusa-98""]",point_in_wilaya,"[""platform""]",bus_stop,platform
osm-node-5364327706,Hussein Dey موقف حسين داي,Hussein Dey,موقف حسين داي,16,,,36.743519,3.103192,exact,osm_node,osm,"{""osm"":""node/5364327706""}",node,5364327706,"[""etusa""]","[""etusa-19"",""etusa-72"",""etusa-74"",""etusa-98""]",point_in_wilaya,"[""platform""]",bus_stop,platform
osm-node-5365406899,Cimetière d'Aïn Benian,Cimetière d'Aïn Benian,,16,,,36.806598,2.937146,exact,osm_node,osm,"{""osm"":""node/5365406899""}",node,5365406899,"[""etusa""]","[""etusa-12"",""etusa-99""]",point_in_wilaya,"[""stop""]",,stop_position
osm-node-5365648460,Place des Martyrs ساحة الشهداء,Place des Martyrs,ساحة الشهداء,16,,,36.78641,3.063254,exact,osm_node,osm,"{""osm"":""node/5365648460""}",node,5365648460,"[""etusa""]","[""etusa-12"",""etusa-38"",""etusa-45"",""etusa-50"",""etusa-58"",""etusa-74""]",point_in_wilaya,"[""platform_exit_only"",""stop_entry_only"",""stop_exit_only""]",,stop_position
osm-node-5366540235,Frères Hameche,,,16,,,36.768916,3.024681,exact,osm_node,osm,"{""osm"":""node/5366540235""}",node,5366540235,"[""etusa""]","[""etusa-10"",""etusa-50""]",point_in_wilaya,"[""stop""]",,stop_position
osm-node-5366540236,Châteauneuf,,,16,,,36.768797,3.021664,exact,osm_node,osm,"{""osm"":""node/5366540236""}",node,5366540236,"[""etusa""]","[""etusa-10"",""etusa-50""]",point_in_wilaya,"[""stop""]",,stop_position
osm-node-5366540237,Saint Raphaël,,,16,,,36.770327,3.037192,exact,osm_node,osm,"{""osm"":""node/5366540237""}",node,5366540237,"[""etusa""]","[""etusa-50""]",point_in_wilaya,"[""stop""]",,stop_position
osm-node-5366540238,Saint Raphaël,,,16,,,36.770125,3.036676,exact,osm_node,osm,"{""osm"":""node/5366540238""}",node,5366540238,"[""etusa""]","[""etusa-50""]",point_in_wilaya,"[""stop""]",,stop_position
osm-node-5366540239,El Aourassi,,,16,,,36.776599,3.048546,exact,osm_node,osm,"{""osm"":""node/5366540239""}",node,5366540239,"[""etusa""]","[""etusa-50""]",point_in_wilaya,"[""stop""]",,stop_position
osm-node-5366540241,Re maison,Re maison,,16,,,36.788145,3.050931,exact,osm_node,osm,"{""osm"":""node/5366540241""}",node,5366540241,"[""etusa""]","[""etusa-45""]",point_in_wilaya,"[""stop""]",,stop_position
osm-node-5366540242,Re maison,Re maison,,16,,,36.789141,3.051198,exact,osm_node,osm,"{""osm"":""node/5366540242""}",node,5366540242,"[""etusa""]","[""etusa-45""]",point_in_wilaya,"[""stop""]",,stop_position
osm-node-5366946370,Cercle National de l'Armée 2,Cercle National de l'Armée 2,,16,,,36.769248,2.986154,exact,osm_node,osm,"{""osm"":""node/5366946370""}",node,5366946370,"[""etusa""]","[""etusa-3"",""etusa-701""]",point_in_wilaya,"[""stop""]",,stop_position
osm-node-5367126111,EL KERMA,,,16,,,36.755194,2.931322,exact,osm_node,osm,"{""osm"":""node/5367126111""}",node,5367126111,"[""etusa""]","[""etusa-3"",""etusa-701""]",point_in_wilaya,"[""stop""]",,stop_position
osm-node-5367697859,CARREFOUR SOUIDANI,,,16,,,36.752633,3.047828,exact,osm_node,osm,"{""osm"":""node/5367697859""}",node,5367697859,"[""etusa""]","[""etusa-31"",""etusa-88""]",point_in_wilaya,"[""platform""]",bus_stop,platform
osm-node-5367765906,COLONNE VOIROLE,,,16,,,36.752464,3.041145,exact,osm_node,osm,"{""osm"":""node/5367765906""}",node,5367765906,"[""etusa""]","[""etusa-31"",""etusa-88""]",point_in_wilaya,"[""platform""]",bus_stop,platform
osm-node-5370078857,Tagara,,,16,,,36.766868,3.035445,exact,osm_node,osm,"{""osm"":""node/5370078857""}",node,5370078857,"[""etusa""]","[""etusa-10""]",point_in_wilaya,"[""platform""]",bus_stop,platform
osm-node-5374461220,Place des Martyrs,Place des Martyrs,ساحة الشهداء,16,,,36.785543,3.063066,exact,osm_node,osm,"{""osm"":""node/5374461220""}",node,5374461220,"[""etusa""]","[""etusa-101"",""etusa-113"",""etusa-6"",""etusa-72"",""etusa-90""]",point_in_wilaya,"[""stop"",""stop_entry_only""]",,stop_position
osm-node-5374462025,Les Pompiers,Les Pompiers,,16,,,36.781584,3.040769,exact,osm_node,osm,"{""osm"":""node/5374462025""}",node,5374462025,"[""etusa""]","[""etusa-45"",""etusa-58""]",point_in_wilaya,"[""stop""]",,stop_position
osm-node-5374462026,Frais Vallon,Frais Vallon,فري فالون,16,,,36.778357,3.038155,exact,osm_node,osm,"{""osm"":""node/5374462026""}",node,5374462026,"[""etusa""]","[""etusa-45"",""etusa-58""]",point_in_wilaya,"[""stop""]",,stop_position
osm-node-5374462027,Frais Vallon,Frais Vallon,فري فالون,16,,,36.778457,3.038581,exact,osm_node,osm,"{""osm"":""node/5374462027""}",node,5374462027,"[""etusa""]","[""etusa-45"",""etusa-58""]",point_in_wilaya,"[""stop""]",,stop_position
osm-node-5374462028,Carnot,Carnot,,16,,,36.772833,3.022125,exact,osm_node,osm,"{""osm"":""node/5374462028""}",node,5374462028,"[""etusa""]","[""etusa-58""]",point_in_wilaya,"[""stop""]",,stop_position
osm-node-5374462029,Chevalley,Chevalley,شوفالي,16,,,36.768792,3.008578,exact,osm_node,osm,"{""osm"":""node/5374462029""}",node,5374462029,"[""etusa""]","[""etusa-58""]",point_in_wilaya,"[""stop_exit_only""]",,stop_position
osm-node-5374462031,Chevalley,Chevalley,شوفالي,16,,,36.76907,3.007161,exact,osm_node,osm,"{""osm"":""node/5374462031""}",node,5374462031,"[""etusa""]","[""etusa-3"",""etusa-58"",""etusa-701"",""etusa-731""]",point_in_wilaya,"[""stop_entry_only"",""stop_exit_only""]",,stop_position
osm-node-5374482314,Remilla B.E.O,Remilla B.E.O,,16,,,36.794995,3.053385,exact,osm_node,osm,"{""osm"":""node/5374482314""}",node,5374482314,"[""etusa""]","[""etusa-12"",""etusa-58""]",point_in_wilaya,"[""stop""]",,stop_position
osm-node-5374497699,Les sources,Les sources,,16,,,36.775005,3.036054,exact,osm_node,osm,"{""osm"":""node/5374497699""}",node,5374497699,"[""etusa""]","[""etusa-45"",""etusa-58""]",point_in_wilaya,"[""stop""]",,stop_position
osm-node-5375889198,Staouali,Staouali,,16,,,36.757567,2.890821,exact,osm_node,osm,"{""osm"":""node/5375889198""}",node,5375889198,"[""etusa""]","[""etusa-12"",""etusa-744""]",point_in_wilaya,"[""platform_entry_only"",""platform_exit_only"",""stop_exit_only""]",bus_stop,platform
osm-node-5375889199,Le phare,Le phare,,16,,,36.811032,2.9541,exact,osm_node,osm,"{""osm"":""node/5375889199""}",node,5375889199,"[""etusa""]","[""etusa-12"",""etusa-99""]",point_in_wilaya,"[""stop""]",,stop_position
osm-node-5375889200,Baïnem,Baïnem,,16,,,36.813517,2.979275,exact,osm_node,osm,"{""osm"":""node/5375889200""}",node,5375889200,"[""etusa""]","[""etusa-12"",""etusa-99""]",point_in_wilaya,"[""stop""]",,stop_position
osm-node-5375889201,Bains Romains,Bains Romains,,16,,,36.813447,2.99115,exact,osm_node,osm,"{""osm"":""node/5375889201""}",node,5375889201,"[""etusa""]","[""etusa-12"",""etusa-99""]",point_in_wilaya,"[""stop""]",,stop_position
osm-node-5375889202,Deux Moulins,Deux Moulins,,16,,,36.811576,3.028917,exact,osm_node,osm,"{""osm"":""node/5375889202""}",node,5375889202,"[""etusa""]","[""etusa-12"",""etusa-99""]",operator_scope,"[""stop""]",,stop_position
osm-node-5375889204,بولوغين,Bologhine,بولوغين,16,,,36.805095,3.044878,exact,osm_node,osm,"{""osm"":""node/5375889204""}",node,5375889204,"[""etusa""]","[""etusa-99""]",operator_scope,"[""stop""]",,stop_position
osm-node-5375889205,Stade de Bologhine,Stade de Bologhine,ملعب بولوغين,16,,,36.801821,3.04843,exact,osm_node,osm,"{""osm"":""node/5375889205""}",node,5375889205,"[""etusa""]","[""etusa-12"",""etusa-99""]",operator_scope,"[""stop""]",,stop_position
osm-node-5375889207,Copemad,Copemad,,16,,,36.790465,2.90336,exact,osm_node,osm,"{""osm"":""node/5375889207""}",node,5375889207,"[""etusa""]","[""etusa-12""]",point_in_wilaya,"[""stop""]",,stop_position
osm-node-5375889208,Copemad,Copemad,,16,,,36.791179,2.903478,exact,osm_node,osm,"{""osm"":""node/5375889208""}",node,5375889208,"[""etusa""]","[""etusa-12""]",point_in_wilaya,"[""stop""]",,stop_position
osm-node-5375889210,Intersection Entrée Aïn Benian,Intersection Entrée Aïn Benian,,16,,,36.800413,2.917095,exact,osm_node,osm,"{""osm"":""node/5375889210""}",node,5375889210,"[""etusa""]","[""etusa-12""]",point_in_wilaya,"[""stop""]",,stop_position
osm-node-5375889213,Grand Rocher,Grand Rocher,,16,,,36.80742,2.9446,exact,osm_node,osm,"{""osm"":""node/5375889213""}",node,5375889213,"[""etusa""]","[""etusa-12"",""etusa-99""]",point_in_wilaya,"[""stop""]",,stop_position
osm-node-5379379953,,,,16,,,36.769276,3.026856,exact,osm_node,osm,"{""osm"":""node/5379379953""}",node,5379379953,"[""etusa""]","[""etusa-10"",""etusa-50""]",point_in_wilaya,"[""stop""]",,stop_position
osm-node-5379379954,Scala,,,16,,,36.774538,3.042324,exact,osm_node,osm,"{""osm"":""node/5379379954""}",node,5379379954,"[""etusa""]","[""etusa-50""]",point_in_wilaya,"[""stop""]",,stop_position
osm-node-5379379956,Larmaf,,,16,,,36.788273,3.05634,exact,osm_node,osm,"{""osm"":""node/5379379956""}",node,5379379956,"[""etusa""]","[""etusa-50""]",point_in_wilaya,"[""platform""]",bus_stop,platform
osm-node-5379379959,Lycée Okba,Lycée Okba,ثانوية عقبة,16,,,36.789654,3.058681,exact,osm_node,osm,"{""osm"":""node/5379379959""}",node,5379379959,"[""etusa""]","[""etusa-45"",""etusa-50""]",point_in_wilaya,"[""stop""]",,stop_position
osm-node-5379379961,Les Tagarins,,,16,,,36.776072,3.046804,exact,osm_node,osm,"{""osm"":""node/5379379961""}",node,5379379961,"[""etusa""]","[""etusa-50""]",point_in_wilaya,"[""stop""]",,stop_position
osm-node-5379379962,Scala,,,16,,,36.774453,3.042307,exact,osm_node,osm,"{""osm"":""node/5379379962""}",node,5379379962,"[""etusa""]","[""etusa-50""]",point_in_wilaya,"[""stop""]",,stop_position
osm-node-5379379964,El Biar Stade,,,16,,,36.764503,3.022863,exact,osm_node,osm,"{""osm"":""node/5379379964""}",node,5379379964,"[""etusa""]","[""etusa-50""]",point_in_wilaya,"[""stop""]",,stop_position
osm-node-5379379965,Cité jeunes filles,,,16,,,36.760216,3.014421,exact,osm_node,osm,"{""osm"":""node/5379379965""}",node,5379379965,"[""etusa""]","[""etusa-50""]",point_in_wilaya,"[""stop""]",,stop_position
osm-node-5380201313,Avenue Ahmed Ghermoul,Avenue Ahmed Ghermoul,,16,,,36.76133,3.046598,exact,osm_node,osm,"{""osm"":""node/5380201313""}",node,5380201313,"[""etusa""]","[""etusa-54""]",point_in_wilaya,"[""stop""]",,stop_position
osm-node-5380201314,Varrefour Souidani Boudjemaa,,,16,,,36.752485,3.04877,exact,osm_node,osm,"{""osm"":""node/5380201314""}",node,5380201314,"[""etusa""]","[""etusa-31"",""etusa-54"",""etusa-88""]",point_in_wilaya,"[""stop""]",,stop_position
osm-node-5380201315,El Mouradia,,,16,,,36.747658,3.050728,exact,osm_node,osm,"{""osm"":""node/5380201315""}",node,5380201315,"[""etusa""]","[""etusa-16"",""etusa-54""]",point_in_wilaya,"[""stop"",""stop_entry_only"",""stop_exit_only""]",,stop_position
osm-node-5380213982,Varrefour Souidani Boudjemaa,,,16,,,36.752569,3.04847,exact,osm_node,osm,"{""osm"":""node/5380213982""}",node,5380213982,"[""etusa""]","[""etusa-16"",""etusa-54""]",point_in_wilaya,"[""stop""]",,stop_position
osm-node-5380213983,Hôtel El Djazair فندق الجزائر,Hôtel El Djazair,فندق الجزائر,16,,,36.754532,3.04743,exact,osm_node,osm,"{""osm"":""node/5380213983""}",node,5380213983,"[""etusa""]","[""etusa-16"",""etusa-54"",""etusa-88""]",point_in_wilaya,"[""stop""]",,stop_position
osm-node-5380213984,BEAUX ARTS,,,16,,,36.761995,3.045129,exact,osm_node,osm,"{""osm"":""node/5380213984""}",node,5380213984,"[""etusa""]","[""etusa-15"",""etusa-31"",""etusa-54""]",point_in_wilaya,"[""stop""]",,stop_position
osm-node-5380213985,PARC TIFARTI,,حديقة تيفاريتي,16,,,36.764375,3.044238,exact,osm_node,osm,"{""osm"":""node/5380213985""}",node,5380213985,"[""etusa""]","[""etusa-15"",""etusa-31"",""etusa-54""]",point_in_wilaya,"[""stop""]",,stop_position
osm-node-5380213986,Aérohabitat,,,16,,,36.765701,3.045167,exact,osm_node,osm,"{""osm"":""node/5380213986""}",node,5380213986,"[""etusa""]","[""etusa-54""]",point_in_wilaya,"[""stop""]",,stop_position
osm-node-5380213987,Escalier Mécanique,,,16,,,36.766083,3.048238,exact,osm_node,osm,"{""osm"":""node/5380213987""}",node,5380213987,"[""etusa""]","[""etusa-31"",""etusa-54""]",point_in_wilaya,"[""stop""]",,stop_position
osm-node-5380774414,قريدي 2,Garidi 2,قريدي 2,16,,,36.733347,3.063519,exact,osm_node,osm,"{""osm"":""node/5380774414""}",node,5380774414,"[""etusa""]","[""etusa-27""]",point_in_wilaya,"[""stop_entry_only"",""stop_exit_only""]",,stop_position
osm-node-5380774415,Drid Hocine,,,16,,,36.739344,3.085904,exact,osm_node,osm,"{""osm"":""node/5380774415""}",node,5380774415,"[""etusa""]","[""etusa-101"",""etusa-27"",""etusa-732""]",point_in_wilaya,"[""stop""]",,stop_position
osm-node-5380774416,El Annasser 1,,,16,,,36.740785,3.084788,exact,osm_node,osm,"{""osm"":""node/5380774416""}",node,5380774416,"[""etusa""]","[""etusa-27""]",point_in_wilaya,"[""stop""]",,stop_position
osm-node-5380774417,El Annasser 1,,,16,,,36.743753,3.079182,exact,osm_node,osm,"{""osm"":""node/5380774417""}",node,5380774417,"[""etusa""]","[""etusa-14"",""etusa-27"",""etusa-34"",""etusa-6""]",point_in_wilaya,"[""stop""]",,stop_position
osm-node-5380774418,Jardin d'Essai,,,16,,,36.746176,3.073583,exact,osm_node,osm,"{""osm"":""node/5380774418""}",node,5380774418,"[""etusa""]","[""etusa-14"",""etusa-27"",""etusa-34"",""etusa-6""]",point_in_wilaya,"[""stop""]",,stop_position
osm-node-5380774419,Hamma,,,16,,,36.748569,3.069155,exact,osm_node,osm,"{""osm"":""node/5380774419""}",node,5380774419,"[""etusa""]","[""etusa-14"",""etusa-27"",""etusa-34"",""etusa-6""]",point_in_wilaya,"[""stop""]",,stop_position
osm-node-5380774420,Sidi M'hamed,,,16,,,36.74966,3.066807,exact,osm_node,osm,"{""osm"":""node/5380774420""}",node,5380774420,"[""etusa""]","[""etusa-14"",""etusa-27"",""etusa-6""]",point_in_wilaya,"[""stop""]",,stop_position
osm-node-5380774821,Place du 11 Décembre,,,16,,,36.75217,3.062524,exact,osm_node,osm,"{""osm"":""node/5380774821""}",node,5380774821,"[""etusa""]","[""etusa-14"",""etusa-27"",""etusa-34"",""etusa-6""]",point_in_wilaya,"[""stop""]",,stop_position
osm-node-5380774822,Musset,,,16,,,36.754901,3.06019,exact,osm_node,osm,"{""osm"":""node/5380774822""}",node,5380774822,"[""etusa""]","[""etusa-14"",""etusa-27"",""etusa-34"",""etusa-6""]",point_in_wilaya,"[""stop""]",,stop_position
osm-node-5380774823,1er Mai,1er Mai,,16,,,36.76,3.056948,approximate,osm_node,osm,"{""osm"":""node/5380774823""}",node,5380774823,"[""etusa""]","[""etusa-14"",""etusa-15"",""etusa-16"",""etusa-27"",""etusa-34"",""etusa-88""]",point_in_wilaya,"[""stop"",""stop_entry_only"",""stop_exit_only""]",,stop_position
osm-node-5380794977,LES ATELIERS الورشات,LES ATELIERS,الورشات,16,,,36.752082,3.070571,exact,osm_node,osm,"{""osm"":""node/5380794977""}",node,5380794977,"[""etusa""]","[""etusa-14"",""etusa-27"",""etusa-34"",""etusa-6""]",point_in_wilaya,"[""stop""]",,stop_position
osm-node-5380794978,Jardin d'Essai حديقة التجارب,Jardin d'Essai,حديقة التجارب,16,,,36.750805,3.076295,exact,osm_node,osm,"{""osm"":""node/5380794978""}",node,5380794978,"[""etusa""]","[""etusa-14"",""etusa-27"",""etusa-34"",""etusa-6""]",point_in_wilaya,"[""stop""]",,stop_position
osm-node-5380794979,Hamoud Boualem,,,16,,,36.747946,3.083912,exact,osm_node,osm,"{""osm"":""node/5380794979""}",node,5380794979,"[""etusa""]","[""etusa-14"",""etusa-27"",""etusa-34"",""etusa-6"",""etusa-66""]",point_in_wilaya,"[""stop""]",,stop_position
osm-node-5383645080,05 juillet,05 juillet,حي 5 يوليو,16,,,36.720307,3.201677,exact,osm_node,osm,"{""osm"":""node/5383645080""}",node,5383645080,"[""etusa""]","[""etusa-178"",""etusa-98""]",point_in_wilaya,"[""stop"",""stop_exit_only""]",,stop_position
osm-node-5383645081,,,,16,,,36.743056,3.10939,exact,osm_node,osm,"{""osm"":""node/5383645081""}",node,5383645081,"[""etusa""]","[""etusa-113"",""etusa-178""]",point_in_wilaya,"[""stop_entry_only"",""stop_exit_only""]",,stop_position
osm-node-5383645082,AEROPORT D'ALGER H.B,,,16,,,36.70263,3.208612,exact,osm_node,osm,"{""osm"":""node/5383645082""}",node,5383645082,"[""etusa""]","[""etusa-178""]",point_in_wilaya,"[""stop_exit_only""]",,stop_position
osm-node-5386836322,قهوة شرڤي,,,16,,,36.776202,3.252157,exact,osm_node,osm,"{""osm"":""node/5386836322""}",node,5386836322,"[""etusa""]","[""etusa-601""]",point_in_wilaya,"[""platform""]",bus_stop,platform
osm-node-5387202968,1er Mai,1er Mai,,16,,,36.75996,3.057365,exact,osm_node,osm,"{""osm"":""node/5387202968""}",node,5387202968,"[""etusa""]","[""etusa-10"",""etusa-19"",""etusa-66""]",point_in_wilaya,"[""stop"",""stop_entry_only"",""stop_exit_only""]",,stop_position
osm-node-5387202969,1er Mai,1er Mai,,16,,,36.759909,3.057354,exact,osm_node,osm,"{""osm"":""node/5387202969""}",node,5387202969,"[""etusa""]","[""etusa-10"",""etusa-19"",""etusa-66""]",point_in_wilaya,"[""platform"",""platform_exit_only""]",bus_stop,platform
osm-node-5387202970,BOUROUBA (CIMETIERE),,,16,,,36.71553,3.108948,exact,osm_node,osm,"{""osm"":""node/5387202970""}",node,5387202970,"[""etusa""]","[""etusa-105"",""etusa-66"",""etusa-82"",""etusa-D105""]",point_in_wilaya,"[""stop""]",,stop_position
osm-node-5387202971,BOUROUBA (CIMETIERE),,,16,,,36.715586,3.108915,exact,osm_node,osm,"{""osm"":""node/5387202971""}",node,5387202971,"[""etusa""]","[""etusa-105"",""etusa-66"",""etusa-82"",""etusa-D105""]",point_in_wilaya,"[""platform""]",bus_stop,platform
osm-node-5387202973,Gare routière Bachdjerrah 2 -ETUSA-,,,16,,,36.72141,3.115712,exact,osm_node,osm,"{""osm"":""node/5387202973""}",node,5387202973,"[""etusa""]","[""etusa-105"",""etusa-66"",""etusa-74"",""etusa-82"",""etusa-D105""]",point_in_wilaya,"[""stop"",""stop_entry_only"",""stop_exit_only""]",,stop_position
osm-node-5387202985,Station Aissat Idir,,محطة عيسات إدير,16,,,36.756984,3.061562,exact,osm_node,osm,"{""osm"":""node/5387202985""}",node,5387202985,"[""etusa""]","[""etusa-19"",""etusa-66""]",point_in_wilaya,"[""stop_entry_only"",""stop_exit_only""]",,stop_position
osm-node-5387202986,Station Aissat Idir,,محطة عيسات إدير,16,,,36.757016,3.061602,exact,osm_node,osm,"{""osm"":""node/5387202986""}",node,5387202986,"[""etusa""]","[""etusa-19"",""etusa-66""]",point_in_wilaya,"[""platform_entry_only"",""platform_exit_only""]",bus_stop,platform
osm-node-5387202987,RESIDECE,,,16,,,36.739472,3.091765,exact,osm_node,osm,"{""osm"":""node/5387202987""}",node,5387202987,"[""etusa""]","[""etusa-66""]",point_in_wilaya,"[""stop""]",,stop_position
osm-node-5387202988,RESIDENCE,,,16,,,36.739708,3.091632,exact,osm_node,osm,"{""osm"":""node/5387202988""}",node,5387202988,"[""etusa""]","[""etusa-66""]",point_in_wilaya,"[""platform""]",bus_stop,platform
osm-node-5387202989,Cité Amirouche,,,16,,,36.738099,3.094154,exact,osm_node,osm,"{""osm"":""node/5387202989""}",node,5387202989,"[""etusa""]","[""etusa-66""]",point_in_wilaya,"[""stop""]",,stop_position
osm-node-5387202990,Cité Amirouche,,,16,,,36.738042,3.094515,exact,osm_node,osm,"{""osm"":""node/5387202990""}",node,5387202990,"[""etusa""]","[""etusa-66""]",point_in_wilaya,"[""stop""]",,stop_position
osm-node-5387204311,Cité Mer et Soleil,Cité Mer et Soleil,حي البحر والشمس,16,,,36.73362,3.101046,exact,osm_node,osm,"{""osm"":""node/5387204311""}",node,5387204311,"[""etusa""]","[""etusa-66""]",point_in_wilaya,"[""stop""]",,stop_position
osm-node-5387204312,Cité Mer et Soleil,Cité Mer et Soleil,حي البحر والشمس,16,,,36.733665,3.101067,exact,osm_node,osm,"{""osm"":""node/5387204312""}",node,5387204312,"[""etusa""]","[""etusa-66""]",point_in_wilaya,"[""platform""]",bus_stop,platform
osm-node-5387204313,Durafour,,,16,,,36.732838,3.10467,exact,osm_node,osm,"{""osm"":""node/5387204313""}",node,5387204313,"[""etusa""]","[""etusa-66""]",point_in_wilaya,"[""stop""]",,stop_position
osm-node-5387204314,PARNET,,,16,,,36.733,3.104786,approximate,osm_node,osm,"{""osm"":""node/5387204314""}",node,5387204314,"[""etusa""]","[""etusa-66""]",point_in_wilaya,"[""platform""]",bus_stop,platform
osm-node-5387204315,CITE MAYA,,,16,,,36.730146,3.103059,exact,osm_node,osm,"{""osm"":""node/5387204315""}",node,5387204315,"[""etusa""]","[""etusa-66""]",point_in_wilaya,"[""stop""]",,stop_position
osm-node-5387204316,CITE MAYA,,,16,,,36.731271,3.103841,exact,osm_node,osm,"{""osm"":""node/5387204316""}",node,5387204316,"[""etusa""]","[""etusa-66""]",point_in_wilaya,"[""stop""]",,stop_position
osm-node-5387204317,STATION HAI EL BADR,,,16,,,36.72464,3.101326,exact,osm_node,osm,"{""osm"":""node/5387204317""}",node,5387204317,"[""etusa""]","[""etusa-66""]",point_in_wilaya,"[""stop""]",,stop_position
osm-node-5387204318,STATION HAI EL BADR,,,16,,,36.724634,3.101457,exact,osm_node,osm,"{""osm"":""node/5387204318""}",node,5387204318,"[""etusa""]","[""etusa-18"",""etusa-66""]",point_in_wilaya,"[""platform"",""platform_entry_only""]",bus_stop,platform
osm-node-5387204319,LOTISSEMENT MICHEL,,,16,,,36.721179,3.101572,exact,osm_node,osm,"{""osm"":""node/5387204319""}",node,5387204319,"[""etusa""]","[""etusa-66""]",point_in_wilaya,"[""stop""]",,stop_position
osm-node-5387204320,LOTISSEMENT MICHEL,,,16,,,36.721049,3.101814,exact,osm_node,osm,"{""osm"":""node/5387204320""}",node,5387204320,"[""etusa""]","[""etusa-66""]",point_in_wilaya,"[""stop""]",,stop_position
osm-node-5387204521,LOTISSEMENT MICHEL,,,16,,,36.721164,3.101881,exact,osm_node,osm,"{""osm"":""node/5387204521""}",node,5387204521,"[""etusa""]","[""etusa-66""]",point_in_wilaya,"[""platform""]",bus_stop,platform
osm-node-5387257356,STATION HAI EL BADR,,,16,,,36.715609,3.109104,exact,osm_node,osm,"{""osm"":""node/5387257356""}",node,5387257356,"[""etusa""]","[""etusa-66"",""etusa-82""]",point_in_wilaya,"[""stop""]",,stop_position
osm-node-5387257357,STATION HAI EL BADR,,,16,,,36.715538,3.109166,exact,osm_node,osm,"{""osm"":""node/5387257357""}",node,5387257357,"[""etusa""]","[""etusa-66"",""etusa-82""]",point_in_wilaya,"[""platform""]",bus_stop,platform
osm-node-5387257358,STATION HAI EL BADR,,,16,,,36.72481,3.101308,exact,osm_node,osm,"{""osm"":""node/5387257358""}",node,5387257358,"[""etusa""]","[""etusa-66""]",point_in_wilaya,"[""stop""]",,stop_position
osm-node-5387257359,STATION HAI EL BADR,,,16,,,36.724864,3.101232,exact,osm_node,osm,"{""osm"":""node/5387257359""}",node,5387257359,"[""etusa""]","[""etusa-66""]",point_in_wilaya,"[""platform""]",bus_stop,platform
osm-node-5387257360,Cite Mer Soleil,,,16,,,36.733603,3.100895,exact,osm_node,osm,"{""osm"":""node/5387257360""}",node,5387257360,"[""etusa""]","[""etusa-66""]",point_in_wilaya,"[""stop""]",,stop_position
osm-node-5387257361,Cite Mer Soleil,,,16,,,36.733576,3.100883,exact,osm_node,osm,"{""osm"":""node/5387257361""}",node,5387257361,"[""etusa""]","[""etusa-66""]",point_in_wilaya,"[""platform""]",bus_stop,platform
osm-node-5387257362,LA REGITE,,,16,,,36.747635,3.080897,exact,osm_node,osm,"{""osm"":""node/5387257362""}",node,5387257362,"[""etusa""]","[""etusa-66""]",point_in_wilaya,"[""stop""]",,stop_position
osm-node-5387257363,LA REGITE,,,16,,,36.747595,3.080823,exact,osm_node,osm,"{""osm"":""node/5387257363""}",node,5387257363,"[""etusa""]","[""etusa-66""]",point_in_wilaya,"[""platform""]",bus_stop,platform
osm-node-5387397594,Djenan Mabrouk,,,16,,,36.723322,3.125966,exact,osm_node,osm,"{""osm"":""node/5387397594""}",node,5387397594,"[""etusa""]","[""etusa-74""]",point_in_wilaya,"[""stop""]",,stop_position
osm-node-5387397596,DIAR DJEMAA,,,16,,,36.728487,3.128338,exact,osm_node,osm,"{""osm"":""node/5387397596""}",node,5387397596,"[""etusa""]","[""etusa-74""]",point_in_wilaya,"[""stop""]",,stop_position
osm-node-5387397597,La Glacière,La Glacière,,16,,,36.732709,3.124949,exact,osm_node,osm,"{""osm"":""node/5387397597""}",node,5387397597,"[""etusa""]","[""etusa-19"",""etusa-72""]",point_in_wilaya,"[""stop""]",,stop_position
osm-node-5387397598,Gare routière Bachdjerrah 2 -ETUSA-,Bachdjerrah 2,,16,,,36.736526,3.117123,exact,osm_node,osm,"{""osm"":""node/5387397598""}",node,5387397598,"[""etusa""]","[""etusa-72"",""etusa-74""]",point_in_wilaya,"[""stop""]",,stop_position
osm-node-5387397599,Gare Routière du Caroubier,Gare Routière du Caroubier,,16,,,36.741034,3.108996,exact,osm_node,osm,"{""osm"":""node/5387397599""}",node,5387397599,"[""etusa""]","[""etusa-19"",""etusa-72"",""etusa-74""]",point_in_wilaya,"[""stop""]",,stop_position
osm-node-5387397600,Carroubier Gare Routière,,,16,,,36.740993,3.108975,exact,osm_node,osm,"{""osm"":""node/5387397600""}",node,5387397600,"[""etusa""]","[""etusa-19"",""etusa-72"",""etusa-74"",""etusa-98""]",point_in_wilaya,"[""platform""]",bus_stop,platform
osm-node-5387397601,Hussein Dey,Hussein Dey,,16,,,36.743595,3.103139,exact,osm_node,osm,"{""osm"":""node/5387397601""}",node,5387397601,"[""etusa""]","[""etusa-19"",""etusa-72"",""etusa-74""]",point_in_wilaya,"[""stop""]",,stop_position
osm-node-5387397602,Lafarge,Lafarge,لافارج,16,,,36.756324,3.066126,exact,osm_node,osm,"{""osm"":""node/5387397602""}",node,5387397602,"[""etusa""]","[""etusa-72"",""etusa-74""]",point_in_wilaya,"[""stop""]",,stop_position
osm-node-5387397603,Lafarge لافارج,Lafarge,لافارج,16,,,36.756258,3.066045,exact,osm_node,osm,"{""osm"":""node/5387397603""}",node,5387397603,"[""etusa""]","[""etusa-72"",""etusa-74""]",point_in_wilaya,"[""platform""]",bus_stop,platform
osm-node-5387397604,Station 2 mai,2 mai,محطة 2 مايو,16,,,36.764343,3.057864,exact,osm_node,osm,"{""osm"":""node/5387397604""}",node,5387397604,"[""etusa""]","[""etusa-101"",""etusa-113"",""etusa-72"",""etusa-74""]",point_in_wilaya,"[""stop""]",,stop_position
osm-node-5387397605,Station 1 mai,,محطة 2 مايو,16,,,36.764321,3.057785,exact,osm_node,osm,"{""osm"":""node/5387397605""}",node,5387397605,"[""etusa""]","[""etusa-101"",""etusa-113"",""etusa-72"",""etusa-74"",""etusa-98""]",point_in_wilaya,"[""platform""]",bus_stop,platform
osm-node-5387397607,Hôtel Es-Safir,,,16,,,36.77764,3.060244,exact,osm_node,osm,"{""osm"":""node/5387397607""}",node,5387397607,"[""etusa""]","[""etusa-101"",""etusa-6"",""etusa-72"",""etusa-74"",""etusa-90""]",point_in_wilaya,"[""stop""]",,stop_position
osm-node-5387397608,Hôtel Es-Safir,,فندق السفير,16,,,36.777677,3.060185,exact,osm_node,osm,"{""osm"":""node/5387397608""}",node,5387397608,"[""etusa""]","[""etusa-101"",""etusa-113"",""etusa-6"",""etusa-72"",""etusa-74"",""etusa-90"",""etusa-98""]",point_in_wilaya,"[""platform""]",bus_stop,platform
osm-node-5387397610,Port Saïd,Port Saïd,بور سعيد,16,,,36.780978,3.061847,exact,osm_node,osm,"{""osm"":""node/5387397610""}",node,5387397610,"[""etusa""]","[""etusa-101"",""etusa-6"",""etusa-72"",""etusa-74"",""etusa-90""]",point_in_wilaya,"[""stop""]",,stop_position
osm-node-5387463205,Port Saïd,Port Saïd,بور سعيد,16,,,36.780892,3.061808,exact,osm_node,osm,"{""osm"":""node/5387463205""}",node,5387463205,"[""etusa""]","[""etusa-6"",""etusa-74"",""etusa-90"",""etusa-99""]",point_in_wilaya,"[""stop""]",,stop_position
osm-node-5387463206,Port Saïd,Port Saïd,,16,,,36.780905,3.061868,exact,osm_node,osm,"{""osm"":""node/5387463206""}",node,5387463206,"[""etusa""]","[""etusa-113"",""etusa-6"",""etusa-72"",""etusa-74"",""etusa-90"",""etusa-98"",""etusa-99""]",point_in_wilaya,"[""platform""]",bus_stop,platform
osm-node-5387463207,Hôtel Es-Safir,Hôtel Es-Safir,,16,,,36.777676,3.0604,exact,osm_node,osm,"{""osm"":""node/5387463207""}",node,5387463207,"[""etusa""]","[""etusa-113"",""etusa-6"",""etusa-72"",""etusa-74"",""etusa-90"",""etusa-98"",""etusa-99""]",point_in_wilaya,"[""platform""]",bus_stop,platform
osm-node-5387463209,Grande Poste,Grande Poste,,16,,,36.772712,3.060789,exact,osm_node,osm,"{""osm"":""node/5387463209""}",node,5387463209,"[""etusa""]","[""etusa-113"",""etusa-6"",""etusa-72"",""etusa-74"",""etusa-90"",""etusa-98"",""etusa-99""]",point_in_wilaya,"[""platform""]",bus_stop,platform
osm-node-5387463210,STATION 2 MAI,,محطة 2 مايو,16,,,36.764223,3.058712,exact,osm_node,osm,"{""osm"":""node/5387463210""}",node,5387463210,"[""etusa""]","[""etusa-19"",""etusa-74""]",point_in_wilaya,"[""stop""]",,stop_position
osm-node-5387463211,STATION 2 MAI,,محطة 2 مايو,16,,,36.764237,3.058803,exact,osm_node,osm,"{""osm"":""node/5387463211""}",node,5387463211,"[""etusa""]","[""etusa-113"",""etusa-19"",""etusa-72"",""etusa-74"",""etusa-98""]",point_in_wilaya,"[""platform""]",bus_stop,platform
osm-node-5387463212,Les Ateliers الورشات,Les Ateliers,الورشات,16,,,36.756433,3.066277,exact,osm_node,osm,"{""osm"":""node/5387463212""}",node,5387463212,"[""etusa""]","[""etusa-19"",""etusa-601"",""etusa-732"",""etusa-74""]",point_in_wilaya,"[""stop""]",,stop_position
osm-node-5387463214,Gare Routière du Caroubier,Gare Routière du Caroubier,,16,,,36.742533,3.105875,exact,osm_node,osm,"{""osm"":""node/5387463214""}",node,5387463214,"[""etusa""]","[""etusa-113"",""etusa-19"",""etusa-74""]",point_in_wilaya,"[""stop"",""stop_entry_only""]",,stop_position
osm-node-5387463215,Caroubier - Centre Équestre,Caroubier - Centre Équestre,,16,,,36.735744,3.119397,exact,osm_node,osm,"{""osm"":""node/5387463215""}",node,5387463215,"[""etusa""]","[""etusa-19"",""etusa-74""]",point_in_wilaya,"[""stop""]",,stop_position
osm-node-5387463216,CAROUBIER - CENTRE EQUESTRE -,,,16,,,36.7358,3.119448,exact,osm_node,osm,"{""osm"":""node/5387463216""}",node,5387463216,"[""etusa""]","[""etusa-19"",""etusa-72"",""etusa-74"",""etusa-98""]",point_in_wilaya,"[""platform""]",bus_stop,platform
osm-node-5387463217,La Glacière,Arret La Glacière,,16,,,36.733478,3.124135,exact,osm_node,osm,"{""osm"":""node/5387463217""}",node,5387463217,"[""etusa""]","[""etusa-19"",""etusa-74""]",point_in_wilaya,"[""stop""]",,stop_position
osm-node-5387463218,Djenan Mabrouk,,,16,,,36.723236,3.125819,exact,osm_node,osm,"{""osm"":""node/5387463218""}",node,5387463218,"[""etusa""]","[""etusa-74""]",point_in_wilaya,"[""stop""]",,stop_position
osm-node-5387463219,CITE D'URGENCE,,,16,,,36.722839,3.123742,exact,osm_node,osm,"{""osm"":""node/5387463219""}",node,5387463219,"[""etusa""]","[""etusa-74""]",point_in_wilaya,"[""stop""]",,stop_position
osm-node-5387463220,Gare routière Bachdjerrah 2 -ETUSA-,,,16,,,36.722782,3.123765,exact,osm_node,osm,"{""osm"":""node/5387463220""}",node,5387463220,"[""etusa""]","[""etusa-74""]",point_in_wilaya,"[""platform""]",bus_stop,platform
osm-node-5387463921,Bachdjarah la Poste,,,16,,,36.722067,3.119636,exact,osm_node,osm,"{""osm"":""node/5387463921""}",node,5387463921,"[""etusa""]","[""etusa-74""]",point_in_wilaya,"[""stop""]",,stop_position
osm-node-5387463922,DIAR DJEMAA,,,16,,,36.729297,3.128771,exact,osm_node,osm,"{""osm"":""node/5387463922""}",node,5387463922,"[""etusa""]","[""etusa-74""]",point_in_wilaya,"[""stop""]",,stop_position
osm-node-5387463923,Diar Djemâa,,,16,,,36.729621,3.128592,exact,osm_node,osm,"{""osm"":""node/5387463923""}",node,5387463923,"[""etusa""]","[""etusa-74""]",point_in_wilaya,"[""platform""]",bus_stop,platform
osm-node-5387523804,MARCHER AIN NAADJA,,,16,,,36.698199,3.074011,exact,osm_node,osm,"{""osm"":""node/5387523804""}",node,5387523804,"[""etusa""]","[""etusa-82""]",point_in_wilaya,"[""stop""]",,stop_position
osm-node-5387523805,,,,16,,,36.70184,3.072386,exact,osm_node,osm,"{""osm"":""node/5387523805""}",node,5387523805,"[""etusa""]","[""etusa-82""]",point_in_wilaya,"[""stop""]",,stop_position
osm-node-5387523806,,,,16,,,36.701812,3.072328,exact,osm_node,osm,"{""osm"":""node/5387523806""}",node,5387523806,"[""etusa""]","[""etusa-82""]",point_in_wilaya,"[""platform""]",bus_stop,platform
osm-node-5387523807,"Cité 720 Logements, Site 2","Cité 720 Logements, Site 2",,16,,,36.707052,3.079088,exact,osm_node,osm,"{""osm"":""node/5387523807""}",node,5387523807,"[""etusa""]","[""etusa-82""]",point_in_wilaya,"[""stop""]",,stop_position
osm-node-5387523808,CITE 720 LOGEMENTS 2,,,16,,,36.707085,3.079063,exact,osm_node,osm,"{""osm"":""node/5387523808""}",node,5387523808,"[""etusa""]","[""etusa-82""]",point_in_wilaya,"[""platform""]",bus_stop,platform
osm-node-5387523809,Arrêt Djenane El Kares,Djenane El Kares,,16,,,36.71218,3.085617,exact,osm_node,osm,"{""osm"":""node/5387523809""}",node,5387523809,"[""etusa""]","[""etusa-82""]",point_in_wilaya,"[""stop""]",,stop_position
osm-node-5387523812,arrêt les Quatre Chemins,,,16,,,36.713943,3.094871,exact,osm_node,osm,"{""osm"":""node/5387523812""}",node,5387523812,"[""etusa""]","[""etusa-105"",""etusa-82"",""etusa-D105""]",point_in_wilaya,"[""stop""]",,stop_position
osm-node-5387523813,AOTU.A,,,16,,,36.713968,3.099376,exact,osm_node,osm,"{""osm"":""node/5387523813""}",node,5387523813,"[""etusa""]","[""etusa-105"",""etusa-82"",""etusa-D105""]",point_in_wilaya,"[""stop""]",,stop_position
osm-node-5387523814,AOTU.A,,,16,,,36.714039,3.099373,exact,osm_node,osm,"{""osm"":""node/5387523814""}",node,5387523814,"[""etusa""]","[""etusa-105"",""etusa-82"",""etusa-D105""]",point_in_wilaya,"[""platform""]",bus_stop,platform
osm-node-5387523815,Aïn Naâdja,Aïn Naâdja,,16,,,36.695666,3.076816,exact,osm_node,osm,"{""osm"":""node/5387523815""}",node,5387523815,"[""etusa""]","[""etusa-82""]",point_in_wilaya,"[""stop"",""stop_exit_only""]",,stop_position
osm-node-5387523816,Aïn Naâdja,Aïn Naâdja,,16,,,36.695631,3.076825,exact,osm_node,osm,"{""osm"":""node/5387523816""}",node,5387523816,"[""etusa""]","[""etusa-82""]",point_in_wilaya,"[""platform"",""platform_exit_only""]",bus_stop,platform
osm-node-5388889188,arrêt les Quatre Chemins,,,16,,,36.713949,3.099004,exact,osm_node,osm,"{""osm"":""node/5388889188""}",node,5388889188,"[""etusa""]","[""etusa-82""]",point_in_wilaya,"[""stop""]",,stop_position
osm-node-5388889189,arrêt les Quatre Chemins,,,16,,,36.713929,3.099014,exact,osm_node,osm,"{""osm"":""node/5388889189""}",node,5388889189,"[""etusa""]","[""etusa-82""]",point_in_wilaya,"[""platform""]",bus_stop,platform
osm-node-5388889190,arrêt les Quatre Chemins,,,16,,,36.713959,3.09529,exact,osm_node,osm,"{""osm"":""node/5388889190""}",node,5388889190,"[""etusa""]","[""etusa-82""]",point_in_wilaya,"[""stop""]",,stop_position
osm-node-5388889191,arrêt les Quatre Chemins,,,16,,,36.713886,3.095293,exact,osm_node,osm,"{""osm"":""node/5388889191""}",node,5388889191,"[""etusa""]","[""etusa-82""]",point_in_wilaya,"[""platform""]",bus_stop,platform
osm-node-5388889192,04 CHEMAINS,,,16,,,36.715144,3.092818,exact,osm_node,osm,"{""osm"":""node/5388889192""}",node,5388889192,"[""etusa""]","[""etusa-82""]",point_in_wilaya,"[""stop""]",,stop_position
osm-node-5388889193,Arrêt Djenane El Kares,Djenane El Kares,,16,,,36.712873,3.086723,exact,osm_node,osm,"{""osm"":""node/5388889193""}",node,5388889193,"[""etusa""]","[""etusa-82""]",point_in_wilaya,"[""stop""]",,stop_position
osm-node-5388889194,"Cité 720 Logements, Site 2","Cité 720 Logements, Site 2",,16,,,36.706879,3.078944,exact,osm_node,osm,"{""osm"":""node/5388889194""}",node,5388889194,"[""etusa""]","[""etusa-82""]",point_in_wilaya,"[""stop""]",,stop_position
osm-node-5388889195,CITE 720 LOGEMENTS 2,,,16,,,36.706829,3.07898,exact,osm_node,osm,"{""osm"":""node/5388889195""}",node,5388889195,"[""etusa""]","[""etusa-82""]",point_in_wilaya,"[""platform""]",bus_stop,platform
osm-node-5388889196,,,,16,,,36.701886,3.072498,exact,osm_node,osm,"{""osm"":""node/5388889196""}",node,5388889196,"[""etusa""]","[""etusa-82""]",point_in_wilaya,"[""stop""]",,stop_position
osm-node-5388889197,,,,16,,,36.701907,3.072542,exact,osm_node,osm,"{""osm"":""node/5388889197""}",node,5388889197,"[""etusa""]","[""etusa-82""]",point_in_wilaya,"[""platform""]",bus_stop,platform
osm-node-5388889198,MARCHER AIN NAADJA,,,16,,,36.698252,3.074086,exact,osm_node,osm,"{""osm"":""node/5388889198""}",node,5388889198,"[""etusa""]","[""etusa-82""]",point_in_wilaya,"[""stop""]",,stop_position
osm-node-5388889199,MARCHER AIN NAADJA,,,16,,,36.698225,3.074133,exact,osm_node,osm,"{""osm"":""node/5388889199""}",node,5388889199,"[""etusa""]","[""etusa-82""]",point_in_wilaya,"[""platform""]",bus_stop,platform
osm-node-5389073466,PONT SMAR,,,16,,,36.694989,3.089296,exact,osm_node,osm,"{""osm"":""node/5389073466""}",node,5389073466,"[""etusa""]","[""etusa-105""]",point_in_wilaya,"[""stop""]",,stop_position
osm-node-5389073468,BIOTIC,,,16,,,36.691397,3.090836,exact,osm_node,osm,"{""osm"":""node/5389073468""}",node,5389073468,"[""etusa""]","[""etusa-105""]",point_in_wilaya,"[""stop""]",,stop_position
osm-node-5389073469,BIOTIC,,,16,,,36.691386,3.090736,exact,osm_node,osm,"{""osm"":""node/5389073469""}",node,5389073469,"[""etusa""]","[""etusa-105""]",point_in_wilaya,"[""platform""]",bus_stop,platform
osm-node-5389073470,FOYER,,,16,,,36.684191,3.091449,exact,osm_node,osm,"{""osm"":""node/5389073470""}",node,5389073470,"[""etusa""]","[""etusa-105""]",point_in_wilaya,"[""stop""]",,stop_position
osm-node-5389073471,FOYER,,,16,,,36.684217,3.091316,exact,osm_node,osm,"{""osm"":""node/5389073471""}",node,5389073471,"[""etusa""]","[""etusa-105""]",point_in_wilaya,"[""platform""]",bus_stop,platform
osm-node-5389073472,GUE DE CONSTANTINE STATION DE BUS,,,16,,,36.697111,3.091434,exact,osm_node,osm,"{""osm"":""node/5389073472""}",node,5389073472,"[""etusa""]","[""etusa-105""]",point_in_wilaya,"[""platform""]",bus_stop,platform
osm-node-5389073473,Gue de Constantine,,,16,,,36.698819,3.09523,exact,osm_node,osm,"{""osm"":""node/5389073473""}",node,5389073473,"[""etusa""]","[""etusa-105"",""etusa-D105""]",point_in_wilaya,"[""stop""]",,stop_position
osm-node-5389073474,Gue de Constantine,,,16,,,36.698835,3.095161,exact,osm_node,osm,"{""osm"":""node/5389073474""}",node,5389073474,"[""etusa""]","[""etusa-105"",""etusa-D105""]",point_in_wilaya,"[""platform""]",bus_stop,platform
osm-node-5389073475,CITE TAHER EL AYEB,,,16,,,36.702583,3.092987,exact,osm_node,osm,"{""osm"":""node/5389073475""}",node,5389073475,"[""etusa""]","[""etusa-105"",""etusa-D105""]",point_in_wilaya,"[""stop""]",,stop_position
osm-node-5389073476,CITE TAHER EL AYEB,,,16,,,36.702632,3.092946,exact,osm_node,osm,"{""osm"":""node/5389073476""}",node,5389073476,"[""etusa""]","[""etusa-105"",""etusa-D105""]",point_in_wilaya,"[""platform""]",bus_stop,platform
osm-node-5389073477,CITE EL HAYET,,,16,,,36.705174,3.094654,exact,osm_node,osm,"{""osm"":""node/5389073477""}",node,5389073477,"[""etusa""]","[""etusa-D105""]",point_in_wilaya,"[""stop""]",,stop_position
osm-node-5389073479,,,,16,,,36.709396,3.094454,exact,osm_node,osm,"{""osm"":""node/5389073479""}",node,5389073479,"[""etusa""]","[""etusa-105"",""etusa-D105""]",point_in_wilaya,"[""stop""]",,stop_position
osm-node-5389073480,Le Fleuriste,Le Fleuriste,لو فلوريست,16,,,36.711407,3.093908,exact,osm_node,osm,"{""osm"":""node/5389073480""}",node,5389073480,"[""etusa""]","[""etusa-D105""]",point_in_wilaya,"[""stop""]",,stop_position
osm-node-5389229544,Bouskour,,بوسكور,16,,,36.797166,3.008065,exact,osm_node,osm,"{""osm"":""node/5389229544""}",node,5389229544,"[""etusa""]","[""etusa-21""]",point_in_wilaya,"[""platform""]",bus_stop,platform
osm-node-5389293355,La cité blanche,,,16,,,36.796102,3.005997,exact,osm_node,osm,"{""osm"":""node/5389293355""}",node,5389293355,"[""etusa""]","[""etusa-21""]",point_in_wilaya,"[""platform""]",bus_stop,platform
osm-node-5389293356,la city blanche,,,16,,,36.796743,3.004088,exact,osm_node,osm,"{""osm"":""node/5389293356""}",node,5389293356,"[""etusa""]","[""etusa-21""]",point_in_wilaya,"[""platform""]",bus_stop,platform
osm-node-5389293357,4 Saison,,,16,,,36.796981,3.002266,exact,osm_node,osm,"{""osm"":""node/5389293357""}",node,5389293357,"[""etusa""]","[""etusa-21""]",point_in_wilaya,"[""platform""]",bus_stop,platform
osm-node-5389293358,Bousmaha,,,16,,,36.79647,2.994756,exact,osm_node,osm,"{""osm"":""node/5389293358""}",node,5389293358,"[""etusa""]","[""etusa-21""]",point_in_wilaya,"[""platform""]",bus_stop,platform
osm-node-5389293359,Bousmaha,,,16,,,36.796627,2.994847,exact,osm_node,osm,"{""osm"":""node/5389293359""}",node,5389293359,"[""etusa""]","[""etusa-21""]",point_in_wilaya,[],bus_stop,platform
osm-node-5389293360,Echaba,,,16,,,36.796227,3.00585,exact,osm_node,osm,"{""osm"":""node/5389293360""}",node,5389293360,"[""etusa""]","[""etusa-21""]",point_in_wilaya,[],bus_stop,platform
osm-node-5389454499,USTHB,,,16,,,36.715286,3.187889,exact,osm_node,osm,"{""osm"":""node/5389454499""}",node,5389454499,"[""etusa""]","[""etusa-19""]",point_in_wilaya,"[""platform""]",bus_stop,platform
osm-node-5390507837,Chevalley,,شوفالي,16,,,36.769439,3.007036,exact,osm_node,osm,"{""osm"":""node/5390507837""}",node,5390507837,"[""etusa""]","[""etusa-3"",""etusa-701"",""etusa-707"",""etusa-731""]",point_in_wilaya,"[""stop"",""stop_entry_only""]",,stop_position
osm-node-5390507838,CERCLE NATIONAL DE L'ARMEE - 2 -,,,16,,,36.769124,2.984092,exact,osm_node,osm,"{""osm"":""node/5390507838""}",node,5390507838,"[""etusa""]","[""etusa-3""]",point_in_wilaya,"[""stop""]",,stop_position
osm-node-5390507839,Cercle National de l'Armée 2,,,16,,,36.769321,2.986157,exact,osm_node,osm,"{""osm"":""node/5390507839""}",node,5390507839,"[""etusa""]","[""etusa-3"",""etusa-701"",""etusa-707""]",point_in_wilaya,"[""platform""]",bus_stop,platform
osm-node-5390507841,Cercle national de l'armée,,,16,,,36.77011,2.992384,exact,osm_node,osm,"{""osm"":""node/5390507841""}",node,5390507841,"[""etusa""]","[""etusa-3"",""etusa-701"",""etusa-707""]",point_in_wilaya,"[""platform""]",bus_stop,platform
osm-node-5390507842,SOUK EL FELLAH,,,16,,,36.765984,2.942448,exact,osm_node,osm,"{""osm"":""node/5390507842""}",node,5390507842,"[""etusa""]","[""etusa-3"",""etusa-701""]",point_in_wilaya,"[""platform""]",bus_stop,platform
osm-node-5390507846,El Karia (Les Dunes),Les Dunes,,16,,,36.758428,2.934415,exact,osm_node,osm,"{""osm"":""node/5390507846""}",node,5390507846,"[""etusa""]","[""etusa-3"",""etusa-701""]",point_in_wilaya,"[""stop""]",,stop_position
osm-node-5390507847,EL KARIA ( LES DUNES),,,16,,,36.758472,2.934408,exact,osm_node,osm,"{""osm"":""node/5390507847""}",node,5390507847,"[""etusa""]","[""etusa-3"",""etusa-701""]",point_in_wilaya,"[""platform""]",bus_stop,platform
osm-node-5390507848,EL KERMA,,الكرمة,16,,,36.75527,2.931129,exact,osm_node,osm,"{""osm"":""node/5390507848""}",node,5390507848,"[""etusa""]","[""etusa-3"",""etusa-701""]",point_in_wilaya,"[""platform""]",bus_stop,platform
osm-node-5390507849,BOUCHAOUI CNR,,,16,,,36.745671,2.916788,exact,osm_node,osm,"{""osm"":""node/5390507849""}",node,5390507849,"[""etusa""]","[""etusa-3""]",point_in_wilaya,"[""platform""]",bus_stop,platform
osm-node-5390507850,SORTIE BOUCHAOUI,,,16,,,36.737463,2.914804,exact,osm_node,osm,"{""osm"":""node/5390507850""}",node,5390507850,"[""etusa""]","[""etusa-3""]",point_in_wilaya,"[""stop""]",,stop_position
osm-node-5390507851,,,,16,,,36.743858,2.914402,exact,osm_node,osm,"{""osm"":""node/5390507851""}",node,5390507851,"[""etusa""]","[""etusa-3""]",point_in_wilaya,"[""stop""]",,
osm-node-5390507852,Bouchaoui École Mouloud Feraoun,,,16,,,36.743834,2.914346,exact,osm_node,osm,"{""osm"":""node/5390507852""}",node,5390507852,"[""etusa""]","[""etusa-3""]",point_in_wilaya,"[""platform""]",bus_stop,platform
osm-node-5390507853,SORTIE BOUCHAOUI,,,16,,,36.73747,2.914698,exact,osm_node,osm,"{""osm"":""node/5390507853""}",node,5390507853,"[""etusa""]","[""etusa-3""]",point_in_wilaya,"[""platform""]",bus_stop,platform
osm-node-5390507855,HOTEL LE BEAU FAYET,,,16,,,36.733115,2.923484,exact,osm_node,osm,"{""osm"":""node/5390507855""}",node,5390507855,"[""etusa""]","[""etusa-3""]",point_in_wilaya,"[""stop""]",,stop_position
osm-node-5390507856,HOTEL LE BEAU FAYET,,,16,,,36.733083,2.923474,exact,osm_node,osm,"{""osm"":""node/5390507856""}",node,5390507856,"[""etusa""]","[""etusa-3""]",point_in_wilaya,"[""platform""]",bus_stop,platform
osm-node-5390507857,LA COTE BLANCHE,,,16,,,36.714396,2.907814,exact,osm_node,osm,"{""osm"":""node/5390507857""}",node,5390507857,"[""etusa""]","[""etusa-3""]",point_in_wilaya,"[""stop""]",,stop_position
osm-node-5390507858,LA COTE BLANCHE,,,16,,,36.714439,2.907748,exact,osm_node,osm,"{""osm"":""node/5390507858""}",node,5390507858,"[""etusa""]","[""etusa-3""]",point_in_wilaya,"[""platform""]",bus_stop,platform
osm-node-5390507859,Station Souidania,,,16,,,36.708835,2.910664,exact,osm_node,osm,"{""osm"":""node/5390507859""}",node,5390507859,"[""etusa""]","[""etusa-3""]",point_in_wilaya,"[""stop_entry_only"",""stop_exit_only""]",,stop_position
osm-node-5390530415,Dar Diaf,Dar Diaf,,16,,,36.771977,2.965069,exact,osm_node,osm,"{""osm"":""node/5390530415""}",node,5390530415,"[""etusa""]","[""etusa-3"",""etusa-701"",""etusa-707""]",point_in_wilaya,"[""stop""]",,stop_position
osm-node-5390542102,Bouchaoui CNR,Centre National de Recherche de Bouchaoui,,16,,,36.745584,2.916821,exact,osm_node,osm,"{""osm"":""node/5390542102""}",node,5390542102,"[""etusa""]","[""etusa-3""]",point_in_wilaya,"[""stop""]",,stop_position
osm-node-5390542103,SOUK EL FELLAH,Souk El Fellah,,16,,,36.765877,2.942462,exact,osm_node,osm,"{""osm"":""node/5390542103""}",node,5390542103,"[""etusa""]","[""etusa-3"",""etusa-701""]",point_in_wilaya,"[""stop""]",,stop_position
osm-node-5390542104,Chéraga-Gare routière,Chéraga-Gare routière,,16,,,36.767262,2.951482,exact,osm_node,osm,"{""osm"":""node/5390542104""}",node,5390542104,"[""etusa""]","[""etusa-3"",""etusa-701""]",point_in_wilaya,"[""stop""]",,stop_position
osm-node-5390542105,Chéraga-Gare routière,Chéraga-Gare routière,,16,,,36.767305,2.951468,exact,osm_node,osm,"{""osm"":""node/5390542105""}",node,5390542105,"[""etusa""]","[""etusa-3"",""etusa-701""]",point_in_wilaya,"[""platform""]",bus_stop,platform
osm-node-5390579063,Chéraga-Gare routière,Chéraga-Gare routière,,16,,,36.767146,2.953761,exact,osm_node,osm,"{""osm"":""node/5390579063""}",node,5390579063,"[""etusa""]","[""etusa-3"",""etusa-701""]",point_in_wilaya,"[""platform""]",bus_stop,platform
osm-node-5390579064,Souk El Fellah,,,16,,,36.765876,2.942598,exact,osm_node,osm,"{""osm"":""node/5390579064""}",node,5390579064,"[""etusa""]","[""etusa-3"",""etusa-701""]",point_in_wilaya,"[""platform""]",bus_stop,platform
osm-node-5390579065,EL KARIA ( LES DUNES),,,16,,,36.758399,2.93464,exact,osm_node,osm,"{""osm"":""node/5390579065""}",node,5390579065,"[""etusa""]","[""etusa-3"",""etusa-701""]",point_in_wilaya,"[""platform""]",bus_stop,platform
osm-node-5390579066,El Kerma,,الكرمة,16,,,36.755137,2.931451,exact,osm_node,osm,"{""osm"":""node/5390579066""}",node,5390579066,"[""etusa""]","[""etusa-3"",""etusa-701""]",point_in_wilaya,"[""platform""]",bus_stop,platform
osm-node-5390579067,Bouchaoui CNR,,,16,,,36.745541,2.916878,exact,osm_node,osm,"{""osm"":""node/5390579067""}",node,5390579067,"[""etusa""]","[""etusa-3""]",point_in_wilaya,"[""platform""]",bus_stop,platform
osm-node-5390579068,Bouchaoui École Mouloud Feraoun,,,16,,,36.743857,2.914441,exact,osm_node,osm,"{""osm"":""node/5390579068""}",node,5390579068,"[""etusa""]","[""etusa-3""]",point_in_wilaya,"[""platform""]",bus_stop,platform
osm-node-5390579069,SORTIE BOUCHAOUI,,,16,,,36.737556,2.914888,exact,osm_node,osm,"{""osm"":""node/5390579069""}",node,5390579069,"[""etusa""]","[""etusa-3""]",point_in_wilaya,"[""platform""]",bus_stop,platform
osm-node-5390579070,CITE SOUIDANI BOUDJEMAA,,حي سويداني بوجمعة,16,,,36.721489,2.915618,exact,osm_node,osm,"{""osm"":""node/5390579070""}",node,5390579070,"[""etusa""]","[""etusa-3""]",point_in_wilaya,"[""platform""]",bus_stop,platform
osm-node-5390579071,LA COTE BLANCHE,,,16,,,36.714406,2.907908,exact,osm_node,osm,"{""osm"":""node/5390579071""}",node,5390579071,"[""etusa""]","[""etusa-3""]",point_in_wilaya,"[""platform""]",bus_stop,platform
osm-node-5393691264,Krim Belkacem,,,16,,,36.772056,3.051532,exact,osm_node,osm,"{""osm"":""node/5393691264""}",node,5393691264,"[""etusa""]","[""etusa-15""]",point_in_wilaya,"[""stop""]",,stop_position
osm-node-5393691265,SONALGAZ,,,16,,,36.77358,3.052844,exact,osm_node,osm,"{""osm"":""node/5393691265""}",node,5393691265,"[""etusa""]","[""etusa-15""]",point_in_wilaya,"[""stop""]",,stop_position
osm-node-5393691266,SONALGAZ,,,16,,,36.773742,3.05311,exact,osm_node,osm,"{""osm"":""node/5393691266""}",node,5393691266,"[""etusa""]","[""etusa-15""]",point_in_wilaya,"[""platform""]",bus_stop,platform
osm-node-5393691267,نفق الكليات,Tunnel des Facultés,نفق الكليات,16,,,36.771735,3.055715,exact,osm_node,osm,"{""osm"":""node/5393691267""}",node,5393691267,"[""etusa""]","[""etusa-15""]",point_in_wilaya,"[""stop""]",,stop_position
osm-node-5393691270,LYCEE ZAINEB OUM EL MASSAKINE,,,16,,,36.769523,3.050516,exact,osm_node,osm,"{""osm"":""node/5393691270""}",node,5393691270,"[""etusa""]","[""etusa-15""]",point_in_wilaya,"[""stop""]",,stop_position
osm-node-5393691271,PARC DE BEYROUTH,,,16,,,36.767325,3.048151,exact,osm_node,osm,"{""osm"":""node/5393691271""}",node,5393691271,"[""etusa""]","[""etusa-15""]",point_in_wilaya,"[""stop""]",,stop_position
osm-node-5393691272,PARC DE BEYROUTH,,,16,,,36.767305,3.048188,exact,osm_node,osm,"{""osm"":""node/5393691272""}",node,5393691272,"[""etusa""]","[""etusa-15""]",point_in_wilaya,"[""platform""]",bus_stop,platform
osm-node-5393691273,Aero Habitat,,,16,,,36.765659,3.045459,exact,osm_node,osm,"{""osm"":""node/5393691273""}",node,5393691273,"[""etusa""]","[""etusa-15""]",point_in_wilaya,"[""stop""]",,stop_position
osm-node-5393691274,PARC TIFARTI,,حديقة تيفاريتي,16,,,36.764254,3.044223,exact,osm_node,osm,"{""osm"":""node/5393691274""}",node,5393691274,"[""etusa""]","[""etusa-15""]",point_in_wilaya,"[""stop""]",,stop_position
osm-node-5393691275,PARC TIFARTI,,حديقة تيفاريتي,16,,,36.764238,3.044329,exact,osm_node,osm,"{""osm"":""node/5393691275""}",node,5393691275,"[""etusa""]","[""etusa-15""]",point_in_wilaya,"[""platform""]",bus_stop,platform
osm-node-5393691276,BEAUX ARTS,,,16,,,36.761893,3.045292,exact,osm_node,osm,"{""osm"":""node/5393691276""}",node,5393691276,"[""etusa""]","[""etusa-15""]",point_in_wilaya,"[""stop""]",,stop_position
osm-node-5393691277,BEAUX ARTS,École des Beaux Arts,معهد الفنون الجميلة,16,,,36.76194,3.045347,exact,osm_node,osm,"{""osm"":""node/5393691277""}",node,5393691277,"[""etusa""]","[""etusa-15""]",point_in_wilaya,"[""platform""]",bus_stop,platform
osm-node-5393691278,Ghermoul 1,,غرمول 1,16,,,36.758768,3.051477,exact,osm_node,osm,"{""osm"":""node/5393691278""}",node,5393691278,"[""etusa""]","[""etusa-15"",""etusa-16"",""etusa-88""]",point_in_wilaya,"[""stop""]",,stop_position
osm-node-5393691279,PALAIS DU PEUPLE,,,16,,,36.758627,3.044972,exact,osm_node,osm,"{""osm"":""node/5393691279""}",node,5393691279,"[""etusa""]","[""etusa-15""]",point_in_wilaya,"[""stop""]",,stop_position
osm-node-5393691280,PALAIS DU PEUPLE,Palais du Peuple,قصر الشعب,16,,,36.758662,3.045064,exact,osm_node,osm,"{""osm"":""node/5393691280""}",node,5393691280,"[""etusa""]","[""etusa-15"",""etusa-31""]",point_in_wilaya,"[""platform""]",bus_stop,platform
osm-node-5393691281,HARCHA,,,16,,,36.757577,3.055168,exact,osm_node,osm,"{""osm"":""node/5393691281""}",node,5393691281,"[""etusa""]","[""etusa-15"",""etusa-16"",""etusa-88""]",point_in_wilaya,"[""stop""]",,stop_position
osm-node-5393727320,LA PERINE,,لابيرين,16,,,36.758062,3.051217,exact,osm_node,osm,"{""osm"":""node/5393727320""}",node,5393727320,"[""etusa""]","[""etusa-10"",""etusa-15"",""etusa-16"",""etusa-88""]",point_in_wilaya,"[""stop""]",,stop_position
osm-node-5393728123,Lycée Zeineb Oum El Massakine,,,16,,,36.769453,3.050341,exact,osm_node,osm,"{""osm"":""node/5393728123""}",node,5393728123,"[""etusa""]","[""etusa-15""]",point_in_wilaya,"[""platform""]",bus_stop,platform
osm-node-5393884862,COLONNE VOIROLE,,,16,,,36.753877,3.043342,exact,osm_node,osm,"{""osm"":""node/5393884862""}",node,5393884862,"[""etusa""]","[""etusa-31"",""etusa-88""]",point_in_wilaya,"[""stop""]",,stop_position
osm-node-5393884863,COLONNE VOIROLE,,,16,,,36.752414,3.041213,exact,osm_node,osm,"{""osm"":""node/5393884863""}",node,5393884863,"[""etusa""]","[""etusa-31"",""etusa-88""]",point_in_wilaya,"[""stop""]",,stop_position
osm-node-5393884864,Ghermoul Polyclinique,,,16,,,36.760149,3.050362,exact,osm_node,osm,"{""osm"":""node/5393884864""}",node,5393884864,"[""etusa""]","[""etusa-16"",""etusa-88""]",point_in_wilaya,"[""stop""]",,stop_position
osm-node-5393884865,Ghermoul Polyclinique,,,16,,,36.760175,3.050424,exact,osm_node,osm,"{""osm"":""node/5393884865""}",node,5393884865,"[""etusa""]","[""etusa-16"",""etusa-88""]",point_in_wilaya,"[""platform""]",bus_stop,platform
osm-node-5393884866,Avenue Ahmed Ghermoul,Avenue Ahmed Ghermoul,,16,,,36.76149,3.046798,exact,osm_node,osm,"{""osm"":""node/5393884866""}",node,5393884866,"[""etusa""]","[""etusa-16"",""etusa-88""]",point_in_wilaya,"[""stop""]",,stop_position
osm-node-5393884867,PALAIS DU PEUPLE,,,16,,,36.758672,3.044931,exact,osm_node,osm,"{""osm"":""node/5393884867""}",node,5393884867,"[""etusa""]","[""etusa-16"",""etusa-88""]",point_in_wilaya,"[""stop""]",,stop_position
osm-node-5393884868,CARREFOUR SOUIDANI,,,16,,,36.752616,3.047813,exact,osm_node,osm,"{""osm"":""node/5393884868""}",node,5393884868,"[""etusa""]","[""etusa-31"",""etusa-88""]",point_in_wilaya,"[""stop""]",,stop_position
osm-node-5393884869,PLACE EL QUODS,,ساحة القدس,16,,,36.747405,3.040121,exact,osm_node,osm,"{""osm"":""node/5393884869""}",node,5393884869,"[""etusa""]","[""etusa-88""]",point_in_wilaya,"[""stop""]",,stop_position
osm-node-5393884870,Place El Qos,,ساحة القدس,16,,,36.747547,3.040168,exact,osm_node,osm,"{""osm"":""node/5393884870""}",node,5393884870,"[""etusa""]","[""etusa-31"",""etusa-88""]",point_in_wilaya,"[""stop""]",,stop_position
osm-node-5393884871,PLACE EL QUODS,,ساحة القدس,16,,,36.74738,3.040064,exact,osm_node,osm,"{""osm"":""node/5393884871""}",node,5393884871,"[""etusa""]","[""etusa-31"",""etusa-88""]",point_in_wilaya,"[""platform""]",bus_stop,platform
osm-node-5394047202,Carrefour Djnane Sfari,,,16,,,36.71116,3.04526,exact,osm_node,osm,"{""osm"":""node/5394047202""}",node,5394047202,"[""etusa""]","[""etusa-34""]",point_in_wilaya,"[""stop""]",,stop_position
osm-node-5394047204,La Côte,,,16,,,36.730748,3.047818,exact,osm_node,osm,"{""osm"":""node/5394047204""}",node,5394047204,"[""etusa""]","[""etusa-101"",""etusa-34""]",point_in_wilaya,"[""platform""]",bus_stop,platform
osm-node-5394047205,STADE MOHAMED IGUER,,,16,,,36.734882,3.04884,exact,osm_node,osm,"{""osm"":""node/5394047205""}",node,5394047205,"[""etusa""]","[""etusa-34""]",point_in_wilaya,"[""stop""]",,stop_position
osm-node-5394047206,BIR MOURAD RAIS,,بئر مراد رايس,16,,,36.737185,3.048545,exact,osm_node,osm,"{""osm"":""node/5394047206""}",node,5394047206,"[""etusa""]","[""etusa-34""]",point_in_wilaya,"[""stop""]",,stop_position
osm-node-5394047207,Bir Mourad Rais - CNAS,,,16,,,36.739624,3.052198,exact,osm_node,osm,"{""osm"":""node/5394047207""}",node,5394047207,"[""etusa""]","[""etusa-14"",""etusa-34""]",point_in_wilaya,"[""stop""]",,stop_position
osm-node-5394047209,LES SOURCES,,,16,,,36.738366,3.064184,exact,osm_node,osm,"{""osm"":""node/5394047209""}",node,5394047209,"[""etusa""]","[""etusa-14"",""etusa-34""]",point_in_wilaya,"[""stop""]",,stop_position
osm-node-5394047210,MAQUAM E'CHAHID,,,16,,,36.739685,3.075513,exact,osm_node,osm,"{""osm"":""node/5394047210""}",node,5394047210,"[""etusa""]","[""etusa-34""]",point_in_wilaya,"[""stop""]",,stop_position
osm-node-5394047211,MAQUAM E'CHAHID,,,16,,,36.739727,3.075402,exact,osm_node,osm,"{""osm"":""node/5394047211""}",node,5394047211,"[""etusa""]","[""etusa-34""]",point_in_wilaya,"[""platform""]",bus_stop,platform
osm-node-5394047212,FRERES MADANI,,,16,,,36.738453,3.070642,exact,osm_node,osm,"{""osm"":""node/5394047212""}",node,5394047212,"[""etusa""]","[""etusa-14"",""etusa-34""]",point_in_wilaya,"[""stop""]",,stop_position
osm-node-5394047213,Oued Kniss,Oued Kniss,وادي كنيس,16,,,36.741212,3.081079,exact,osm_node,osm,"{""osm"":""node/5394047213""}",node,5394047213,"[""etusa""]","[""etusa-14"",""etusa-34""]",point_in_wilaya,"[""stop""]",,stop_position
osm-node-5394112445,MAQUAM E'CHAHID,,,16,,,36.73961,3.075476,exact,osm_node,osm,"{""osm"":""node/5394112445""}",node,5394112445,"[""etusa""]","[""etusa-34""]",point_in_wilaya,"[""platform""]",bus_stop,platform
osm-node-5394112446,Bir Mourad Raïs,,بئر مراد رايس,16,,,36.737085,3.048628,exact,osm_node,osm,"{""osm"":""node/5394112446""}",node,5394112446,"[""etusa""]","[""etusa-34""]",point_in_wilaya,"[""platform""]",bus_stop,platform
osm-node-5394112447,Les Vergers 2 (Onalait),,,16,,,36.727082,3.050024,exact,osm_node,osm,"{""osm"":""node/5394112447""}",node,5394112447,"[""etusa""]","[""etusa-34""]",point_in_wilaya,"[""stop""]",,stop_position
osm-node-5394260852,Le Moulin,Le Moulin,,16,,,36.765096,3.056004,exact,osm_node,osm,"{""osm"":""node/5394260852""}",node,5394260852,"[""etusa""]","[""etusa-6"",""etusa-90"",""etusa-99""]",point_in_wilaya,"[""platform""]",bus_stop,platform
osm-node-5394260853,1er Mai,1er Mai,أول ماي,16,,,36.76064,3.057303,exact,osm_node,osm,"{""osm"":""node/5394260853""}",node,5394260853,"[""etusa""]","[""etusa-6"",""etusa-90"",""etusa-99""]",point_in_wilaya,"[""stop"",""stop_entry_only"",""stop_exit_only""]",,stop_position
osm-node-5394260854,Oued Kniss,Oued Kniss,وادي كنيس,16,,,36.741124,3.08437,exact,osm_node,osm,"{""osm"":""node/5394260854""}",node,5394260854,"[""etusa""]","[""etusa-6""]",point_in_wilaya,"[""stop""]",,stop_position
osm-node-5394260855,Oasis,,,16,,,36.739047,3.088516,exact,osm_node,osm,"{""osm"":""node/5394260855""}",node,5394260855,"[""etusa""]","[""etusa-6""]",point_in_wilaya,"[""stop""]",,stop_position
osm-node-5394260856,APC Kouba,,,16,,,36.733889,3.086807,exact,osm_node,osm,"{""osm"":""node/5394260856""}",node,5394260856,"[""etusa""]","[""etusa-6""]",point_in_wilaya,"[""stop""]",,stop_position
osm-node-5394260857,La Croix,,,16,,,36.729914,3.084125,exact,osm_node,osm,"{""osm"":""node/5394260857""}",node,5394260857,"[""etusa""]","[""etusa-6""]",point_in_wilaya,"[""platform""]",bus_stop,platform
osm-node-5394260858,FRERES EL SELAMI,,,16,,,36.729302,3.0798,exact,osm_node,osm,"{""osm"":""node/5394260858""}",node,5394260858,"[""etusa""]","[""etusa-6""]",point_in_wilaya,"[""stop""]",,stop_position
osm-node-5394260859,FRERES EL SELAMI,,,16,,,36.729432,3.079384,exact,osm_node,osm,"{""osm"":""node/5394260859""}",node,5394260859,"[""etusa""]","[""etusa-6""]",point_in_wilaya,"[""stop""]",,stop_position
osm-node-5394260860,La Croix,,,16,,,36.729953,3.084071,exact,osm_node,osm,"{""osm"":""node/5394260860""}",node,5394260860,"[""etusa""]","[""etusa-6""]",point_in_wilaya,"[""stop""]",,stop_position
osm-node-5394260861,APC Kouba,,,16,,,36.734021,3.086745,exact,osm_node,osm,"{""osm"":""node/5394260861""}",node,5394260861,"[""etusa""]","[""etusa-6""]",point_in_wilaya,"[""stop""]",,stop_position
osm-node-5394260862,Calvaire,,,16,,,36.737115,3.091436,exact,osm_node,osm,"{""osm"":""node/5394260862""}",node,5394260862,"[""etusa""]","[""etusa-6""]",point_in_wilaya,"[""stop""]",,stop_position
osm-node-5394260863,Oasis,,,16,,,36.739134,3.088266,exact,osm_node,osm,"{""osm"":""node/5394260863""}",node,5394260863,"[""etusa""]","[""etusa-6""]",point_in_wilaya,"[""stop""]",,stop_position
osm-node-5394260864,Oued Kniss,Oued Kniss,وادي كنيس,16,,,36.741726,3.08322,exact,osm_node,osm,"{""osm"":""node/5394260864""}",node,5394260864,"[""etusa""]","[""etusa-6""]",point_in_wilaya,"[""stop""]",,stop_position
osm-node-5394260865,Oued Kniss,Oued Kniss,وادي كنيس,16,,,36.741685,3.083181,exact,osm_node,osm,"{""osm"":""node/5394260865""}",node,5394260865,"[""etusa""]","[""etusa-6""]",point_in_wilaya,"[""platform""]",bus_stop,platform
osm-node-5394260866,1er Mai,1er Mai,,16,,,36.760349,3.056167,exact,osm_node,osm,"{""osm"":""node/5394260866""}",node,5394260866,"[""etusa""]","[""etusa-6""]",point_in_wilaya,"[""stop""]",,stop_position
osm-node-5394260867,Le Moulin,Le Moulin,,16,,,36.765095,3.055953,exact,osm_node,osm,"{""osm"":""node/5394260867""}",node,5394260867,"[""etusa""]","[""etusa-6"",""etusa-90"",""etusa-99""]",point_in_wilaya,"[""stop""]",,stop_position
osm-node-5394260868,Miramar,Miramar,موريتانيا,16,,,36.767984,3.056227,exact,osm_node,osm,"{""osm"":""node/5394260868""}",node,5394260868,"[""etusa""]","[""etusa-6"",""etusa-90"",""etusa-99""]",point_in_wilaya,"[""stop""]",,stop_position
osm-node-5394260869,MAURETANIA,,موريتانيا,16,,,36.767989,3.056181,exact,osm_node,osm,"{""osm"":""node/5394260869""}",node,5394260869,"[""etusa""]","[""etusa-6"",""etusa-90""]",point_in_wilaya,"[""platform""]",bus_stop,platform
osm-node-5394373717,Baïnem Falaise,Baïnem Falaise,,16,,,36.813708,2.972323,exact,osm_node,osm,"{""osm"":""node/5394373717""}",node,5394373717,"[""etusa""]","[""etusa-99""]",point_in_wilaya,"[""stop""]",,stop_position
osm-node-5394373718,Les Tamaris,Les Tamaris,,16,,,36.813066,2.964073,exact,osm_node,osm,"{""osm"":""node/5394373718""}",node,5394373718,"[""etusa""]","[""etusa-99""]",point_in_wilaya,"[""stop""]",,stop_position
osm-node-5394373719,Les Tamaris,Les Tamaris,,16,,,36.812935,2.964125,exact,osm_node,osm,"{""osm"":""node/5394373719""}",node,5394373719,"[""etusa""]","[""etusa-12""]",point_in_wilaya,"[""platform""]",bus_stop,platform
osm-node-5394373720,Les Tamaris,Les Tamaris,,16,,,36.813124,2.963932,exact,osm_node,osm,"{""osm"":""node/5394373720""}",node,5394373720,"[""etusa""]","[""etusa-12"",""etusa-99""]",point_in_wilaya,"[""platform""]",bus_stop,platform
osm-node-5394374621,Baïnem Falaise,Baïnem Falaise,,16,,,36.813726,2.972348,exact,osm_node,osm,"{""osm"":""node/5394374621""}",node,5394374621,"[""etusa""]","[""etusa-12"",""etusa-99""]",point_in_wilaya,"[""platform""]",bus_stop,platform
osm-node-5394374622,Belvédère,Belvédère,,16,,,36.812788,2.983522,exact,osm_node,osm,"{""osm"":""node/5394374622""}",node,5394374622,"[""etusa""]","[""etusa-99""]",point_in_wilaya,"[""stop""]",,stop_position
osm-node-5394374623,Belvédère,Belvédère,,16,,,36.812828,2.983512,exact,osm_node,osm,"{""osm"":""node/5394374623""}",node,5394374623,"[""etusa""]","[""etusa-12"",""etusa-99""]",point_in_wilaya,"[""platform""]",bus_stop,platform
osm-node-5394374624,MIRAMAR,Miramar,,16,,,36.814721,2.996251,exact,osm_node,osm,"{""osm"":""node/5394374624""}",node,5394374624,"[""etusa""]","[""etusa-99""]",point_in_wilaya,"[""stop""]",,stop_position
osm-node-5394374625,Miramar,Miramar,ميرامار,16,,,36.81461,2.996253,exact,osm_node,osm,"{""osm"":""node/5394374625""}",node,5394374625,"[""etusa""]","[""etusa-12""]",point_in_wilaya,"[""platform""]",bus_stop,platform
osm-node-5394374626,Miramar,Miramar,ميرامار,16,,,36.814786,2.996387,exact,osm_node,osm,"{""osm"":""node/5394374626""}",node,5394374626,"[""etusa""]","[""etusa-12"",""etusa-99""]",point_in_wilaya,"[""platform""]",bus_stop,platform
osm-node-5394374627,Horizons Bleus,Horizons Bleus,,16,,,36.81581,3.001963,exact,osm_node,osm,"{""osm"":""node/5394374627""}",node,5394374627,"[""etusa""]","[""etusa-99""]",point_in_wilaya,"[""stop""]",,stop_position
osm-node-5394374628,Horizons Bleus,Horizons Bleus,,16,,,36.815873,3.001958,exact,osm_node,osm,"{""osm"":""node/5394374628""}",node,5394374628,"[""etusa""]","[""etusa-12"",""etusa-99""]",point_in_wilaya,"[""platform""]",bus_stop,platform
osm-node-5394374629,RAÏS HAMIDOU -2-,Raïs Hamidou 2,,16,,,36.817216,3.009603,exact,osm_node,osm,"{""osm"":""node/5394374629""}",node,5394374629,"[""etusa""]","[""etusa-99""]",point_in_wilaya,"[""stop""]",,stop_position
osm-node-5394374630,Raïs Hamidou 2,Raïs Hamidou 2,رايس حميدو 2,16,,,36.817264,3.009594,exact,osm_node,osm,"{""osm"":""node/5394374630""}",node,5394374630,"[""etusa""]","[""etusa-12"",""etusa-99""]",point_in_wilaya,"[""platform""]",bus_stop,platform
osm-node-5394374632,Cité Ammar Boukikaz,Cité Ammar Boukikaz,,16,,,36.808943,2.94855,exact,osm_node,osm,"{""osm"":""node/5394374632""}",node,5394374632,"[""etusa""]","[""etusa-99""]",point_in_wilaya,"[""stop""]",,stop_position
osm-node-5394374633,Cité Boukikaz Amar,Cité Boukikaz Amar,,16,,,36.80892,2.948547,exact,osm_node,osm,"{""osm"":""node/5394374633""}",node,5394374633,"[""etusa""]","[""etusa-12"",""etusa-99""]",point_in_wilaya,"[""platform""]",bus_stop,platform
osm-node-5394374634,Cité Ammar Boukikaz,Cité Ammar Boukikaz,,16,,,36.808827,2.948668,exact,osm_node,osm,"{""osm"":""node/5394374634""}",node,5394374634,"[""etusa""]","[""etusa-12""]",point_in_wilaya,"[""platform""]",bus_stop,platform
osm-node-5394374635,Marché d'Aïn Benian,Marché d'Aïn Benian,,16,,,36.801732,2.9149,exact,osm_node,osm,"{""osm"":""node/5394374635""}",node,5394374635,"[""etusa""]","[""etusa-99""]",point_in_wilaya,"[""stop""]",,stop_position
osm-node-5394374636,Marché d'Aïn Benian,Marché d'Aïn Benian,,16,,,36.801788,2.914893,exact,osm_node,osm,"{""osm"":""node/5394374636""}",node,5394374636,"[""etusa""]","[""etusa-707"",""etusa-99""]",point_in_wilaya,"[""platform""]",bus_stop,platform
osm-node-5394374637,Cité 138 Logements,Cité 138 Logements,,16,,,36.802541,2.924149,exact,osm_node,osm,"{""osm"":""node/5394374637""}",node,5394374637,"[""etusa""]","[""etusa-99""]",point_in_wilaya,"[""stop""]",,stop_position
osm-node-5394374638,Cité 138 Logements,Cité 138 Logements,,16,,,36.802617,2.924131,exact,osm_node,osm,"{""osm"":""node/5394374638""}",node,5394374638,"[""etusa""]","[""etusa-99""]",point_in_wilaya,"[""platform""]",bus_stop,platform
osm-node-5394374639,CEM Abdelhamid Ben Badis,CEM Abdelhamid Ben Badis,,16,,,36.802252,2.919186,exact,osm_node,osm,"{""osm"":""node/5394374639""}",node,5394374639,"[""etusa""]","[""etusa-99""]",point_in_wilaya,"[""stop""]",,stop_position
osm-node-5394374640,CEM Abdelhamid Ben Badis,CEM Abdelhamid Ben Badis,,16,,,36.802305,2.919174,exact,osm_node,osm,"{""osm"":""node/5394374640""}",node,5394374640,"[""etusa""]","[""etusa-707"",""etusa-99""]",point_in_wilaya,"[""platform""]",bus_stop,platform
osm-node-5396439165,École Mohamed Baaziz,École Mohamed Baaziz,,16,,,36.789022,3.015795,exact,osm_node,osm,"{""osm"":""node/5396439165""}",node,5396439165,"[""etusa""]","[""etusa-10""]",point_in_wilaya,"[""platform""]",bus_stop,platform
osm-node-5396439166,École Mohamed Baaziz,École Mohamed Baaziz,,16,,,36.784623,3.013047,exact,osm_node,osm,"{""osm"":""node/5396439166""}",node,5396439166,"[""etusa""]","[""etusa-10""]",point_in_wilaya,"[""stop""]",,stop_position
osm-node-5396439167,مناخ فرنسا,Air de France,مناخ فرنسا,16,,,36.780172,3.010352,exact,osm_node,osm,"{""osm"":""node/5396439167""}",node,5396439167,"[""etusa""]","[""etusa-10""]",point_in_wilaya,"[""stop""]",,stop_position
osm-node-5396439168,Pascale,,,16,,,36.777021,3.010699,exact,osm_node,osm,"{""osm"":""node/5396439168""}",node,5396439168,"[""etusa""]","[""etusa-10""]",point_in_wilaya,"[""stop""]",,stop_position
osm-node-5396439169,,,,16,,,36.771965,3.010993,exact,osm_node,osm,"{""osm"":""node/5396439169""}",node,5396439169,"[""etusa""]","[""etusa-10""]",point_in_wilaya,"[""stop""]",,stop_position
osm-node-5396439170,,,,16,,,36.771923,3.011091,exact,osm_node,osm,"{""osm"":""node/5396439170""}",node,5396439170,"[""etusa""]","[""etusa-10""]",point_in_wilaya,"[""platform""]",bus_stop,platform
osm-node-5396439171,Chevalley,,شوفالي,16,,,36.769332,3.009791,exact,osm_node,osm,"{""osm"":""node/5396439171""}",node,5396439171,"[""etusa""]","[""etusa-10""]",point_in_wilaya,"[""stop""]",,stop_position
osm-node-5396439172,Cité Gai Soleil,Cité Gai Soleil,,16,,,36.768731,3.013276,exact,osm_node,osm,"{""osm"":""node/5396439172""}",node,5396439172,"[""etusa""]","[""etusa-10""]",point_in_wilaya,"[""stop""]",,stop_position
osm-node-5396439173,CIté Gai Soleil,,,16,,,36.768807,3.013304,exact,osm_node,osm,"{""osm"":""node/5396439173""}",node,5396439173,"[""etusa""]","[""etusa-10""]",point_in_wilaya,"[""platform""]",bus_stop,platform
osm-node-5396439175,Boulevard Bougara,,,16,,,36.76654,3.036235,exact,osm_node,osm,"{""osm"":""node/5396439175""}",node,5396439175,"[""etusa""]","[""etusa-10""]",point_in_wilaya,"[""stop""]",bus_stop,platform
osm-node-5396439176,Jardin Tunis,,حديقة تونس,16,,,36.765181,3.0394,exact,osm_node,osm,"{""osm"":""node/5396439176""}",node,5396439176,"[""etusa""]","[""etusa-10""]",point_in_wilaya,"[""stop""]",,stop_position
osm-node-5396439177,Rochelle,,,16,,,36.760651,3.042484,exact,osm_node,osm,"{""osm"":""node/5396439177""}",node,5396439177,"[""etusa""]","[""etusa-10""]",point_in_wilaya,"[""stop""]",,stop_position
osm-node-5396439178,CNR,,,16,,,36.758577,3.042532,exact,osm_node,osm,"{""osm"":""node/5396439178""}",node,5396439178,"[""etusa""]","[""etusa-10""]",point_in_wilaya,"[""stop""]",,stop_position
osm-node-5396467516,Rochelle,,,16,,,36.760654,3.042413,exact,osm_node,osm,"{""osm"":""node/5396467516""}",node,5396467516,"[""etusa""]","[""etusa-10""]",point_in_wilaya,"[""platform""]",bus_stop,platform
osm-node-5396467517,El Biar,,,16,,,36.768018,3.032575,exact,osm_node,osm,"{""osm"":""node/5396467517""}",node,5396467517,"[""etusa""]","[""etusa-10""]",point_in_wilaya,"[""platform""]",bus_stop,platform
osm-node-5396467518,Châteauneuf,Châteauneuf,,16,,,36.768735,3.021588,exact,osm_node,osm,"{""osm"":""node/5396467518""}",node,5396467518,"[""etusa""]","[""etusa-10""]",point_in_wilaya,"[""stop""]",,stop_position
osm-node-5396467519,Cité Gai Soleil,,,16,,,36.768602,3.013329,exact,osm_node,osm,"{""osm"":""node/5396467519""}",node,5396467519,"[""etusa""]","[""etusa-10""]",point_in_wilaya,"[""platform""]",bus_stop,platform
osm-node-5396467520,,,,16,,,36.771974,3.010865,exact,osm_node,osm,"{""osm"":""node/5396467520""}",node,5396467520,"[""etusa""]","[""etusa-10""]",point_in_wilaya,"[""platform""]",bus_stop,platform
osm-node-5396471021,Pascale,,,16,,,36.776999,3.010664,exact,osm_node,osm,"{""osm"":""node/5396471021""}",node,5396471021,"[""etusa""]","[""etusa-10""]",point_in_wilaya,"[""platform""]",bus_stop,platform
osm-node-5396471022,مناخ فرنسا,Air de France,مناخ فرنسا,16,,,36.780259,3.010361,exact,osm_node,osm,"{""osm"":""node/5396471022""}",node,5396471022,"[""etusa""]","[""etusa-10""]",point_in_wilaya,"[""platform""]",bus_stop,platform
osm-node-5396471023,École Mohamed Baaziz,École Mohamed Baaziz,,16,,,36.784649,3.013017,exact,osm_node,osm,"{""osm"":""node/5396471023""}",node,5396471023,"[""etusa""]","[""etusa-10""]",point_in_wilaya,"[""platform""]",bus_stop,platform
osm-node-5396471024,École Mohamed Baaziz,École Mohamed Baaziz,,16,,,36.789154,3.015819,exact,osm_node,osm,"{""osm"":""node/5396471024""}",node,5396471024,"[""etusa""]","[""etusa-10""]",point_in_wilaya,"[""stop""]",,stop_position
osm-node-5397813379,AIN ALLAH STATION DE BUS,,,16,,,36.74754,2.994333,exact,osm_node,osm,"{""osm"":""node/5397813379""}",node,5397813379,"[""etusa""]","[""etusa-731""]",point_in_wilaya,"[""stop""]",,stop_position
osm-node-5397813380,Nouvelle cité 11 décembre 1960,,,16,,,36.697348,2.867273,exact,osm_node,osm,"{""osm"":""node/5397813380""}",node,5397813380,"[""etusa""]","[""etusa-731"",""etusa-732""]",point_in_wilaya,"[""platform""]",bus_stop,platform
osm-node-5397813381,PLACE 11 DECEMBRE 1960,,,16,,,36.683783,2.878708,exact,osm_node,osm,"{""osm"":""node/5397813381""}",node,5397813381,"[""etusa""]","[""etusa-731"",""etusa-732""]",point_in_wilaya,"[""platform""]",bus_stop,platform
osm-node-5397813382,CITE UNIVERSITAIRE,,,16,,,36.690395,2.87079,exact,osm_node,osm,"{""osm"":""node/5397813382""}",node,5397813382,"[""etusa""]","[""etusa-731"",""etusa-732""]",point_in_wilaya,"[""platform""]",bus_stop,platform
osm-node-5397813383,Centre cynégétique de Zéralda,Centre cynégétique de Zéralda,,16,,,36.700706,2.857934,exact,osm_node,osm,"{""osm"":""node/5397813383""}",node,5397813383,"[""etusa""]","[""etusa-732""]",point_in_wilaya,"[""stop""]",,stop_position
osm-node-5397813384,Centre cynégétique de Zéralda,Centre cynégétique de Zéralda,,16,,,36.700967,2.858141,exact,osm_node,osm,"{""osm"":""node/5397813384""}",node,5397813384,"[""etusa""]","[""etusa-731"",""etusa-732""]",point_in_wilaya,"[""platform""]",bus_stop,platform
osm-node-5397813385,Mahelma,Mahelma,,16,,,36.682106,2.877788,exact,osm_node,osm,"{""osm"":""node/5397813385""}",node,5397813385,"[""etusa""]","[""etusa-731"",""etusa-732""]",point_in_wilaya,"[""stop""]",,stop_position
osm-node-5397813386,MAHELMA,,,16,,,36.682043,2.877939,exact,osm_node,osm,"{""osm"":""node/5397813386""}",node,5397813386,"[""etusa""]","[""etusa-731"",""etusa-732""]",point_in_wilaya,"[""platform""]",bus_stop,platform
osm-node-5397813387,Mosquée Okba Ibn Nafaa,Mosquée Okba Ibn Nafaa,,16,,,36.677803,2.880738,exact,osm_node,osm,"{""osm"":""node/5397813387""}",node,5397813387,"[""etusa""]","[""etusa-731"",""etusa-732""]",point_in_wilaya,"[""stop""]",,stop_position
osm-node-5397813388,Mosquée Okba Ibn Nafaa,Mosquée Okba Ibn Nafaa,,16,,,36.677849,2.880658,exact,osm_node,osm,"{""osm"":""node/5397813388""}",node,5397813388,"[""etusa""]","[""etusa-731"",""etusa-732""]",point_in_wilaya,"[""platform""]",bus_stop,platform
osm-node-5397813389,Cité AADL Sidi Abdellah,Cité AADL Sidi Abdellah,,16,,,36.674976,2.885433,exact,osm_node,osm,"{""osm"":""node/5397813389""}",node,5397813389,"[""etusa""]","[""etusa-731"",""etusa-732""]",point_in_wilaya,"[""stop""]",,stop_position
osm-node-5397813390,CITE AADL SIDI ABD ALLAH,,,16,,,36.675063,2.885409,exact,osm_node,osm,"{""osm"":""node/5397813390""}",node,5397813390,"[""etusa""]","[""etusa-731"",""etusa-732""]",point_in_wilaya,"[""platform""]",bus_stop,platform
osm-node-5397813391,SIDI ABD ALLAH,Sidi Abdellah,,16,,,36.673385,2.891137,exact,osm_node,osm,"{""osm"":""node/5397813391""}",node,5397813391,"[""etusa""]","[""etusa-731"",""etusa-732""]",point_in_wilaya,"[""stop_entry_only"",""stop_exit_only""]",,stop_position
osm-node-5397854228,CITE AADL SIDI ABD ALLAH,,,16,,,36.67474,2.885632,exact,osm_node,osm,"{""osm"":""node/5397854228""}",node,5397854228,"[""etusa""]","[""etusa-731"",""etusa-732""]",point_in_wilaya,"[""platform""]",bus_stop,platform
osm-node-5397854229,Mosquée Okba Ibn Nafaa,Mosquée Okba Ibn Nafaa,,16,,,36.677663,2.880489,exact,osm_node,osm,"{""osm"":""node/5397854229""}",node,5397854229,"[""etusa""]","[""etusa-731"",""etusa-732""]",point_in_wilaya,"[""platform""]",bus_stop,platform
osm-node-5397854230,MAHELMA,,,16,,,36.681959,2.877643,exact,osm_node,osm,"{""osm"":""node/5397854230""}",node,5397854230,"[""etusa""]","[""etusa-731"",""etusa-732""]",point_in_wilaya,"[""platform""]",bus_stop,platform
osm-node-5397854231,PLACE 11 DECEMBRE 1960,,,16,,,36.683933,2.878472,exact,osm_node,osm,"{""osm"":""node/5397854231""}",node,5397854231,"[""etusa""]","[""etusa-731"",""etusa-732""]",point_in_wilaya,"[""platform""]",bus_stop,platform
osm-node-5397854232,CITE UNIVERSITAIRE,,,16,,,36.690248,2.870508,exact,osm_node,osm,"{""osm"":""node/5397854232""}",node,5397854232,"[""etusa""]","[""etusa-731"",""etusa-732""]",point_in_wilaya,"[""platform""]",bus_stop,platform
osm-node-5397854233,Nouvelle cité 11 décembre 1960,,,16,,,36.696438,2.868059,exact,osm_node,osm,"{""osm"":""node/5397854233""}",node,5397854233,"[""etusa""]","[""etusa-731"",""etusa-732""]",point_in_wilaya,"[""platform""]",bus_stop,platform
osm-node-5397854235,HAÏ EL BINA,,,16,,,36.760348,2.987192,exact,osm_node,osm,"{""osm"":""node/5397854235""}",node,5397854235,"[""etusa""]","[""etusa-731""]",point_in_wilaya,"[""platform""]",bus_stop,platform
osm-node-5398740336,RUE KACI AMEUR,,,16,,,36.752923,2.889656,exact,osm_node,osm,"{""osm"":""node/5398740336""}",node,5398740336,"[""etusa""]","[""etusa-701""]",point_in_wilaya,"[""platform""]",bus_stop,platform
osm-node-5398740337,BOUCHAOUI POLYCLINIQUE,,,16,,,36.744782,2.915148,exact,osm_node,osm,"{""osm"":""node/5398740337""}",node,5398740337,"[""etusa""]","[""etusa-701""]",point_in_wilaya,"[""platform""]",bus_stop,platform
osm-node-5398740338,BOUCHAOUI MOSQUEE EN-NASR,,,16,,,36.742908,2.909679,exact,osm_node,osm,"{""osm"":""node/5398740338""}",node,5398740338,"[""etusa""]","[""etusa-701""]",point_in_wilaya,"[""platform""]",bus_stop,platform
osm-node-5398740339,CITE MAURIACE - STAOUELI -,,,16,,,36.750209,2.89357,exact,osm_node,osm,"{""osm"":""node/5398740339""}",node,5398740339,"[""etusa""]","[""etusa-701""]",point_in_wilaya,"[""platform""]",bus_stop,platform
osm-node-5398740340,CEM LES FRERES BOUDOUARA,,,16,,,36.751518,2.891073,exact,osm_node,osm,"{""osm"":""node/5398740340""}",node,5398740340,"[""etusa""]","[""etusa-701""]",point_in_wilaya,"[""platform""]",bus_stop,platform
osm-node-5398740342,CITE FELLAG MOHAMED ( MIMOSA),,,16,,,36.745526,2.882777,exact,osm_node,osm,"{""osm"":""node/5398740342""}",node,5398740342,"[""etusa""]","[""etusa-701"",""etusa-744""]",point_in_wilaya,"[""platform""]",bus_stop,platform
osm-node-5398740343,RESIDENCE EL BARAKA,,,16,,,36.740832,2.87649,exact,osm_node,osm,"{""osm"":""node/5398740343""}",node,5398740343,"[""etusa""]","[""etusa-701"",""etusa-744""]",point_in_wilaya,"[""platform""]",bus_stop,platform
osm-node-5398740344,LA BRIDJA البريجة,LA BRIDJA,البريجة,16,,,36.742082,2.871042,exact,osm_node,osm,"{""osm"":""node/5398740344""}",node,5398740344,"[""etusa""]","[""etusa-701"",""etusa-744""]",point_in_wilaya,"[""platform""]",bus_stop,platform
osm-node-5398740345,PALM BEACH,,,16,,,36.741966,2.868228,exact,osm_node,osm,"{""osm"":""node/5398740345""}",node,5398740345,"[""etusa""]","[""etusa-701"",""etusa-744""]",point_in_wilaya,"[""platform""]",bus_stop,platform
osm-node-5398740346,COMPLEXE TOURISTIQUE,,,16,,,36.71886,2.841041,exact,osm_node,osm,"{""osm"":""node/5398740346""}",node,5398740346,"[""etusa""]","[""etusa-701"",""etusa-744""]",point_in_wilaya,"[""platform""]",bus_stop,platform
osm-node-5398740347,Zéralda - Protection civile,Zéralda - Protection civile,,16,,,36.719544,2.850086,exact,osm_node,osm,"{""osm"":""node/5398740347""}",node,5398740347,"[""etusa""]","[""etusa-701"",""etusa-744""]",point_in_wilaya,"[""platform""]",bus_stop,platform
osm-node-5398740349,Gare Routière de Zéralda,,,16,,,36.71294,2.834557,exact,osm_node,osm,"{""osm"":""node/5398740349""}",node,5398740349,"[""etusa""]","[""etusa-701"",""etusa-744""]",point_in_wilaya,"[""stop_entry_only"",""stop_exit_only""]",,stop_position
osm-node-5398805089,COMPLEXE TOURISTIQUE,,,16,,,36.719427,2.841522,exact,osm_node,osm,"{""osm"":""node/5398805089""}",node,5398805089,"[""etusa""]","[""etusa-701""]",point_in_wilaya,"[""platform""]",bus_stop,platform
osm-node-5398805090,Zéralda Protection Civile,,,16,,,36.719412,2.849673,exact,osm_node,osm,"{""osm"":""node/5398805090""}",node,5398805090,"[""etusa""]","[""etusa-701""]",point_in_wilaya,"[""platform""]",bus_stop,platform
osm-node-5398805091,Azure Plage,,,16,,,36.727163,2.854133,exact,osm_node,osm,"{""osm"":""node/5398805091""}",node,5398805091,"[""etusa""]","[""etusa-701""]",point_in_wilaya,"[""platform""]",bus_stop,platform
osm-node-5398805092,DOMAINE HADJERI AHMED,,,16,,,36.740367,2.866402,exact,osm_node,osm,"{""osm"":""node/5398805092""}",node,5398805092,"[""etusa""]","[""etusa-701""]",point_in_wilaya,"[""platform""]",bus_stop,platform
osm-node-5398805093,Palm Beach,,,16,,,36.741567,2.867645,exact,osm_node,osm,"{""osm"":""node/5398805093""}",node,5398805093,"[""etusa""]","[""etusa-701""]",point_in_wilaya,"[""platform""]",bus_stop,platform
osm-node-5398805094,LA BRIDJA,,,16,,,36.741913,2.871726,exact,osm_node,osm,"{""osm"":""node/5398805094""}",node,5398805094,"[""etusa""]","[""etusa-701""]",point_in_wilaya,"[""platform""]",bus_stop,platform
osm-node-5398805095,POLYCLINIQUE PHTISIOLOGIE,,,16,,,36.75294,2.88983,exact,osm_node,osm,"{""osm"":""node/5398805095""}",node,5398805095,"[""etusa""]","[""etusa-701""]",point_in_wilaya,"[""platform""]",bus_stop,platform
osm-node-5398805096,CEM LES FRERES BOUDOUARA,,,16,,,36.751601,2.891282,exact,osm_node,osm,"{""osm"":""node/5398805096""}",node,5398805096,"[""etusa""]","[""etusa-701""]",point_in_wilaya,"[""platform""]",bus_stop,platform
osm-node-5398805097,BOUCHAOUI MOSQUEE EN-NASR,,,16,,,36.743008,2.909668,exact,osm_node,osm,"{""osm"":""node/5398805097""}",node,5398805097,"[""etusa""]","[""etusa-701""]",point_in_wilaya,"[""platform""]",bus_stop,platform
osm-node-5398805098,CITE MAURIACE - STAOUELI -,,,16,,,36.750264,2.893744,exact,osm_node,osm,"{""osm"":""node/5398805098""}",node,5398805098,"[""etusa""]","[""etusa-701""]",point_in_wilaya,"[""platform""]",bus_stop,platform
osm-node-5398805099,Résidence El Baraka,,,16,,,36.741053,2.876371,exact,osm_node,osm,"{""osm"":""node/5398805099""}",node,5398805099,"[""etusa""]","[""etusa-701""]",point_in_wilaya,"[""platform""]",bus_stop,platform
osm-node-5398805100,CITE FELLAG MOHAMED ( MIMOSA),,,16,,,36.74562,2.882651,exact,osm_node,osm,"{""osm"":""node/5398805100""}",node,5398805100,"[""etusa""]","[""etusa-701""]",point_in_wilaya,"[""platform""]",bus_stop,platform
osm-node-5398805101,Polyclinique de Bouchaoui,Polyclinique de Bouchaoui,,16,,,36.744842,2.915112,exact,osm_node,osm,"{""osm"":""node/5398805101""}",node,5398805101,"[""etusa""]","[""etusa-701""]",point_in_wilaya,"[""stop""]",,stop_position
osm-node-5398805102,BOUCHAOUI POLYCLINIQUE,,,16,,,36.744871,2.915093,exact,osm_node,osm,"{""osm"":""node/5398805102""}",node,5398805102,"[""etusa""]","[""etusa-701""]",point_in_wilaya,"[""platform""]",bus_stop,platform
osm-node-5399926681,SOUACHETTE,,,16,,,36.744249,3.252275,exact,osm_node,osm,"{""osm"":""node/5399926681""}",node,5399926681,"[""etusa""]","[""etusa-601""]",point_in_wilaya,"[""platform""]",bus_stop,platform
osm-node-5399926682,CITE 1540 Logts,,حي 1540 مسكن,16,,,36.756634,3.249563,exact,osm_node,osm,"{""osm"":""node/5399926682""}",node,5399926682,"[""etusa""]","[""etusa-601""]",point_in_wilaya,"[""platform""]",bus_stop,platform
osm-node-5399926683,DOUAR BEN ZIANE,,دوار بن زيان,16,,,36.761244,3.24838,exact,osm_node,osm,"{""osm"":""node/5399926683""}",node,5399926683,"[""etusa""]","[""etusa-601""]",point_in_wilaya,"[""platform""]",bus_stop,platform
osm-node-5399926685,STATION SERVICES,,محطات الخدمة الحراقة,16,,,36.767993,3.249885,exact,osm_node,osm,"{""osm"":""node/5399926685""}",node,5399926685,"[""etusa""]","[""etusa-601""]",point_in_wilaya,"[""platform""]",bus_stop,platform
osm-node-5399926686,Gare Routiére - Café Chergui -,,محطة الحافلات - قهوة شرقي,16,,,36.776703,3.250883,exact,osm_node,osm,"{""osm"":""node/5399926686""}",node,5399926686,"[""etusa""]","[""etusa-601""]",point_in_wilaya,"[""stop""]",,stop_position
osm-node-5399926687,محطة الحافلات - قهوة شرقي,Gare Routiére - Café Chergui -,محطة الحافلات - قهوة شرقي,16,,,36.776686,3.250827,exact,osm_node,osm,"{""osm"":""node/5399926687""}",node,5399926687,"[""etusa""]","[""etusa-601""]",point_in_wilaya,"[""platform""]",bus_stop,platform
osm-node-5399926688,DERGANA,,درقانة,16,,,36.772282,3.260091,exact,osm_node,osm,"{""osm"":""node/5399926688""}",node,5399926688,"[""etusa""]","[""etusa-601"",""etusa-606""]",point_in_wilaya,"[""stop"",""stop_entry_only"",""stop_exit_only""]",,stop_position
osm-node-5399926689,STATION 2 MAI,,محطة 2 مايو,16,,,36.764754,3.059048,exact,osm_node,osm,"{""osm"":""node/5399926689""}",node,5399926689,"[""etusa""]","[""etusa-601""]",point_in_wilaya,"[""stop_exit_only""]",,stop_position
osm-node-5399926690,STATION 1 MAI,,محطة 2 مايو,16,,,36.764782,3.059022,exact,osm_node,osm,"{""osm"":""node/5399926690""}",node,5399926690,"[""etusa""]","[""etusa-601""]",point_in_wilaya,"[""platform_exit_only""]",,station
osm-node-5399987377,Lycée Diplomatique Dergana,,,16,,,36.777713,3.262929,exact,osm_node,osm,"{""osm"":""node/5399987377""}",node,5399987377,"[""etusa""]","[""etusa-606"",""etusa-L615""]",point_in_wilaya,"[""platform""]",bus_stop,platform
osm-node-5399987378,Café Chergui,,قهوة شرقي,16,,,36.778061,3.25029,exact,osm_node,osm,"{""osm"":""node/5399987378""}",node,5399987378,"[""etusa""]","[""etusa-606"",""etusa-L615""]",point_in_wilaya,"[""platform""]",bus_stop,platform
osm-node-5399987379,برج البحري,BORDJ EL BAHRI,برج البحري,16,,,36.789491,3.249942,exact,osm_node,osm,"{""osm"":""node/5399987379""}",node,5399987379,"[""etusa""]","[""etusa-606"",""etusa-L615""]",point_in_wilaya,"[""platform""]",bus_stop,platform
osm-node-5399987380,مسجد البشير الإبراهيمي,MOSQUEE EL BACHIR EL IBRAHIMI,مسجد البشير الإبراهيمي,16,,,36.793035,3.250298,exact,osm_node,osm,"{""osm"":""node/5399987380""}",node,5399987380,"[""etusa""]","[""etusa-606"",""etusa-L615""]",point_in_wilaya,"[""platform""]",bus_stop,platform
osm-node-5399987381,Les Castors,,,16,,,36.803506,3.258142,exact,osm_node,osm,"{""osm"":""node/5399987381""}",node,5399987381,"[""etusa""]","[""etusa-606"",""etusa-L615""]",point_in_wilaya,"[""platform""]",bus_stop,platform
osm-node-5399987382,Zerzouria,,,16,,,36.802451,3.263047,exact,osm_node,osm,"{""osm"":""node/5399987382""}",node,5399987382,"[""etusa""]","[""etusa-606"",""etusa-L615""]",point_in_wilaya,"[""platform""]",bus_stop,platform
osm-node-5399987383,Boussekloul,,بوسقلول,16,,,36.800306,3.266501,exact,osm_node,osm,"{""osm"":""node/5399987383""}",node,5399987383,"[""etusa""]","[""etusa-606"",""etusa-L615""]",point_in_wilaya,"[""platform""]",bus_stop,platform
osm-node-5399987384,Carrefour El Marsa,,,16,,,36.803954,3.251607,exact,osm_node,osm,"{""osm"":""node/5399987384""}",node,5399987384,"[""etusa""]","[""etusa-606"",""etusa-L615""]",point_in_wilaya,"[""platform""]",bus_stop,platform
osm-node-5399987385,Bibliothèque Communale,École Ben Badis,مدرسة بن باديس,16,,,36.793065,3.287117,exact,osm_node,osm,"{""osm"":""node/5399987385""}",node,5399987385,"[""etusa""]","[""etusa-606"",""etusa-L615""]",point_in_wilaya,"[""platform""]",bus_stop,platform
osm-node-5399987386,Aïn Taya,Aïn Taya,عين طاية,16,,,36.792911,3.292925,exact,osm_node,osm,"{""osm"":""node/5399987386""}",node,5399987386,"[""etusa""]","[""etusa-606""]",point_in_wilaya,"[""stop"",""stop_exit_only""]",,stop_position
osm-node-5399987388,Lycée Tarik Ibn Ziad,,,16,,,36.796261,3.282222,exact,osm_node,osm,"{""osm"":""node/5399987388""}",node,5399987388,"[""etusa""]","[""etusa-606"",""etusa-L615""]",point_in_wilaya,"[""platform""]",bus_stop,platform
osm-node-5400070055,Lycée Bouamama,,,16,,,36.750163,3.049552,exact,osm_node,osm,"{""osm"":""node/5400070055""}",node,5400070055,"[""etusa""]","[""etusa-16""]",point_in_wilaya,"[""platform""]",bus_stop,platform
osm-node-5400072357,Sup,,,16,,,36.760864,3.048963,exact,osm_node,osm,"{""osm"":""node/5400072357""}",node,5400072357,"[""etusa""]","[""etusa-16""]",point_in_wilaya,"[""platform""]",bus_stop,platform
osm-node-5400891416,Aïn Benian - Gare routière,Aïn Benian - Gare routière,,16,,,36.80177,2.910338,exact,osm_node,osm,"{""osm"":""node/5400891416""}",node,5400891416,"[""etusa""]","[""etusa-99""]",point_in_wilaya,"[""stop_exit_only""]",,stop_position
osm-node-5400906393,Bouzareah,Bouzareah,,16,,,36.790209,3.01721,exact,osm_node,osm,"{""osm"":""node/5400906393""}",node,5400906393,"[""etusa""]","[""etusa-10"",""etusa-45""]",point_in_wilaya,"[""stop_entry_only"",""stop_exit_only""]",,stop_position
osm-node-5400974163,Oukba,Oukba,عقبة,16,,,36.789114,3.056,approximate,osm_node,osm,"{""osm"":""node/5400974163""}",node,5400974163,"[""etusa""]","[""etusa-45""]",point_in_wilaya,"[""stop""]",,stop_position
osm-node-5400974164,El Kettar,El Kettar,,16,,,36.785686,3.047449,exact,osm_node,osm,"{""osm"":""node/5400974164""}",node,5400974164,"[""etusa""]","[""etusa-45"",""etusa-46""]",point_in_wilaya,"[""platform""]",bus_stop,platform
osm-node-5400974165,Secouto,Secouto,,16,,,36.785429,3.042624,exact,osm_node,osm,"{""osm"":""node/5400974165""}",node,5400974165,"[""etusa""]","[""etusa-45"",""etusa-58""]",point_in_wilaya,"[""platform""]",bus_stop,platform
osm-node-5400974166,Sekoto,Secouto,,16,,,36.785431,3.0429,exact,osm_node,osm,"{""osm"":""node/5400974166""}",node,5400974166,"[""etusa""]","[""etusa-45"",""etusa-58""]",point_in_wilaya,"[""platform""]",bus_stop,platform
osm-node-5400974167,Les Pompiers,Les Pompiers,,16,,,36.781378,3.040917,exact,osm_node,osm,"{""osm"":""node/5400974167""}",node,5400974167,"[""etusa""]","[""etusa-45"",""etusa-58""]",point_in_wilaya,"[""platform""]",bus_stop,platform
osm-node-5400974168,Reber,Reber,,16,,,36.774958,3.025135,exact,osm_node,osm,"{""osm"":""node/5400974168""}",node,5400974168,"[""etusa""]","[""etusa-45""]",point_in_wilaya,"[""stop""]",,stop_position
osm-node-5400974169,Reber,Reber,,16,,,36.775325,3.021236,exact,osm_node,osm,"{""osm"":""node/5400974169""}",node,5400974169,"[""etusa""]","[""etusa-45""]",point_in_wilaya,"[""stop""]",,stop_position
osm-node-5400974170,Baranes Triouli,Baranes Triouli,,16,,,36.776731,3.016545,exact,osm_node,osm,"{""osm"":""node/5400974170""}",node,5400974170,"[""etusa""]","[""etusa-45""]",point_in_wilaya,"[""stop""]",,stop_position
osm-node-5400974171,Quatre saisons,Quatre Saisons,,16,,,36.780134,3.016321,exact,osm_node,osm,"{""osm"":""node/5400974171""}",node,5400974171,"[""etusa""]","[""etusa-45""]",point_in_wilaya,"[""stop""]",,stop_position
osm-node-5400974172,Bouzaréah - Départ ETUSA,Bouzaréah - Départ ETUSA,,16,,,36.789963,3.017463,exact,osm_node,osm,"{""osm"":""node/5400974172""}",node,5400974172,"[""etusa""]","[""etusa-45""]",point_in_wilaya,"[""stop_entry_only""]",,stop_position
osm-node-5401247688,El Alia,El Alia,,16,,,36.787512,3.016848,exact,osm_node,osm,"{""osm"":""node/5401247688""}",node,5401247688,"[""etusa""]","[""etusa-45""]",point_in_wilaya,"[""stop""]",,stop_position
osm-node-5401287971,Reber bouzareah,Reber,,16,,,36.77529,3.021029,exact,osm_node,osm,"{""osm"":""node/5401287971""}",node,5401287971,"[""etusa""]","[""etusa-45""]",point_in_wilaya,"[""stop""]",,stop_position
osm-node-5401287972,El Kettar,El Kettar,,16,,,36.785904,3.048053,exact,osm_node,osm,"{""osm"":""node/5401287972""}",node,5401287972,"[""etusa""]","[""etusa-45"",""etusa-46""]",point_in_wilaya,"[""platform""]",bus_stop,platform
osm-node-5401287974,Lycée Okba,Lycée Okba,ثانوية عقبة,16,,,36.789663,3.058647,exact,osm_node,osm,"{""osm"":""node/5401287974""}",node,5401287974,"[""etusa""]","[""etusa-45"",""etusa-46"",""etusa-50""]",point_in_wilaya,"[""platform""]",bus_stop,platform
osm-node-5401296403,Bazita,Bazita,,16,,,36.790138,3.047585,exact,osm_node,osm,"{""osm"":""node/5401296403""}",node,5401296403,"[""etusa""]","[""etusa-58""]",point_in_wilaya,"[""platform"",""platform_entry_only""]",bus_stop,platform
osm-node-5401296404,Hôpital Maillot,Hôpital Maillot,,16,,,36.793225,3.050279,exact,osm_node,osm,"{""osm"":""node/5401296404""}",node,5401296404,"[""etusa""]","[""etusa-58""]",point_in_wilaya,"[""platform""]",bus_stop,platform
osm-node-5401302839,Place Ferhani,Place Ferhani,,16,,,36.793466,3.05347,exact,osm_node,osm,"{""osm"":""node/5401302839""}",node,5401302839,"[""etusa""]","[""etusa-12"",""etusa-58"",""etusa-98""]",point_in_wilaya,"[""platform"",""platform_entry_only""]",bus_stop,platform
osm-node-5401635256,Bir Mourad Raïs,,بئر مراد رايس,16,,,36.740149,3.049528,exact,osm_node,osm,"{""osm"":""node/5401635256""}",node,5401635256,"[""etusa""]","[""etusa-14""]",point_in_wilaya,"[""stop""]",,stop_position
osm-node-5401672622,,,,16,,,36.750867,3.054576,exact,osm_node,osm,"{""osm"":""node/5401672622""}",node,5401672622,"[""etusa""]","[""etusa-16""]",point_in_wilaya,"[""stop""]",,stop_position
osm-node-5401672623,,,,16,,,36.746685,3.06444,exact,osm_node,osm,"{""osm"":""node/5401672623""}",node,5401672623,"[""etusa""]","[""etusa-16""]",point_in_wilaya,"[""stop""]",,stop_position
osm-node-5401672624,,,,16,,,36.746643,3.064536,exact,osm_node,osm,"{""osm"":""node/5401672624""}",node,5401672624,"[""etusa""]","[""etusa-16""]",point_in_wilaya,"[""platform""]",bus_stop,platform
osm-node-5401672625,,,,16,,,36.746703,3.064322,exact,osm_node,osm,"{""osm"":""node/5401672625""}",node,5401672625,"[""etusa""]","[""etusa-16""]",point_in_wilaya,"[""stop""]",,stop_position
osm-node-5401672626,El Mouradia,,,16,,,36.74766,3.050675,exact,osm_node,osm,"{""osm"":""node/5401672626""}",node,5401672626,"[""etusa""]","[""etusa-16""]",point_in_wilaya,"[""platform""]",bus_stop,platform
osm-node-5401672627,Descartes ديكارت,Descartes,ديكارت,16,,,36.749204,3.050798,exact,osm_node,osm,"{""osm"":""node/5401672627""}",node,5401672627,"[""etusa""]","[""etusa-16""]",point_in_wilaya,"[""stop""]",,stop_position
osm-node-5401672628,Lycée Bouamama,,,16,,,36.750191,3.049531,exact,osm_node,osm,"{""osm"":""node/5401672628""}",node,5401672628,"[""etusa""]","[""etusa-16""]",point_in_wilaya,"[""stop""]",,stop_position
osm-node-5401672629,Sup,,,16,,,36.760839,3.04893,exact,osm_node,osm,"{""osm"":""node/5401672629""}",node,5401672629,"[""etusa""]","[""etusa-16""]",point_in_wilaya,"[""stop""]",,stop_position
osm-node-5422040731,GARE ROUTIERE DE BARAKI,,,16,,,36.672917,3.085858,exact,osm_node,osm,"{""osm"":""node/5422040731""}",node,5422040731,"[""etusa""]","[""etusa-105"",""etusa-643"",""etusa-D105""]",point_in_wilaya,"[""stop_entry_only"",""stop_exit_only""]",,stop_position
osm-node-5437109960,FITAL,,,16,,,36.724593,3.169213,exact,osm_node,osm,"{""osm"":""node/5437109960""}",node,5437109960,"[""etusa""]","[""etusa-19"",""etusa-72"",""etusa-98""]",point_in_wilaya,"[""platform""]",bus_stop,platform
osm-node-5437110039,FITAL,,,16,,,36.724437,3.169375,exact,osm_node,osm,"{""osm"":""node/5437110039""}",node,5437110039,"[""etusa""]","[""etusa-72"",""etusa-98""]",point_in_wilaya,"[""platform""]",bus_stop,platform
osm-node-5442278723,حي 5 جويلية,Cité 5 juillet,حي 5 جويلية,16,,,36.721385,3.183245,exact,osm_node,osm,"{""osm"":""node/5442278723""}",node,5442278723,"[""etusa""]","[""etusa-19""]",point_in_wilaya,"[""stop""]",,stop_position
osm-node-5442397048,المحمدية,El Mohammadia,المحمدية,16,,,36.728249,3.142932,exact,osm_node,osm,"{""osm"":""node/5442397048""}",node,5442397048,"[""etusa""]","[""etusa-19"",""etusa-72"",""etusa-98""]",point_in_wilaya,"[""platform""]",bus_stop,platform
osm-node-5442397049,El Alia,,العالية,16,,,36.723971,3.162995,exact,osm_node,osm,"{""osm"":""node/5442397049""}",node,5442397049,"[""etusa""]","[""etusa-19"",""etusa-72"",""etusa-98""]",point_in_wilaya,"[""platform""]",bus_stop,platform
osm-node-5442397050,CITE RABIA TAHAR,,,16,,,36.725824,3.181217,exact,osm_node,osm,"{""osm"":""node/5442397050""}",node,5442397050,"[""etusa""]","[""etusa-19"",""etusa-72"",""etusa-98""]",point_in_wilaya,"[""platform""]",bus_stop,platform
osm-node-5445150271,Aïn Benian - Gare routière,Aïn Benian - Gare routière,,16,,,36.801857,2.910237,exact,osm_node,osm,"{""osm"":""node/5445150271""}",node,5445150271,"[""etusa""]","[""etusa-707""]",point_in_wilaya,"[""platform""]",bus_stop,platform
osm-node-544525403,قريدي 1,Garidi 1,قريدي 1,16,,,36.72891,3.06952,exact,osm_node,osm,"{""osm"":""node/544525403""}",node,544525403,"[""etusa""]","[""etusa-18""]",point_in_wilaya,"[""platform""]",bus_stop,platform
osm-node-5448089865,Douar Ben Ziane,,دوار بن زيان,16,,,36.761349,3.248574,exact,osm_node,osm,"{""osm"":""node/5448089865""}",node,5448089865,"[""etusa""]","[""etusa-601""]",point_in_wilaya,"[""platform""]",bus_stop,platform
osm-node-5448089866,Cité 1540 logements,,حي 1540 مسكن,16,,,36.756679,3.249802,exact,osm_node,osm,"{""osm"":""node/5448089866""}",node,5448089866,"[""etusa""]","[""etusa-601""]",point_in_wilaya,"[""platform""]",bus_stop,platform
osm-node-5448089867,Souachette,,,16,,,36.744403,3.252502,exact,osm_node,osm,"{""osm"":""node/5448089867""}",node,5448089867,"[""etusa""]","[""etusa-601""]",point_in_wilaya,"[""platform""]",bus_stop,platform
osm-node-5448089870,STATION 2 MAI,,محطة 2 مايو,16,,,36.764881,3.058416,exact,osm_node,osm,"{""osm"":""node/5448089870""}",node,5448089870,"[""etusa""]","[""etusa-601"",""etusa-732""]",point_in_wilaya,"[""stop"",""stop_entry_only"",""stop_exit_only""]",,stop_position
osm-node-5448089871,STATION 1 MAI,,محطة 2 مايو,16,,,36.764879,3.05839,exact,osm_node,osm,"{""osm"":""node/5448089871""}",node,5448089871,"[""etusa""]","[""etusa-601"",""etusa-732""]",point_in_wilaya,"[""platform"",""platform_entry_only"",""platform_exit_only""]",,station
osm-node-5448423936,Château Boumediene,Château Boumediene,,16,,,36.800576,2.929418,exact,osm_node,osm,"{""osm"":""node/5448423936""}",node,5448423936,"[""etusa""]","[""etusa-707""]",point_in_wilaya,"[""platform""]",bus_stop,platform
osm-node-5448423937,Plateau,"Plateau, Bologhine",,16,,,36.791622,2.939918,exact,osm_node,osm,"{""osm"":""node/5448423937""}",node,5448423937,"[""etusa""]","[""etusa-707""]",point_in_wilaya,"[""platform""]",bus_stop,platform
osm-node-5448423939,Rond-point Chéraga,Rond-point Chéraga,,16,,,36.771216,2.953541,exact,osm_node,osm,"{""osm"":""node/5448423939""}",node,5448423939,"[""etusa""]","[""etusa-707""]",point_in_wilaya,"[""platform""]",bus_stop,platform
osm-node-5454944362,CHU AIT ALI IDIR,,,16,,,36.784922,3.051978,exact,osm_node,osm,"{""osm"":""node/5454944362""}",node,5454944362,"[""etusa""]","[""etusa-50""]",point_in_wilaya,"[""platform""]",bus_stop,platform
osm-node-5454944363,"Plateau, Bologhine.","Plateau, Bologhine",,16,,,36.80928,3.03923,exact,osm_node,osm,"{""osm"":""node/5454944363""}",node,5454944363,"[""etusa""]","[""etusa-12""]",operator_scope,"[""platform""]",bus_stop,platform
osm-node-5454944364,Deux Moulins,Deux Moulins,,16,,,36.81157,3.028804,exact,osm_node,osm,"{""osm"":""node/5454944364""}",node,5454944364,"[""etusa""]","[""etusa-12""]",operator_scope,"[""platform""]",bus_stop,platform
osm-node-5454944365,الرئيس حميدو 1,Raïs Hamidou 1,الرئيس حميدو 1,16,,,36.816774,3.014246,exact,osm_node,osm,"{""osm"":""node/5454944365""}",node,5454944365,"[""etusa""]","[""etusa-12""]",point_in_wilaya,"[""platform""]",bus_stop,platform
osm-node-5454944366,École Supérieure d'Hôtellerie et de Restauration d'Alger,École Supérieure d'Hôtellerie et de Restauration d'Alger,,16,,,36.787184,2.901866,exact,osm_node,osm,"{""osm"":""node/5454944366""}",node,5454944366,"[""etusa""]","[""etusa-12""]",point_in_wilaya,"[""platform""]",bus_stop,platform
osm-node-5457517259,Bab El Oued (Ali Basta),,,16,,,36.791859,3.052612,exact,osm_node,osm,"{""osm"":""node/5457517259""}",node,5457517259,"[""etusa""]","[""etusa-90""]",point_in_wilaya,"[""stop_entry_only"",""stop_exit_only""]",,stop_position
osm-node-5457517260,Bab El Oued (Ali Basta),,,16,,,36.791881,3.052609,exact,osm_node,osm,"{""osm"":""node/5457517260""}",node,5457517260,"[""etusa""]","[""etusa-90""]",point_in_wilaya,"[""platform_entry_only"",""platform_exit_only""]",bus_stop,platform
osm-node-5459784852,ROUIBA CASTOR,,,16,,,36.736687,3.285756,exact,osm_node,osm,"{""osm"":""node/5459784852""}",node,5459784852,"[""etusa""]","[""etusa-72""]",point_in_wilaya,"[""platform"",""platform_entry_only"",""platform_exit_only""]",,platform
osm-node-5459784853,Cité Rabia Tahar,,,16,,,36.725692,3.181355,exact,osm_node,osm,"{""osm"":""node/5459784853""}",node,5459784853,"[""etusa""]","[""etusa-72"",""etusa-98""]",point_in_wilaya,"[""platform""]",bus_stop,platform
osm-node-5459784854,TVC ( ISFF),,,16,,,36.733697,3.261655,exact,osm_node,osm,"{""osm"":""node/5459784854""}",node,5459784854,"[""etusa""]","[""etusa-72""]",point_in_wilaya,"[""platform""]",bus_stop,platform
osm-node-5459904221,EL MERDJA,,Merja vers el-hamiz rouiba et Réghaïa,16,,,36.72605,3.200067,exact,osm_node,osm,"{""osm"":""node/5459904221""}",node,5459904221,"[""etusa""]","[""etusa-72""]",point_in_wilaya,"[""platform""]",bus_stop,platform
osm-node-5459904222,ROUIBA CASTOR,,,16,,,36.736718,3.285752,exact,osm_node,osm,"{""osm"":""node/5459904222""}",node,5459904222,"[""etusa""]","[""etusa-72""]",point_in_wilaya,"[""stop"",""stop_entry_only"",""stop_exit_only""]",,stop_position
osm-node-5460097707,STATION DE TAXI INTER-WILAYA,,,16,,,36.745105,3.100793,exact,osm_node,osm,"{""osm"":""node/5460097707""}",node,5460097707,"[""etusa""]","[""etusa-113""]",point_in_wilaya,"[""platform""]",bus_stop,platform
osm-node-5460208516,Cité El Bahia,,,16,,,36.727758,3.09322,exact,osm_node,osm,"{""osm"":""node/5460208516""}",node,5460208516,"[""etusa""]","[""etusa-18""]",point_in_wilaya,"[""platform""]",bus_stop,platform
osm-node-5460208517,,,,16,,,36.729759,3.089406,exact,osm_node,osm,"{""osm"":""node/5460208517""}",node,5460208517,"[""etusa""]","[""etusa-18""]",point_in_wilaya,"[""platform""]",bus_stop,platform
osm-node-5460208518,Vieux Kouba,,,16,,,36.729764,3.075174,exact,osm_node,osm,"{""osm"":""node/5460208518""}",node,5460208518,"[""etusa""]","[""etusa-18""]",point_in_wilaya,"[""platform""]",bus_stop,platform
osm-node-5460285373,BLUE NOTE,,,16,,,36.765278,3.050153,exact,osm_node,osm,"{""osm"":""node/5460285373""}",node,5460285373,"[""etusa""]","[""etusa-31""]",point_in_wilaya,"[""platform""]",bus_stop,platform
osm-node-5460285374,DIDOUCHE MOURAD ( MESSONIER ),,,16,,,36.766459,3.052526,exact,osm_node,osm,"{""osm"":""node/5460285374""}",node,5460285374,"[""etusa""]","[""etusa-31""]",point_in_wilaya,"[""platform""]",bus_stop,platform
osm-node-5460285375,القلب المقدس,SACRE CŒUR,القلب المقدس,16,,,36.763459,3.047335,exact,osm_node,osm,"{""osm"":""node/5460285375""}",node,5460285375,"[""etusa""]","[""etusa-31""]",point_in_wilaya,"[""platform""]",bus_stop,platform
osm-node-5465122825,Bir Khadem Marché,,,16,,,36.714319,3.044586,exact,osm_node,osm,"{""osm"":""node/5465122825""}",node,5465122825,"[""etusa""]","[""etusa-101""]",point_in_wilaya,"[""platform""]",bus_stop,platform
osm-node-5465122826,Bir Khadem Stade,,,16,,,36.719623,3.044865,exact,osm_node,osm,"{""osm"":""node/5465122826""}",node,5465122826,"[""etusa""]","[""etusa-101""]",point_in_wilaya,"[""platform""]",bus_stop,platform
osm-node-5465122827,Les sources,,الينابيع,16,,,36.73231,3.054299,exact,osm_node,osm,"{""osm"":""node/5465122827""}",node,5465122827,"[""etusa""]","[""etusa-101""]",point_in_wilaya,"[""stop""]",,stop_position
osm-node-5465122828,قريدي 2,Garidi 2,قريدي 2,16,,,36.733362,3.062634,exact,osm_node,osm,"{""osm"":""node/5465122828""}",node,5465122828,"[""etusa""]","[""etusa-101""]",point_in_wilaya,"[""stop""]",,stop_position
osm-node-5465122829,El Annasser,,العناصر,16,,,36.743931,3.088823,exact,osm_node,osm,"{""osm"":""node/5465122829""}",node,5465122829,"[""etusa""]","[""etusa-101"",""etusa-732""]",point_in_wilaya,"[""stop""]",,stop_position
osm-node-5465191124,ETUSA El Harrach,,,16,,,36.721579,3.135982,exact,osm_node,osm,"{""osm"":""node/5465191124""}",node,5465191124,"[""etusa""]","[""etusa-643""]",point_in_wilaya,"[""stop"",""stop_entry_only"",""stop_exit_only""]",,stop_position
osm-node-5465219171,Cité Rabia Tahar,Cité Rabia Tahar,,16,,,36.725745,3.181346,exact,osm_node,osm,"{""osm"":""node/5465219171""}",node,5465219171,"[""etusa""]","[""etusa-72""]",point_in_wilaya,"[""stop""]",,stop_position
osm-node-5465219172,Fital,Fital,,16,,,36.724487,3.169367,exact,osm_node,osm,"{""osm"":""node/5465219172""}",node,5465219172,"[""etusa""]","[""etusa-72""]",point_in_wilaya,"[""stop""]",,stop_position
osm-node-5465219173,EL ALIA,,العالية,16,,,36.723775,3.162252,exact,osm_node,osm,"{""osm"":""node/5465219173""}",node,5465219173,"[""etusa""]","[""etusa-72""]",point_in_wilaya,"[""stop""]",,stop_position
osm-node-5465219174,Cité La Radieuse,Cité La Radieuse,,16,,,36.724041,3.153694,exact,osm_node,osm,"{""osm"":""node/5465219174""}",node,5465219174,"[""etusa""]","[""etusa-72""]",point_in_wilaya,"[""stop""]",,stop_position
osm-node-5465219175,5 MAISONS,5 MAISONS,,16,,,36.726866,3.146469,exact,osm_node,osm,"{""osm"":""node/5465219175""}",node,5465219175,"[""etusa""]","[""etusa-72""]",point_in_wilaya,"[""stop""]",,stop_position
osm-node-5465219176,المحمدية,El Mohammadia,المحمدية,16,,,36.728128,3.142883,exact,osm_node,osm,"{""osm"":""node/5465219176""}",node,5465219176,"[""etusa""]","[""etusa-72""]",point_in_wilaya,"[""stop""]",,stop_position
osm-node-5531758797,CITE YOUCEF BOUBAYA (SOBIMAF),,,16,,,36.676416,3.092038,exact,osm_node,osm,"{""osm"":""node/5531758797""}",node,5531758797,"[""etusa""]","[""etusa-643""]",point_in_wilaya,"[""platform""]",bus_stop,platform
osm-node-5531759906,MOSQUEE BENGHAZI,,,16,,,36.683593,3.101081,exact,osm_node,osm,"{""osm"":""node/5531759906""}",node,5531759906,"[""etusa""]","[""etusa-643"",""etusa-D105""]",point_in_wilaya,"[""platform""]",bus_stop,platform
osm-node-5531760163,,,,16,,,36.695171,3.115147,exact,osm_node,osm,"{""osm"":""node/5531760163""}",node,5531760163,"[""etusa""]","[""etusa-643"",""etusa-D105""]",point_in_wilaya,"[""platform""]",bus_stop,platform
osm-node-5533825878,BOUMATI,,بومعطي,16,,,36.714775,3.137544,exact,osm_node,osm,"{""osm"":""node/5533825878""}",node,5533825878,"[""etusa""]","[""etusa-643""]",point_in_wilaya,"[""platform""]",bus_stop,platform
osm-node-5533825879,BOUMATI,,بومعطي,16,,,36.714989,3.136776,exact,osm_node,osm,"{""osm"":""node/5533825879""}",node,5533825879,"[""etusa""]","[""etusa-643""]",point_in_wilaya,"[""platform""]",bus_stop,platform
osm-node-5533825880,CITE YOUCEF BOUBAYA (SOBIMAF),,,16,,,36.676336,3.092222,exact,osm_node,osm,"{""osm"":""node/5533825880""}",node,5533825880,"[""etusa""]","[""etusa-643""]",point_in_wilaya,"[""platform""]",bus_stop,platform
osm-node-5533825881,CENTRE MOKHTAR BELKACEM,,,16,,,36.711734,3.133059,exact,osm_node,osm,"{""osm"":""node/5533825881""}",node,5533825881,"[""etusa""]","[""etusa-643""]",point_in_wilaya,"[""platform""]",bus_stop,platform
osm-node-5533825882,CENTRE MOKHTAR BELKACEM,,,16,,,36.711816,3.132936,exact,osm_node,osm,"{""osm"":""node/5533825882""}",node,5533825882,"[""etusa""]","[""etusa-643""]",point_in_wilaya,"[""platform""]",bus_stop,platform
osm-node-5533825883,ECOTEH *,,,16,,,36.70898,3.13043,exact,osm_node,osm,"{""osm"":""node/5533825883""}",node,5533825883,"[""etusa""]","[""etusa-643""]",point_in_wilaya,"[""platform""]",bus_stop,platform
osm-node-5533825884,ECOTEH *,,,16,,,36.709134,3.130181,exact,osm_node,osm,"{""osm"":""node/5533825884""}",node,5533825884,"[""etusa""]","[""etusa-643""]",point_in_wilaya,"[""platform""]",bus_stop,platform
osm-node-5533825885,MOSQUEE BENGHAZI,,,16,,,36.683472,3.101188,exact,osm_node,osm,"{""osm"":""node/5533825885""}",node,5533825885,"[""etusa""]","[""etusa-643""]",point_in_wilaya,"[""platform""]",bus_stop,platform
osm-node-5533825886,SIDI REZINE,,,16,,,36.689986,3.109337,exact,osm_node,osm,"{""osm"":""node/5533825886""}",node,5533825886,"[""etusa""]","[""etusa-643""]",point_in_wilaya,"[""platform""]",bus_stop,platform
osm-node-5533825887,SIDI REZINE,,,16,,,36.690098,3.109144,exact,osm_node,osm,"{""osm"":""node/5533825887""}",node,5533825887,"[""etusa""]","[""etusa-643""]",point_in_wilaya,"[""platform""]",bus_stop,platform
osm-node-5533825888,,,,16,,,36.694993,3.115386,exact,osm_node,osm,"{""osm"":""node/5533825888""}",node,5533825888,"[""etusa""]","[""etusa-643""]",point_in_wilaya,"[""platform""]",bus_stop,platform
osm-node-5533825889,HOPITAL Z'MIRLI,,مستشفى زميرلي,16,,,36.704365,3.125567,exact,osm_node,osm,"{""osm"":""node/5533825889""}",node,5533825889,"[""etusa""]","[""etusa-643""]",point_in_wilaya,"[""platform""]",bus_stop,platform
osm-node-5533825890,HOPITAL Z'MIRLI,,مستشفى زميرلي,16,,,36.70427,3.125777,exact,osm_node,osm,"{""osm"":""node/5533825890""}",node,5533825890,"[""etusa""]","[""etusa-643""]",point_in_wilaya,"[""platform""]",bus_stop,platform
osm-node-5598411353,Place des Martyrs,Place des Martyrs,ساحة الشهداء,16,,,36.785793,3.062828,exact,osm_node,osm,"{""osm"":""node/5598411353""}",node,5598411353,"[""etusa""]","[""etusa-45"",""etusa-50"",""etusa-58""]",point_in_wilaya,"[""platform_entry_only""]",,station
osm-node-5607225199,Place des Martyrs,Place des Martyrs,,16,,,36.785728,3.062851,exact,osm_node,osm,"{""osm"":""node/5607225199""}",node,5607225199,"[""etusa""]","[""etusa-45"",""etusa-50"",""etusa-58""]",point_in_wilaya,"[""stop_entry_only""]",,stop_position
osm-node-5718180655,Saïd Hamdine,,,16,,,36.733679,3.038461,exact,osm_node,osm,"{""osm"":""node/5718180655""}",node,5718180655,"[""etusa""]","[""etusa-732""]",point_in_wilaya,"[""stop""]",,stop_position
osm-node-5718180656,ITFC,,,16,,,36.751367,3.013846,exact,osm_node,osm,"{""osm"":""node/5718180656""}",node,5718180656,"[""etusa""]","[""etusa-732""]",point_in_wilaya,"[""stop""]",,stop_position
osm-node-5719738410,Nouvelle cité 11 décembre 1960,Nouvelle cité 11 décembre 1960,,16,,,36.69647,2.868083,exact,osm_node,osm,"{""osm"":""node/5719738410""}",node,5719738410,"[""etusa""]","[""etusa-732""]",point_in_wilaya,"[""stop""]",,stop_position
osm-node-5719738411,Saïd Hamdine,,,16,,,36.733998,3.035933,exact,osm_node,osm,"{""osm"":""node/5719738411""}",node,5719738411,"[""etusa""]","[""etusa-732""]",point_in_wilaya,"[""stop""]",,stop_position
osm-node-5719738412,la Concorde,,,16,,,36.733335,3.044793,exact,osm_node,osm,"{""osm"":""node/5719738412""}",node,5719738412,"[""etusa""]","[""etusa-732""]",point_in_wilaya,"[""stop""]",,stop_position
osm-node-5719891827,Polyclinique de Phtysiologie,,,16,,,36.754086,2.888495,exact,osm_node,osm,"{""osm"":""node/5719891827""}",node,5719891827,"[""etusa""]","[""etusa-744""]",point_in_wilaya,"[""platform""]",bus_stop,platform
osm-node-5719891828,PALM BEACH,,,16,,,36.742415,2.868593,exact,osm_node,osm,"{""osm"":""node/5719891828""}",node,5719891828,"[""etusa""]","[""etusa-744""]",point_in_wilaya,"[""stop""]",,stop_position
osm-node-5719891830,Azure Plage,,,16,,,36.72684,2.853829,exact,osm_node,osm,"{""osm"":""node/5719891830""}",node,5719891830,"[""etusa""]","[""etusa-744""]",point_in_wilaya,"[""stop""]",,stop_position
osm-node-5719891831,Azure Plage,,,16,,,36.726739,2.85387,exact,osm_node,osm,"{""osm"":""node/5719891831""}",node,5719891831,"[""etusa""]","[""etusa-744""]",point_in_wilaya,"[""platform""]",bus_stop,platform
osm-node-5719891832,Zéralda - Protection civile,Zéralda - Protection civile,,16,,,36.719564,2.849996,exact,osm_node,osm,"{""osm"":""node/5719891832""}",node,5719891832,"[""etusa""]","[""etusa-744""]",point_in_wilaya,"[""stop""]",,stop_position
osm-node-5719891833,COMPLEXE TOURISTIQUE,,,16,,,36.718915,2.841013,exact,osm_node,osm,"{""osm"":""node/5719891833""}",node,5719891833,"[""etusa""]","[""etusa-744""]",point_in_wilaya,"[""stop""]",,stop_position
osm-node-5719891834,Zéralda S.M.M,,,16,,,36.713013,2.834559,exact,osm_node,osm,"{""osm"":""node/5719891834""}",node,5719891834,"[""etusa""]","[""etusa-744""]",point_in_wilaya,"[""platform_entry_only""]",bus_stop,platform
osm-node-5932813647,Cité 5 Juillet,,,27,,,35.916856,0.102778,exact,osm_node,osm,"{""osm"":""node/5932813647""}",node,5932813647,"[""etus-mostaganem""]","[""etus-mostaganem-1""]",point_in_wilaya,"[""platform""]",bus_stop,platform
osm-node-5932813661,Cité 5 Juillet - Centre,,,27,,,35.920525,0.099428,exact,osm_node,osm,"{""osm"":""node/5932813661""}",node,5932813661,"[""etus-mostaganem""]","[""etus-mostaganem-1""]",point_in_wilaya,"[""platform""]",,platform
osm-node-5932882050,المحطة الجديدة للحافلات,Nouvelle Gare Routière,المحطة الجديدة للحافلات,27,,,35.916763,0.107812,exact,osm_node,osm,"{""osm"":""node/5932882050""}",node,5932882050,"[""etus-mostaganem""]","[""etus-mostaganem-1""]",point_in_wilaya,"[""platform""]",bus_stop,platform
osm-node-5932882075,Ben Haoua,,,27,,,35.921072,0.10285,exact,osm_node,osm,"{""osm"":""node/5932882075""}",node,5932882075,"[""etus-mostaganem""]","[""etus-mostaganem-1""]",point_in_wilaya,"[""platform""]",,platform
osm-node-659056385,407 Logts,,,19,,,36.205444,5.428564,exact,osm_node,osm,"{""osm"":""node/659056385""}",node,659056385,"[""etus-setif""]","[""etus-setif-101""]",point_in_wilaya,"[""stop""]",,stop_position
osm-node-659056388,407 Logts,,,19,,,36.205514,5.428666,exact,osm_node,osm,"{""osm"":""node/659056388""}",node,659056388,"[""etus-setif""]","[""etus-setif-101""]",point_in_wilaya,"[""stop""]",,stop_position
osm-node-659480716,,,,19,,,36.188496,5.425636,exact,osm_node,osm,"{""osm"":""node/659480716""}",node,659480716,"[""etus-setif""]","[""etus-setif-106B""]",point_in_wilaya,"[""stop""]",,stop_position
osm-node-659499064,500 Logs 2 bus stop,,,19,,,36.202126,5.421619,exact,osm_node,osm,"{""osm"":""node/659499064""}",node,659499064,"[""etus-setif""]","[""etus-setif-104""]",point_in_wilaya,"[""stop""]",,stop_position
osm-node-660601682,CNEP,,,19,,,36.186861,5.421369,exact,osm_node,osm,"{""osm"":""node/660601682""}",node,660601682,"[""etus-setif""]","[""etus-setif-106B""]",point_in_wilaya,"[""stop""]",,stop_position
osm-node-660601700,CNEP,,,19,,,36.186917,5.421297,exact,osm_node,osm,"{""osm"":""node/660601700""}",node,660601700,"[""etus-setif""]","[""etus-setif-106B""]",point_in_wilaya,"[""stop""]",,stop_position
osm-node-661076873,1000 Logts,,,19,,,36.178403,5.40673,exact,osm_node,osm,"{""osm"":""node/661076873""}",node,661076873,"[""etus-setif""]","[""etus-setif-101""]",point_in_wilaya,"[""stop""]",,stop_position
osm-node-662368939,Hidhab 2 bus stop,,,19,,,36.205927,5.435685,exact,osm_node,osm,"{""osm"":""node/662368939""}",node,662368939,"[""etus-setif""]","[""etus-setif-104""]",point_in_wilaya,"[""stop""]",,stop_position
osm-node-662368945,Hidhab 3 bus stop,,,19,,,36.206673,5.436931,exact,osm_node,osm,"{""osm"":""node/662368945""}",node,662368945,"[""etus-setif""]","[""etus-setif-104""]",point_in_wilaya,"[""stop""]",,stop_position
osm-node-662528488,Stade 500 logts,,,19,,,36.207166,5.42353,exact,osm_node,osm,"{""osm"":""node/662528488""}",node,662528488,"[""etus-setif""]","[""etus-setif-101""]",point_in_wilaya,"[""stop""]",,stop_position
osm-node-662528497,,,,19,,,36.207119,5.420168,exact,osm_node,osm,"{""osm"":""node/662528497""}",node,662528497,"[""etus-setif""]","[""etus-setif-101""]",point_in_wilaya,"[""stop""]",,stop_position
osm-node-662528570,,,,19,,,36.207014,5.420178,exact,osm_node,osm,"{""osm"":""node/662528570""}",node,662528570,"[""etus-setif""]","[""etus-setif-101""]",point_in_wilaya,"[""stop""]",,stop_position
osm-node-662956757,CPA bus stop,,,19,,,36.195572,5.410733,exact,osm_node,osm,"{""osm"":""node/662956757""}",node,662956757,"[""etus-setif""]","[""etus-setif-104""]",point_in_wilaya,"[""stop""]",,stop_position
osm-node-663470213,,,,19,,,36.206312,5.416704,exact,osm_node,osm,"{""osm"":""node/663470213""}",node,663470213,"[""etus-setif""]","[""etus-setif-101""]",point_in_wilaya,"[""stop""]",,stop_position
osm-node-663470267,,,,19,,,36.206218,5.416726,exact,osm_node,osm,"{""osm"":""node/663470267""}",node,663470267,"[""etus-setif""]","[""etus-setif-101""]",point_in_wilaya,"[""stop""]",,stop_position
osm-node-687151318,Les Sources,Les sources,,16,,,36.774523,3.035833,exact,osm_node,osm,"{""osm"":""node/687151318""}",node,687151318,"[""etusa""]","[""etusa-45"",""etusa-58""]",point_in_wilaya,"[""stop""]",,stop_position
osm-node-691098526,Cité 5 Juillet,,حي 5 يوليو,16,,,36.720439,3.201858,exact,osm_node,osm,"{""osm"":""node/691098526""}",node,691098526,"[""etusa""]","[""etusa-19"",""etusa-98""]",point_in_wilaya,"[""platform"",""platform_entry_only""]",bus_stop,platform
osm-node-692711716,Bologhine,Bologhine,بولوغين,16,,,36.805132,3.044904,exact,osm_node,osm,"{""osm"":""node/692711716""}",node,692711716,"[""etusa""]","[""etusa-12"",""etusa-99""]",operator_scope,"[""platform""]",bus_stop,platform
osm-node-692711717,"Plateau, Bologhine.","Plateau, Bologhine",,16,,,36.809494,3.03907,exact,osm_node,osm,"{""osm"":""node/692711717""}",node,692711717,"[""etusa""]","[""etusa-12"",""etusa-99""]",operator_scope,"[""platform""]",bus_stop,platform
osm-node-692711718,Deux Moulins,Deux Moulins,,16,,,36.811645,3.028961,exact,osm_node,osm,"{""osm"":""node/692711718""}",node,692711718,"[""etusa""]","[""etusa-12"",""etusa-99""]",operator_scope,"[""platform""]",bus_stop,platform
osm-node-692711729,Stade de Bologhine,Stade de Bologhine,ملعب بولوغين,16,,,36.80188,3.048556,exact,osm_node,osm,"{""osm"":""node/692711729""}",node,692711729,"[""etusa""]","[""etusa-12"",""etusa-99""]",operator_scope,"[""platform""]",bus_stop,platform
osm-node-692954343,RAÏS HAMIDOU -1-,Raïs Hamidou 1,,16,,,36.816839,3.014186,exact,osm_node,osm,"{""osm"":""node/692954343""}",node,692954343,"[""etusa""]","[""etusa-12"",""etusa-99""]",point_in_wilaya,"[""stop""]",,stop_position
osm-node-707130778,Bab Ezzouar vers El-Harrach et Alger,,,16,,,36.726135,3.184152,exact,osm_node,osm,"{""osm"":""node/707130778""}",node,707130778,"[""etusa""]","[""etusa-19"",""etusa-72"",""etusa-98""]",point_in_wilaya,"[""platform""]",bus_stop,platform
osm-node-707130792,5 Maisons,,,16,,,36.726881,3.146803,exact,osm_node,osm,"{""osm"":""node/707130792""}",node,707130792,"[""etusa""]","[""etusa-19"",""etusa-72"",""etusa-98""]",point_in_wilaya,"[""platform""]",bus_stop,platform
osm-node-7107826009,عمارات الفيدا,,,14,,,35.371598,1.331517,exact,osm_node,osm,"{""osm"":""node/7107826009""}",node,7107826009,"[""etus-tiaret""]","[""etus-tiaret-28""]",point_in_wilaya,"[""stop""]",,stop_position
osm-node-7603131528,المحطة الأخيرة لحي سوناتيبا (super posée ),,,14,,,35.362224,1.334855,exact,osm_node,osm,"{""osm"":""node/7603131528""}",node,7603131528,"[""etus-tiaret""]","[""etus-tiaret-31""]",point_in_wilaya,"[""stop""]",,stop_position
osm-node-7679353488,Triolet,Triolet,,16,,,36.78788,3.043541,exact,osm_node,osm,"{""osm"":""node/7679353488""}",node,7679353488,"[""etusa""]","[""etusa-45"",""etusa-58""]",point_in_wilaya,"[""platform"",""platform_exit_only""]",bus_stop,platform
osm-node-7684878552,Basilique كاتدرائية,Basilique,كاتدرائية,16,,,36.800441,3.042659,exact,osm_node,osm,"{""osm"":""node/7684878552""}",node,7684878552,"[""etusa""]","[""etusa-38""]",point_in_wilaya,"[""platform""]",bus_stop,platform
osm-node-7684878554,Seminaire,,,16,,,36.802315,3.035976,exact,osm_node,osm,"{""osm"":""node/7684878554""}",node,7684878554,"[""etusa""]","[""etusa-38""]",point_in_wilaya,"[""platform""]",bus_stop,platform
osm-node-803017019,El Hassi,,,19,,,36.179947,5.459702,exact,osm_node,osm,"{""osm"":""node/803017019""}",node,803017019,"[""etus-setif""]","[""etus-setif-106B""]",point_in_wilaya,"[""stop""]",,stop_position
osm-node-843185870,Hidhab 3 bus stop,,,19,,,36.206628,5.437027,exact,osm_node,osm,"{""osm"":""node/843185870""}",node,843185870,"[""etus-setif""]","[""etus-setif-104""]",point_in_wilaya,"[""stop""]",,stop_position
osm-node-843185958,Hidhab 2 bus stop,,,19,,,36.205865,5.435692,exact,osm_node,osm,"{""osm"":""node/843185958""}",node,843185958,"[""etus-setif""]","[""etus-setif-104""]",point_in_wilaya,"[""stop""]",,stop_position
osm-node-9031893751,الجامعة (الحديقة),,,14,,,35.34936,1.317343,exact,osm_node,osm,"{""osm"":""node/9031893751""}",node,9031893751,"[""etus-tiaret""]","[""etus-tiaret-26""]",point_in_wilaya,"[""platform""]",bus_stop,platform
osm-node-9031893753,نفطال,,,14,,,35.366051,1.312744,exact,osm_node,osm,"{""osm"":""node/9031893753""}",node,9031893753,"[""etus-tiaret""]","[""etus-tiaret-26""]",point_in_wilaya,"[""platform""]",bus_stop,platform
osm-node-9031893754,,,,14,,,35.361383,1.312,approximate,osm_node,osm,"{""osm"":""node/9031893754""}",node,9031893754,"[""etus-tiaret""]","[""etus-tiaret-26""]",point_in_wilaya,"[""platform""]",bus_stop,platform
osm-node-9031893755,مديرية النشاط الاجتماعي,,,14,,,35.374195,1.323314,exact,osm_node,osm,"{""osm"":""node/9031893755""}",node,9031893755,"[""etus-tiaret""]","[""etus-tiaret-26"",""etus-tiaret-31""]",point_in_wilaya,"[""platform""]",,platform
osm-node-9031893756,المركب الجواري المدرسة,,,14,,,35.37129,1.317172,exact,osm_node,osm,"{""osm"":""node/9031893756""}",node,9031893756,"[""etus-tiaret""]","[""etus-tiaret-26""]",point_in_wilaya,"[""platform""]",bus_stop,platform
osm-node-9031893757,ملتقى الطرق (المقبرة),,,14,,,35.377145,1.329126,exact,osm_node,osm,"{""osm"":""node/9031893757""}",node,9031893757,"[""etus-tiaret""]","[""etus-tiaret-26"",""etus-tiaret-31""]",point_in_wilaya,"[""platform""]",bus_stop,platform
osm-node-9031893760,الجامعة كارمان,,,14,,,35.381754,1.351801,exact,osm_node,osm,"{""osm"":""node/9031893760""}",node,9031893760,"[""etus-tiaret""]","[""etus-tiaret-26"",""etus-tiaret-29""]",point_in_wilaya,"[""platform""]",bus_stop,platform
osm-node-9031893761,الثانوية الجديدة,,,14,,,35.383699,1.372612,exact,osm_node,osm,"{""osm"":""node/9031893761""}",node,9031893761,"[""etus-tiaret""]","[""etus-tiaret-26"",""etus-tiaret-29""]",point_in_wilaya,"[""platform""]",bus_stop,platform
osm-node-9032301068,الجامعة (الحديقة),,,14,,,35.349301,1.317408,exact,osm_node,osm,"{""osm"":""node/9032301068""}",node,9032301068,"[""etus-tiaret""]","[""etus-tiaret-26""]",point_in_wilaya,"[""stop""]",,stop_position
osm-node-9032301069,,,,14,,,35.361379,1.31209,exact,osm_node,osm,"{""osm"":""node/9032301069""}",node,9032301069,"[""etus-tiaret""]","[""etus-tiaret-26""]",point_in_wilaya,"[""stop""]",,stop_position
osm-node-9032301070,نفطال,,,14,,,35.366042,1.312791,exact,osm_node,osm,"{""osm"":""node/9032301070""}",node,9032301070,"[""etus-tiaret""]","[""etus-tiaret-26""]",point_in_wilaya,"[""stop""]",,stop_position
osm-node-9032301072,المركب الجواري المدرسة,,,14,,,35.371266,1.317224,exact,osm_node,osm,"{""osm"":""node/9032301072""}",node,9032301072,"[""etus-tiaret""]","[""etus-tiaret-26""]",point_in_wilaya,"[""stop""]",,stop_position
osm-node-9032301073,مديرية النشاط الاجتماعي,,,14,,,35.374159,1.32334,exact,osm_node,osm,"{""osm"":""node/9032301073""}",node,9032301073,"[""etus-tiaret""]","[""etus-tiaret-26"",""etus-tiaret-31""]",point_in_wilaya,"[""stop""]",,stop_position
osm-node-9032301074,ملتقى الطرق (المقبرة),,,14,,,35.377109,1.329152,exact,osm_node,osm,"{""osm"":""node/9032301074""}",node,9032301074,"[""etus-tiaret""]","[""etus-tiaret-26"",""etus-tiaret-31""]",point_in_wilaya,"[""stop""]",,stop_position
osm-node-9032301076,الجامعة كارمان,,,14,,,35.381731,1.351897,exact,osm_node,osm,"{""osm"":""node/9032301076""}",node,9032301076,"[""etus-tiaret""]","[""etus-tiaret-26"",""etus-tiaret-29""]",point_in_wilaya,"[""stop""]",,stop_position
osm-node-9032301077,الثانوية الجديدة,,,14,,,35.38372,1.372463,exact,osm_node,osm,"{""osm"":""node/9032301077""}",node,9032301077,"[""etus-tiaret""]","[""etus-tiaret-26"",""etus-tiaret-29""]",point_in_wilaya,"[""stop""]",,stop_position
osm-node-9032650138,الجامعة كارمان,,,14,,,35.38165,1.351936,exact,osm_node,osm,"{""osm"":""node/9032650138""}",node,9032650138,"[""etus-tiaret""]","[""etus-tiaret-26"",""etus-tiaret-29""]",point_in_wilaya,"[""stop""]",,stop_position
osm-node-9033418896,سوق الخضر لحي السوناتيبا,,,14,,,35.364939,1.339343,exact,osm_node,osm,"{""osm"":""node/9033418896""}",node,9033418896,"[""etus-tiaret""]","[""etus-tiaret-27"",""etus-tiaret-28"",""etus-tiaret-29""]",point_in_wilaya,"[""platform""]",bus_stop,platform
osm-node-9033418897,سوق الخضر لحي السوناتيبا,,,14,,,35.364962,1.339157,exact,osm_node,osm,"{""osm"":""node/9033418897""}",node,9033418897,"[""etus-tiaret""]","[""etus-tiaret-27"",""etus-tiaret-28"",""etus-tiaret-29""]",point_in_wilaya,"[""platform""]",bus_stop,platform
osm-node-9033418898,سوق الخضر لحي السوناتيبا,,,14,,,35.364936,1.339324,exact,osm_node,osm,"{""osm"":""node/9033418898""}",node,9033418898,"[""etus-tiaret""]","[""etus-tiaret-27"",""etus-tiaret-28"",""etus-tiaret-29""]",point_in_wilaya,"[""stop""]",,stop_position
osm-node-9033418899,سوق الخضر لحي السوناتيبا,,,14,,,35.364958,1.339215,exact,osm_node,osm,"{""osm"":""node/9033418899""}",node,9033418899,"[""etus-tiaret""]","[""etus-tiaret-27"",""etus-tiaret-28"",""etus-tiaret-29""]",point_in_wilaya,"[""stop""]",,stop_position
osm-node-9033418900,ملتقى الطرق(التيتانيك),,,14,,,35.367608,1.339723,exact,osm_node,osm,"{""osm"":""node/9033418900""}",node,9033418900,"[""etus-tiaret""]","[""etus-tiaret-28"",""etus-tiaret-29""]",point_in_wilaya,"[""platform""]",bus_stop,platform
osm-node-9033418901,ملتقى الطرق(التيتانيك),,,14,,,35.367759,1.339989,exact,osm_node,osm,"{""osm"":""node/9033418901""}",node,9033418901,"[""etus-tiaret""]","[""etus-tiaret-28"",""etus-tiaret-29""]",point_in_wilaya,"[""platform""]",bus_stop,platform
osm-node-9033418902,ملتقى الطرق(التيتانيك),,,14,,,35.367641,1.339755,exact,osm_node,osm,"{""osm"":""node/9033418902""}",node,9033418902,"[""etus-tiaret""]","[""etus-tiaret-28"",""etus-tiaret-29""]",point_in_wilaya,"[""stop""]",,stop_position
osm-node-9033418903,ملتقى الطرق(التيتانيك),,,14,,,35.367721,1.339965,exact,osm_node,osm,"{""osm"":""node/9033418903""}",node,9033418903,"[""etus-tiaret""]","[""etus-tiaret-28"",""etus-tiaret-29""]",point_in_wilaya,"[""stop""]",,stop_position
osm-node-9033418904,دار العجزة,,,14,,,35.370049,1.334832,exact,osm_node,osm,"{""osm"":""node/9033418904""}",node,9033418904,"[""etus-tiaret""]","[""etus-tiaret-28"",""etus-tiaret-29""]",point_in_wilaya,"[""platform""]",bus_stop,platform
osm-node-9033418905,دار العجزة,,,14,,,35.369865,1.334696,exact,osm_node,osm,"{""osm"":""node/9033418905""}",node,9033418905,"[""etus-tiaret""]","[""etus-tiaret-28"",""etus-tiaret-29""]",point_in_wilaya,"[""platform""]",bus_stop,platform
osm-node-9033418906,دار العجزة,,,14,,,35.370021,1.334814,exact,osm_node,osm,"{""osm"":""node/9033418906""}",node,9033418906,"[""etus-tiaret""]","[""etus-tiaret-28"",""etus-tiaret-29""]",point_in_wilaya,"[""stop""]",,stop_position
osm-node-9033418907,دار العجزة,,,14,,,35.369911,1.334721,exact,osm_node,osm,"{""osm"":""node/9033418907""}",node,9033418907,"[""etus-tiaret""]","[""etus-tiaret-28"",""etus-tiaret-29""]",point_in_wilaya,"[""stop""]",,stop_position
osm-node-9033418908,عمارات الفيدا,,,14,,,35.370994,1.332345,exact,osm_node,osm,"{""osm"":""node/9033418908""}",node,9033418908,"[""etus-tiaret""]","[""etus-tiaret-28"",""etus-tiaret-29""]",point_in_wilaya,"[""platform""]",bus_stop,platform
osm-node-9033418909,عمارات الفيدا,,,14,,,35.370847,1.332242,exact,osm_node,osm,"{""osm"":""node/9033418909""}",node,9033418909,"[""etus-tiaret""]","[""etus-tiaret-29""]",point_in_wilaya,"[""platform""]",bus_stop,platform
osm-node-9033418910,عمارات الفيدا,,,14,,,35.370971,1.332331,exact,osm_node,osm,"{""osm"":""node/9033418910""}",node,9033418910,"[""etus-tiaret""]","[""etus-tiaret-28"",""etus-tiaret-29""]",point_in_wilaya,"[""stop""]",,stop_position
osm-node-9033418911,محطة نقل المسافرين(الشرق),,,14,,,35.375968,1.331138,exact,osm_node,osm,"{""osm"":""node/9033418911""}",node,9033418911,"[""etus-tiaret""]","[""etus-tiaret-27"",""etus-tiaret-28"",""etus-tiaret-29""]",point_in_wilaya,"[""platform""]",bus_stop,platform
osm-node-9033418912,محطة نقل المسافرين(الشرق),,,14,,,35.376035,1.33097,exact,osm_node,osm,"{""osm"":""node/9033418912""}",node,9033418912,"[""etus-tiaret""]","[""etus-tiaret-27"",""etus-tiaret-28"",""etus-tiaret-29""]",point_in_wilaya,"[""stop""]",,stop_position
osm-node-9033418913,محطة نقل المسافرين(الشرق),,,14,,,35.375997,1.331076,exact,osm_node,osm,"{""osm"":""node/9033418913""}",node,9033418913,"[""etus-tiaret""]","[""etus-tiaret-27"",""etus-tiaret-28"",""etus-tiaret-29""]",point_in_wilaya,"[""stop""]",,stop_position
osm-node-9033418914,محطة نقل المسافرين(الشرق),,,14,,,35.376073,1.330921,exact,osm_node,osm,"{""osm"":""node/9033418914""}",node,9033418914,"[""etus-tiaret""]","[""etus-tiaret-27"",""etus-tiaret-28"",""etus-tiaret-29""]",point_in_wilaya,"[""platform""]",bus_stop,platform
osm-node-9033545202,(STOP) عمارات عدل,,,14,,,35.379878,1.336866,exact,osm_node,osm,"{""osm"":""node/9033545202""}",node,9033545202,"[""etus-tiaret""]","[""etus-tiaret-26"",""etus-tiaret-29"",""etus-tiaret-31""]",point_in_wilaya,"[""platform""]",bus_stop,platform
osm-node-9033545203,(STOP) عمارات عدل,,,14,,,35.379756,1.336961,exact,osm_node,osm,"{""osm"":""node/9033545203""}",node,9033545203,"[""etus-tiaret""]","[""etus-tiaret-26"",""etus-tiaret-29"",""etus-tiaret-31""]",point_in_wilaya,"[""platform""]",bus_stop,platform
osm-node-9033545204,(STOP) عمارات عدل,,,14,,,35.379783,1.336934,exact,osm_node,osm,"{""osm"":""node/9033545204""}",node,9033545204,"[""etus-tiaret""]","[""etus-tiaret-26"",""etus-tiaret-29"",""etus-tiaret-31""]",point_in_wilaya,"[""stop""]",,stop_position
osm-node-9033545205,(STOP) عمارات عدل,,,14,,,35.379836,1.336898,exact,osm_node,osm,"{""osm"":""node/9033545205""}",node,9033545205,"[""etus-tiaret""]","[""etus-tiaret-26"",""etus-tiaret-29"",""etus-tiaret-31""]",point_in_wilaya,"[""stop""]",,stop_position
osm-node-9035106962,ملتقى الطرق (الجامعة),,,14,,,35.378787,1.345527,exact,osm_node,osm,"{""osm"":""node/9035106962""}",node,9035106962,"[""etus-tiaret""]","[""etus-tiaret-26"",""etus-tiaret-29""]",point_in_wilaya,"[""platform""]",bus_stop,platform
osm-node-9035106963,ملتقى الطرق (الجامعة),,,14,,,35.378876,1.34569,exact,osm_node,osm,"{""osm"":""node/9035106963""}",node,9035106963,"[""etus-tiaret""]","[""etus-tiaret-26"",""etus-tiaret-29""]",point_in_wilaya,"[""platform""]",bus_stop,platform
osm-node-9035106964,ملتقى الطرق (الجامعة),,,14,,,35.378804,1.345563,exact,osm_node,osm,"{""osm"":""node/9035106964""}",node,9035106964,"[""etus-tiaret""]","[""etus-tiaret-26"",""etus-tiaret-29""]",point_in_wilaya,"[""stop""]",,stop_position
osm-node-9035106965,ملتقى الطرق (الجامعة),,,14,,,35.378857,1.345658,exact,osm_node,osm,"{""osm"":""node/9035106965""}",node,9035106965,"[""etus-tiaret""]","[""etus-tiaret-26"",""etus-tiaret-29""]",point_in_wilaya,"[""stop""]",,stop_position
osm-node-9036336103,حي خروبي الميلود 1900 سكن,,,14,,,35.386359,1.344889,exact,osm_node,osm,"{""osm"":""node/9036336103""}",node,9036336103,"[""etus-tiaret""]","[""etus-tiaret-31""]",point_in_wilaya,"[""platform""]",bus_stop,platform
osm-node-9036336104,حي خروبي الميلود 1900 سكن,,,14,,,35.386305,1.344947,exact,osm_node,osm,"{""osm"":""node/9036336104""}",node,9036336104,"[""etus-tiaret""]","[""etus-tiaret-31""]",point_in_wilaya,"[""stop""]",,stop_position
osm-node-9036336109,الخزينة العمومية,,,14,,,35.373359,1.321493,exact,osm_node,osm,"{""osm"":""node/9036336109""}",node,9036336109,"[""etus-tiaret""]","[""etus-tiaret-27"",""etus-tiaret-31""]",point_in_wilaya,"[""platform""]",bus_stop,platform
osm-node-9036336110,الخزينة العمومية,,,14,,,35.373284,1.321544,exact,osm_node,osm,"{""osm"":""node/9036336110""}",node,9036336110,"[""etus-tiaret""]","[""etus-tiaret-27"",""etus-tiaret-31""]",point_in_wilaya,"[""platform""]",bus_stop,platform
osm-node-9036336111,الخزينة العمومية,,,14,,,35.37332,1.321518,exact,osm_node,osm,"{""osm"":""node/9036336111""}",node,9036336111,"[""etus-tiaret""]","[""etus-tiaret-27"",""etus-tiaret-31""]",point_in_wilaya,"[""stop""]",,stop_position
osm-node-9036336114,الوكالة المحلية للتشغيل,,,14,,,35.366052,1.333421,exact,osm_node,osm,"{""osm"":""node/9036336114""}",node,9036336114,"[""etus-tiaret""]","[""etus-tiaret-31""]",point_in_wilaya,"[""platform""]",bus_stop,platform
osm-node-9036336115,الوكالة المحلية للتشغيل,,,14,,,35.366016,1.333215,exact,osm_node,osm,"{""osm"":""node/9036336115""}",node,9036336115,"[""etus-tiaret""]","[""etus-tiaret-31""]",point_in_wilaya,"[""platform""]",bus_stop,platform
osm-node-9036336116,الوكالة المحلية للتشغيل,,,14,,,35.366039,1.333337,exact,osm_node,osm,"{""osm"":""node/9036336116""}",node,9036336116,"[""etus-tiaret""]","[""etus-tiaret-31""]",point_in_wilaya,"[""stop""]",,stop_position
osm-node-9036377718,الملحق البلدي لحي السوناتيبا,,,14,,,35.360514,1.338331,exact,osm_node,osm,"{""osm"":""node/9036377718""}",node,9036377718,"[""etus-tiaret""]","[""etus-tiaret-27"",""etus-tiaret-28"",""etus-tiaret-29""]",point_in_wilaya,"[""platform""]",bus_stop,platform
osm-node-9036377720,الملحق البلدي لحي السوناتيبا,,,14,,,35.360507,1.338413,exact,osm_node,osm,"{""osm"":""node/9036377720""}",node,9036377720,"[""etus-tiaret""]","[""etus-tiaret-27"",""etus-tiaret-28"",""etus-tiaret-29""]",point_in_wilaya,"[""stop""]",,stop_position
osm-node-9037700234,المجمعات السكنية زعرورة,,,14,,,35.339227,1.314938,exact,osm_node,osm,"{""osm"":""node/9037700234""}",node,9037700234,"[""etus-tiaret""]","[""etus-tiaret-31""]",point_in_wilaya,"[""stop""]",,stop_position
osm-node-9037700235,محطة الخدمات (GBS),,,14,,,35.381097,1.340366,exact,osm_node,osm,"{""osm"":""node/9037700235""}",node,9037700235,"[""etus-tiaret""]","[""etus-tiaret-31""]",point_in_wilaya,"[""platform""]",bus_stop,platform
osm-node-9037700236,محطة الخدمات (GBS),,,14,,,35.380917,1.340422,exact,osm_node,osm,"{""osm"":""node/9037700236""}",node,9037700236,"[""etus-tiaret""]","[""etus-tiaret-31""]",point_in_wilaya,"[""platform""]",bus_stop,platform
osm-node-9037700237,المجمعات السكنية زعرورة,,,14,,,35.340063,1.316418,exact,osm_node,osm,"{""osm"":""node/9037700237""}",node,9037700237,"[""etus-tiaret""]","[""etus-tiaret-31""]",point_in_wilaya,"[""platform""]",bus_stop,platform
osm-node-9037700238,المجمعات السكنية زعرورة,,,14,,,35.340098,1.316377,exact,osm_node,osm,"{""osm"":""node/9037700238""}",node,9037700238,"[""etus-tiaret""]","[""etus-tiaret-31""]",point_in_wilaya,"[""stop""]",,stop_position
osm-node-9038460661,مستشفى يوسف دمرجي,,,14,,,35.382632,1.315922,exact,osm_node,osm,"{""osm"":""node/9038460661""}",node,9038460661,"[""etus-tiaret""]","[""etus-tiaret-27"",""etus-tiaret-30""]",point_in_wilaya,"[""platform""]",bus_stop,platform
osm-node-9038460662,مستشفى يوسف دمرجي,,,14,,,35.382695,1.315559,exact,osm_node,osm,"{""osm"":""node/9038460662""}",node,9038460662,"[""etus-tiaret""]","[""etus-tiaret-27"",""etus-tiaret-30""]",point_in_wilaya,"[""platform""]",bus_stop,platform
osm-node-9038460663,مستشفى يوسف دمرجي,,,14,,,35.382684,1.31559,exact,osm_node,osm,"{""osm"":""node/9038460663""}",node,9038460663,"[""etus-tiaret""]","[""etus-tiaret-27"",""etus-tiaret-30""]",point_in_wilaya,"[""stop""]",,stop_position
osm-node-9038460664,مستشفى يوسف دمرجي,,,14,,,35.382673,1.315709,exact,osm_node,osm,"{""osm"":""node/9038460664""}",node,9038460664,"[""etus-tiaret""]","[""etus-tiaret-27"",""etus-tiaret-30""]",point_in_wilaya,"[""stop""]",,stop_position
osm-node-9038460669,مستشفى ميرفو,,,14,,,35.376945,1.319942,exact,osm_node,osm,"{""osm"":""node/9038460669""}",node,9038460669,"[""etus-tiaret""]","[""etus-tiaret-32""]",point_in_wilaya,"[""platform""]",bus_stop,platform
osm-node-9038460671,مستشفى ميرفو,,,14,,,35.376968,1.319889,exact,osm_node,osm,"{""osm"":""node/9038460671""}",node,9038460671,"[""etus-tiaret""]","[""etus-tiaret-32""]",point_in_wilaya,"[""stop""]",,stop_position
osm-node-9038460672,عين الجنان,,,14,,,35.376778,1.313961,exact,osm_node,osm,"{""osm"":""node/9038460672""}",node,9038460672,"[""etus-tiaret""]","[""etus-tiaret-27"",""etus-tiaret-30""]",point_in_wilaya,"[""platform""]",bus_stop,platform
osm-node-9038460673,عين الجنان,,,14,,,35.376818,1.314098,exact,osm_node,osm,"{""osm"":""node/9038460673""}",node,9038460673,"[""etus-tiaret""]","[""etus-tiaret-27"",""etus-tiaret-30""]",point_in_wilaya,"[""platform""]",bus_stop,platform
osm-node-9038460674,عين الجنان,,,14,,,35.376798,1.314023,exact,osm_node,osm,"{""osm"":""node/9038460674""}",node,9038460674,"[""etus-tiaret""]","[""etus-tiaret-27"",""etus-tiaret-30""]",point_in_wilaya,"[""stop""]",,stop_position
osm-node-9038460678,مديرية مسح الأراضي,,,14,,,35.358088,1.333383,exact,osm_node,osm,"{""osm"":""node/9038460678""}",node,9038460678,"[""etus-tiaret""]","[""etus-tiaret-30"",""etus-tiaret-32""]",point_in_wilaya,"[""platform""]",,platform
osm-node-9038460680,مديرية مسح الأراضي,,,14,,,35.358134,1.333448,exact,osm_node,osm,"{""osm"":""node/9038460680""}",node,9038460680,"[""etus-tiaret""]","[""etus-tiaret-30"",""etus-tiaret-32""]",point_in_wilaya,"[""stop""]",,stop_position
osm-node-9038460701,وكالة البيع FOTONs,,,14,,,35.344853,1.326333,exact,osm_node,osm,"{""osm"":""node/9038460701""}",node,9038460701,"[""etus-tiaret""]","[""etus-tiaret-28"",""etus-tiaret-30""]",point_in_wilaya,"[""platform""]",bus_stop,platform
osm-node-9038460702,وكالة البيع FOTONs,,,14,,,35.344628,1.326226,exact,osm_node,osm,"{""osm"":""node/9038460702""}",node,9038460702,"[""etus-tiaret""]","[""etus-tiaret-28"",""etus-tiaret-30""]",point_in_wilaya,"[""platform""]",bus_stop,platform
osm-node-9038460703,وكالة البيع FOTONs,,,14,,,35.344795,1.326302,exact,osm_node,osm,"{""osm"":""node/9038460703""}",node,9038460703,"[""etus-tiaret""]","[""etus-tiaret-28"",""etus-tiaret-30""]",point_in_wilaya,"[""stop""]",,stop_position
osm-node-9038460704,وكالة البيع FOTONs,,,14,,,35.344676,1.326245,exact,osm_node,osm,"{""osm"":""node/9038460704""}",node,9038460704,"[""etus-tiaret""]","[""etus-tiaret-28"",""etus-tiaret-30""]",point_in_wilaya,"[""stop""]",,stop_position
osm-node-9039152549,ملتقى الطرق التيتانيك,,,14,,,35.367801,1.340506,exact,osm_node,osm,"{""osm"":""node/9039152549""}",node,9039152549,"[""etus-tiaret""]","[""etus-tiaret-27""]",point_in_wilaya,"[""platform""]",,platform
osm-node-9039152550,ملتقى الطرق التيتانيك,,,14,,,35.367807,1.34026,exact,osm_node,osm,"{""osm"":""node/9039152550""}",node,9039152550,"[""etus-tiaret""]","[""etus-tiaret-27""]",point_in_wilaya,"[""platform""]",,platform
osm-node-9039152563,عمارات حي قيطون,,,14,,,35.375169,1.324071,exact,osm_node,osm,"{""osm"":""node/9039152563""}",node,9039152563,"[""etus-tiaret""]","[""etus-tiaret-27"",""etus-tiaret-30""]",point_in_wilaya,"[""platform""]",bus_stop,platform
osm-node-9039152565,عمارات حي قيطون,,,14,,,35.375128,1.324213,exact,osm_node,osm,"{""osm"":""node/9039152565""}",node,9039152565,"[""etus-tiaret""]","[""etus-tiaret-27"",""etus-tiaret-30""]",point_in_wilaya,"[""platform""]",bus_stop,platform
osm-node-9039152566,عمارات حي قيطون,,,14,,,35.375139,1.32416,exact,osm_node,osm,"{""osm"":""node/9039152566""}",node,9039152566,"[""etus-tiaret""]","[""etus-tiaret-27"",""etus-tiaret-30""]",point_in_wilaya,"[""stop""]",,stop_position
osm-node-9039152570,الثانوية المتعددة الشعب,,,14,,,35.371816,1.325664,exact,osm_node,osm,"{""osm"":""node/9039152570""}",node,9039152570,"[""etus-tiaret""]","[""etus-tiaret-27"",""etus-tiaret-31""]",point_in_wilaya,"[""platform""]",bus_stop,platform
osm-node-9039152571,الثانوية المتعددة الشعب,,,14,,,35.371911,1.325678,exact,osm_node,osm,"{""osm"":""node/9039152571""}",node,9039152571,"[""etus-tiaret""]","[""etus-tiaret-27"",""etus-tiaret-31""]",point_in_wilaya,"[""platform""]",bus_stop,platform
osm-node-9039152572,الثانوية المتعددة الشعب,,,14,,,35.37187,1.325667,exact,osm_node,osm,"{""osm"":""node/9039152572""}",node,9039152572,"[""etus-tiaret""]","[""etus-tiaret-27"",""etus-tiaret-31""]",point_in_wilaya,"[""stop""]",,stop_position
osm-node-9048307094,محطة نقل المسافرين (عين قاسمة),,,14,,,35.346454,1.328153,exact,osm_node,osm,"{""osm"":""node/9048307094""}",node,9048307094,"[""etus-tiaret""]","[""etus-tiaret-27"",""etus-tiaret-28"",""etus-tiaret-29"",""etus-tiaret-30"",""etus-tiaret-31""]",point_in_wilaya,"[""platform""]",bus_stop,platform
osm-node-9048307095,محطة نقل المسافرين (عين قاسمة),,,14,,,35.346463,1.328204,exact,osm_node,osm,"{""osm"":""node/9048307095""}",node,9048307095,"[""etus-tiaret""]","[""etus-tiaret-27"",""etus-tiaret-28"",""etus-tiaret-29"",""etus-tiaret-30"",""etus-tiaret-31""]",point_in_wilaya,"[""stop""]",,stop_position
osm-node-9049258726,العيادة المتعددة الخدمات,,,14,,,35.353666,1.332105,exact,osm_node,osm,"{""osm"":""node/9049258726""}",node,9049258726,"[""etus-tiaret""]","[""etus-tiaret-27"",""etus-tiaret-28"",""etus-tiaret-29"",""etus-tiaret-30"",""etus-tiaret-31""]",point_in_wilaya,"[""platform""]",bus_stop,platform
osm-node-9049258727,العيادة المتعددة الخدمات,,,14,,,35.353628,1.332103,exact,osm_node,osm,"{""osm"":""node/9049258727""}",node,9049258727,"[""etus-tiaret""]","[""etus-tiaret-27"",""etus-tiaret-28"",""etus-tiaret-29"",""etus-tiaret-30"",""etus-tiaret-31""]",point_in_wilaya,"[""stop""]",,stop_position
osm-node-9049258728,العيادة المتعددة الخدمات,,,14,,,35.353474,1.332115,exact,osm_node,osm,"{""osm"":""node/9049258728""}",node,9049258728,"[""etus-tiaret""]","[""etus-tiaret-27"",""etus-tiaret-28"",""etus-tiaret-29"",""etus-tiaret-30"",""etus-tiaret-31""]",point_in_wilaya,"[""platform""]",bus_stop,platform
osm-node-9049258729,العيادة المتعددة الخدمات,,,14,,,35.353515,1.33211,exact,osm_node,osm,"{""osm"":""node/9049258729""}",node,9049258729,"[""etus-tiaret""]","[""etus-tiaret-27"",""etus-tiaret-28"",""etus-tiaret-29"",""etus-tiaret-30"",""etus-tiaret-31""]",point_in_wilaya,"[""stop""]",,stop_position
osm-node-9049258730,سوق الفلاح (المنظر الجميل),,,14,,,35.352753,1.326796,exact,osm_node,osm,"{""osm"":""node/9049258730""}",node,9049258730,"[""etus-tiaret""]","[""etus-tiaret-27"",""etus-tiaret-28"",""etus-tiaret-29"",""etus-tiaret-30"",""etus-tiaret-31""]",point_in_wilaya,"[""platform""]",bus_stop,platform
osm-node-9049258731,سوق الفلاح (المنظر الجميل),,,14,,,35.352708,1.326816,exact,osm_node,osm,"{""osm"":""node/9049258731""}",node,9049258731,"[""etus-tiaret""]","[""etus-tiaret-27"",""etus-tiaret-28"",""etus-tiaret-29"",""etus-tiaret-30"",""etus-tiaret-31""]",point_in_wilaya,"[""stop""]",,stop_position
osm-node-9049258732,سوق الفلاح (المنظر الجميل),,,14,,,35.352587,1.326869,exact,osm_node,osm,"{""osm"":""node/9049258732""}",node,9049258732,"[""etus-tiaret""]","[""etus-tiaret-27"",""etus-tiaret-28"",""etus-tiaret-29"",""etus-tiaret-30"",""etus-tiaret-31""]",point_in_wilaya,"[""platform""]",bus_stop,platform
osm-node-9049258733,سوق الفلاح (المنظر الجميل),,,14,,,35.352629,1.326849,exact,osm_node,osm,"{""osm"":""node/9049258733""}",node,9049258733,"[""etus-tiaret""]","[""etus-tiaret-27"",""etus-tiaret-28"",""etus-tiaret-29"",""etus-tiaret-30"",""etus-tiaret-31""]",point_in_wilaya,"[""stop""]",,stop_position
osm-node-9049258734,محطة نقل المسافرين (عين قاسمة),,,14,,,35.346914,1.328228,exact,osm_node,osm,"{""osm"":""node/9049258734""}",node,9049258734,"[""etus-tiaret""]","[""etus-tiaret-27"",""etus-tiaret-28"",""etus-tiaret-29"",""etus-tiaret-30"",""etus-tiaret-31""]",point_in_wilaya,"[""platform""]",bus_stop,platform
osm-node-9049258735,محطة نقل المسافرين (عين قاسمة),,,14,,,35.346904,1.328183,exact,osm_node,osm,"{""osm"":""node/9049258735""}",node,9049258735,"[""etus-tiaret""]","[""etus-tiaret-27"",""etus-tiaret-28"",""etus-tiaret-29"",""etus-tiaret-30"",""etus-tiaret-31""]",point_in_wilaya,"[""stop""]",,stop_position
osm-node-9049337680,حي 504 سكن,,,14,,,35.350408,1.308888,exact,osm_node,osm,"{""osm"":""node/9049337680""}",node,9049337680,"[""etus-tiaret""]","[""etus-tiaret-26"",""etus-tiaret-28"",""etus-tiaret-30""]",point_in_wilaya,"[""platform""]",bus_stop,platform
osm-node-9049337681,حي 504 سكن,,,14,,,35.3504,1.308923,exact,osm_node,osm,"{""osm"":""node/9049337681""}",node,9049337681,"[""etus-tiaret""]","[""etus-tiaret-26"",""etus-tiaret-28"",""etus-tiaret-30""]",point_in_wilaya,"[""stop""]",,stop_position
osm-node-9049352575,ملتقى الطرق (الأمن الولائي),,ملتقى الطرق (الأمن الولائي),14,,,35.3552,1.335716,exact,osm_node,osm,"{""osm"":""node/9049352575""}",node,9049352575,"[""etus-tiaret""]","[""etus-tiaret-27"",""etus-tiaret-28"",""etus-tiaret-29"",""etus-tiaret-30"",""etus-tiaret-31""]",point_in_wilaya,"[""platform""]",bus_stop,platform
osm-node-9049352577,ملتقى الطرق (الأمن الولائي),,ملتقى الطرق (الأمن الولائي),14,,,35.355192,1.3357,exact,osm_node,osm,"{""osm"":""node/9049352577""}",node,9049352577,"[""etus-tiaret""]","[""etus-tiaret-27"",""etus-tiaret-28"",""etus-tiaret-29"",""etus-tiaret-30"",""etus-tiaret-31""]",point_in_wilaya,"[""stop""]",,stop_position
osm-node-9049352578,ملتقى الطرق (الأمن الولائي),,ملتقى الطرق (الأمن الولائي),14,,,35.35509,1.335871,exact,osm_node,osm,"{""osm"":""node/9049352578""}",node,9049352578,"[""etus-tiaret""]","[""etus-tiaret-27"",""etus-tiaret-28"",""etus-tiaret-29"",""etus-tiaret-30"",""etus-tiaret-31""]",point_in_wilaya,"[""platform""]",bus_stop,platform
osm-node-9049352580,ملتقى الطرق (الأمن الولائي),,ملتقى الطرق (الأمن الولائي),14,,,35.355129,1.335799,exact,osm_node,osm,"{""osm"":""node/9049352580""}",node,9049352580,"[""etus-tiaret""]","[""etus-tiaret-27"",""etus-tiaret-28"",""etus-tiaret-29"",""etus-tiaret-30"",""etus-tiaret-31""]",point_in_wilaya,"[""stop""]",,stop_position
osm-node-9049352582,,,,14,,,35.353941,1.333814,exact,osm_node,osm,"{""osm"":""node/9049352582""}",node,9049352582,"[""etus-tiaret""]","[""etus-tiaret-27"",""etus-tiaret-28"",""etus-tiaret-29"",""etus-tiaret-30"",""etus-tiaret-31""]",point_in_wilaya,"[""platform""]",bus_stop,platform
osm-node-9049352583,,,,14,,,35.353906,1.333836,exact,osm_node,osm,"{""osm"":""node/9049352583""}",node,9049352583,"[""etus-tiaret""]","[""etus-tiaret-27"",""etus-tiaret-28"",""etus-tiaret-29"",""etus-tiaret-30"",""etus-tiaret-31""]",point_in_wilaya,"[""stop""]",,stop_position
osm-node-9049352585,,,,14,,,35.353812,1.333897,exact,osm_node,osm,"{""osm"":""node/9049352585""}",node,9049352585,"[""etus-tiaret""]","[""etus-tiaret-27"",""etus-tiaret-28"",""etus-tiaret-29"",""etus-tiaret-30"",""etus-tiaret-31""]",point_in_wilaya,"[""platform""]",bus_stop,platform
osm-node-9049352586,,,,14,,,35.353829,1.333886,exact,osm_node,osm,"{""osm"":""node/9049352586""}",node,9049352586,"[""etus-tiaret""]","[""etus-tiaret-27"",""etus-tiaret-28"",""etus-tiaret-29"",""etus-tiaret-30"",""etus-tiaret-31""]",point_in_wilaya,"[""stop""]",,stop_position
osm-node-9049390618,حي المنار 1,,,14,,,35.346543,1.320514,exact,osm_node,osm,"{""osm"":""node/9049390618""}",node,9049390618,"[""etus-tiaret""]","[""etus-tiaret-28"",""etus-tiaret-30""]",point_in_wilaya,"[""platform""]",,platform
osm-node-9049390619,حي المنار 1,,,14,,,35.34637,1.320419,exact,osm_node,osm,"{""osm"":""node/9049390619""}",node,9049390619,"[""etus-tiaret""]","[""etus-tiaret-28"",""etus-tiaret-30""]",point_in_wilaya,"[""platform""]",,platform
osm-node-9049390620,حي المنار 1,,,14,,,35.346519,1.320498,exact,osm_node,osm,"{""osm"":""node/9049390620""}",node,9049390620,"[""etus-tiaret""]","[""etus-tiaret-28"",""etus-tiaret-30""]",point_in_wilaya,"[""stop""]",,stop_position
osm-node-9049390621,حي المنار 1,,,14,,,35.346405,1.320438,exact,osm_node,osm,"{""osm"":""node/9049390621""}",node,9049390621,"[""etus-tiaret""]","[""etus-tiaret-28"",""etus-tiaret-30""]",point_in_wilaya,"[""stop""]",,stop_position
osm-node-9050533403,حي الرحمة,,,14,,,35.357051,1.337803,exact,osm_node,osm,"{""osm"":""node/9050533403""}",node,9050533403,"[""etus-tiaret""]","[""etus-tiaret-27"",""etus-tiaret-28"",""etus-tiaret-29""]",point_in_wilaya,"[""stop""]",,stop_position
osm-node-9050533404,حي الرحمة,,,14,,,35.357064,1.33775,exact,osm_node,osm,"{""osm"":""node/9050533404""}",node,9050533404,"[""etus-tiaret""]","[""etus-tiaret-27"",""etus-tiaret-28"",""etus-tiaret-29""]",point_in_wilaya,"[""platform""]",bus_stop,platform
osm-node-9050533405,حي الرحمة,,,14,,,35.356999,1.337971,exact,osm_node,osm,"{""osm"":""node/9050533405""}",node,9050533405,"[""etus-tiaret""]","[""etus-tiaret-27"",""etus-tiaret-28"",""etus-tiaret-29""]",point_in_wilaya,"[""platform""]",bus_stop,platform
osm-node-9050533406,حي الرحمة,,,14,,,35.357015,1.337924,exact,osm_node,osm,"{""osm"":""node/9050533406""}",node,9050533406,"[""etus-tiaret""]","[""etus-tiaret-27"",""etus-tiaret-28"",""etus-tiaret-29""]",point_in_wilaya,"[""stop""]",,stop_position
osm-node-9050570130,المحطة الآخيرة لحي سوناتيبا,,,14,,,35.362072,1.338732,exact,osm_node,osm,"{""osm"":""node/9050570130""}",node,9050570130,"[""etus-tiaret""]","[""etus-tiaret-27"",""etus-tiaret-31""]",point_in_wilaya,"[""stop""]",,stop_position
osm-node-9050570131,المحطة الآخيرة لحي سوناتيبا,,,14,,,35.362076,1.33869,exact,osm_node,osm,"{""osm"":""node/9050570131""}",node,9050570131,"[""etus-tiaret""]","[""etus-tiaret-27"",""etus-tiaret-31""]",point_in_wilaya,"[""platform""]",bus_stop,platform
osm-node-9050570132,المحطة الآخيرة لحي سوناتيبا,,,14,,,35.362055,1.338869,exact,osm_node,osm,"{""osm"":""node/9050570132""}",node,9050570132,"[""etus-tiaret""]","[""etus-tiaret-27""]",point_in_wilaya,"[""platform""]",bus_stop,platform
osm-node-9050570133,المحطة الآخيرة لحي سوناتيبا,,,14,,,35.362061,1.338833,exact,osm_node,osm,"{""osm"":""node/9050570133""}",node,9050570133,"[""etus-tiaret""]","[""etus-tiaret-27""]",point_in_wilaya,"[""stop""]",,stop_position
osm-node-9050570136,الملحق البلدي لحي السوناتيبا,,,14,,,35.359918,1.338492,exact,osm_node,osm,"{""osm"":""node/9050570136""}",node,9050570136,"[""etus-tiaret""]","[""etus-tiaret-27"",""etus-tiaret-28"",""etus-tiaret-29"",""etus-tiaret-31""]",point_in_wilaya,"[""platform""]",bus_stop,platform
osm-node-9050570137,الملحق البلدي لحي السوناتيبا,,,14,,,35.359926,1.338459,exact,osm_node,osm,"{""osm"":""node/9050570137""}",node,9050570137,"[""etus-tiaret""]","[""etus-tiaret-27"",""etus-tiaret-28"",""etus-tiaret-29"",""etus-tiaret-31""]",point_in_wilaya,"[""stop""]",,stop_position
osm-node-9052051109,ملتقى الطرق (مركز الفروسية),,,14,,,35.380883,1.340283,exact,osm_node,osm,"{""osm"":""node/9052051109""}",node,9052051109,"[""etus-tiaret""]","[""etus-tiaret-26"",""etus-tiaret-29""]",point_in_wilaya,"[""platform""]",bus_stop,platform
osm-node-9052051110,ملتقى الطرق (مركز الفروسية),,,14,,,35.381062,1.340206,exact,osm_node,osm,"{""osm"":""node/9052051110""}",node,9052051110,"[""etus-tiaret""]","[""etus-tiaret-26"",""etus-tiaret-29""]",point_in_wilaya,"[""platform""]",bus_stop,platform
osm-node-9052051111,ملتقى الطرق (مركز الفروسية),,,14,,,35.380919,1.340262,exact,osm_node,osm,"{""osm"":""node/9052051111""}",node,9052051111,"[""etus-tiaret""]","[""etus-tiaret-26"",""etus-tiaret-29""]",point_in_wilaya,"[""stop""]",,stop_position
osm-node-9052051112,ملتقى الطرق (مركز الفروسية),,,14,,,35.381019,1.340222,exact,osm_node,osm,"{""osm"":""node/9052051112""}",node,9052051112,"[""etus-tiaret""]","[""etus-tiaret-26"",""etus-tiaret-29""]",point_in_wilaya,"[""stop""]",,stop_position
osm-node-9053215316,حي1500 سكن AADL,,,14,,,35.387506,1.328756,exact,osm_node,osm,"{""osm"":""node/9053215316""}",node,9053215316,"[""etus-tiaret""]","[""etus-tiaret-30""]",point_in_wilaya,"[""platform""]",bus_stop,platform
osm-node-9058597983,مركز البريد,,,14,,,35.373355,1.321594,exact,osm_node,osm,"{""osm"":""node/9058597983""}",node,9058597983,"[""etus-tiaret""]","[""etus-tiaret-30""]",point_in_wilaya,"[""stop""]",,stop_position
osm-node-9059419703,الجامعة كارمان,,,14,,,35.381592,1.351945,exact,osm_node,osm,"{""osm"":""node/9059419703""}",node,9059419703,"[""etus-tiaret""]","[""etus-tiaret-26"",""etus-tiaret-29""]",point_in_wilaya,"[""platform""]",bus_stop,platform
osm-node-929484195,عمارات الفيدا,,,14,,,35.370876,1.332254,exact,osm_node,osm,"{""osm"":""node/929484195""}",node,929484195,"[""etus-tiaret""]","[""etus-tiaret-29""]",point_in_wilaya,"[""stop""]",,stop_position
osm-node-9430799743,,,,16,,,36.788292,3.058806,exact,osm_node,osm,"{""osm"":""node/9430799743""}",node,9430799743,"[""etusa""]","[""etusa-50""]",point_in_wilaya,"[""stop""]",,
osm-node-958556420,Saïd Hamdine,Gare routière de Saïd Hamdine,سعيد حمدين,16,,,36.733626,3.038468,exact,osm_node,osm,"{""osm"":""node/958556420""}",node,958556420,"[""etusa""]","[""etusa-732""]",point_in_wilaya,"[""platform""]",bus_stop,platform
osm-node-958556423,Saïd Hamdine,Gare routière de Saïd Hamdine,سعيد حمدين,16,,,36.733983,3.035933,exact,osm_node,osm,"{""osm"":""node/958556423""}",node,958556423,"[""etusa""]","[""etusa-732""]",point_in_wilaya,"[""platform""]",bus_stop,platform
osm-node-960842059,Chevalley,Chevalley,شوفالي,16,,,36.769509,3.006913,exact,osm_node,osm,"{""osm"":""node/960842059""}",node,960842059,"[""etusa""]","[""etusa-3"",""etusa-707"",""etusa-731""]",point_in_wilaya,"[""platform"",""platform_entry_only"",""platform_exit_only""]",bus_stop,platform
osm-node-960842108,Secouto,Secouto,,16,,,36.785448,3.04268,exact,osm_node,osm,"{""osm"":""node/960842108""}",node,960842108,"[""etusa""]","[""etusa-45"",""etusa-58""]",point_in_wilaya,"[""stop""]",,stop_position
osm-node-960842117,فري فالون,Frais Vallon,فري فالون,16,,,36.778442,3.038199,exact,osm_node,osm,"{""osm"":""node/960842117""}",node,960842117,"[""etusa""]","[""etusa-45"",""etusa-58""]",point_in_wilaya,"[""platform""]",bus_stop,platform
osm-node-960842119,Les sources,Les sources,,16,,,36.774959,3.035919,exact,osm_node,osm,"{""osm"":""node/960842119""}",node,960842119,"[""etusa""]","[""etusa-45"",""etusa-58""]",point_in_wilaya,"[""platform""]",bus_stop,platform
osm-node-961009284,Garidi 2,Garidi 2,قريدي 2,16,,,36.733255,3.063565,exact,osm_node,osm,"{""osm"":""node/961009284""}",node,961009284,"[""etusa""]","[""etusa-27""]",point_in_wilaya,"[""platform_entry_only"",""platform_exit_only""]",bus_stop,platform
osm-node-967403938,APC Kouba,,,16,,,36.733921,3.086912,exact,osm_node,osm,"{""osm"":""node/967403938""}",node,967403938,"[""etusa""]","[""etusa-6""]",point_in_wilaya,"[""platform""]",bus_stop,platform
osm-node-991957515,Place El Qos,,ساحة القدس,16,,,36.747578,3.040257,exact,osm_node,osm,"{""osm"":""node/991957515""}",node,991957515,"[""etusa""]","[""etusa-31"",""etusa-88""]",point_in_wilaya,"[""platform""]",bus_stop,platform
osm-way-527848021,Hôtel Es-Safir,Hôtel Es-Safir,,16,,,36.777681,3.060402,approximate,osm_way_center,osm,"{""osm"":""way/527848021""}",way,527848021,"[""etusa""]","[""etusa-100""]",point_in_wilaya,"[""platform""]",,platform
osm-way-527848025,Aéroport Terminal International,Aéroport Terminal International,,16,,,36.698949,3.206841,approximate,osm_way_center,osm,"{""osm"":""way/527848025""}",way,527848025,"[""etusa""]","[""etusa-100""]",point_in_wilaya,"[""platform""]",service,platform
osm-way-579389961,محطة النقل البري براقي,Gare routière de Baraki,محطة النقل البري براقي,16,,,36.672655,3.08574,approximate,osm_way_center,osm,"{""osm"":""way/579389961""}",way,579389961,"[""etusa""]","[""etusa-105"",""etusa-643"",""etusa-D105""]",point_in_wilaya,"[""platform_entry_only"",""platform_exit_only""]",,station
