id,name,name_fr,name_ar,wilaya_code,commune_code,commune,lat,lng,geo_precision,geo_method,source,refs,type,type_label_fr,type_label_ar,sector,speciality,address,phone,opening_hours,emergency
01-00001,عياد متعددة الخدمات إن زغمير,Polyclinique In Zghmir,عياد متعددة الخدمات إن زغمير,01,0105,In Zghmir,27.109726,-0.122163,exact,osm_node,osm,"{""osm"":""node/11119062179""}",polyclinique,Polyclinique,عيادة متعددة الخدمات,public,,,,,
01-00002,,,,01,0101,Adrar,27.880889,-0.25925,exact,osm_node,osm,"{""osm"":""node/12585903301""}",clinique,Clinique,عيادة / مصحة,,,المجاهد عبد الكريم بودرغومة,,,
01-00003,Clinique SEDJRARI,Clinique SEDJRARI,,01,0112,Aoulef,26.980484,1.079725,exact,osm_node,osm,"{""osm"":""node/13955215776""}",clinique,Clinique,عيادة / مصحة,,,aoulef,,,
01-00004,Clinique BEN TAYEB,Clinique BEN TAYEB,,01,0112,Aoulef,26.974798,1.079664,exact,osm_node,osm,"{""osm"":""node/3017020116""}",clinique,Clinique,عيادة / مصحة,,,aoulef,,,
01-00005,مصلحة الوقاية والطب الوقائي,SEMEP,مصلحة الوقاية والطب الوقائي,01,0101,Adrar,27.871525,-0.282852,exact,osm_node,osm,"{""osm"":""node/3617968695""}",clinique,Clinique,عيادة / مصحة,,,أدرار,,,
01-00006,قاعة علاج بني وازل,Salle de soins Beni-Ouazel,قاعة علاج بني وازل ودة المنصور,01,0122,Bouda,27.96345,-0.4253,exact,osm_node,osm,"{""osm"":""node/3620491669""}",salle_de_soins,Salle de soins / dispensaire,قاعة علاج / مستوصف,public,,,,,
01-00007,العيادة متعددة الخدمات بودة المنصور,Polyclinique Bouda El-Mansour,العيادة متعددة الخدمات بودة المنصور,01,0122,Bouda,27.955481,-0.424646,exact,osm_node,osm,"{""osm"":""node/3620502356""}",polyclinique,Polyclinique,عيادة متعددة الخدمات,public,,,,,
01-00008,قاعة علاج بودة بندراعو,Salle de soins Bouda Bendraaou,قاعة علاج بودة بندراعو,01,0122,Bouda,28.009208,-0.426443,exact,osm_node,osm,"{""osm"":""node/3620548260""}",salle_de_soins,Salle de soins / dispensaire,قاعة علاج / مستوصف,public,,,,,
01-00009,Polyclinique Tlilène,Polyclinique Tlilène,عيادة متعددة الخدمات تيليلان,01,0101,Adrar,27.88347,-0.263616,exact,osm_node,osm,"{""osm"":""node/3791136159""}",polyclinique,Polyclinique,عيادة متعددة الخدمات,public,,,,24/7,
01-00010,العيادة الجديدة رقان,Nouvelle Polyclinique Reggan,العيادة الجديدة رقان,01,0104,Reggane,26.711536,0.176223,exact,osm_node,osm,"{""osm"":""node/4200950589""}",polyclinique,Polyclinique,عيادة متعددة الخدمات,public,,رقان,,,
01-00011,Clinique LAHAMDI / عيادة لحامدي,Clinique Lahamdi,عيادة لحامدي,01,0112,Aoulef,26.977973,1.081904,exact,osm_node,osm,"{""osm"":""node/4307422630""}",clinique,Clinique,عيادة / مصحة,,,"Av. 1er Novembre, Aoulef 01003",,,
01-00012,Polyclinique d'Aoulef,Polyclinique d'Aoulef,المؤسسة الاستشفائية الجوارية اولف,01,0112,Aoulef,26.971029,1.079965,approximate,osm_centroid,osm,"{""osm"":""relation/6419313""}",polyclinique,Polyclinique,عيادة متعددة الخدمات,public,,"Rue Place du Marché, Aoulef 01003",,Su-Th 08:00-16:00,true
01-00013,Clinique de Maternité,Clinique de Maternité,مستوصف الامومة,01,0112,Aoulef,26.972253,1.076957,approximate,osm_centroid,osm,"{""osm"":""relation/6431034""}",salle_de_soins,Salle de soins / dispensaire,قاعة علاج / مستوصف,public,,"Centre Ville, Aoulef 01003",,,true
01-00014,Clinique Kasbet Bellal,Clinique Kasbet Bellal,العيادة الجوارية حي قصبة بلال,01,0112,Aoulef,26.965224,1.076845,approximate,osm_centroid,osm,"{""osm"":""way/296805010""}",clinique,Clinique,عيادة / مصحة,,,,,,
01-00015,Clinique de proximité Zaouiet Hainoune,Clinique de proximité Zaouiet Hainoune,العيادة الجوارية حي زاوية حينون,01,0112,Aoulef,26.961647,1.082915,approximate,osm_centroid,osm,"{""osm"":""way/297103340""}",clinique,Clinique,عيادة / مصحة,,,,,,
01-00016,Clinique de proximité Takaraf,Clinique de proximité Takaraf,العيادة الجوارية حي تقراف,01,0112,Aoulef,26.978827,1.077167,approximate,osm_centroid,osm,"{""osm"":""way/299522552""}",clinique,Clinique,عيادة / مصحة,,,,,,
01-00017,مركز الوسيط لعلاج المدمنين,Centre Intermédiaire de Soins desToxicomanie,مركز الوسيط لعلاج المدمنين,01,0101,Adrar,27.876217,-0.324897,approximate,osm_centroid,osm,"{""osm"":""way/346376984""}",clinique,Clinique,عيادة / مصحة,,,,,,
01-00018,عيادة طبية,Clinique médicale,عيادة طبية,01,0111,Zaouiet Kounta,27.40998,-0.182815,approximate,osm_centroid,osm,"{""osm"":""way/364829436""}",clinique,Clinique,عيادة / مصحة,,,تيطاف,,,
01-00019,Polyclinique El Kasba EPSP,Polyclinique El Kasba EPSP,العيادة متعددة الخدمات القصبة,01,0101,Adrar,27.872024,-0.294477,approximate,osm_centroid,osm,"{""osm"":""way/376511881""}",polyclinique,Polyclinique,عيادة متعددة الخدمات,public,,Adrar,,,
01-00020,Dispensaire,Dispensaire,,01,0101,Adrar,27.887118,-0.304823,approximate,osm_centroid,osm,"{""osm"":""way/432330777""}",salle_de_soins,Salle de soins / dispensaire,قاعة علاج / مستوصف,public,,,,,
01-00021,Dispensaire,Dispensaire,,01,0101,Adrar,27.876189,-0.301944,approximate,osm_centroid,osm,"{""osm"":""way/432338886""}",salle_de_soins,Salle de soins / dispensaire,قاعة علاج / مستوصف,public,,,,,
01-00022,Polyclinique BOUDA EL-Mansour EPSP ADRAR,Polyclinique BOUDA EL-Mansour EPSP ADRAR,العيادة متعددة الخدمات بودة المنصور,01,0122,Bouda,27.955549,-0.424636,approximate,osm_centroid,osm,"{""osm"":""way/433003755""}",polyclinique,Polyclinique,عيادة متعددة الخدمات,public,,01023,,,
01-00023,Clinique d'accouchement,Clinique d'accouchement,عيادة التوليد,01,0101,Adrar,27.869552,-0.27772,approximate,osm_centroid,osm,"{""osm"":""way/433027740""}",maternite,Maternité / clinique d'accouchement,مصحة توليد,,,,,,
01-00024,عيادة متعددة الخدمات تيمي,Polyclinique Timmi (EPSP ADRAR),عيادة متعددة الخدمات تيمي,01,0101,Adrar,27.843721,-0.283305,approximate,osm_centroid,osm,"{""osm"":""way/435742724""}",polyclinique,Polyclinique,عيادة متعددة الخدمات,public,,,,,
01-00025,,,,01,0104,Reggane,26.710829,0.175926,approximate,osm_centroid,osm,"{""osm"":""way/759429837""}",clinique,Clinique,عيادة / مصحة,,,,,,
02-00001,,,,02,0229,Oued Fodda,36.183011,1.529345,exact,osm_node,osm,"{""osm"":""node/10038193717""}",clinique,Clinique,عيادة / مصحة,,,,'+213557575981,Mo-Fr 08:00-17:00,
02-00002,الإحسان,El Ihssene,الإحسان,02,0201,Chlef,36.169858,1.341751,exact,osm_node,osm,"{""osm"":""node/10881539806""}",clinique,Clinique,عيادة / مصحة,,,,,,
02-00003,Clinic مستوصف,,مستوصف,02,0211,Sidi Akkacha,36.470338,1.278639,exact,osm_node,osm,"{""osm"":""node/13668757365""}",salle_de_soins,Salle de soins / dispensaire,قاعة علاج / مستوصف,public,,,,,
02-00004,centre de santé,centre de santé,مركز صحي,02,0201,Chlef,36.155793,1.307157,exact,osm_node,osm,"{""osm"":""node/3769823532""}",centre_sante,Centre de santé,مركز صحي,,,,,,
02-00005,مستوصف رغون,Dispensaire reggoun,مستوصف رغون,02,0202,Tenes,36.502739,1.255056,exact,osm_node,osm,"{""osm"":""node/4023364743""}",salle_de_soins,Salle de soins / dispensaire,قاعة علاج / مستوصف,public,,"وادي القصب, تنس",,,
02-00006,عيادة متعددة الخدمات,,عيادة متعددة الخدمات,02,0207,Beni Haoua,36.530021,1.58226,exact,osm_node,osm,"{""osm"":""node/4144869592""}",polyclinique,Polyclinique,عيادة متعددة الخدمات,public,,,027753479,24/7,
02-00007,العيادة القديمة,,العيادة القديمة,02,0207,Beni Haoua,36.532261,1.571781,exact,osm_node,osm,"{""osm"":""node/4144884789""}",clinique,Clinique,عيادة / مصحة,,,,027 75 34 79,Mo-Su 08:00-18:00,
02-00008,,,,02,0231,Bouzeghaia,36.324858,1.136464,exact,osm_node,osm,"{""osm"":""node/4428928889""}",clinique,Clinique,عيادة / مصحة,,,,,,
02-00009,Clinique,Clinique,,02,0209,Harchoun,36.116425,1.505967,exact,osm_node,osm,"{""osm"":""node/4447355993""}",clinique,Clinique,عيادة / مصحة,,,,,,
02-00010,Clinique El Amel,Clinique El Amel,,02,0210,Ouled Fares,36.205604,1.266359,exact,osm_node,osm,"{""osm"":""node/4464988991""}",clinique,Clinique,عيادة / مصحة,,,,,,
02-00011,عيادة بني راشد,,عيادة بني راشد,02,0213,Beni Rached,36.277271,1.524897,exact,osm_node,osm,"{""osm"":""node/4484431172""}",clinique,Clinique,عيادة / مصحة,,,,,,
02-00012,Polyclinique EPSP عيادة متعددة الخدمات,Polyclinique EPSP,عيادة متعددة الخدمات,02,0210,Ouled Fares,36.233604,1.236465,exact,osm_node,osm,"{""osm"":""node/4511168893""}",polyclinique,Polyclinique,عيادة متعددة الخدمات,public,,أولاد فارس,,,
02-00013,الدكتور جيلالي عياد,Dr djilali ayad,الدكتور جيلالي عياد,02,0210,Ouled Fares,36.228872,1.233089,exact,osm_node,osm,"{""osm"":""node/4511191989""}",clinique,Clinique,عيادة / مصحة,,,أولاد فارس,0561352118,Mo-Fr 07:00-19:00,
02-00014,Centre d'imagerie Scintigraphique,Centre d'imagerie Scintigraphique,,02,0201,Chlef,36.158754,1.318213,exact,osm_node,osm,"{""osm"":""node/4529979289""}",clinique,Clinique,عيادة / مصحة,,,,027792581,,
02-00015,,,,02,0217,Dahra,36.219415,0.797847,exact,osm_node,osm,"{""osm"":""node/4961794222""}",clinique,Clinique,عيادة / مصحة,,,,,Su-Th 08:30-16:00,
02-00016,,,,02,0232,Ain Merane,36.142305,0.982989,exact,osm_node,osm,"{""osm"":""node/5423729024""}",clinique,Clinique,عيادة / مصحة,,,,,,
02-00018,الصبحة,Sobha,الصبحة,02,0208,Sobha,36.11061,1.109536,exact,osm_node,osm,"{""osm"":""node/5502868436""}",clinique,Clinique,عيادة / مصحة,,,,,,
02-00019,مستوصف واد سلي,Dispensaire Oued Sli,مستوصف واد سلي,02,0221,Oued Sly,36.10641,1.193887,exact,osm_node,osm,"{""osm"":""node/5507980521""}",salle_de_soins,Salle de soins / dispensaire,قاعة علاج / مستوصف,public,,,,,
02-00020,مستوصف,Dispensaire,مستوصف,02,0221,Oued Sly,36.083291,1.200352,exact,osm_node,osm,"{""osm"":""node/5558859826""}",salle_de_soins,Salle de soins / dispensaire,قاعة علاج / مستوصف,public,,,,,
02-00021,,,,02,0220,Zeboudja,36.352061,1.427772,exact,osm_node,osm,"{""osm"":""node/5585874822""}",clinique,Clinique,عيادة / مصحة,,,,,,
02-00022,,,,02,0224,Chettia,36.180358,1.259717,exact,osm_node,osm,"{""osm"":""node/6371448889""}",clinique,Clinique,عيادة / مصحة,,,,,,
02-00023,,,,02,0210,Ouled Fares,36.203373,1.256317,exact,osm_node,osm,"{""osm"":""node/6371449085""}",clinique,Clinique,عيادة / مصحة,,,,,,
02-00024,Polyclinique chorfa,Polyclinique chorfa,,02,0201,Chlef,36.142113,1.309,approximate,osm_centroid,osm,"{""osm"":""way/1205062217""}",polyclinique,Polyclinique,عيادة متعددة الخدمات,public,,zone 04 chorfa,,Su-Th 08:00-16:00,
02-00025,,,,02,0204,El Karimia,36.111306,1.551073,approximate,osm_centroid,osm,"{""osm"":""way/207404264""}",clinique,Clinique,عيادة / مصحة,,,,,,
02-00026,,,,02,0229,Oued Fodda,36.184707,1.528261,approximate,osm_centroid,osm,"{""osm"":""way/310570533""}",clinique,Clinique,عيادة / مصحة,,,وادي الفضة 02100,,,
02-00027,Polyclinique,Polyclinique,,02,0210,Ouled Fares,36.205794,1.261893,approximate,osm_centroid,osm,"{""osm"":""way/327942168""}",polyclinique,Polyclinique,عيادة متعددة الخدمات,public,,,,,
02-00028,,,,02,0227,El Hadjadj,36.061988,1.402092,approximate,osm_centroid,osm,"{""osm"":""way/334663613""}",clinique,Clinique,عيادة / مصحة,,,Sendjas 02025,,,
02-00029,Salle de soins,Salle de soins,قاعة علاج,02,0207,Beni Haoua,36.511236,1.570131,approximate,osm_centroid,osm,"{""osm"":""way/345008359""}",salle_de_soins,Salle de soins / dispensaire,قاعة علاج / مستوصف,public,,,,,
02-00031,Polyclinique Chaarir قاعة العلاج الشعارير,Polyclinique Chaarir,قاعة العلاج الشعارير,02,0202,Tenes,36.504105,1.27701,approximate,osm_centroid,osm,"{""osm"":""way/539806962""}",polyclinique,Polyclinique,عيادة متعددة الخدمات,public,,"الشعارير, تنس",,,
02-00032,قاعة العلاج خلوفة,,قاعة العلاج خلوفة,02,0216,Oued Goussine,36.481167,1.494445,approximate,osm_centroid,osm,"{""osm"":""way/752847599""}",salle_de_soins,Salle de soins / dispensaire,قاعة علاج / مستوصف,public,,,,,
03-00001,عيادة حمزة للشفاء,,عيادة حمزة للشفاء,03,0301,Laghouat,33.815619,2.855314,exact,osm_node,osm,"{""osm"":""node/10003815641""}",clinique,Clinique,عيادة / مصحة,,,"728 lots, الأغواط",,,
03-00002,عيادة متعددة الخدمات 08 ماي 1945,Dispensaire Médical 08 Mai 1945,عيادة متعددة الخدمات 08 ماي 1945,03,0301,Laghouat,33.788787,2.861285,exact,osm_node,osm,"{""osm"":""node/11139569205""}",polyclinique,Polyclinique,عيادة متعددة الخدمات,public,,Cité 252 logements,,,
03-00003,قاعة العلاج الشهيد جودي عبد القادر,,قاعة العلاج الشهيد جودي عبد القادر,03,0301,Laghouat,33.812915,2.880114,exact,osm_node,osm,"{""osm"":""node/13159270001""}",salle_de_soins,Salle de soins / dispensaire,قاعة علاج / مستوصف,public,,52 Rue de l'école,,,
03-00004,عيادة متعددة الخدمات عين ماضي,,عيادة متعددة الخدمات عين ماضي,03,0307,Ain Madhi,33.795929,2.305684,exact,osm_node,osm,"{""osm"":""node/4284692189""}",polyclinique,Polyclinique,عيادة متعددة الخدمات,public,,,,,
03-00006,عيادة نعوم مريق,,عيادة نعوم مريق,03,0302,Ksar El Hirane,33.789049,3.138855,exact,osm_node,osm,"{""osm"":""node/4345161389""}",clinique,Clinique,عيادة / مصحة,,,,,,
03-00007,,,,03,0301,Laghouat,33.815476,2.864011,exact,osm_node,osm,"{""osm"":""node/4582783593""}",clinique,Clinique,عيادة / مصحة,,,,,,
03-00008,عميرة عكوش,,ابو العتوه عميرة عكوش,03,0303,Benacer Benchohra,33.750164,2.998875,exact,osm_node,osm,"{""osm"":""node/4826105422""}",clinique,Clinique,عيادة / مصحة,,,"92 احمد فرحاة, 0332",0555557180,,
03-00009,قاعة علاج الحويطة,Hospital,قاعة علاج الحويطة,03,0323,El Haouaita,33.646537,2.449194,exact,osm_node,osm,"{""osm"":""node/8432133217""}",salle_de_soins,Salle de soins / dispensaire,قاعة علاج / مستوصف,public,,,,,
03-00010,,,,03,0301,Laghouat,33.800599,2.849953,approximate,osm_centroid,osm,"{""osm"":""way/1035291972""}",clinique,Clinique,عيادة / مصحة,,general;dentistry;vaccination,,,,
03-00011,مستوصف الواحات قلومة,,مستوصف الواحات قلومة,03,0301,Laghouat,33.816469,2.856206,approximate,osm_centroid,osm,"{""osm"":""way/1090592137""}",salle_de_soins,Salle de soins / dispensaire,قاعة علاج / مستوصف,public,,"741 lots, الأغواط",,,
03-00012,مستوصف العسافية,,مستوصف العسافية,03,0320,El Assafia,33.824723,2.987573,approximate,osm_centroid,osm,"{""osm"":""way/1091653862""}",salle_de_soins,Salle de soins / dispensaire,قاعة علاج / مستوصف,public,,,,,
03-00013,Polyclinique de Hassi R'mel,Polyclinique de Hassi R'mel,,03,0306,Hassi R'mel,32.932982,3.272216,approximate,osm_centroid,osm,"{""osm"":""way/240101857""}",polyclinique,Polyclinique,عيادة متعددة الخدمات,public,,Hassi R'Mel,,,true
03-00014,مستوصف,Dispensaire,مستوصف,03,0306,Hassi R'mel,32.955001,3.277399,approximate,osm_centroid,osm,"{""osm"":""way/240362584""}",salle_de_soins,Salle de soins / dispensaire,قاعة علاج / مستوصف,public,,حاسي الرمل,,,
03-00015,,,,03,0306,Hassi R'mel,33.069987,3.483539,approximate,osm_centroid,osm,"{""osm"":""way/299929116""}",clinique,Clinique,عيادة / مصحة,,,بوزبير,,,
03-00016,Polyclinique,Polyclinique,,03,0305,Hassi Delaa,33.271102,3.195433,approximate,osm_centroid,osm,"{""osm"":""way/299988792""}",polyclinique,Polyclinique,عيادة متعددة الخدمات,public,,,,,
03-00017,العيادة متعددة الخدمات,Polyclinique,العيادة متعددة الخدمات,03,0305,Hassi Delaa,33.417921,3.550061,approximate,osm_centroid,osm,"{""osm"":""way/333179290""}",polyclinique,Polyclinique,عيادة متعددة الخدمات,public,,حاسي الدلاعة,,,
03-00018,Centre d'hémodialyse SEHAIRI KAMAL,Centre d'hémodialyse SEHAIRI KAMAL,,03,0301,Laghouat,33.802772,2.873565,approximate,osm_centroid,osm,"{""osm"":""way/362551377""}",clinique,Clinique,عيادة / مصحة,,,Avenue de l'Indépendance,,,
03-00019,مستوصف الوئام,,مستوصف الوئام,03,0301,Laghouat,33.785009,2.84723,approximate,osm_centroid,osm,"{""osm"":""way/369946010""}",polyclinique,Polyclinique,عيادة متعددة الخدمات,public,,,,,
03-00020,Complexe médical,Complexe médical,,03,0301,Laghouat,33.803342,2.878301,approximate,osm_centroid,osm,"{""osm"":""way/43230730""}",clinique,Clinique,عيادة / مصحة,,,,,,
03-00021,المؤسسات الجزائرية المصغرة,PME,المؤسسات الجزائرية المصغرة,03,0301,Laghouat,33.801246,2.869067,approximate,osm_centroid,osm,"{""osm"":""way/43844510""}",clinique,Clinique,عيادة / مصحة,,,الأغواط,,,
04-00002,Labo bouzenoune,Labo bouzenoune,,04,0403,Ain M'lila,36.043813,6.567039,exact,osm_node,osm,"{""osm"":""node/4419185291""}",clinique,Clinique,عيادة / مصحة,,,,,,
04-00003,Clinique khelifi,Clinique khelifi,,04,0403,Ain M'lila,36.029742,6.568295,exact,osm_node,osm,"{""osm"":""node/4419225090""}",clinique,Clinique,عيادة / مصحة,,,,,,
04-00004,عيادة رمزي صايم,Clinique Saim Remzi,عيادة رمزي صايم,04,0402,Ain Beida,35.79079,7.401027,exact,osm_node,osm,"{""osm"":""node/4436913190""}",clinique,Clinique,عيادة / مصحة,,,,,,
04-00005,مركز المعاقين حركيا,Centre des handicapés,مركز المعاقين حركيا,04,0402,Ain Beida,35.797077,7.38465,exact,osm_node,osm,"{""osm"":""node/4455425189""}",clinique,Clinique,عيادة / مصحة,,,حي الأمل,,,
04-00006,طب عام محلعين شيبة,,طب عام محلعين شيبة,04,0409,Berriche,35.792285,7.382542,exact,osm_node,osm,"{""osm"":""node/4534939198""}",clinique,Clinique,عيادة / مصحة,,,,,,
04-00007,غرفة العلاج,Salle de soin,غرفة العلاج,04,0420,Ouled Zouai,35.843092,6.51052,exact,osm_node,osm,"{""osm"":""node/4837674121""}",salle_de_soins,Salle de soins / dispensaire,قاعة علاج / مستوصف,public,,,,,
04-00008,عيادة الأمير,,عيادة الأمير,04,0402,Ain Beida,35.801414,7.392083,exact,osm_node,osm,"{""osm"":""node/5347052530""}",clinique,Clinique,عيادة / مصحة,,gynaecology;internal;general,,,,
04-00009,عيادة الامل,Clinique El Amel,عيادة الامل,04,0409,Berriche,35.795908,7.382629,exact,osm_node,osm,"{""osm"":""node/5371044571""}",clinique,Clinique,عيادة / مصحة,,gynaecology,,,,
04-00010,centre d’imagerie médicale BOUGADI,centre d’imagerie médicale BOUGADI,,04,0425,Ain Fekroun,35.980868,6.869856,exact,osm_node,osm,"{""osm"":""node/6557755085""}",clinique,Clinique,عيادة / مصحة,,,,,,
04-00011,راديو بوقادي,,راديو بوقادي,04,0401,Oum El Bouaghi,35.874752,7.106153,exact,osm_node,osm,"{""osm"":""node/6634276485""}",clinique,Clinique,عيادة / مصحة,,,,,,
04-00012,عياده العفري سليمان clinique nourina,,عياده العفري سليمان clinique nourina,04,0401,Oum El Bouaghi,35.877808,7.122189,exact,osm_node,osm,"{""osm"":""node/7220984285""}",clinique,Clinique,عيادة / مصحة,,,,,,
04-00013,العيادة الطبية الكفاءة,,العيادة الطبية الكفاءة,04,0401,Oum El Bouaghi,35.86523,7.112287,approximate,osm_centroid,osm,"{""osm"":""way/1042532250""}",clinique,Clinique,عيادة / مصحة,,,Oum El Bouaghi 04000,,,
04-00014,,,,04,0401,Oum El Bouaghi,35.914105,7.006931,approximate,osm_centroid,osm,"{""osm"":""way/1147700556""}",clinique,Clinique,عيادة / مصحة,,,village Sidi R'ghiss,,,
04-00015,polyclinique,polyclinique,,04,0403,Ain M'lila,36.040739,6.565601,approximate,osm_centroid,osm,"{""osm"":""way/1180831868""}",polyclinique,Polyclinique,عيادة متعددة الخدمات,public,,04300,,,
04-00016,Centre médical,Centre médical,,04,0406,Sigus,36.123168,6.784931,approximate,osm_centroid,osm,"{""osm"":""way/275745143""}",clinique,Clinique,عيادة / مصحة,,,,,,
04-00017,Clinique d'Hémodialyse,Clinique d'Hémodialyse,,04,0403,Ain M'lila,36.038602,6.563879,approximate,osm_centroid,osm,"{""osm"":""way/276278499""}",clinique,Clinique,عيادة / مصحة,,,,,,
04-00018,Polyclinique,Polyclinique,,04,0403,Ain M'lila,36.044357,6.568926,approximate,osm_centroid,osm,"{""osm"":""way/276421209""}",polyclinique,Polyclinique,عيادة متعددة الخدمات,public,,,,,
04-00019,Centre Hispitalier Hamouda Amer,Centre Hispitalier Hamouda Amer,,04,0425,Ain Fekroun,35.974164,6.877858,approximate,osm_centroid,osm,"{""osm"":""way/279273939""}",clinique,Clinique,عيادة / مصحة,,,,,,true
04-00020,المصحة الجوارية المتعددة الخدمات,Dispensaire - polyclinique,المصحة الجوارية المتعددة الخدمات,04,0401,Oum El Bouaghi,35.872106,7.110077,approximate,osm_centroid,osm,"{""osm"":""way/310517055""}",polyclinique,Polyclinique,عيادة متعددة الخدمات,public,general,Oum El Bouaghi 04000,,,
04-00021,عياده متعدده الخدمات بوعكاز الشريف,Polyclinique Bouakaz Cherif,عياده متعدده الخدمات بوعكاز الشريف,04,0401,Oum El Bouaghi,35.878244,7.127629,approximate,osm_centroid,osm,"{""osm"":""way/310710572""}",polyclinique,Polyclinique,عيادة متعددة الخدمات,public,general;radiology,oum el bouaghi 04000,,,
04-00023,مركز الطب اﻹجتماعي للشرطة,,مركز الطب اﻹجتماعي للشرطة,04,0401,Oum El Bouaghi,35.878132,7.111154,approximate,osm_centroid,osm,"{""osm"":""way/428954277""}",clinique,Clinique,عيادة / مصحة,,,"نهج أول نوفمبر 1954, Oum El Bouaghi 04000",,,
04-00024,المصحة الجوارية المتعددة الخدمات - الشهيد بركاني مداني,Dispensaire - polyclinique,المصحة الجوارية المتعددة الخدمات - الشهيد بركاني مداني,04,0401,Oum El Bouaghi,35.872977,7.09582,approximate,osm_centroid,osm,"{""osm"":""way/460933531""}",polyclinique,Polyclinique,عيادة متعددة الخدمات,public,,Oum El Bouaghi 04000,,,
04-00025,العيادة متعددة الخدمات بلخرشوش ساعد,,العيادة متعددة الخدمات بلخرشوش ساعد,04,0422,Ksar Sbahi,36.086503,7.259698,approximate,osm_centroid,osm,"{""osm"":""way/575737406""}",polyclinique,Polyclinique,عيادة متعددة الخدمات,public,,Ksar Sbahi 04018,,,
04-00026,Dispensaire - polyclinique,Dispensaire - polyclinique,,04,0408,Ain Babouche,35.945298,7.185818,approximate,osm_centroid,osm,"{""osm"":""way/578227098""}",polyclinique,Polyclinique,عيادة متعددة الخدمات,public,,Aïn Babouche ⵄⵉⵏ ⴱⴰⴱⵓⵛ عين بابوش 04020,,,
04-00027,,,,04,0408,Ain Babouche,35.941825,7.190452,approximate,osm_centroid,osm,"{""osm"":""way/582294864""}",clinique,Clinique,عيادة / مصحة,,,Aïn Babouche 04020,,,
04-00029,,,,04,0401,Oum El Bouaghi,35.872026,7.109936,approximate,osm_centroid,osm,"{""osm"":""way/907512502""}",clinique,Clinique,عيادة / مصحة,,,,,,
04-00030,,,,04,0401,Oum El Bouaghi,35.87201,7.10985,approximate,osm_centroid,osm,"{""osm"":""way/907512503""}",clinique,Clinique,عيادة / مصحة,,,,,,
04-00031,,,,04,0401,Oum El Bouaghi,35.872186,7.110124,approximate,osm_centroid,osm,"{""osm"":""way/907512504""}",clinique,Clinique,عيادة / مصحة,,,,,,
04-00032,,,,04,0401,Oum El Bouaghi,35.872264,7.110189,approximate,osm_centroid,osm,"{""osm"":""way/907512505""}",clinique,Clinique,عيادة / مصحة,,,,,,
04-00033,,,,04,0401,Oum El Bouaghi,35.872104,7.110039,approximate,osm_centroid,osm,"{""osm"":""way/907512506""}",clinique,Clinique,عيادة / مصحة,,,,,,
05-00001,projet centre des autistes,projet centre des autistes,,05,0501,Batna,35.549582,6.170993,exact,osm_node,osm,"{""osm"":""node/12942726106""}",clinique,Clinique,عيادة / مصحة,,,Batna,,,
05-00002,عيــادة,,عيــادة,05,0509,N Gaous,35.551772,5.614627,exact,osm_node,osm,"{""osm"":""node/3394579602""}",clinique,Clinique,عيادة / مصحة,,,,,,
05-00003,Clinique Ophtalmologique SMAILI,Clinique Ophtalmologique SMAILI,مصحة اسماعيلي لطب العيون,05,0501,Batna,35.537692,6.162902,exact,osm_node,osm,"{""osm"":""node/3893468950""}",clinique,Clinique,عيادة / مصحة,private,,,'+213033250841,,
05-00004,Dispensaire,Dispensaire,,05,0519,Ain Djasser,35.857076,6.000833,exact,osm_node,osm,"{""osm"":""node/3971311988""}",salle_de_soins,Salle de soins / dispensaire,قاعة علاج / مستوصف,public,,Aïn Djasser,,,
05-00007,Centre De Soins,Centre De Soins,,05,0501,Batna,35.534015,6.172786,exact,osm_node,osm,"{""osm"":""node/4169315195""}",centre_sante,Centre de santé,مركز صحي,,,,,Mo-Su 08:00-22:00,
05-00008,Clinique spécialiste : échographie,Clinique spécialiste : échographie,,05,0501,Batna,35.534894,6.159758,exact,osm_node,osm,"{""osm"":""node/4169375489""}",clinique,Clinique,عيادة / مصحة,,,,,24/7,
05-00009,Zohor,Zohor,,05,0501,Batna,35.540261,6.169031,exact,osm_node,osm,"{""osm"":""node/4210662797""}",clinique,Clinique,عيادة / مصحة,,,,,,
05-00010,Laboratoires de sang Ben Hliss,Laboratoires de sang Ben Hliss,,05,0501,Batna,35.553156,6.178632,exact,osm_node,osm,"{""osm"":""node/4279287391""}",clinique,Clinique,عيادة / مصحة,,,"Rue Nouara Ahmed, Batna 05000",,Sa-We 08:30-17:00; Th 08:30-12:00,
05-00011,Clinique médico-chirugical Nazim Pr Bouamra,Clinique médico-chirugical Nazim Pr Bouamra,,05,0501,Batna,35.532644,6.184992,exact,osm_node,osm,"{""osm"":""node/4313063088""}",clinique,Clinique,عيادة / مصحة,,,,,,
05-00012,مؤسسة الصحة الجوارية,,مؤسسة الصحة الجوارية,05,0507,El Madher,35.631515,6.372967,exact,osm_node,osm,"{""osm"":""node/4414569994""}",polyclinique,Polyclinique,عيادة متعددة الخدمات,public,,El Madher,,,
05-00013,clinque lambarkia,clinque lambarkia,,05,0501,Batna,35.544382,6.187364,exact,osm_node,osm,"{""osm"":""node/4424843791""}",clinique,Clinique,عيادة / مصحة,,,,,,
05-00014,Clinique Taha,Clinique Taha,مصحة طه,05,0501,Batna,35.539551,6.156946,exact,osm_node,osm,"{""osm"":""node/4436284489""}",clinique,Clinique,عيادة / مصحة,private,,"lot B6 Boulevard KL, 05000",'+213 555 215 748,24/7,
05-00015,العيادة المتعددة الخدمات,,العيادة المتعددة الخدمات,05,0524,Sefiane,35.438902,5.560441,exact,osm_node,osm,"{""osm"":""node/4510066291""}",polyclinique,Polyclinique,عيادة متعددة الخدمات,public,,,,,
05-00016,مصحة طه,Clinique taha,مصحة طه,05,0501,Batna,35.538779,6.156715,exact,osm_node,osm,"{""osm"":""node/4511020694""}",clinique,Clinique,عيادة / مصحة,private,,,,24/7,
05-00018,Clinique Taha,Clinique Taha,,05,0501,Batna,35.538174,6.156843,exact,osm_node,osm,"{""osm"":""node/4512626493""}",clinique,Clinique,عيادة / مصحة,,,B6 Boulevard El Boustane,,,
05-00019,مخبر التحاليل الطبية,,مخبر التحاليل الطبية,05,0501,Batna,35.546915,6.15894,exact,osm_node,osm,"{""osm"":""node/4576672192""}",clinique,Clinique,عيادة / مصحة,,,,,,
05-00020,,,,05,0551,Ras El Aioun,35.712701,5.652588,exact,osm_node,osm,"{""osm"":""node/4584108400""}",clinique,Clinique,عيادة / مصحة,,,,,,
05-00022,Polyclinique de Oued El Ma,Polyclinique de Oued El Ma,,05,0533,Oued El Ma,35.643771,5.997606,exact,osm_node,osm,"{""osm"":""node/4657643070""}",polyclinique,Polyclinique,عيادة متعددة الخدمات,public,,Oued El Ma,,,
05-00023,مركز علاج,Centre de soins,مركز علاج,05,0501,Batna,35.549248,6.16797,exact,osm_node,osm,"{""osm"":""node/4768959621""}",centre_sante,Centre de santé,مركز صحي,,,,,,
05-00024,الدكتور مراد:مختص في أمراض القلب,,الدكتور مراد:مختص في أمراض القلب,05,0501,Batna,35.549837,6.162748,exact,osm_node,osm,"{""osm"":""node/4768959724""}",clinique,Clinique,عيادة / مصحة,,,,,,
05-00025,مخبر التحاليل الطبية،سعد العود,,مخبر التحاليل الطبية،سعد العود,05,0501,Batna,35.551563,6.17146,exact,osm_node,osm,"{""osm"":""node/4771209928""}",clinique,Clinique,عيادة / مصحة,,,,,,
05-00026,Major,Major,,05,0501,Batna,35.550565,6.157781,exact,osm_node,osm,"{""osm"":""node/4771895224""}",clinique,Clinique,عيادة / مصحة,,,,,,
05-00027,مركز علاج,,مركز علاج,05,0523,Fesdis,35.617578,6.246568,exact,osm_node,osm,"{""osm"":""node/4771895323""}",clinique,Clinique,عيادة / مصحة,,,,,,
05-00028,الإحسانيات,,الإحسانيات,05,0501,Batna,35.553532,6.149931,exact,osm_node,osm,"{""osm"":""node/4771954421""}",clinique,Clinique,عيادة / مصحة,,,,,,
05-00030,مستوصف طبي,,مستوصف طبي,05,0511,Inoughissen,35.217335,6.545039,exact,osm_node,osm,"{""osm"":""node/4965021526""}",salle_de_soins,Salle de soins / dispensaire,قاعة علاج / مستوصف,public,,,,,true
05-00031,,,,05,0501,Batna,35.546104,6.158156,exact,osm_node,osm,"{""osm"":""node/5000842322""}",clinique,Clinique,عيادة / مصحة,,,,,,
05-00032,Dispensaire,Dispensaire,,05,,Lemcene,35.666301,5.78496,exact,osm_node,osm,"{""osm"":""node/5550528901""}",salle_de_soins,Salle de soins / dispensaire,قاعة علاج / مستوصف,public,,Talkhamt,,,
05-00033,محمد الصادق بن يحي,,محمد الصادق بن يحي,05,0501,Batna,35.526711,6.202226,exact,osm_node,osm,"{""osm"":""node/5832777386""}",clinique,Clinique,عيادة / مصحة,,,,,,
05-00034,عيادة حميزي,,عيادة حميزي,05,0501,Batna,35.535965,6.145881,exact,osm_node,osm,"{""osm"":""node/5950087286""}",clinique,Clinique,عيادة / مصحة,,,,,,
05-00035,عيادة متعددة الخدمات,,عيادة متعددة الخدمات,05,0535,Bouzina,35.268028,6.098868,exact,osm_node,osm,"{""osm"":""node/7280351968""}",polyclinique,Polyclinique,عيادة متعددة الخدمات,public,general;stomatology,,,24/7,
05-00036,مركز الاصيل الاكاديمي العالمي,,مركز الاصيل الاكاديمي العالمي,05,0501,Batna,35.547735,6.17168,exact,osm_node,osm,"{""osm"":""node/7890433148""}",clinique,Clinique,عيادة / مصحة,,,باتنة 05000,,,
05-00037,عيادة أمراض القلب,Clinique de cardiologie,عيادة أمراض القلب,05,0501,Batna,35.533625,6.18709,exact,osm_node,osm,"{""osm"":""node/8025086385""}",clinique,Clinique,عيادة / مصحة,,,,,,
05-00038,قاعة العلاج الشهيد غشام أحمد,,قاعة العلاج الشهيد غشام أحمد,05,0508,Tazoult,35.476914,6.260113,exact,osm_node,osm,"{""osm"":""node/9917077293""}",salle_de_soins,Salle de soins / dispensaire,قاعة علاج / مستوصف,public,,,,,
05-00039,,,,05,0535,Bouzina,35.267939,6.098578,approximate,osm_centroid,osm,"{""osm"":""way/1133577823""}",clinique,Clinique,عيادة / مصحة,,,,,,
05-00040,,,,05,0539,Gosbat,35.647495,5.460551,approximate,osm_centroid,osm,"{""osm"":""way/1206652924""}",clinique,Clinique,عيادة / مصحة,,,Taref,,,
05-00041,,,,05,0501,Batna,35.53447,6.189765,approximate,osm_centroid,osm,"{""osm"":""way/1350320504""}",clinique,Clinique,عيادة / مصحة,,,,,,
05-00042,Polyclinique,Polyclinique,,05,0554,Zanet El Beida,35.808274,6.131394,approximate,osm_centroid,osm,"{""osm"":""way/188542969""}",polyclinique,Polyclinique,عيادة متعددة الخدمات,public,,,,,
05-00044,Polyclinique,Polyclinique,,05,0516,Arris,35.254781,6.351455,approximate,osm_centroid,osm,"{""osm"":""way/196930902""}",polyclinique,Polyclinique,عيادة متعددة الخدمات,public,,,,,
05-00045,مستوصف سيدي معنصر,,مستوصف سيدي معنصر,05,0512,Ouyoun El Assafir,35.521225,6.377289,approximate,osm_centroid,osm,"{""osm"":""way/267834585""}",salle_de_soins,Salle de soins / dispensaire,قاعة علاج / مستوصف,public,,,,"Su-Th 08:00-12:00,13:30-16:30; PH off",
05-00046,عيادة متعددة الخدمات تيمقاد,,عيادة متعددة الخدمات تيمقاد,05,0550,Timgad,35.496084,6.469211,approximate,osm_centroid,osm,"{""osm"":""way/281948052""}",polyclinique,Polyclinique,عيادة متعددة الخدمات,public,,,,24/7,
05-00047,Polyclinique,Polyclinique,,05,0522,Ain Yagout,35.773986,6.413209,approximate,osm_centroid,osm,"{""osm"":""way/317389874""}",polyclinique,Polyclinique,عيادة متعددة الخدمات,public,,,,,
05-00048,,,,05,0560,Boulhilat,35.696993,6.604098,approximate,osm_centroid,osm,"{""osm"":""way/320092351""}",clinique,Clinique,عيادة / مصحة,,,,,,
05-00049,Polyclinique,Polyclinique,,05,0504,Merouana,35.637614,5.905716,approximate,osm_centroid,osm,"{""osm"":""way/323946763""}",polyclinique,Polyclinique,عيادة متعددة الخدمات,public,,,,,
05-00050,,,,05,0504,Merouana,35.6302,5.916142,approximate,osm_centroid,osm,"{""osm"":""way/323959518""}",clinique,Clinique,عيادة / مصحة,,,,,,
05-00051,,,,05,0560,Boulhilat,35.667617,6.643104,approximate,osm_centroid,osm,"{""osm"":""way/343556302""}",clinique,Clinique,عيادة / مصحة,,,,,,
05-00052,,,,05,0560,Boulhilat,35.721525,6.661973,approximate,osm_centroid,osm,"{""osm"":""way/343559124""}",clinique,Clinique,عيادة / مصحة,,,,,,
05-00053,Centre Sanitaire Hamal 3,Centre Sanitaire Hamla 3,مركز الصحة الجوارية حملة 3,05,0537,Oued Chaaba,35.533877,6.085642,approximate,osm_centroid,osm,"{""osm"":""way/372811672""}",centre_sante,Centre de santé,مركز صحي,,,,,,
05-00054,Maternité - Meriem Bouattoura,Maternité - Meriem Bouattoura,,05,0501,Batna,35.541412,6.16606,approximate,osm_centroid,osm,"{""osm"":""way/389945667""}",maternite,Maternité / clinique d'accouchement,مصحة توليد,,,,,,true
05-00056,Centre de Santé,Centre de Santé,,05,0528,Ksar Bellezma,35.674588,5.898174,approximate,osm_centroid,osm,"{""osm"":""way/463007395""}",centre_sante,Centre de santé,مركز صحي,,,Ksar Bellezma,,,
05-00057,Salle de soin,Salle de soin,,05,0520,Ouled Sellem,35.785012,5.900888,approximate,osm_centroid,osm,"{""osm"":""way/463007398""}",salle_de_soins,Salle de soins / dispensaire,قاعة علاج / مستوصف,public,,,,,
05-00058,Polyclinique d'Ouled Sellam,Polyclinique d'Ouled Sellam,,05,0520,Ouled Sellem,35.82498,5.880394,approximate,osm_centroid,osm,"{""osm"":""way/471624767""}",polyclinique,Polyclinique,عيادة متعددة الخدمات,public,,Oued Sellam,,,
05-00059,Clinique Hada,Clinique Hada,عيادة حدة,05,0501,Batna,35.558251,6.183744,approximate,osm_centroid,osm,"{""osm"":""way/534885247""}",clinique,Clinique,عيادة / مصحة,,,Batna 05000,,,
05-00060,Polyclinique,Polyclinique,,05,0549,Ouled Fadel,35.482531,6.626251,approximate,osm_centroid,osm,"{""osm"":""way/783054336""}",polyclinique,Polyclinique,عيادة متعددة الخدمات,public,,,,,
05-00061,عيادة الإحسان لجراحة الأسنان ⵜⴰⵙⵏⴰⵊⵢⴰ ⵏ ⵜⵓⵖⵎⴰⵙ ⵏ ⵉⵃⵙⴰⵏ,Clinique de chirurgie dentaire Al-Ihsan,عيادة الإحسان لجراحة الأسنان,05,0508,Tazoult,35.481654,6.258398,approximate,osm_centroid,osm,"{""osm"":""way/783839513""}",clinique,Clinique,عيادة / مصحة,,,,,,
05-00062,Maternité,Maternité,,05,0516,Arris,35.25537,6.356072,approximate,osm_centroid,osm,"{""osm"":""way/783848922""}",maternite,Maternité / clinique d'accouchement,مصحة توليد,,,,,,
05-00063,قاعة الاستعجالات,,قاعة الاستعجالات,05,0545,Ain Touta,35.380013,5.898256,approximate,osm_centroid,osm,"{""osm"":""way/783115053""}",clinique,Clinique,عيادة / مصحة,,,,,,
06-00001,Polyclinique d'Accouchement Targa Ouzemmour,Polyclinique d'Accouchement Targa Ouzemmour,عيادة الولادة,06,0601,Bejaia,36.752526,5.046217,exact,osm_node,osm,"{""osm"":""node/2466300649""}",polyclinique,Polyclinique,عيادة متعددة الخدمات,public,,"Route Tala Markha 2, Béjaïa 06000",,,
06-00002,Dispensaire,Dispensaire,,06,0628,Ait R'zine,36.384999,4.464799,exact,osm_node,osm,"{""osm"":""node/3055031436""}",salle_de_soins,Salle de soins / dispensaire,قاعة علاج / مستوصف,public,,,,,true
06-00003,مركز الصحة,Centre de Santé,مركز الصحة,06,0640,El Kseur,36.688331,4.854957,exact,osm_node,osm,"{""osm"":""node/3693859737""}",centre_sante,Centre de santé,مركز صحي,,,القصر,,,
06-00004,مركز الصحة,Centre de Santé,مركز الصحة,06,0640,El Kseur,36.679205,4.855907,exact,osm_node,osm,"{""osm"":""node/3815069279""}",centre_sante,Centre de santé,مركز صحي,,,القصر,,,
06-00005,Polyclinique Ihaddaden,Polyclinique Ihaddaden,,06,0601,Bejaia,36.741023,5.043351,exact,osm_node,osm,"{""osm"":""node/4119726109""}",polyclinique,Polyclinique,عيادة متعددة الخدمات,public,,Béjaïa,,,
06-00006,Polyclinique de Tinebdar,Polyclinique de Tinebdar,مستوصف ثينبذار,06,,Tinebdar,36.621858,4.679635,exact,osm_node,osm,"{""osm"":""node/4232921290""}",polyclinique,Polyclinique,عيادة متعددة الخدمات,public,,,,,
06-00007,Dispensaire,Dispensaire,,06,0629,Chemini,36.593336,4.632518,exact,osm_node,osm,"{""osm"":""node/4257192339""}",salle_de_soins,Salle de soins / dispensaire,قاعة علاج / مستوصف,public,,,,,
06-00008,polyclinique Souk El Tenine,polyclinique Souk El Tenine,,06,0608,Souk El Tenine,36.62631,5.336041,exact,osm_node,osm,"{""osm"":""node/4316966296""}",polyclinique,Polyclinique,عيادة متعددة الخدمات,public,,,,,
06-00009,Polyclinique Akabiou,Polyclinique Akabiou,,06,0607,Timezrit,36.620687,4.766231,exact,osm_node,osm,"{""osm"":""node/4463541591""}",polyclinique,Polyclinique,عيادة متعددة الخدمات,public,,Akabiou 06019,,24/7,
06-00010,Centre de Santé Iderraqen,Centre de Santé Iderraqen,,06,0612,Smaoun,36.629988,4.780979,exact,osm_node,osm,"{""osm"":""node/4464130181""}",centre_sante,Centre de santé,مركز صحي,,vaccination;covid19,Iderraqen 06019,,,
06-00011,Centre de santé,Centre de santé,مركز الصحة,06,0648,Boukhelifa,36.599996,4.981386,exact,osm_node,osm,"{""osm"":""node/4602851890""}",centre_sante,Centre de santé,مركز صحي,,,,,,
06-00012,مركز الصحة,Centre de Santé,مركز الصحة,06,0648,Boukhelifa,36.600335,4.981299,exact,osm_node,osm,"{""osm"":""node/4733029724""}",centre_sante,Centre de santé,مركز صحي,,,,,,
06-00013,Clinique de Barbacha,Clinique de Barbacha,,06,0634,Barbacha,36.574758,4.959489,exact,osm_node,osm,"{""osm"":""node/4733058421""}",clinique,Clinique,عيادة / مصحة,,,,,,
06-00014,Polyclinique Hemmam Sillal,Polyclinique Hemmam Sillal,مستوصف حمام سلال,06,0614,Tifra,36.650415,4.678686,exact,osm_node,osm,"{""osm"":""node/4791116024""}",polyclinique,Polyclinique,عيادة متعددة الخدمات,public,,,,,
06-00015,Oued achalal,Oued achalal,وادي الشلال,06,0601,Bejaia,36.758808,5.081757,exact,osm_node,osm,"{""osm"":""node/5591921821""}",clinique,Clinique,عيادة / مصحة,,,Béjaïa,,,
06-00016,,,,06,0644,Kherrata,36.493623,5.27693,exact,osm_node,osm,"{""osm"":""node/5884940986""}",clinique,Clinique,عيادة / مصحة,,multi_speciality,,,,
06-00017,Clinique Médico Chirurgicale THAMILA,Clinique Médico Chirurgicale THAMILA,,06,0625,Akbou,36.461333,4.523586,exact,osm_node,osm,"{""osm"":""node/6102885184""}",clinique,Clinique,عيادة / مصحة,,,,034356952,Mo-Su 06:00-00:00,
06-00018,Labo d'analyses médicales,Labo d'analyses médicales,,06,0625,Akbou,36.463427,4.528147,exact,osm_node,osm,"{""osm"":""node/6102912242""}",clinique,Clinique,عيادة / مصحة,,,,,,
06-00019,Clinique Les Lilas,Clinique Les Lilas,عيادة الليلا,06,0601,Bejaia,36.733704,5.053247,exact,osm_node,osm,"{""osm"":""node/6355906489""}",clinique,Clinique,عيادة / مصحة,,,Béjaïa 06000,,,
06-00020,Beausejour,Beausejour,,06,0601,Bejaia,36.757642,5.085563,exact,osm_node,osm,"{""osm"":""node/6457978901""}",clinique,Clinique,عيادة / مصحة,,,,,,
06-00021,Taklinikit n Umrij,Polyclinique de Amrij,مستوصف أمريج,06,0631,Taskriout,36.565903,5.297278,exact,osm_node,osm,"{""osm"":""node/6594306844""}",polyclinique,Polyclinique,عيادة متعددة الخدمات,public,,Taskeryut,,,
06-00022,عيادة بني موحلي,Clinique Beni Mouhli,عيادة بني موحلي,06,0626,Seddouk,36.507306,4.752799,exact,osm_node,osm,"{""osm"":""node/6654121085""}",clinique,Clinique,عيادة / مصحة,,,,,,
06-00023,TAKLINIKT LEFLAY,TAKLINIKT LEFLAY,عيادة الفلاي,06,0639,Sidi-Aich,36.611892,4.670149,exact,osm_node,osm,"{""osm"":""node/8307102387""}",clinique,Clinique,عيادة / مصحة,,,,,,
06-00024,Polyclinique Sidi Ali Lebhar,Polyclinique Sidi Ali Lebhar,,06,0601,Bejaia,36.719675,5.069121,exact,osm_node,osm,"{""osm"":""node/8894454573""}",polyclinique,Polyclinique,عيادة متعددة الخدمات,public,vaccination;covid19,,,,
06-00025,Polyclinique d'Amizour,Polyclinique d'Amizour,,06,0602,Amizour,36.639895,4.902926,approximate,osm_centroid,osm,"{""osm"":""relation/7889550""}",polyclinique,Polyclinique,عيادة متعددة الخدمات,public,,"Rue Zaichi Sadek, Amizour 06300",,,
06-00026,Hopital Merouaha المركز الصحي مرواحة,,المركز الصحي مرواحة,06,0644,Kherrata,36.451365,5.306113,approximate,osm_centroid,osm,"{""osm"":""way/1052301197""}",centre_sante,Centre de santé,مركز صحي,,,,,,
06-00027,AMG,AMG,,06,0628,Ait R'zine,36.367604,4.48674,approximate,osm_centroid,osm,"{""osm"":""way/1073642562""}",clinique,Clinique,عيادة / مصحة,,,,,,
06-00028,عيادة الدكتور بلعيد,Clinique Docteur Belaid,عيادة الدكتور بلعيد,06,0640,El Kseur,36.674333,4.85467,approximate,osm_centroid,osm,"{""osm"":""way/1172539338""}",clinique,Clinique,عيادة / مصحة,,,القصر,034823030,,
06-00029,عيادة أوزلاقن,Polyclinique Ouzellaguen,عيادة أوزلاقن,06,0636,Ouzellaguen,36.545873,4.608667,approximate,osm_centroid,osm,"{""osm"":""way/1186625640""}",polyclinique,Polyclinique,عيادة متعددة الخدمات,public,,أوزلاقن,,,
06-00030,مركز الصحة,Centre de Santé,مركز الصحة,06,0625,Akbou,36.464455,4.536282,approximate,osm_centroid,osm,"{""osm"":""way/1186746819""}",centre_sante,Centre de santé,مركز صحي,,,أقبو,,,
06-00031,Clinique Hamani,Clinique Hamani,,06,0625,Akbou,36.462528,4.524177,approximate,osm_centroid,osm,"{""osm"":""way/184850870""}",clinique,Clinique,عيادة / مصحة,,,,,,
06-00032,Polyclinique Adjou Mohand Salah,Polyclinique Adjou Mohand Salah,,06,0629,Chemini,36.593925,4.622538,approximate,osm_centroid,osm,"{""osm"":""way/238987373""}",polyclinique,Polyclinique,عيادة متعددة الخدمات,public,,,,,
06-00033,Salle de soins de Takrietz,Salle de soins de Takrietz,,06,0629,Chemini,36.579155,4.651383,approximate,osm_centroid,osm,"{""osm"":""way/238992200""}",salle_de_soins,Salle de soins / dispensaire,قاعة علاج / مستوصف,public,vaccination;covid19,Takrietz,,,
06-00034,مركز السكري,Centre des diabétiques,مركز السكري,06,0632,Tibane,36.614168,4.651561,approximate,osm_centroid,osm,"{""osm"":""way/261516049""}",clinique,Clinique,عيادة / مصحة,,diabetology,ظيبان 06087,,,
06-00035,عيادة ظيبان,Clinique de Tibane,عيادة ظيبان,06,0632,Tibane,36.614078,4.651246,approximate,osm_centroid,osm,"{""osm"":""way/261516050""}",clinique,Clinique,عيادة / مصحة,,,ظيبان 06087,,,
06-00036,Polyclinique,Polyclinique,,06,0652,Boudjellil,36.350714,4.41133,approximate,osm_centroid,osm,"{""osm"":""way/291220981""}",polyclinique,Polyclinique,عيادة متعددة الخدمات,public,,,,,
06-00037,Polyclinique,Polyclinique,,06,0627,Tazmalt,36.388206,4.399841,approximate,osm_centroid,osm,"{""osm"":""way/298520207""}",polyclinique,Polyclinique,عيادة متعددة الخدمات,public,,Tazmalt,,,true
06-00038,Clinique privée Rachid Ben Merade,Clinique privée Rachid Ben Merade,,06,0601,Bejaia,36.752208,5.052436,approximate,osm_centroid,osm,"{""osm"":""way/320218728""}",clinique,Clinique,عيادة / مصحة,private,,Béjaïa 06000,,,
06-00039,,,,06,0611,Tichy,36.668702,5.156084,approximate,osm_centroid,osm,"{""osm"":""way/320657142""}",clinique,Clinique,عيادة / مصحة,,,تيشي,,,
06-00040,Polyclinique d'El Flaye,Polyclinique d'El Flaye,مستوصف الفلاي,06,0639,Sidi-Aich,36.611891,4.670183,approximate,osm_centroid,osm,"{""osm"":""way/342358257""}",polyclinique,Polyclinique,عيادة متعددة الخدمات,public,,الفلاي,,,
06-00041,Polyclinique Sidi Ahmed,Polyclinique Sidi Ahmed,,06,0601,Bejaia,36.753491,5.062935,approximate,osm_centroid,osm,"{""osm"":""way/369581076""}",polyclinique,Polyclinique,عيادة متعددة الخدمات,public,,Béjaïa,,,
06-00042,Centre des diabétiques,Centre des diabétiques,,06,0639,Sidi-Aich,36.608581,4.691572,approximate,osm_centroid,osm,"{""osm"":""way/374453095""}",clinique,Clinique,عيادة / مصحة,,,"Rue du Technicum, Timzaghra 06005",,,
06-00043,Polyclinque d'Adjioun,Polyclinque d'Adjioun,,06,0645,Dra El Caid,36.457001,5.205553,approximate,osm_centroid,osm,"{""osm"":""way/377296231""}",polyclinique,Polyclinique,عيادة متعددة الخدمات,public,,Kherrata 06074,,,true
06-00044,,,,06,0640,El Kseur,36.682584,4.845236,approximate,osm_centroid,osm,"{""osm"":""way/378093051""}",clinique,Clinique,عيادة / مصحة,,,القصر,,,
06-00045,Polyclinique Adekar,Polyclinique Adekar,مستوصف أدكار,06,0624,Adekar,36.691726,4.673701,approximate,osm_centroid,osm,"{""osm"":""way/404804111""}",polyclinique,Polyclinique,عيادة متعددة الخدمات,public,,,,,
06-00046,Clinique le Rameau d'olivier,Clinique le Rameau d'olivier,,06,0601,Bejaia,36.746534,5.060167,approximate,osm_centroid,osm,"{""osm"":""way/405139965""}",clinique,Clinique,عيادة / مصحة,,,,,,
06-00047,Centre de transfusion sanguine publique,Centre de transfusion sanguine publique,,06,0601,Bejaia,36.753084,5.077603,approximate,osm_centroid,osm,"{""osm"":""way/422849924""}",clinique,Clinique,عيادة / مصحة,,,,,,
06-00048,,,,06,0630,Souk Oufella,36.628852,4.623723,approximate,osm_centroid,osm,"{""osm"":""way/435356724""}",clinique,Clinique,عيادة / مصحة,,,,,,
06-00049,Centre de santé El Had,Centre de santé El Had,,06,0607,Timezrit,36.614407,4.774709,approximate,osm_centroid,osm,"{""osm"":""way/450228666""}",centre_sante,Centre de santé,مركز صحي,,vaccination;covid19,Timzerit 06019,,,
06-00050,,,,06,0640,El Kseur,36.68256,4.845251,approximate,osm_centroid,osm,"{""osm"":""way/472245268""}",clinique,Clinique,عيادة / مصحة,,,القصر,,,
06-00051,,,,06,0640,El Kseur,36.682721,4.845133,approximate,osm_centroid,osm,"{""osm"":""way/472245269""}",clinique,Clinique,عيادة / مصحة,,,القصر,,,
06-00052,Centre de Santé Abainou,Centre de Santé Abainou,,06,0621,Sidi Ayad,36.616759,4.740252,approximate,osm_centroid,osm,"{""osm"":""way/486117518""}",centre_sante,Centre de santé,مركز صحي,,,,,,
06-00053,Centre de soin,Centre de soin,,06,0608,Souk El Tenine,36.625501,5.326572,approximate,osm_centroid,osm,"{""osm"":""way/692626230""}",centre_sante,Centre de santé,مركز صحي,,,,,,
06-00054,Centre de Santé,Centre de Santé,,06,0625,Akbou,36.464452,4.536257,approximate,osm_centroid,osm,"{""osm"":""way/782747919""}",centre_sante,Centre de santé,مركز صحي,,,,,,
06-00055,Centre de soins Tiliouacadi,Centre de soins Tiliouacadi,مركز رعاية ثلواقاضي,06,0630,Souk Oufella,36.602393,4.631398,approximate,osm_centroid,osm,"{""osm"":""way/782757798""}",centre_sante,Centre de santé,مركز صحي,,,,,,
06-00056,Salle de soins Aberouak,Salle de soins Aberouak,قاعة العلاج ابرواق,06,0633,Tala Hamza,36.699221,5.000672,approximate,osm_centroid,osm,"{""osm"":""way/783104651""}",salle_de_soins,Salle de soins / dispensaire,قاعة علاج / مستوصف,public,,,,,
06-00057,,,,06,0644,Kherrata,36.493642,5.276823,approximate,osm_centroid,osm,"{""osm"":""way/910444011""}",clinique,Clinique,عيادة / مصحة,,,,,,
07-00002,MG Chetma,MG Chetma,,07,0701,Biskra,34.851284,5.79167,exact,osm_node,osm,"{""osm"":""node/2075948120""}",clinique,Clinique,عيادة / مصحة,,,,,,true
07-00003,Clinique El-Hikma,Clinique El-Hikma,عيادة الحكمة,07,0721,Tolga,34.730319,5.377907,exact,osm_node,osm,"{""osm"":""node/4121846801""}",clinique,Clinique,عيادة / مصحة,,,,,Mo-Su 08:00-23:00,
07-00004,Centre d'imagerie médicale CIM Tolga,Centre d'imagerie médicale CIM Tolga,,07,0721,Tolga,34.730221,5.377904,exact,osm_node,osm,"{""osm"":""node/4125981289""}",clinique,Clinique,عيادة / مصحة,,,,,08:00-16:30,
07-00006,"Clinique ORL ,Clinique Gynéco-Obstétrique","Clinique ORL ,Clinique Gynéco-Obstétrique",,07,0721,Tolga,34.730304,5.374179,exact,osm_node,osm,"{""osm"":""node/4332352636""}",clinique,Clinique,عيادة / مصحة,,,,,,
07-00007,العيادة المتعددة الخدمات رزيق يونس,,العيادة المتعددة الخدمات رزيق يونس,07,0701,Biskra,34.858816,5.741392,exact,osm_node,osm,"{""osm"":""node/4425268489""}",polyclinique,Polyclinique,عيادة متعددة الخدمات,public,,,,,
07-00009,مخبر تحاليل أمراض الدم,Laboratoire d'hématologie,مخبر تحاليل أمراض الدم,07,0721,Tolga,34.726268,5.386336,exact,osm_node,osm,"{""osm"":""node/4680500692""}",clinique,Clinique,عيادة / مصحة,,,نهج الاخوة مومي,,,
07-00010,مخبر تحاليل ،عيادة امراض الدم,Laboratorire d'hématologie,مخبر تحاابل امراض الدم,07,0721,Tolga,34.726287,5.386339,exact,osm_node,osm,"{""osm"":""node/4680932289""}",clinique,Clinique,عيادة / مصحة,,,نهج الاخوة مومي,,,
07-00011,قاعة علاج,Salle de soins,قاعة علاج,07,0725,M'lili,34.893807,5.450856,exact,osm_node,osm,"{""osm"":""node/4724572989""}",salle_de_soins,Salle de soins / dispensaire,قاعة علاج / مستوصف,public,,,,,
07-00012,عيادة الحكيمة سهام منصر,Clinique Dr Sihem Menacer,عيادة الحكيمة سهام منصر,07,0721,Tolga,34.732219,5.391104,exact,osm_node,osm,"{""osm"":""node/5098136227""}",clinique,Clinique,عيادة / مصحة,,,,,,
07-00013,عيادة الياسمين لجراحةوطب الاطفال,Clinique docteur Ghole,عيادة الياسمين لجراحةوطب الاطفال,07,0704,Chetma,34.84524,5.693443,exact,osm_node,osm,"{""osm"":""node/5100782621""}",clinique,Clinique,عيادة / مصحة,,,,,,
07-00014,عيادة الطبيب سوانف احمد,Dr SOUANEF Ahmed,عيادة الطبيب سوانف احمد,07,0712,M'chouneche,34.946476,5.992931,exact,osm_node,osm,"{""osm"":""node/5734525521""}",clinique,Clinique,عيادة / مصحة,,,,,,
07-00015,عيادة جوارية الشهيد بلعمري,Polyclinique a proximité - Belamri,عيادة جوارية الشهيد بلعمري,07,0721,Tolga,34.737262,5.393221,exact,osm_node,osm,"{""osm"":""node/5951412390""}",polyclinique,Polyclinique,عيادة متعددة الخدمات,public,,,,,
07-00016,عيادة طبية فرفار,Dispensaire Farfar,عيادة طبية فرفار,07,0721,Tolga,34.728899,5.400428,exact,osm_node,osm,"{""osm"":""node/5951413585""}",salle_de_soins,Salle de soins / dispensaire,قاعة علاج / مستوصف,public,,,,,
07-00017,عبادة الحكيم معطا الله,Maatallah Clinique,عبادة الحكيم معطا الله,07,0721,Tolga,34.730002,5.37399,exact,osm_node,osm,"{""osm"":""node/7042363685""}",clinique,Clinique,عيادة / مصحة,,,,,,
07-00018,المجمع الصحي بن باديس,Polyclinique Abdelhamid Ibn Badis,المجمع الصحي بن باديس,07,0704,Chetma,34.848945,5.705573,exact,osm_node,osm,"{""osm"":""node/7122917994""}",polyclinique,Polyclinique,عيادة متعددة الخدمات,public,,biskra,,,
07-00020,gherbi,gherbi,,07,0701,Biskra,34.850134,5.736153,exact,osm_node,osm,"{""osm"":""node/8385169673""}",clinique,Clinique,عيادة / مصحة,,dentist,,,,
07-00022,3alawi kamel,3alawi kamel,,07,0733,Khenguet Sidi Nadji,34.812776,6.706351,exact,osm_node,osm,"{""osm"":""node/9906554717""}",clinique,Clinique,عيادة / مصحة,,,,,,
07-00023,Clinique Errazi,Clinique Errazi,عيادة الرازي,07,0701,Biskra,34.857156,5.712262,approximate,osm_centroid,osm,"{""osm"":""way/263420531""}",clinique,Clinique,عيادة / مصحة,,,,,,
07-00024,المؤسسة الاستشفائية للصحة الجوارية الضلعة,Polyclinique Dalaa,المؤسسة الاستشفائية للصحة الجوارية الضلعة,07,0701,Biskra,34.853927,5.721114,approximate,osm_centroid,osm,"{""osm"":""way/335266953""}",polyclinique,Polyclinique,عيادة متعددة الخدمات,public,,Biskra 07000,,,
07-00025,Clinique Aures Ziban,Clinique Aures Ziban,,07,0701,Biskra,34.843753,5.723162,approximate,osm_centroid,osm,"{""osm"":""way/335541381""}",clinique,Clinique,عيادة / مصحة,,,,,,
07-00026,,,,07,0701,Biskra,34.846201,5.7205,approximate,osm_centroid,osm,"{""osm"":""way/337891755""}",clinique,Clinique,عيادة / مصحة,,,,,,
07-00027,Ibn Sina,Clinique Ibn Sina,عيادة ابن سينا,07,0701,Biskra,34.846504,5.715369,approximate,osm_centroid,osm,"{""osm"":""way/337893820""}",clinique,Clinique,عيادة / مصحة,,,,,,
07-00028,Clinique Ôqba Ibn Nafaâ,Clinique Ôqba Ibn Nafaâ,عيادة عقبة بن نافع,07,0701,Biskra,34.852419,5.743259,approximate,osm_centroid,osm,"{""osm"":""way/337904176""}",clinique,Clinique,عيادة / مصحة,,,Biskra 07000,,,
07-00029,Polyclinique HLM - EPSP,Polyclinique HLM - EPSP,,07,0701,Biskra,34.84749,5.730286,approximate,osm_centroid,osm,"{""osm"":""way/337976870""}",polyclinique,Polyclinique,عيادة متعددة الخدمات,public,,,,,
07-00030,Clinique d'Imagerie Médicale - Dr. Djebnoune,Clinique d'Imagerie Médicale - Dr. Djebnoune,,07,0701,Biskra,34.852134,5.741016,approximate,osm_centroid,osm,"{""osm"":""way/338074622""}",clinique,Clinique,عيادة / مصحة,,,Biskra 07000,,,
07-00031,Clinique d'Ophtalmologie - Les Dunes عيادة الكثبان لطب وجراحة العيون,Clinique d'Ophtalmologie - Les Dunes,عيادة طب العيون الكثبان,07,0701,Biskra,34.856892,5.746313,approximate,osm_centroid,osm,"{""osm"":""way/338341767""}",clinique,Clinique,عيادة / مصحة,,,,,,
07-00032,Salle de soins,Salle de soins,قاعة علاج,07,0704,Chetma,34.845514,5.700066,approximate,osm_centroid,osm,"{""osm"":""way/338389016""}",salle_de_soins,Salle de soins / dispensaire,قاعة علاج / مستوصف,public,,,,,
07-00033,Centre de diagnostic Sanitaire,Centre de diagnostic Sanitaire,,07,0701,Biskra,34.85645,5.714541,approximate,osm_centroid,osm,"{""osm"":""way/338480118""}",clinique,Clinique,عيادة / مصحة,,,,,,
07-00034,العيادة متعددة الخدمات الشهيد نور خرخاش معمر,,العيادة متعددة الخدمات الشهيد نور خرخاش معمر,07,0722,Lioua,34.638739,5.388784,approximate,osm_centroid,osm,"{""osm"":""way/385221178""}",polyclinique,Polyclinique,عيادة متعددة الخدمات,public,,ليوة,,,
07-00035,Urgence médicale et chirurgicale,Urgence médicale et chirurgicale,,07,0711,Sidi Okba,34.75016,5.909146,approximate,osm_centroid,osm,"{""osm"":""way/405473118""}",centre_sante,Centre de santé,مركز صحي,,,Sidi Okba,,,true
07-00036,قاعة علاج,,قاعة علاج,07,0712,M'chouneche,35.002131,6.048143,approximate,osm_centroid,osm,"{""osm"":""way/476315654""}",salle_de_soins,Salle de soins / dispensaire,قاعة علاج / مستوصف,public,,,,,
07-00037,,,,07,0712,M'chouneche,35.015542,6.036241,approximate,osm_centroid,osm,"{""osm"":""way/484619957""}",clinique,Clinique,عيادة / مصحة,,,,,,
07-00038,polyclénique mekhadma,polyclénique mekhadma,,07,0724,Ourlal,34.645526,5.471211,approximate,osm_centroid,osm,"{""osm"":""way/641911824""}",clinique,Clinique,عيادة / مصحة,,general,"Rue Rahmoun Belkacem, mekhadma 07034",,,
07-00039,Polyclénique bent-essaleh,Polyclénique bent-essaleh,,07,0724,Ourlal,34.650265,5.4718,approximate,osm_centroid,osm,"{""osm"":""way/642175468""}",clinique,Clinique,عيادة / مصحة,,general,mekhadma 07034,,,
07-00040,عيادة متعددة الخدمات,Clinique multi-services,عيادة متعددة الخدمات,07,0712,M'chouneche,34.945478,5.994634,approximate,osm_centroid,osm,"{""osm"":""way/783084933""}",polyclinique,Polyclinique,عيادة متعددة الخدمات,public,,,,,
07-00041,قاعة علاج,,قاعة علاج,07,0712,M'chouneche,34.951149,6.010029,approximate,osm_centroid,osm,"{""osm"":""way/783085368""}",salle_de_soins,Salle de soins / dispensaire,قاعة علاج / مستوصف,public,,,,,
07-00043,Clinique Hospitalière d'Ophtalmologie,Clinique Hospitalière d'Ophtalmologie,,07,0701,Biskra,34.846587,5.719937,approximate,osm_centroid,osm,"{""osm"":""way/335247825""}",clinique,Clinique,عيادة / مصحة,,ophthalmology,Biskra 07000,,,
08-00001,batiments des medecins,batiments des medecins,عمارة الأطباء,08,0801,Bechar,31.617566,-2.215815,exact,osm_node,osm,"{""osm"":""node/12599358898""}",clinique,Clinique,عيادة / مصحة,,,,,,
08-00002,مركز التصوير الإشعاعي السلام,Cente imagerie Medicale Essalam,مركز التصوير الإشعاعي السلام,08,0801,Bechar,31.62376,-2.222473,exact,osm_node,osm,"{""osm"":""node/5534716534""}",clinique,Clinique,عيادة / مصحة,,radiology,"شارع الحرية, بشار 08000",049211209,,
08-00003,Clinique Ali Chérif Ahmed,Clinique Ali Chérif Ahmed,,08,0801,Bechar,31.629321,-2.206353,exact,osm_node,osm,"{""osm"":""node/7625957571""}",clinique,Clinique,عيادة / مصحة,,general;gynaecology;paediatrics;radiology;cardiology;surgery,"121 Rue Houari Benahmed, Béchar 08000",0699908968,,
08-00004,Sidi moumen,Sidi moumen,,08,0821,Beni-Ounif,31.725327,-1.6012,exact,osm_node,osm,"{""osm"":""node/8364059717""}",clinique,Clinique,عيادة / مصحة,,,,,,
08-00005,الأمومة العبادلة,Maternité de ABADLA,الأمومة العبادلة,08,0817,Abadla,31.026704,-2.706242,approximate,osm_centroid,osm,"{""osm"":""way/257152997""}",maternite,Maternité / clinique d'accouchement,مصحة توليد,,,العبادلة,,,
08-00006,مركز الصحة الجواري,Etablissement Hospitalier de Proximité,مركز الصحة الجواري,08,0817,Abadla,31.030104,-2.709874,approximate,osm_centroid,osm,"{""osm"":""way/257153078""}",centre_sante,Centre de santé,مركز صحي,,,العبادلة,,,true
08-00008,HMRB 3°RM,HMRB 3°RM,,08,0801,Bechar,31.621342,-2.217911,approximate,osm_centroid,osm,"{""osm"":""way/272971869""}",clinique,Clinique,عيادة / مصحة,,,,,,true
08-00009,SASSI,SASSI,,08,0801,Bechar,31.614733,-2.215105,approximate,osm_centroid,osm,"{""osm"":""way/273680169""}",clinique,Clinique,عيادة / مصحة,,,,,,
08-00010,polyclinique Croix Rouge,polyclinique Croix Rouge,,08,0801,Bechar,31.615622,-2.206357,approximate,osm_centroid,osm,"{""osm"":""way/281228029""}",polyclinique,Polyclinique,عيادة متعددة الخدمات,public,,,,,true
08-00013,Policlinique,Policlinique,,08,0801,Bechar,31.632056,-2.197553,approximate,osm_centroid,osm,"{""osm"":""way/422525112""}",polyclinique,Polyclinique,عيادة متعددة الخدمات,public,,,,,
08-00014,Policlinique,Policlinique,عيادة,08,0801,Bechar,31.623852,-2.206346,approximate,osm_centroid,osm,"{""osm"":""way/422701221""}",polyclinique,Polyclinique,عيادة متعددة الخدمات,public,,,,,true
08-00015,clinique psychiatrique,clinique psychiatrique,عيادة الطب النفسي,08,0801,Bechar,31.626371,-2.206425,approximate,osm_centroid,osm,"{""osm"":""way/422701223""}",clinique,Clinique,عيادة / مصحة,,,,,,
08-00016,Centre Medical 3eme RM,Centre Medical 3eme RM,,08,0801,Bechar,31.599111,-2.232387,approximate,osm_centroid,osm,"{""osm"":""way/724673804""}",clinique,Clinique,عيادة / مصحة,,,,,,
09-00001,Polyclinique,Polyclinique,عيادة,09,0919,Ouled Slama,36.577146,3.084329,exact,osm_node,osm,"{""osm"":""node/1016041846""}",polyclinique,Polyclinique,عيادة متعددة الخدمات,public,,,,,
09-00003,Clinique Elite Dentaire,Clinique Elite Dentaire,عيادة إليت للطب الأسنان,09,0901,Blida,36.487191,2.833554,exact,osm_node,osm,"{""osm"":""node/11455647969""}",clinique,Clinique,عيادة / مصحة,,dentistry,"Rue du 11 Décembre 1960, Blida 09000",,,
09-00004,حوش فرسان.يافوفي,,حوش فرسان.يافوفي,09,0910,El-Affroun,36.503512,2.629777,exact,osm_node,osm,"{""osm"":""node/12183728602""}",clinique,Clinique,عيادة / مصحة,,,يافوفي,,,
09-00005,Clinic مستوصف,,مستوصف,09,0923,Beni-Tamou,36.556687,2.842545,exact,osm_node,osm,"{""osm"":""node/13313064182""}",salle_de_soins,Salle de soins / dispensaire,قاعة علاج / مستوصف,public,,,,,
09-00006,Clinic مستوصف,,مستوصف,09,0925,Beni Mered,36.538099,2.855039,exact,osm_node,osm,"{""osm"":""node/13313071245""}",salle_de_soins,Salle de soins / dispensaire,قاعة علاج / مستوصف,public,,,,,
09-00007,Clinique de Dialyse,Clinique de Dialyse,,09,0925,Beni Mered,36.516129,2.848887,exact,osm_node,osm,"{""osm"":""node/2797185887""}",clinique,Clinique,عيادة / مصحة,,nephrology,,,,
09-00008,Clinique Baba Moussa,Clinique Baba Moussa,مستوصف بابا موسى,09,0924,Bouarfa,36.45668,2.822855,exact,osm_node,osm,"{""osm"":""node/3762475539""}",salle_de_soins,Salle de soins / dispensaire,قاعة علاج / مستوصف,public,,,,,
09-00010,Clinique Nephro Hémodialyse Dr.Rekia Lakhdar,Clinique Nephro Hémodialyse Dr.Rekia Lakhdar,عيادة طبيب الكلى وتصفية الدم رقية لخضر,09,0901,Blida,36.492804,2.820612,exact,osm_node,osm,"{""osm"":""node/4200087511""}",clinique,Clinique,عيادة / مصحة,,nephrology,Blida 09000,,,
09-00011,مصلحة الجراحة العامة,Chirurgie générale,مصلحة الجراحة العامة,09,0924,Bouarfa,36.48277,2.795278,exact,osm_node,osm,"{""osm"":""node/4318896889""}",clinique,Clinique,عيادة / مصحة,,surgery,,025 20 90 42,,
09-00012,مخبر التحاليل الطبية,Laboratoire médical,مخبر التحاليل الطبية,09,0916,Mouzaia,36.46794,2.687187,exact,osm_node,osm,"{""osm"":""node/4329475889""}",clinique,Clinique,عيادة / مصحة,,,,,,
09-00013,Clinique dialyse chelha,Clinique dialyse chelha,,09,0924,Bouarfa,36.474458,2.820723,exact,osm_node,osm,"{""osm"":""node/4370446792""}",clinique,Clinique,عيادة / مصحة,,,,,,
09-00014,قاعة علاج,,قاعة علاج,09,0922,Oued Djer,36.422154,2.568342,exact,osm_node,osm,"{""osm"":""node/4452098893""}",salle_de_soins,Salle de soins / dispensaire,قاعة علاج / مستوصف,public,,,,,
09-00016,Bloc des consultations de chirurgie générale,Bloc des consultations de chirurgie générale,,09,0924,Bouarfa,36.482907,2.794836,exact,osm_node,osm,"{""osm"":""node/4415288689""}",clinique,Clinique,عيادة / مصحة,,,,,,
09-00018,Rahal,Rahal,,09,0901,Blida,36.480308,2.8304,exact,osm_node,osm,"{""osm"":""node/4431633392""}",clinique,Clinique,عيادة / مصحة,,,,,,
09-00020,عيادة أمراض النساء و التوليد زوليخة,Clinique Zoulikha,عيادة أمراض النساء و التوليد زوليخة,09,0924,Bouarfa,36.471551,2.818014,exact,osm_node,osm,"{""osm"":""node/4505292891""}",clinique,Clinique,عيادة / مصحة,,,"Rue El Bey Khaled, Blida 09000",,24/7,
09-00021,,,,09,0911,Chiffa,36.447017,2.735766,exact,osm_node,osm,"{""osm"":""node/4664918698""}",clinique,Clinique,عيادة / مصحة,,,حي الحمدانية,,,
09-00022,Dispensaire,Dispensaire,,09,0926,Bougara,36.526512,3.041606,exact,osm_node,osm,"{""osm"":""node/4682117489""}",salle_de_soins,Salle de soins / dispensaire,قاعة علاج / مستوصف,public,,,,,
09-00024,مستوصف,Polyclinique de Tabaïnet,مستوصف,09,0926,Bougara,36.52669,3.041544,exact,osm_node,osm,"{""osm"":""node/4711889389""}",polyclinique,Polyclinique,عيادة متعددة الخدمات,public,,,,,
09-00025,Clinique Sarah,Clinique Sarah,عيادة سارة,09,0924,Bouarfa,36.486719,2.815948,exact,osm_node,osm,"{""osm"":""node/4739971251""}",clinique,Clinique,عيادة / مصحة,,,"Rue du 11 Décembre 1960, Blida 09000",,,
09-00027,Salle de soins N'haoua,Salle de soins N'haoua,,09,0928,Ain Romana,36.400192,2.631257,exact,osm_node,osm,"{""osm"":""node/4929493322""}",salle_de_soins,Salle de soins / dispensaire,قاعة علاج / مستوصف,public,,,,,
09-00028,Domaine 20 salle de soins,Domaine 20 salle de soins,,09,0916,Mouzaia,36.445218,2.668948,exact,osm_node,osm,"{""osm"":""node/4929493323""}",salle_de_soins,Salle de soins / dispensaire,قاعة علاج / مستوصف,public,,,,,
09-00029,Genyco Mme mokadem,Genyco Mme mokadem,,09,0920,Boufarik,36.574965,2.910019,exact,osm_node,osm,"{""osm"":""node/5300431521""}",clinique,Clinique,عيادة / مصحة,,,,,,
09-00030,عيادة,Clinique,عيادة,09,0916,Mouzaia,36.457635,2.695267,exact,osm_node,osm,"{""osm"":""node/5780468153""}",clinique,Clinique,عيادة / مصحة,,,,,,
09-00031,,,,09,0903,Bouinan,36.530224,2.956678,exact,osm_node,osm,"{""osm"":""node/8071306067""}",clinique,Clinique,عيادة / مصحة,,,,,,
09-00032,مخبر التحاليل الطبية طرزالي,Laboratoire Tarzaali,مختبر طبي ترزالي,09,0918,Meftah,36.652485,3.147201,exact,osm_node,osm,"{""osm"":""node/8462936917""}",clinique,Clinique,عيادة / مصحة,,,,'+213672490414,Sa-Th 07:30-17:00; Fr 07:30-11:00,
09-00033,Chapiteau de vaccination covid19,Chapiteau de vaccination covid19,,09,0901,Blida,36.472938,2.83141,exact,osm_node,osm,"{""osm"":""node/8905239146""}",clinique,Clinique,عيادة / مصحة,,vaccination;covid19,,,,
09-00036,Polyclinique,Polyclinique,عيادة متعددة الخدمات,09,0902,Chebli,36.57932,3.008601,approximate,osm_centroid,osm,"{""osm"":""way/1172074942""}",polyclinique,Polyclinique,عيادة متعددة الخدمات,public,,Chebli,,,
09-00037,Polyclinique عيادة متعددة الخدمات,Polyclinique,عيادة متعددة الخدمات,09,0904,Oued El Alleug,36.553152,2.786207,approximate,osm_centroid,osm,"{""osm"":""way/1172158948""}",polyclinique,Polyclinique,عيادة متعددة الخدمات,public,,وادي العلايق,,,
09-00038,Polyclinique de Soumâa,Polyclinique de Soumâa,عيادة متعددة الخدمات - الصومعة,09,0914,Soumaa,36.517059,2.906444,approximate,osm_centroid,osm,"{""osm"":""way/1174111036""}",polyclinique,Polyclinique,عيادة متعددة الخدمات,public,,Soumâa,,,
09-00039,Clinique Dentaire L'espoir,Clinique Dentaire L'espoir,,09,0910,El-Affroun,36.469626,2.629113,approximate,osm_centroid,osm,"{""osm"":""way/1217568650""}",clinique,Clinique,عيادة / مصحة,,,"Rue Douici Abdelkader, El Affroun 09200",'+213 25 38 83 13,08:00-17:00,
09-00040,Centre d'imagerie scintigraphique,Centre d'imagerie scintigraphique,,09,0924,Bouarfa,36.488136,2.78893,approximate,osm_centroid,osm,"{""osm"":""way/1231875802""}",clinique,Clinique,عيادة / مصحة,private,nuclear,"Cité 17 Juin, Zabana., Blida 09000",025 32 87 37,Dim-jud: 8h00-16h00/ sam: 8h00-12h00/ ven: fermé,
09-00041,Polyclinique de Ouled Yaïch,Polyclinique de Ouled Yaïch,عيادة متعددة الخدمات أولاد يعيش,09,0907,Ouled Yaich,36.494958,2.86168,approximate,osm_centroid,osm,"{""osm"":""way/168621973""}",polyclinique,Polyclinique,عيادة متعددة الخدمات,public,,"Rue de la mosquée, Ouled Yaïch 09100",,,true
09-00042,Centre Radiothérapie Oncologie,Centre Radiothérapie Oncologie,مركز العلاج بالأشعة,09,0907,Ouled Yaich,36.493399,2.856035,approximate,osm_centroid,osm,"{""osm"":""way/169139890""}",clinique,Clinique,عيادة / مصحة,,radiotherapy;oncology,Ouled Yaïch 09100,,,
09-00043,Polyclinique,Polyclinique,,09,0910,El-Affroun,36.47241,2.628797,approximate,osm_centroid,osm,"{""osm"":""way/194423215""}",polyclinique,Polyclinique,عيادة متعددة الخدمات,public,,,,,
09-00044,Dispensaire,Dispensaire,,09,0920,Boufarik,36.570885,2.907901,approximate,osm_centroid,osm,"{""osm"":""way/222155061""}",salle_de_soins,Salle de soins / dispensaire,قاعة علاج / مستوصف,public,,,,,
09-00045,Centre d'imagerie médicale,Centre d'imagerie médicale,,09,0916,Mouzaia,36.469469,2.688327,approximate,osm_centroid,osm,"{""osm"":""way/242648747""}",clinique,Clinique,عيادة / مصحة,,,,,,
09-00046,,,,09,0926,Bougara,36.543001,3.08659,approximate,osm_centroid,osm,"{""osm"":""way/266156053""}",clinique,Clinique,عيادة / مصحة,,,بوقرة,,,
09-00047,fr chamma,fr chamma,,09,0926,Bougara,36.543379,3.095699,approximate,osm_centroid,osm,"{""osm"":""way/266176972""}",clinique,Clinique,عيادة / مصحة,,,,,,
09-00048,Clinique Rabat Ezzaoueche,Clinique Rabat Ezzaoueche,,09,0919,Ouled Slama,36.551409,3.093502,approximate,osm_centroid,osm,"{""osm"":""way/266289616""}",clinique,Clinique,عيادة / مصحة,,,,,,
09-00049,Dispensaire,Dispensaire,مستوصف,09,0927,Guerrouaou,36.530208,2.880566,approximate,osm_centroid,osm,"{""osm"":""way/274781851""}",salle_de_soins,Salle de soins / dispensaire,قاعة علاج / مستوصف,public,,Guerouaou,,,
09-00050,Polyclinique Les Bananiers,Polyclinique Les Bananiers,عياعة متعددة الخدمات لحي الموز,09,0924,Bouarfa,36.486685,2.813097,approximate,osm_centroid,osm,"{""osm"":""way/274806538""}",polyclinique,Polyclinique,عيادة متعددة الخدمات,public,,Blida 09000,,,
09-00051,Polyclinique Abdelhalim Benkhedda,Polyclinique Abdelhalim Benkhedda,,09,0925,Beni Mered,36.516355,2.847866,approximate,osm_centroid,osm,"{""osm"":""way/275051369""}",polyclinique,Polyclinique,عيادة متعددة الخدمات,public,,,,,
09-00052,Dispensaire 19 Juin,Dispensaire 19 Juin,عيادة متعددة الخدمات حي 19 جوان,09,0901,Blida,36.482962,2.842728,approximate,osm_centroid,osm,"{""osm"":""way/290717818""}",polyclinique,Polyclinique,عيادة متعددة الخدمات,public,,"Rue Yousfi Abdelkader, Blida 09000",,,
09-00053,Clinique Amina,Clinique Amina,,09,0911,Chiffa,36.460671,2.74403,approximate,osm_centroid,osm,"{""osm"":""way/303767564""}",clinique,Clinique,عيادة / مصحة,,,,,,
09-00054,Polyclinique,Polyclinique,,09,0907,Ouled Yaich,36.494476,2.850286,approximate,osm_centroid,osm,"{""osm"":""way/312803705""}",polyclinique,Polyclinique,عيادة متعددة الخدمات,public,,Ouled Yaïch 09100,,,
09-00055,Centre des asthmatiques,Centre des asthmatiques,مركز علاج الربو الشريعة,09,0908,Chrea,36.431285,2.880248,approximate,osm_centroid,osm,"{""osm"":""way/317657963""}",clinique,Clinique,عيادة / مصحة,,pulmonology,Chréa,,,true
09-00056,Institut national du rein et de greffe d'organes,Institut national du rein et de greffe d'organes,المعهد الوطني للكلى وزراعة الأعضاء,09,0924,Bouarfa,36.485717,2.794562,approximate,osm_centroid,osm,"{""osm"":""way/356858868""}",clinique,Clinique,عيادة / مصحة,,nephrology;transplant,Blida 09000,,,
09-00057,Polyclinique,Polyclinique,,09,0924,Bouarfa,36.468308,2.821817,approximate,osm_centroid,osm,"{""osm"":""way/385589977""}",polyclinique,Polyclinique,عيادة متعددة الخدمات,public,,Blida,,,
09-00058,,,,09,0918,Meftah,36.6167,3.216666,approximate,osm_centroid,osm,"{""osm"":""way/398656229""}",clinique,Clinique,عيادة / مصحة,,,مفتاح,,,
09-00059,Centre de santé Dalfa Mustapha,Centre de santé Dalfa Mustapha,,09,0919,Ouled Slama,36.554243,3.108707,approximate,osm_centroid,osm,"{""osm"":""way/406595201""}",centre_sante,Centre de santé,مركز صحي,,,,,,
09-00060,Salle de soins Zarfa Mouloud (el-rmili),Salle de soins Zarfa Mouloud (el-rmili),,09,0919,Ouled Slama,36.541846,3.123445,approximate,osm_centroid,osm,"{""osm"":""way/406746314""}",salle_de_soins,Salle de soins / dispensaire,قاعة علاج / مستوصف,public,,,,,
09-00061,Salle de soins HAMOUDA Taher,Salle de soins HAMOUDA Taher,,09,0919,Ouled Slama,36.532215,3.108265,approximate,osm_centroid,osm,"{""osm"":""way/407462992""}",salle_de_soins,Salle de soins / dispensaire,قاعة علاج / مستوصف,public,,,,,
09-00062,Polyclinique de Mouzaïa,Polyclinique de Mouzaïa,,09,0916,Mouzaia,36.468615,2.686527,approximate,osm_centroid,osm,"{""osm"":""way/456195785""}",polyclinique,Polyclinique,عيادة متعددة الخدمات,public,,Mouzaïa,,,
09-00063,Dispensaire,Dispensaire,,09,0916,Mouzaia,36.469012,2.696302,approximate,osm_centroid,osm,"{""osm"":""way/456197251""}",salle_de_soins,Salle de soins / dispensaire,قاعة علاج / مستوصف,public,,Mouzaïa,,,
09-00064,Polyclinique,Polyclinique,,09,0914,Soumaa,36.517713,2.91094,approximate,osm_centroid,osm,"{""osm"":""way/581321573""}",polyclinique,Polyclinique,عيادة متعددة الخدمات,public,,Soumaa,,,
10-00001,,,,10,1013,Lakhdaria,36.565928,3.585516,exact,osm_node,osm,"{""osm"":""node/10272102909""}",clinique,Clinique,عيادة / مصحة,,,,,,
10-00002,Clinique Ibn Sina,Clinique Ibn Sina,,10,1001,Bouira,36.380631,3.891596,exact,osm_node,osm,"{""osm"":""node/2952544552""}",clinique,Clinique,عيادة / مصحة,private,general,"Rue Ouane Akli, Bouira",,,
10-00003,Laboratoire Medical,Laboratoire Medical,مخبر التحليل الطبي,10,1038,Sour El Ghozlane,36.143701,3.687248,exact,osm_node,osm,"{""osm"":""node/3597081662""}",clinique,Clinique,عيادة / مصحة,,,سور الغزلان,0777221694,Su-Th 07:00-15:30; Sa 07:00-12:30,
10-00004,عيادة الدكتور ملوك,Clinique Dr. Melouk,عيادة الدكتور ملوك,10,1016,Aomar,36.492159,3.771373,exact,osm_node,osm,"{""osm"":""node/3965855306""}",clinique,Clinique,عيادة / مصحة,,,عمر,,,
10-00005,Ancienne Polyclinique,Ancienne Polyclinique,,10,1022,Ahl El Ksar,36.253049,4.043605,exact,osm_node,osm,"{""osm"":""node/4156141191""}",polyclinique,Polyclinique,عيادة متعددة الخدمات,public,,,,,
10-00006,Nouveau Centre de santé (non encore achevé),Nouveau Centre de santé (non encore achevé),,10,1022,Ahl El Ksar,36.257556,4.037025,exact,osm_node,osm,"{""osm"":""node/4477484992""}",centre_sante,Centre de santé,مركز صحي,,,,,,
10-00007,,,,10,1036,Bir Ghbalou,36.218938,3.712568,exact,osm_node,osm,"{""osm"":""node/4951102425""}",clinique,Clinique,عيادة / مصحة,,,,,,
10-00008,Clinique D'Hémodialyse El-Ihsan,Clinique D'Hémodialyse El-Ihsan,,10,1001,Bouira,36.369807,3.873973,exact,osm_node,osm,"{""osm"":""node/5327862764""}",clinique,Clinique,عيادة / مصحة,private,,"Ancienne RN 18, Bouira 10000",,,
10-00010,قاعة علاج,,قاعة علاج,10,1035,Ain-Bessem,36.235567,3.64688,exact,osm_node,osm,"{""osm"":""node/6249915362""}",salle_de_soins,Salle de soins / dispensaire,قاعة علاج / مستوصف,public,,,,,
10-00012,العيادة المتعددة الخدمات,Polyclinique,العيادة المتعددة الخدمات,10,1004,Souk El Khemis,36.387306,3.635684,exact,osm_node,osm,"{""osm"":""node/6331218385""}",polyclinique,Polyclinique,عيادة متعددة الخدمات,public,,,,,
10-00013,قاعة علاج,Salle de soins,قاعة علاج,10,1035,Ain-Bessem,36.296871,3.682994,exact,osm_node,osm,"{""osm"":""node/6331449687""}",salle_de_soins,Salle de soins / dispensaire,قاعة علاج / مستوصف,public,,,,,
10-00014,Polyclinique,Polyclinique,,10,1042,Hadjera Zerga,35.957425,3.848768,exact,osm_node,osm,"{""osm"":""node/6716444987""}",polyclinique,Polyclinique,عيادة متعددة الخدمات,public,,,,,
10-00016,,,,10,1005,Kadiria,36.54406,3.6666,exact,osm_node,osm,"{""osm"":""node/8047798245""}",clinique,Clinique,عيادة / مصحة,,,,,,
10-00017,,,,10,1038,Sour El Ghozlane,36.144508,3.696159,approximate,osm_centroid,osm,"{""osm"":""way/171398994""}",clinique,Clinique,عيادة / مصحة,,,سور الغزلان,,,
10-00018,,,,10,1038,Sour El Ghozlane,36.156124,3.688597,approximate,osm_centroid,osm,"{""osm"":""way/171405395""}",clinique,Clinique,عيادة / مصحة,,,سور الغزلان,,,
10-00019,Centre de Santé,Centre de Santé,,10,1017,Chorfa,36.415325,4.341001,approximate,osm_centroid,osm,"{""osm"":""way/253441507""}",centre_sante,Centre de santé,مركز صحي,,,,,,
10-00020,Polyclinque Amzil Said,Polyclinque Amzil Said,,10,1012,Haizer,36.395042,3.999219,approximate,osm_centroid,osm,"{""osm"":""way/254530551""}",polyclinique,Polyclinique,عيادة متعددة الخدمات,public,,,,,
10-00022,clinique de oued edhous,clinique de oued edhous,,10,1001,Bouira,36.368772,3.900988,approximate,osm_centroid,osm,"{""osm"":""way/260571351""}",clinique,Clinique,عيادة / مصحة,,general,Bouira 10000,,,true
10-00023,Centre de santé,Centre de santé,,10,1015,El Hachimia,36.22023,3.814936,approximate,osm_centroid,osm,"{""osm"":""way/260601203""}",centre_sante,Centre de santé,مركز صحي,,,,,,true
10-00024,Clinique Lala Khadidja,Clinique Lala Khadidja,,10,1001,Bouira,36.390893,3.901747,approximate,osm_centroid,osm,"{""osm"":""way/306695075""}",clinique,Clinique,عيادة / مصحة,,,Bouira,,,
10-00025,مركز تصفية الدم,Centre d'hymodialyse,مركز تفية الدم,10,1038,Sour El Ghozlane,36.150333,3.684786,approximate,osm_centroid,osm,"{""osm"":""way/318020873""}",clinique,Clinique,عيادة / مصحة,,,"حي سيدي عبد القادر الجيلالي, 10004",,,
10-00026,Polyclinique,Polyclinique,,10,1035,Ain-Bessem,36.288265,3.675276,approximate,osm_centroid,osm,"{""osm"":""way/318085830""}",polyclinique,Polyclinique,عيادة متعددة الخدمات,public,,Aïn Bessam,,,
10-00027,Salle polyclinique,Salle polyclinique,,10,1005,Kadiria,36.531035,3.678476,approximate,osm_centroid,osm,"{""osm"":""way/340466915""}",polyclinique,Polyclinique,عيادة متعددة الخدمات,public,general;dentistry;vaccination;cardiology,Kadiria,,,
10-00028,,,,10,1038,Sour El Ghozlane,36.15225,3.691704,approximate,osm_centroid,osm,"{""osm"":""way/352669903""}",clinique,Clinique,عيادة / مصحة,,,سور الغزلان,,,
10-00029,,,,10,1026,Djebahia,36.491839,3.769949,approximate,osm_centroid,osm,"{""osm"":""way/393381936""}",clinique,Clinique,عيادة / مصحة,,,عمر,,,
10-00030,Centre de santé,Centre de santé,,10,1019,El Adjiba,36.337905,4.185755,approximate,osm_centroid,osm,"{""osm"":""way/480207937""}",centre_sante,Centre de santé,مركز صحي,,,,,,
10-00031,Centre de santé draa el bordj,Centre de santé draa el bordj,,10,1001,Bouira,36.371044,3.893706,approximate,osm_centroid,osm,"{""osm"":""way/550171733""}",centre_sante,Centre de santé,مركز صحي,,general,Bouira,,,
10-00032,Centre D'imagerie Médicale,Centre D'imagerie Médicale,,10,1001,Bouira,36.370874,3.883854,approximate,osm_centroid,osm,"{""osm"":""way/550212780""}",clinique,Clinique,عيادة / مصحة,,,"Rue Henach Ahmed, Bouira 10000",,,
10-00033,,,,10,1001,Bouira,36.368734,3.901009,approximate,osm_centroid,osm,"{""osm"":""way/550243209""}",clinique,Clinique,عيادة / مصحة,,,,,,
10-00034,Centre médical de la police,Centre médical de la police,,10,1001,Bouira,36.377057,3.887511,approximate,osm_centroid,osm,"{""osm"":""way/550314465""}",clinique,Clinique,عيادة / مصحة,,,,,,
10-00035,Centre de santé,Centre de santé,,10,1001,Bouira,36.375987,3.882749,approximate,osm_centroid,osm,"{""osm"":""way/550337582""}",centre_sante,Centre de santé,مركز صحي,,general,bouira,,,
10-00036,Clinique Medico Chirurgicale L'hirondelle,Clinique Medico Chirurgicale L'hirondelle,,10,1001,Bouira,36.376474,3.882798,approximate,osm_centroid,osm,"{""osm"":""way/550337634""}",clinique,Clinique,عيادة / مصحة,private,general,,,,
10-00037,Maternité Lala Khadidja Bouira,Maternité Lala Khadidja Bouira,,10,1001,Bouira,36.390769,3.901032,approximate,osm_centroid,osm,"{""osm"":""way/550884972""}",maternite,Maternité / clinique d'accouchement,مصحة توليد,,,,,"PH,Mo-Su 07:00-20:00",
10-00038,Clinique Multiservices Kasdi Merbah,Clinique Multiservices Kasdi Merbah,عيادة قاصدي مرباح,10,1001,Bouira,36.381565,3.901419,approximate,osm_centroid,osm,"{""osm"":""way/551526312""}",clinique,Clinique,عيادة / مصحة,public,general,Bouira,,,
10-00039,Clinique Centrale Bouira,Clinique Centrale Bouira,,10,1001,Bouira,36.377129,3.891976,approximate,osm_centroid,osm,"{""osm"":""way/551979875""}",clinique,Clinique,عيادة / مصحة,private,general,,,,
10-00040,Centre Medicale,Centre Medicale,,10,1013,Lakhdaria,36.566416,3.595661,approximate,osm_centroid,osm,"{""osm"":""way/560399388""}",clinique,Clinique,عيادة / مصحة,,,,,,
10-00042,Polyclinique Bechloul,Polyclinique Bechloul,,10,1033,Bechloul,36.312622,4.07336,approximate,osm_centroid,osm,"{""osm"":""way/561840915""}",polyclinique,Polyclinique,عيادة متعددة الخدمات,public,,,,,
10-00043,Hadiouch Saleh Polyclinic,Hadiouch Saleh Polyclinic,,10,1035,Ain-Bessem,36.295625,3.669399,approximate,osm_centroid,osm,"{""osm"":""way/564595560""}",clinique,Clinique,عيادة / مصحة,,polyclinic,,,,
10-00044,Polyclinique,Polyclinique,,10,1035,Ain-Bessem,36.29547,3.669402,approximate,osm_centroid,osm,"{""osm"":""way/564595564""}",polyclinique,Polyclinique,عيادة متعددة الخدمات,public,,,,,
10-00045,Centre De Santé Aïn El Hadjar,Centre De Santé Aïn El Hadjar,,10,1025,Ain El Hadjar,36.340846,3.811309,approximate,osm_centroid,osm,"{""osm"":""way/565137244""}",centre_sante,Centre de santé,مركز صحي,,,,,,
11-00001,Clinique Médicale Ben Naïdja El Khair;العيادة الطبية بن نعيجة الخير,Al khaiier,العيادة الطبية بن نعيجة الخير,11,1101,Tamanrasset,22.788183,5.530118,exact,osm_node,osm,"{""osm"":""node/3024738777""}",clinique,Clinique,عيادة / مصحة,,,تمنراست,,,
11-00002,Clinique Clinique Taheguart;عيادة أولاد مسعود غمار,Clinique Taheguart,عيادة أولاد مسعود غمار,11,1101,Tamanrasset,22.796185,5.508123,exact,osm_node,osm,"{""osm"":""node/4965528521""}",clinique,Clinique,عيادة / مصحة,,,"تهقارت, تمنراست",,24/7,
11-00003,Centre Médical El Moustapha;المركز الطبي - المصطفى,Centre Médical,المركز الطبي - المصطفى - للتصوير بالاشعة، سكانير، ايكوغرافي، تصوير الأسنان، تصوير بالاشعة للثدي,11,1101,Tamanrasset,22.79144,5.51449,exact,osm_node,osm,"{""osm"":""node/5012034526""}",clinique,Clinique,عيادة / مصحة,,,"شارع تهقارت, تمنراست 1101",029316476,,
11-00004,,,,11,1101,Tamanrasset,22.788542,5.540937,exact,osm_node,osm,"{""osm"":""node/5483911821""}",clinique,Clinique,عيادة / مصحة,,,تمنراست 11009,,,
11-00005,Polyclinique Adriane;العيادة متعددة الخدمات أدريان,Polyclinique Adriane,عيادة أدريان,11,1101,Tamanrasset,22.782133,5.557246,approximate,osm_centroid,osm,"{""osm"":""way/391134436""}",polyclinique,Polyclinique,عيادة متعددة الخدمات,public,,تمنراست,,,
12-00001,,,,12,1217,Bekkaria,35.374086,8.241766,exact,osm_node,osm,"{""osm"":""node/4127904521""}",clinique,Clinique,عيادة / مصحة,,,بكارية,,,
12-00002,,,,12,1205,El-Aouinet,35.876327,7.881862,exact,osm_node,osm,"{""osm"":""node/4449426593""}",clinique,Clinique,عيادة / مصحة,,,"حي ٢٠أوت ١٩٥٥, 12300",,Mo-Su 08:00-16:00,
12-00003,,,,12,1201,Tebessa,35.404555,8.131971,exact,osm_node,osm,"{""osm"":""node/6258702780""}",clinique,Clinique,عيادة / مصحة,,,تبسة 12000,,,
12-00004,,,,12,1201,Tebessa,35.397694,8.123058,exact,osm_node,osm,"{""osm"":""node/6258798198""}",clinique,Clinique,عيادة / مصحة,,,تبسة 12000,,,
12-00005,,,,12,1201,Tebessa,35.410173,8.129675,exact,osm_node,osm,"{""osm"":""node/6258827451""}",clinique,Clinique,عيادة / مصحة,,,تبسة 12000,,,
12-00006,,,,12,1205,El-Aouinet,35.870412,7.887979,approximate,osm_centroid,osm,"{""osm"":""way/1408817194""}",clinique,Clinique,عيادة / مصحة,,,,,,
12-00007,,,,12,1201,Tebessa,35.40847,8.123181,approximate,osm_centroid,osm,"{""osm"":""way/1546961272""}",clinique,Clinique,عيادة / مصحة,public,,,,,
12-00008,,,,12,1201,Tebessa,35.419248,8.120907,approximate,osm_centroid,osm,"{""osm"":""way/209379574""}",clinique,Clinique,عيادة / مصحة,,,تبسة,,,
12-00009,عيادة حمزة,Clinique Hamza,عيادة حمزة,12,1201,Tebessa,35.415886,8.123015,approximate,osm_centroid,osm,"{""osm"":""way/209379583""}",clinique,Clinique,عيادة / مصحة,,,تبسة 12000,,,
12-00011,الاستعجالات الطبية عاليا صالح,Urgences Médicales Alia Salah,الاستعجالات الطبية عاليا صالح,12,1201,Tebessa,35.401377,8.104269,approximate,osm_centroid,osm,"{""osm"":""way/209416151""}",centre_sante,Centre de santé,مركز صحي,,,تبسة,,,true
12-00012,مختبر النظافة,Laboratoire d'Hygiène,مختبر النظافة,12,1201,Tebessa,35.394439,8.099801,approximate,osm_centroid,osm,"{""osm"":""way/209416160""}",clinique,Clinique,عيادة / مصحة,,,تبسة 12000,,,
12-00013,مصحة جوارية,,مصحة جوارية,12,1220,El Malabiod,35.206805,8.170584,approximate,osm_centroid,osm,"{""osm"":""way/209561271""}",clinique,Clinique,عيادة / مصحة,private,,,,,
12-00014,عيادة متعددة الخدمات,,عيادة متعددة الخدمات,12,1210,Bir Mokkadem,35.450663,7.951008,approximate,osm_centroid,osm,"{""osm"":""way/387140310""}",polyclinique,Polyclinique,عيادة متعددة الخدمات,public,,الحمامات 12016,,,
12-00015,,,,12,1220,El Malabiod,35.270702,8.135792,approximate,osm_centroid,osm,"{""osm"":""way/519422117""}",clinique,Clinique,عيادة / مصحة,,,,,,
12-00016,Mohamed Echebouki,Mohamed Echebouki,,12,1203,Cheria,35.261098,7.747849,approximate,osm_centroid,osm,"{""osm"":""way/519591128""}",clinique,Clinique,عيادة / مصحة,,,,,,
13-00001,Polyclinique Nedroma,Polyclinique Nedroma,,13,1340,Nedroma,35.011741,-1.746536,exact,osm_node,osm,"{""osm"":""node/1002314515""}",polyclinique,Polyclinique,عيادة متعددة الخدمات,public,,Nedroma,,,
13-00002,polyclinique Khouriba,polyclinique Khouriba,,13,1340,Nedroma,35.03289,-1.768765,exact,osm_node,osm,"{""osm"":""node/1002745999""}",polyclinique,Polyclinique,عيادة متعددة الخدمات,public,,Khouriba,,,
13-00003,Rajesh Deshmukh Consultant Eye Surgeon,Rajesh Deshmukh Consultant Eye Surgeon,,13,1350,Chetouane,34.923043,-1.33264,exact,osm_node,osm,"{""osm"":""node/10963595856""}",clinique,Clinique,عيادة / مصحة,private,,"50-52 New Cavendish St, London W1G8TL",,,
13-00004,قاعة علاج,Salle de soins,قاعة علاج,13,1313,Ouled Mimoun,34.911226,-1.036325,exact,osm_node,osm,"{""osm"":""node/11405405969""}",salle_de_soins,Salle de soins / dispensaire,قاعة علاج / مستوصف,public,,,,,
13-00005,Centre de santé,Centre de santé,,13,1302,Beni Mester,34.852651,-1.407226,exact,osm_node,osm,"{""osm"":""node/2094673322""}",centre_sante,Centre de santé,مركز صحي,,,,,,
13-00006,,,,13,1327,Maghnia,34.849694,-1.740339,exact,osm_node,osm,"{""osm"":""node/3515236976""}",clinique,Clinique,عيادة / مصحة,,,مغنية,,,
13-00007,Laboratoire,Laboratoire,,13,1301,Tlemcen,34.875693,-1.324345,exact,osm_node,osm,"{""osm"":""node/4154471908""}",clinique,Clinique,عيادة / مصحة,,,,,,
13-00008,Centre de santé Boudghene,Centre de santé Boudghene,,13,1301,Tlemcen,34.871357,-1.321442,exact,osm_node,osm,"{""osm"":""node/4158890492""}",centre_sante,Centre de santé,مركز صحي,,,,,,
13-00009,المركز الصحي - العربي بن مهيدي,Centre de santé Larbi Ben M'hidi,المركز الصحي - العربي بن مهيدي,13,1327,Maghnia,34.850968,-1.721614,exact,osm_node,osm,"{""osm"":""node/4362054589""}",centre_sante,Centre de santé,مركز صحي,,,مغنية,,,
13-00010,مركز صحي استعجالي,centre sanitaire,مركز صحي استعجالي,13,1308,Souani,34.941705,-1.929468,exact,osm_node,osm,"{""osm"":""node/4368900689""}",centre_sante,Centre de santé,مركز صحي,,,سيدي بوجنان,,,
13-00011,عيادة طبية جراحية ابن سينا,Clinique IBN SINA,عيادة طبية جراحية ابن سينا,13,1327,Maghnia,34.84797,-1.740058,exact,osm_node,osm,"{""osm"":""node/4405930390""}",clinique,Clinique,عيادة / مصحة,,,مغنية,,,
13-00012,,,,13,1330,M'sirda Fouaga,34.97666,-2.10084,exact,osm_node,osm,"{""osm"":""node/4465572189""}",clinique,Clinique,عيادة / مصحة,,,بوكانون,,,
13-00013,مستوصف,Policlinique,مستوصف,13,1306,Sabra,34.829414,-1.52422,exact,osm_node,osm,"{""osm"":""node/4513138089""}",polyclinique,Polyclinique,عيادة متعددة الخدمات,public,,,,,
13-00014,polyclinique de Sidi chaker,polyclinique de Sidi chaker,,13,1301,Tlemcen,34.875008,-1.311991,exact,osm_node,osm,"{""osm"":""node/4547792291""}",polyclinique,Polyclinique,عيادة متعددة الخدمات,public,,,,,
13-00015,Clinique Lazouni,Clinique Lazouni,,13,1351,Mansourah,34.882821,-1.349861,exact,osm_node,osm,"{""osm"":""node/4753665121""}",clinique,Clinique,عيادة / مصحة,,,,,,
13-00016,,,,13,1326,Hennaya,34.919393,-1.350093,exact,osm_node,osm,"{""osm"":""node/4848442023""}",clinique,Clinique,عيادة / مصحة,,,,,,
13-00017,,,,13,1302,Beni Mester,34.862664,-1.40142,exact,osm_node,osm,"{""osm"":""node/5356205724""}",clinique,Clinique,عيادة / مصحة,,,بني مستار,,,
13-00018,عيادة صحية,,عيادة صحية,13,1335,Sebdou,34.648446,-1.325081,exact,osm_node,osm,"{""osm"":""node/5502623121""}",clinique,Clinique,عيادة / مصحة,,,,,,
13-00019,urgence médicale,urgence médicale,,13,1324,Bensekrane,35.078487,-1.223057,exact,osm_node,osm,"{""osm"":""node/5928841313""}",centre_sante,Centre de santé,مركز صحي,,,route de sidi abdelli,,,
13-00022,Clinique médico chirurgicale et hémodialyse cherif benmoussa,Clinique médico chirurgicale et hémodialyse cherif benmoussa,,13,1351,Mansourah,34.883139,-1.349303,exact,osm_node,osm,"{""osm"":""node/6397300018""}",clinique,Clinique,عيادة / مصحة,,general,,,,
13-00023,عيادة,Clinique du Grand Bassin,عيادة,13,1301,Tlemcen,34.879789,-1.317606,exact,osm_node,osm,"{""osm"":""node/6824826985""}",clinique,Clinique,عيادة / مصحة,,,تلمسان,,,
13-00025,عيادة مساكن,Clinique Massakine,عيادة مساكن,13,1327,Maghnia,34.851356,-1.728894,exact,osm_node,osm,"{""osm"":""node/7276298585""}",clinique,Clinique,عيادة / مصحة,,,مغنية,,,
13-00026,Polyclinque d'Assa,Polyclinque d'Assa,,13,1340,Nedroma,35.041348,-1.783457,exact,osm_node,osm,"{""osm"":""node/997906595""}",polyclinique,Polyclinique,عيادة متعددة الخدمات,public,,,,,
13-00027,عيادة المتعددة الخدمات المجاهد بن عبد الله يخلف,Polyclinique Mujahid Ben Abdoullah Yakhlaf,عيادة المتعددة الخدمات المجاهد بن عبد الله يخلف,13,1350,Chetouane,34.910264,-1.318223,approximate,osm_centroid,osm,"{""osm"":""way/1079264398""}",polyclinique,Polyclinique,عيادة متعددة الخدمات,public,,,,24/7,
13-00028,Clinique Mimosa,Clinique Mimosa,عيادة ميموزة,13,1351,Mansourah,34.878689,-1.341478,approximate,osm_centroid,osm,"{""osm"":""way/1101337682""}",clinique,Clinique,عيادة / مصحة,,,"115 Riath Lahoual, Tlemcen",,,
13-00029,Clinique Ben Habib,Clinique Ben Habib,عيادة بن حبيب,13,1301,Tlemcen,34.888183,-1.32072,approximate,osm_centroid,osm,"{""osm"":""way/1101338545""}",clinique,Clinique,عيادة / مصحة,,,,,,
13-00030,Polyclinique,Polyclinique,,13,1304,Remchi,35.058218,-1.432291,approximate,osm_centroid,osm,"{""osm"":""way/184593063""}",polyclinique,Polyclinique,عيادة متعددة الخدمات,public,,Remchi,,,true
13-00031,,,,13,1307,Ghazaouet,35.100471,-1.858791,approximate,osm_centroid,osm,"{""osm"":""way/254662210""}",clinique,Clinique,عيادة / مصحة,,,"حي الشهداء, الغزوات",,,
13-00032,Centre de santé,Centre de santé,,13,1350,Chetouane,34.920897,-1.29905,approximate,osm_centroid,osm,"{""osm"":""way/360759188""}",centre_sante,Centre de santé,مركز صحي,,,,,,
13-00033,Centre Medical Oujlida,Centre Medical Oujlida,,13,1350,Chetouane,34.921601,-1.330524,approximate,osm_centroid,osm,"{""osm"":""way/406072472""}",clinique,Clinique,عيادة / مصحة,,,,,,
13-00034,Polyclinique des consultations spécialisées Boudghène,Polyclinique des consultations spécialisées Boudghène,مستشفى بودغن,13,1301,Tlemcen,34.873038,-1.321131,approximate,osm_centroid,osm,"{""osm"":""way/414758997""}",polyclinique,Polyclinique,عيادة متعددة الخدمات,public,,,,,
13-00035,Clinique Les Dahlias,Clinique Les Dahlias,عيادة الدالية,13,1301,Tlemcen,34.890414,-1.329654,approximate,osm_centroid,osm,"{""osm"":""way/419530532""}",clinique,Clinique,عيادة / مصحة,,,,,,
13-00036,Dispensaire de Djamma Sakhra,Dispensaire de Djamma Sakhra,,13,1345,Tianet,35.063035,-1.819309,approximate,osm_centroid,osm,"{""osm"":""way/429126791""}",salle_de_soins,Salle de soins / dispensaire,قاعة علاج / مستوصف,public,,,,,
13-00037,Clinique d'hémodialyse Hamel,Clinique d'hémodialyse Hamel,,13,1307,Ghazaouet,35.095362,-1.86276,approximate,osm_centroid,osm,"{""osm"":""way/430407881""}",clinique,Clinique,عيادة / مصحة,,,Ghazaouet,,,
13-00039,Dispensaire,Dispensaire,,13,1313,Ouled Mimoun,34.924583,-0.955827,approximate,osm_centroid,osm,"{""osm"":""way/437870336""}",salle_de_soins,Salle de soins / dispensaire,قاعة علاج / مستوصف,public,,,,,
13-00040,Polyclinique,Polyclinique,,13,1315,Ain Youcef,35.045031,-1.376516,approximate,osm_centroid,osm,"{""osm"":""way/463442489""}",polyclinique,Polyclinique,عيادة متعددة الخدمات,public,,Aïn Youcef,,,
13-00041,Centre de santé pour handicapés,Centre de santé pour handicapés,,13,1304,Remchi,35.069971,-1.431696,approximate,osm_centroid,osm,"{""osm"":""way/463464142""}",centre_sante,Centre de santé,مركز صحي,,,Remchi,,,
13-00042,dispensaire,dispensaire,,13,1347,Bouhlou,34.775675,-1.569867,approximate,osm_centroid,osm,"{""osm"":""way/465848487""}",salle_de_soins,Salle de soins / dispensaire,قاعة علاج / مستوصف,public,,,,,
13-00043,Sanatorium Lalla Setti,Sanatorium Lalla Setti,,13,1301,Tlemcen,34.863341,-1.303528,approximate,osm_centroid,osm,"{""osm"":""way/480407359""}",clinique,Clinique,عيادة / مصحة,,,,,,
13-00044,Centre medical,Centre medical,,13,1301,Tlemcen,34.902859,-1.327214,approximate,osm_centroid,osm,"{""osm"":""way/483542697""}",clinique,Clinique,عيادة / مصحة,,,,,,
13-00045,Centre medical,Centre medical,,13,1350,Chetouane,34.918223,-1.301424,approximate,osm_centroid,osm,"{""osm"":""way/483542789""}",clinique,Clinique,عيادة / مصحة,,,,,,
13-00046,Polyclinique Agadir عيادة متعددة الخدمات أكادير,Polyclinique Agadir,عيادة متعددة الخدمات أكادير,13,1301,Tlemcen,34.887335,-1.302412,approximate,osm_centroid,osm,"{""osm"":""way/518139171""}",polyclinique,Polyclinique,عيادة متعددة الخدمات,public,,,,,
13-00047,مستوصف مرسى بن مهيدي,Polyclinique Marsa Ben M'hidi,مستوصف مرسى بن مهيدي,13,1339,Marsa Ben M'hidi,35.081424,-2.201952,approximate,osm_centroid,osm,"{""osm"":""way/87265858""}",polyclinique,Polyclinique,عيادة متعددة الخدمات,public,,مرسى بن مهيدي,,24/7,
13-00048,Hôpital privé,Hôpital privé,,13,1304,Remchi,35.063238,-1.426954,approximate,osm_centroid,osm,"{""osm"":""way/186941040""}",clinique,Clinique,عيادة / مصحة,private,,Remchi,,,
14-00001,Polyclinic Dine Djelloul,Polyclinic Dine Djelloul,,14,1438,Sidi Abderrahmane,34.800268,1.132407,exact,osm_node,osm,"{""osm"":""node/13015292526""}",clinique,Clinique,عيادة / مصحة,,,,,,
14-00002,centre de dialyse,centre de dialyse,,14,1406,Ain Deheb,34.849259,1.54624,exact,osm_node,osm,"{""osm"":""node/13021890710""}",clinique,Clinique,عيادة / مصحة,,,,,,
14-00003,العيادة الطبية الزهور (مستور العربي),,العيادة الطبية الزهور (مستور العربي),14,1406,Ain Deheb,34.845114,1.545765,exact,osm_node,osm,"{""osm"":""node/13021890711""}",clinique,Clinique,عيادة / مصحة,,,,,,
14-00004,polyclinique,polyclinique,,14,1418,Ain El Hadid,35.055802,0.885517,exact,osm_node,osm,"{""osm"":""node/13040019631""}",polyclinique,Polyclinique,عيادة متعددة الخدمات,public,general;paediatrics;dentistry;biology;gynaecology;radiology;orthodontics,"حي اوكيل محمد, Aïn El Hadid ⵄⵉⵏ ⵍⴻⵃⴷⵉⴷ عين الحديد 14008",,,
14-00005,مركز صحي,,مركز صحي,14,1410,Madna,34.754748,0.982313,exact,osm_node,osm,"{""osm"":""node/13043823128""}",centre_sante,Centre de santé,مركز صحي,,,,,,
14-00006,مخبر التحاليل الطبية بوزيان,Laboratoire d'analyses médicales Bouziane,مخبر التحاليل الطبية بوزيان,14,1401,Tiaret,35.360306,1.321095,exact,osm_node,osm,"{""osm"":""node/3173665012""}",clinique,Clinique,عيادة / مصحة,,pathology,,,,
14-00007,العيادة المتعددة الخدمات حي شايب,Polyclinique cité Chaib,العيادة المتعددة الخدمات حي شايب,14,1401,Tiaret,35.366313,1.31161,exact,osm_node,osm,"{""osm"":""node/3174801247""}",polyclinique,Polyclinique,عيادة متعددة الخدمات,public,,"شارع الإخوة قايدي, تيارت 14000",,,
14-00008,Clinique Metidji,Clinique Metidji,,14,1401,Tiaret,35.380113,1.313697,exact,osm_node,osm,"{""osm"":""node/3175038473""}",clinique,Clinique,عيادة / مصحة,,,"Bd des Frères Saadi, Tiaret 14000",,,
14-00009,المركز النفسي البيداغوجي للموعاقين ذهنيا,,المركز النفسي البيداغوجي للموعاقين ذهنيا,14,1401,Tiaret,35.357912,1.337324,exact,osm_node,osm,"{""osm"":""node/3175960738""}",clinique,Clinique,عيادة / مصحة,,,Tiaret 14000,,,
14-00010,Centre de santé,Centre de santé,,14,1433,Oued Lilli,35.51274,1.268887,exact,osm_node,osm,"{""osm"":""node/3196439698""}",centre_sante,Centre de santé,مركز صحي,,,Oued Lilli,,,
14-00011,عيادة بلفرحات,Clinique BELFARHAT,عيادة بلفرحات,14,1401,Tiaret,35.369677,1.318805,exact,osm_node,osm,"{""osm"":""node/4444752591""}",clinique,Clinique,عيادة / مصحة,,,تيارت,,,
14-00012,ابن خلدون,,ابن خلدون,14,1427,Frenda,35.062588,1.048946,exact,osm_node,osm,"{""osm"":""node/4469448689""}",clinique,Clinique,عيادة / مصحة,,,فرندة,,,
14-00013,عيادة متعددة الخدمات بوبكر,,عيادة متعددة الخدمات بوبكر,14,1401,Tiaret,35.37425,1.331657,exact,osm_node,osm,"{""osm"":""node/4526521089""}",polyclinique,Polyclinique,عيادة متعددة الخدمات,public,,,,,
14-00014,,,,14,1401,Tiaret,35.348801,1.313331,exact,osm_node,osm,"{""osm"":""node/4705434589""}",clinique,Clinique,عيادة / مصحة,,,,,,
14-00015,عيادة مشرع الصفاء,Polyclinique mechraa-sfa,عيادة مشرع الصفاء,14,1434,Mechraa Safa,35.382417,1.057783,exact,osm_node,osm,"{""osm"":""node/4759754328""}",polyclinique,Polyclinique,عيادة متعددة الخدمات,public,,مشرع الصفاء,,,
14-00016,مختبر سمار,,مختبر سمار,14,1401,Tiaret,35.383999,1.317913,exact,osm_node,osm,"{""osm"":""node/4994827621""}",clinique,Clinique,عيادة / مصحة,,,,,,
14-00017,عيادة الأمل للفحص بالأشعة الدكتور: ج شيخاوي,Clinique elamel de radiologie :docteur : CHIKHAOUI,عيادة الأمل للفحص بالأشعة الدكتور: ج شيخاوي,14,1401,Tiaret,35.359242,1.32363,exact,osm_node,osm,"{""osm"":""node/5639817121""}",clinique,Clinique,عيادة / مصحة,,,"نهج جبهة التحرير الوطنية, تيارت 14000",21346221391,Mo-Su 06:00-16:00,
14-00018,Maison du Diabétique de Tiaret,Maison du Diabétique de Tiaret,,14,1401,Tiaret,35.358742,1.31648,exact,osm_node,osm,"{""osm"":""node/6270011086""}",clinique,Clinique,عيادة / مصحة,,,,,,
14-00021,مخبر التحاليل الطبية علي معاشي,,مخبر التحاليل الطبية علي معاشي,14,1401,Tiaret,35.360946,1.325263,exact,osm_node,osm,"{""osm"":""node/9907068012""}",clinique,Clinique,عيادة / مصحة,,,,,,
14-00022,,,,14,1434,Mechraa Safa,35.524981,1.01801,approximate,osm_centroid,osm,"{""osm"":""way/1422809335""}",clinique,Clinique,عيادة / مصحة,,,,,,
14-00023,,,,14,1427,Frenda,35.06551,1.043617,approximate,osm_centroid,osm,"{""osm"":""way/318318160""}",clinique,Clinique,عيادة / مصحة,,,فرندة,,,
14-00024,,,,14,1401,Tiaret,35.375895,1.311875,approximate,osm_centroid,osm,"{""osm"":""way/332665004""}",clinique,Clinique,عيادة / مصحة,,,"شارع فغولي أحمد, تيارت 14000",,,
14-00025,عيادة طبية,,عيادة طبية,14,1436,Chehaima,34.899243,1.302486,approximate,osm_centroid,osm,"{""osm"":""way/440488803""}",clinique,Clinique,عيادة / مصحة,,,,,,
14-00027,العيادة متعددة الخدمات مدريسة - الشهيد بوحفص محمود,,مستشفى,14,1408,Medrissa,34.895804,1.239866,approximate,osm_centroid,osm,"{""osm"":""way/517966809""}",polyclinique,Polyclinique,عيادة متعددة الخدمات,public,,,,,
14-00028,بلفرحات,,بلفرحات,14,1401,Tiaret,35.369787,1.318781,approximate,osm_centroid,osm,"{""osm"":""way/783048837""}",clinique,Clinique,عيادة / مصحة,,,تيارت,,,
14-00029,عيادة مشرع الصفاء,,عيادة مشرع الصفاء,14,1434,Mechraa Safa,35.382133,1.056973,approximate,osm_centroid,osm,"{""osm"":""way/783103561""}",clinique,Clinique,عيادة / مصحة,,,,,,
14-00030,,,,14,1401,Tiaret,35.358198,1.337802,approximate,osm_centroid,osm,"{""osm"":""way/981378340""}",clinique,Clinique,عيادة / مصحة,,,,,,
14-00031,Dispensaire,Dispensaire,,14,1401,Tiaret,35.344117,1.320028,approximate,osm_centroid,osm,"{""osm"":""way/982772305""}",salle_de_soins,Salle de soins / dispensaire,قاعة علاج / مستوصف,public,,,,,
14-00032,الصحة العمومية بويش فريد,,الصحة العمومية بويش فريد,14,1401,Tiaret,35.353203,1.332279,approximate,osm_centroid,osm,"{""osm"":""way/983017898""}",clinique,Clinique,عيادة / مصحة,,,"Boulevard Ahmed Hallouz, Tiaret 14000",,,
14-00033,المؤسسة الاستشفائية الخاصة (عبير الكوثر),Établissement hospitalière privé Abir El Kaouther,المؤسسة الاستشفائية الخاصة (عبير الكوثر),14,1401,Tiaret,35.360086,1.337798,approximate,osm_centroid,osm,"{""osm"":""way/981696649""}",clinique,Clinique,عيادة / مصحة,private,,,,,
15-00001,"mohamed habarek (Rééducation Fonctionnelle, Médecine du sport)","mohamed habarek (Rééducation Fonctionnelle, Médecine du sport)",,15,1501,Tizi-Ouzou,36.699416,4.042533,exact,osm_node,osm,"{""osm"":""node/10078519718""}",clinique,Clinique,عيادة / مصحة,,,026111604,'+213 26 11 16 04,Mo-Su 08:00-17:00,
15-00002,Clinque Thaourirth Amran,Clinque Thaourirth Amran,,15,1502,Ain-El-Hammam,36.568176,4.313296,exact,osm_node,osm,"{""osm"":""node/11202401281""}",clinique,Clinique,عيادة / مصحة,,,,,,
15-00003,Salle de soins Frères SEBAOUI KANTIDJA,Salle de soins Frères SEBAOUI KANTIDJA,,15,1556,Ait Yahia Moussa,36.617879,3.916239,exact,osm_node,osm,"{""osm"":""node/13713262540""}",salle_de_soins,Salle de soins / dispensaire,قاعة علاج / مستوصف,public,,Village Kantidja,,,
15-00004,salle de soins Frères SEBAOUI KANTIDJA,salle de soins Frères SEBAOUI KANTIDJA,,15,1556,Ait Yahia Moussa,36.617363,3.914587,exact,osm_node,osm,"{""osm"":""node/13713262541""}",salle_de_soins,Salle de soins / dispensaire,قاعة علاج / مستوصف,public,,village kantidja Boumahni,,,
15-00005,Urgences médicale,Tigzirt,ثيڤزيرث,15,1538,Tigzirt,36.892095,4.126492,exact,osm_node,osm,"{""osm"":""node/1801881869""}",centre_sante,Centre de santé,مركز صحي,,,,,24/7,
15-00006,Clinique Slimana,Clinique Slimana,عيادة سليمانة,15,1501,Tizi-Ouzou,36.702651,4.040481,exact,osm_node,osm,"{""osm"":""node/2065676102""}",clinique,Clinique,عيادة / مصحة,,,,'+21326112323,,true
15-00007,Polyclinique Mdouha CNAS,Polyclinique Mdouha CNAS,,15,1501,Tizi-Ouzou,36.711803,4.054332,exact,osm_node,osm,"{""osm"":""node/2065691189""}",polyclinique,Polyclinique,عيادة متعددة الخدمات,public,vaccination;covid19,Tizi Ouzou 15000,,,
15-00008,ONAAPH,ONAAPH,,15,1501,Tizi-Ouzou,36.710918,4.051499,exact,osm_node,osm,"{""osm"":""node/2085228840""}",clinique,Clinique,عيادة / مصحة,,,,,,
15-00009,Centre de Soin Illilten,Centre de Soin Illilten,,15,1517,Iferhounene,36.512858,4.420792,exact,osm_node,osm,"{""osm"":""node/2187606087""}",centre_sante,Centre de santé,مركز صحي,,,,,,
15-00010,dispensaire,dispensaire,,15,1538,Tigzirt,36.893101,4.160241,exact,osm_node,osm,"{""osm"":""node/2277143921""}",salle_de_soins,Salle de soins / dispensaire,قاعة علاج / مستوصف,public,,,,,
15-00011,Dispensaire Ait Hidja,Dispensaire Ait Hidja,مستوصف أيت حيجة,15,1566,Assi-Youcef,36.507891,4.0148,exact,osm_node,osm,"{""osm"":""node/2329104357""}",salle_de_soins,Salle de soins / dispensaire,قاعة علاج / مستوصف,public,,,,,
15-00012,Polyclinique Tabouda,Polyclinique Tabouda,,15,1563,Imsouhal,36.579908,4.44527,exact,osm_node,osm,"{""osm"":""node/3058133700""}",polyclinique,Polyclinique,عيادة متعددة الخدمات,public,,,,,
15-00013,Polyclinique,Polyclinique,,15,1536,Ouadhias,36.55644,4.082048,exact,osm_node,osm,"{""osm"":""node/3244550077""}",polyclinique,Polyclinique,عيادة متعددة الخدمات,public,,,,,
15-00014,Dispensaire de Mahvouva,Dispensaire de Mahvouva,,15,1524,Ouaguenoun,36.777705,4.220335,exact,osm_node,osm,"{""osm"":""node/3274271408""}",salle_de_soins,Salle de soins / dispensaire,قاعة علاج / مستوصف,public,,,,,
15-00015,Dispensaire,Dispensaire,,15,1547,Draa-Ben-Khedda,36.726741,3.964756,exact,osm_node,osm,"{""osm"":""node/3510831108""}",salle_de_soins,Salle de soins / dispensaire,قاعة علاج / مستوصف,public,,,,08:00-17:00,
15-00016,Polyclinique,Polyclinique,,15,1543,Tirmitine,36.682124,3.987514,exact,osm_node,osm,"{""osm"":""node/3703227687""}",polyclinique,Polyclinique,عيادة متعددة الخدمات,public,,,,,
15-00017,,,,15,1543,Tirmitine,36.674392,3.962418,exact,osm_node,osm,"{""osm"":""node/3703227689""}",clinique,Clinique,عيادة / مصحة,,,,,,
15-00018,Laboratoire d'analyse médicale,Laboratoire d'analyse médicale,,15,1521,Larbaa Nath Irathen,36.638057,4.20135,exact,osm_node,osm,"{""osm"":""node/3723391951""}",clinique,Clinique,عيادة / مصحة,,,,,,
15-00019,Centre de soin Afir,Centre de soin Afir,مركز رعاية أعفير,15,1555,Boudjima,36.809906,4.169461,exact,osm_node,osm,"{""osm"":""node/3751964639""}",centre_sante,Centre de santé,مركز صحي,,,,,,
15-00020,salle de soin agouni oufekous,salle de soin agouni oufekous,غرفة العلاج آقني أوفقوس,15,1555,Boudjima,36.808424,4.128999,exact,osm_node,osm,"{""osm"":""node/3756966532""}",salle_de_soins,Salle de soins / dispensaire,قاعة علاج / مستوصف,public,,,,,
15-00021,Dispensaire,Dispensaire,,15,1560,Iboudrarene,36.519104,4.276578,exact,osm_node,osm,"{""osm"":""node/4242552006""}",salle_de_soins,Salle de soins / dispensaire,قاعة علاج / مستوصف,public,,,,,
15-00022,Polyclinique At wasif,Polyclinique Ouacif,,15,1548,Ouacif,36.519352,4.202684,exact,osm_node,osm,"{""osm"":""node/4348076689""}",polyclinique,Polyclinique,عيادة متعددة الخدمات,public,,,,,
15-00023,,,,15,1563,Imsouhal,36.568675,4.387626,exact,osm_node,osm,"{""osm"":""node/4443635427""}",clinique,Clinique,عيادة / مصحة,,,,,,
15-00025,مستوصف تالة تقانة,Disponsair,مستوصف تالة تقانة,15,1553,Aghribs,36.797851,4.296911,exact,osm_node,osm,"{""osm"":""node/4498172790""}",salle_de_soins,Salle de soins / dispensaire,قاعة علاج / مستوصف,public,,,,,
15-00026,Clinique Tayeb,Clinique Tayeb,,15,1521,Larbaa Nath Irathen,36.639514,4.200462,exact,osm_node,osm,"{""osm"":""node/4580238793""}",clinique,Clinique,عيادة / مصحة,,,,,,
15-00028,Centre d'imagerie médicale mahmoudi,Centre d'imagerie médicale mahmoudi,,15,1501,Tizi-Ouzou,36.700881,4.039308,exact,osm_node,osm,"{""osm"":""node/4637364689""}",clinique,Clinique,عيادة / مصحة,,,026112333 Rue des Frères Belhadj,,,
15-00029,Polyclinique nouvelle ville Tizi-Ouzou,Polyclinique nouvelle ville Tizi-Ouzou,,15,1501,Tizi-Ouzou,36.699122,4.048334,exact,osm_node,osm,"{""osm"":""node/4713173002""}",polyclinique,Polyclinique,عيادة متعددة الخدمات,public,vaccination;covid19,,,24/7,
15-00030,Polyclinique,Polyclinique,,15,1557,Souk-El-Tenine,36.595392,4.006858,exact,osm_node,osm,"{""osm"":""node/4751570654""}",polyclinique,Polyclinique,عيادة متعددة الخدمات,public,,,,,
15-00031,Clinique ABA forever médical.,Clinique ABA forever médical.,,15,1501,Tizi-Ouzou,36.712583,4.047762,exact,osm_node,osm,"{""osm"":""node/5032437528""}",clinique,Clinique,عيادة / مصحة,,,5 Rue capitaine Si Abdellah,0021326204951,,
15-00032,CMS de proximité,CMS de proximité,,15,1560,Iboudrarene,36.523272,4.305572,exact,osm_node,osm,"{""osm"":""node/5395953205""}",clinique,Clinique,عيادة / مصحة,,,,,,
15-00033,CMS d'Akbil,CMS d'Akbil,,15,1560,Iboudrarene,36.532909,4.302495,exact,osm_node,osm,"{""osm"":""node/5395971668""}",clinique,Clinique,عيادة / مصحة,,,,,,
15-00034,Service urgences médicales,Service urgences médicales,,15,1553,Aghribs,36.817926,4.314836,exact,osm_node,osm,"{""osm"":""node/5465412321""}",centre_sante,Centre de santé,مركز صحي,,,15022,,24/7,
15-00035,Clinique El Djouher,Clinique El Djouher,عيادة الجوهر,15,1501,Tizi-Ouzou,36.701091,4.051659,exact,osm_node,osm,"{""osm"":""node/5546313022""}",clinique,Clinique,عيادة / مصحة,,,,,,
15-00036,المركز الطبي أقني موسي,Centre médical Agouni Moussi,المركز الطبي أقني موسي,15,1554,Iflissen,36.867793,4.220735,exact,osm_node,osm,"{""osm"":""node/5641482923""}",clinique,Clinique,عيادة / مصحة,,,,,Sa-Th 08:00-17:00,
15-00037,Maternité,Maternité,,15,1540,Boghni,36.537217,3.953884,exact,osm_node,osm,"{""osm"":""node/6130844701""}",maternite,Maternité / clinique d'accouchement,مصحة توليد,,,,,,
15-00038,,,,15,1516,Beni Zmenzer,36.622416,4.028107,exact,osm_node,osm,"{""osm"":""node/6130844713""}",clinique,Clinique,عيادة / مصحة,,,,,,
15-00039,مدوحة,Medouha,مدوحة,15,1501,Tizi-Ouzou,36.709079,4.061164,exact,osm_node,osm,"{""osm"":""node/6130844787""}",clinique,Clinique,عيادة / مصحة,,,,,,
15-00040,داودى,daoudi,داودى,15,1501,Tizi-Ouzou,36.709089,4.061166,exact,osm_node,osm,"{""osm"":""node/6130844888""}",clinique,Clinique,عيادة / مصحة,,,,,,
15-00041,Adhkhchim,Adhkhchim,,15,1540,Boghni,36.5036,3.917531,exact,osm_node,osm,"{""osm"":""node/6130844895""}",clinique,Clinique,عيادة / مصحة,,,,,,
15-00042,أيت القاسم,Ath el kacem,أيت القاسم,15,1566,Assi-Youcef,36.496748,4.016728,exact,osm_node,osm,"{""osm"":""node/6130846085""}",clinique,Clinique,عيادة / مصحة,,,,,,
15-00043,Imeuble yamani,Imeuble yamani,,15,1510,Draa-El-Mizan,36.540056,3.830508,exact,osm_node,osm,"{""osm"":""node/6153123585""}",clinique,Clinique,عيادة / مصحة,,,,,,
15-00044,مركز تحقين الدم,Centre transfusion de sang,مركز تحقين الدم,15,1501,Tizi-Ouzou,36.712697,4.038115,exact,osm_node,osm,"{""osm"":""node/6801392586""}",clinique,Clinique,عيادة / مصحة,,,,,,
15-00045,مخبر التحاليل الطبية,Laboratoires d'analyses médicales,مخبر التحاليل الطبية,15,1510,Draa-El-Mizan,36.539867,3.83008,exact,osm_node,osm,"{""osm"":""node/8540857018""}",clinique,Clinique,عيادة / مصحة,,,,,,
15-00046,Azwaw ophtalmologue,Azwaw ophtalmologue,,15,1501,Tizi-Ouzou,36.700338,4.050348,exact,osm_node,osm,"{""osm"":""node/8567790117""}",clinique,Clinique,عيادة / مصحة,,,,,,
15-00047,Genicologue boudela,Genicologue boudela,,15,1501,Tizi-Ouzou,36.700883,4.05437,exact,osm_node,osm,"{""osm"":""node/8891918517""}",clinique,Clinique,عيادة / مصحة,,,,026115343,,
15-00048,laboratoire belkacem,laboratoire belkacem,,15,1504,Freha,36.758796,4.313259,approximate,osm_centroid,osm,"{""osm"":""way/1020562978""}",clinique,Clinique,عيادة / مصحة,private,biology;analyses_medicales,Freha 15012,,,
15-00049,,,,15,1501,Tizi-Ouzou,36.702602,4.036625,approximate,osm_centroid,osm,"{""osm"":""way/1174660072""}",clinique,Clinique,عيادة / مصحة,,,تيزي وزو,,,
15-00050,Clinique Thaourirth Amran,Clinique Thaourirth Amran,,15,1502,Ain-El-Hammam,36.568244,4.313069,approximate,osm_centroid,osm,"{""osm"":""way/1191501854""}",clinique,Clinique,عيادة / مصحة,,general;paediatrics;radiology,,,,
15-00051,Dispensaire,Dispensaire,,15,1508,Timizart,36.801227,4.249396,approximate,osm_centroid,osm,"{""osm"":""way/1202900297""}",salle_de_soins,Salle de soins / dispensaire,قاعة علاج / مستوصف,public,,Souk El Had (Timizart),,,
15-00052,Dispensaire مستوصف,Dispensaire,مستوصف,15,1504,Freha,36.758186,4.317026,approximate,osm_centroid,osm,"{""osm"":""way/167349324""}",salle_de_soins,Salle de soins / dispensaire,قاعة علاج / مستوصف,public,,,,,
15-00053,Dispensaire,Dispensaire,,15,1549,Idjeur,36.669536,4.520311,approximate,osm_centroid,osm,"{""osm"":""way/231258797""}",salle_de_soins,Salle de soins / dispensaire,قاعة علاج / مستوصف,public,,,,,
15-00054,Clinique de bouzeguene,Clinique de bouzeguene,,15,1534,Bouzeguene,36.616871,4.478791,approximate,osm_centroid,osm,"{""osm"":""way/231437911""}",clinique,Clinique,عيادة / مصحة,,,,,,
15-00055,Iferhounene Clinic,Iferhounene Clinic,,15,1531,Abi-Youcef,36.538666,4.365141,approximate,osm_centroid,osm,"{""osm"":""way/238103077""}",clinique,Clinique,عيادة / مصحة,public,general;vaccination;radiology,,,24/7,
15-00056,Polyclinique Boudjima,Polyclinique Boudjima,عيادة بوجيمة,15,1555,Boudjima,36.810923,4.159598,approximate,osm_centroid,osm,"{""osm"":""way/242349496""}",polyclinique,Polyclinique,عيادة متعددة الخدمات,public,,15630,,,
15-00057,Polyclinique Beni Douala,Polyclinique Beni Douala,عيادة بني دوالة,15,1532,Beni-Douala,36.623939,4.079923,approximate,osm_centroid,osm,"{""osm"":""way/252690329""}",polyclinique,Polyclinique,عيادة متعددة الخدمات,public,blood_check;dental_oral_maxillo_facial_surgery;medical _physics;microbiology;paediatrics;vaccination,,,,
15-00058,DISPENSAIRE,DISPENSAIRE,,15,1549,Idjeur,36.680756,4.544956,approximate,osm_centroid,osm,"{""osm"":""way/277036380""}",salle_de_soins,Salle de soins / dispensaire,قاعة علاج / مستوصف,public,,,,,true
15-00059,Polyclinique de Tikobain (Ouaguenoun),Polyclinique de Tikobain (Ouaguenoun),,15,1524,Ouaguenoun,36.770641,4.176537,approximate,osm_centroid,osm,"{""osm"":""way/287076791""}",polyclinique,Polyclinique,عيادة متعددة الخدمات,public,,Ouaguenoun (Tikobain) 15621,,24/7,
15-00060,Polyclinique,Polyclinique,,15,1539,Ait-Aissa-Mimoun,36.744131,4.135069,approximate,osm_centroid,osm,"{""osm"":""way/288344534""}",polyclinique,Polyclinique,عيادة متعددة الخدمات,public,,"Route de Tala ililane, Ait Aissa Mimoun 15640",,,
15-00061,Dispensaire,Dispensaire,,15,1540,Boghni,36.499093,3.937559,approximate,osm_centroid,osm,"{""osm"":""way/307015652""}",salle_de_soins,Salle de soins / dispensaire,قاعة علاج / مستوصف,public,,,,,
15-00062,Polyclinique de Boghni,Polyclinique de Boghni,,15,1540,Boghni,36.538735,3.956889,approximate,osm_centroid,osm,"{""osm"":""way/307889649""}",polyclinique,Polyclinique,عيادة متعددة الخدمات,public,,,,,
15-00063,Sbiṭaṛ n Vuɣni,Sbiṭaṛ n Vuɣni,,15,1540,Boghni,36.537613,3.954489,approximate,osm_centroid,osm,"{""osm"":""way/307889650""}",clinique,Clinique,عيادة / مصحة,,,,,,
15-00064,,,,15,1540,Boghni,36.541289,3.95844,approximate,osm_centroid,osm,"{""osm"":""way/309735066""}",clinique,Clinique,عيادة / مصحة,,,,,,
15-00065,La Colombe,La Colombe,,15,1547,Draa-Ben-Khedda,36.730552,3.969209,approximate,osm_centroid,osm,"{""osm"":""way/344335949""}",clinique,Clinique,عيادة / مصحة,,,,,,
15-00066,Polyclinique de Draa Ben Khedda,Polyclinique de Draa Ben Khedda,,15,1547,Draa-Ben-Khedda,36.733714,3.966055,approximate,osm_centroid,osm,"{""osm"":""way/344335955""}",polyclinique,Polyclinique,عيادة متعددة الخدمات,public,,,,"PH,Mo-Su 00:00-24:00",true
15-00067,Dispensaire,Dispensaire,مستوصف,15,1516,Beni Zmenzer,36.63663,4.040107,approximate,osm_centroid,osm,"{""osm"":""way/360126924""}",salle_de_soins,Salle de soins / dispensaire,قاعة علاج / مستوصف,public,,"iakouchen, alma beni-z'menzer 15029",,,
15-00068,Dispensaire,Dispensaire,مستوصف,15,1516,Beni Zmenzer,36.648145,4.044563,approximate,osm_centroid,osm,"{""osm"":""way/368969863""}",salle_de_soins,Salle de soins / dispensaire,قاعة علاج / مستوصف,public,,,,,
15-00069,Clinique El Chahid Aouam Ahmed,Clinique El Chahid Aouam Ahmed,,15,1501,Tizi-Ouzou,36.734062,4.047957,approximate,osm_centroid,osm,"{""osm"":""way/372362905""}",clinique,Clinique,عيادة / مصحة,,,Radjouana Techt,,,
15-00070,Maternité SBIHI Tassadit,Maternité SBIHI Tassadit,,15,1501,Tizi-Ouzou,36.715346,4.051387,approximate,osm_centroid,osm,"{""osm"":""way/379441961""}",maternite,Maternité / clinique d'accouchement,مصحة توليد,,,,,,
15-00071,,,,15,1547,Draa-Ben-Khedda,36.759227,3.9821,approximate,osm_centroid,osm,"{""osm"":""way/387350122""}",clinique,Clinique,عيادة / مصحة,,,,,,
15-00072,Polyclinique,Polyclinique,,15,1553,Aghribs,36.818135,4.315079,approximate,osm_centroid,osm,"{""osm"":""way/387799513""}",polyclinique,Polyclinique,عيادة متعددة الخدمات,public,,,,,
15-00073,Polyclinique Maayache & Frères,Polyclinique Maayache & Frères,,15,1538,Tigzirt,36.893293,4.128103,approximate,osm_centroid,osm,"{""osm"":""way/399251844""}",polyclinique,Polyclinique,عيادة متعددة الخدمات,public,,,,,
15-00074,Polyclinique de Mekla,Polyclinique de Mekla,,15,1550,Mekla,36.685612,4.267951,approximate,osm_centroid,osm,"{""osm"":""way/417102329""}",polyclinique,Polyclinique,عيادة متعددة الخدمات,public,,,,,
15-00075,Polyclinique Djemâa Saharidj,Polyclinique Djemâa Saharidj,,15,1550,Mekla,36.684868,4.287748,approximate,osm_centroid,osm,"{""osm"":""way/425642176""}",polyclinique,Polyclinique,عيادة متعددة الخدمات,public,,,,,true
15-00076,Polyclinique Azazga,Polyclinique Azazga,عيادة عزازقة,15,1518,Azazga,36.754217,4.38009,approximate,osm_centroid,osm,"{""osm"":""way/472238855""}",polyclinique,Polyclinique,عيادة متعددة الخدمات,public,,,,,
15-00077,,,,15,1510,Draa-El-Mizan,36.537091,3.834281,approximate,osm_centroid,osm,"{""osm"":""way/472239974""}",clinique,Clinique,عيادة / مصحة,,,,,,
15-00078,Ammas n Tujjya d Tazmert Gerib Mulud,Ammas n Tujjya d Tazmert Gerib Mulud,,15,1532,Beni-Douala,36.605305,4.117301,approximate,osm_centroid,osm,"{""osm"":""way/514045216""}",clinique,Clinique,عيادة / مصحة,,,,,,
15-00080,,,,15,1548,Ouacif,36.520569,4.237437,approximate,osm_centroid,osm,"{""osm"":""way/723242044""}",clinique,Clinique,عيادة / مصحة,,,,,,
15-00081,,,,15,1548,Ouacif,36.511325,4.244917,approximate,osm_centroid,osm,"{""osm"":""way/723251188""}",clinique,Clinique,عيادة / مصحة,,,,,,
15-00082,Clinique chirurgicale Khati,Clinique chirurgicale Khati,,15,1501,Tizi-Ouzou,36.710453,4.053877,approximate,osm_centroid,osm,"{""osm"":""way/724720380""}",clinique,Clinique,عيادة / مصحة,,,,,,
15-00083,Polyclinique Ouacif,Polyclinique Ouacif,,15,1548,Ouacif,36.519443,4.202682,approximate,osm_centroid,osm,"{""osm"":""way/966308014""}",polyclinique,Polyclinique,عيادة متعددة الخدمات,public,,,,,
15-00084,,,,15,1548,Ouacif,36.523093,4.168603,approximate,osm_centroid,osm,"{""osm"":""way/979704041""}",clinique,Clinique,عيادة / مصحة,,,,,,
15-00085,Etablissement hospitalier privé les Amandiers,Etablissement hospitalier privé les Amandiers,,15,1550,Mekla,36.70265,4.239476,approximate,osm_centroid,osm,"{""osm"":""way/783039982""}",clinique,Clinique,عيادة / مصحة,private,,"route CW150, chaib mekla",026 37 00 02,,
16-00001,clinic zohor عيادة زهور,,عيادة زهور,16,1657,Sehaoula,36.701632,3.025097,exact,osm_node,osm,"{""osm"":""node/10113736560""}",clinique,Clinique,عيادة / مصحة,,,Saoula السحاولة,,,
16-00003,Clinique Khentouche,Clinique Khentouche,,16,1641,Herraoua,36.786973,3.245273,exact,osm_node,osm,"{""osm"":""node/10272589168""}",clinique,Clinique,عيادة / مصحة,,,,023 87 27 27,,
16-00004,clinique chiffa,clinique chiffa,,16,1614,Baraki,36.665446,3.095261,exact,osm_node,osm,"{""osm"":""node/10316736309""}",clinique,Clinique,عيادة / مصحة,,,,,,
16-00005,اسحاق,,اسحاق,16,1641,Herraoua,36.766505,3.235032,exact,osm_node,osm,"{""osm"":""node/10564950209""}",clinique,Clinique,عيادة / مصحة,,,,,,
16-00006,CPMC anex,CPMC anex,,16,1602,Sidi M'hamed,36.759884,3.060006,exact,osm_node,osm,"{""osm"":""node/10826748236""}",clinique,Clinique,عيادة / مصحة,,,,,,
16-00007,,,,16,1651,Ouled Fayet,36.714879,2.943096,exact,osm_node,osm,"{""osm"":""node/11141586886""}",clinique,Clinique,عيادة / مصحة,,,,,,
16-00008,,,,16,1641,Herraoua,36.775615,3.254647,exact,osm_node,osm,"{""osm"":""node/11172170377""}",clinique,Clinique,عيادة / مصحة,,,,,,
16-00009,عيادة دار الشفاء,,عيادة دار الشفاء,16,1633,Les Eucalyptus,36.655178,3.146584,exact,osm_node,osm,"{""osm"":""node/11948841369""}",clinique,Clinique,عيادة / مصحة,,,,,24/7,
16-00010,CLINIQUE Inaya,CLINIQUE Inaya,عيادة عناة,16,1603,El Madania,36.728904,3.0751,exact,osm_node,osm,"{""osm"":""node/12430887502""}",clinique,Clinique,عيادة / مصحة,,,,023 62 88 62,24/7,
16-00012,Clinique du Val عيادة الوادي,Clinique du Val,عيادة الوادي,16,1610,El Biar,36.758306,3.02538,exact,osm_node,osm,"{""osm"":""node/13149137101""}",clinique,Clinique,عيادة / مصحة,,,Boulevard du 11 Décembre 1960 نهج 11 ديسمبر,3301 021 98 31 60,,
16-00013,Dispensaire de la police,Dispensaire de la police,,16,1638,Ain Taya,36.797075,3.281496,exact,osm_node,osm,"{""osm"":""node/13338617305""}",salle_de_soins,Salle de soins / dispensaire,قاعة علاج / مستوصف,public,,,,,
16-00014,Centre de santé baba ali,Centre de santé baba ali,,16,1626,Djasr Kasentina,36.671076,3.049273,exact,osm_node,osm,"{""osm"":""node/1482572903""}",centre_sante,Centre de santé,مركز صحي,,,,,,
16-00015,Polyclinique étatique,Polyclinique étatique,,16,1642,Rouiba,36.737202,3.278563,exact,osm_node,osm,"{""osm"":""node/1624189616""}",polyclinique,Polyclinique,عيادة متعددة الخدمات,public,,,,,true
16-00016,Clinique Lotus,Clinique Lotus,,16,1642,Rouiba,36.742442,3.276818,exact,osm_node,osm,"{""osm"":""node/1624220095""}",clinique,Clinique,عيادة / مصحة,,,02 Rue Palestine,023861788,24/7,
16-00017,dispensaire,dispensaire,,16,1657,Sehaoula,36.674644,3.021745,exact,osm_node,osm,"{""osm"":""node/1638908422""}",salle_de_soins,Salle de soins / dispensaire,قاعة علاج / مستوصف,public,,,,,
16-00018,Centre de soin,Centre de soin,,16,1623,Dely Ibrahim,36.751991,2.985277,exact,osm_node,osm,"{""osm"":""node/1723000392""}",centre_sante,Centre de santé,مركز صحي,,,Dely Ibrahim,,,
16-00019,Polyclinique diascan plus,Polyclinique diascan plus,,16,1645,Staoueli,36.753932,2.889439,exact,osm_node,osm,"{""osm"":""node/1879353687""}",polyclinique,Polyclinique,عيادة متعددة الخدمات,public,,,,,
16-00020,Clinique hémodialyse,Clinique hémodialyse,,16,1642,Rouiba,36.738155,3.277008,exact,osm_node,osm,"{""osm"":""node/2292409074""}",clinique,Clinique,عيادة / مصحة,,,,,,
16-00021,Clinique Djemai,Clinique Djemai,,16,1642,Rouiba,36.742709,3.276733,exact,osm_node,osm,"{""osm"":""node/2330446250""}",clinique,Clinique,عيادة / مصحة,,,,,,
16-00022,Polyclinique de la Concorde,Polyclinique de la Concorde,مستوصف لاكونكورد,16,1609,Bir Mourad Rais,36.733497,3.044682,exact,osm_node,osm,"{""osm"":""node/2340348476""}",polyclinique,Polyclinique,عيادة متعددة الخدمات,public,,,,,
16-00023,Polyclinique,Polyclinique,,16,1653,Draria,36.722831,3.014823,exact,osm_node,osm,"{""osm"":""node/2365710294""}",polyclinique,Polyclinique,عيادة متعددة الخدمات,public,,,,,
16-00024,Dispensaire,Dispensaire,مستوصف,16,1622,Ben Aknoun,36.772101,3.00776,exact,osm_node,osm,"{""osm"":""node/2449476994""}",salle_de_soins,Salle de soins / dispensaire,قاعة علاج / مستوصف,public,,,,,
16-00025,Clinique NEDJMA Bachdjarah,Clinique NEDJMA Bachdjarah,,16,1616,Bourouba,36.720066,3.116123,exact,osm_node,osm,"{""osm"":""node/2489309830""}",clinique,Clinique,عيادة / مصحة,,,,,,
16-00026,Clinique AYA,Clinique AYA,,16,1619,Bachedjerah,36.70646,3.066459,exact,osm_node,osm,"{""osm"":""node/2523543331""}",clinique,Clinique,عيادة / مصحة,,,,,24/7,
16-00027,Polyclinique et urgence 24 h - d'El Achour,Polyclinique et urgence 24 h - d'El Achour,,16,1652,El Achour,36.732169,2.992313,exact,osm_node,osm,"{""osm"":""node/2680917904""}",polyclinique,Polyclinique,عيادة متعددة الخدمات,public,,,,24/7,
16-00028,Clinique privée,Clinique privee el bordj,,16,1630,Bordj El Kiffan,36.747522,3.184457,exact,osm_node,osm,"{""osm"":""node/2683204579""}",clinique,Clinique,عيادة / مصحة,private,,,,,
16-00029,Dispensaire,Dispensaire,,16,1615,Oued Smar,36.738169,3.177121,exact,osm_node,osm,"{""osm"":""node/2684821314""}",salle_de_soins,Salle de soins / dispensaire,قاعة علاج / مستوصف,public,,,,,
16-00030,Polyclinique Cervantes مستوصف سارفنتاس,Polyclinique Cervantes,مستوصف سارفنتاس,16,,Mohamed Belouzdad,36.749046,3.065161,exact,osm_node,osm,"{""osm"":""node/2777216929""}",polyclinique,Polyclinique,عيادة متعددة الخدمات,public,,,,,
16-00031,Polyclinique Nacera Nounou,Polyclinique Nacera Nounou,مصحة نسيرة نونو,16,,Mohamed Belouzdad,36.754142,3.060198,exact,osm_node,osm,"{""osm"":""node/2784733450""}",polyclinique,Polyclinique,عيادة متعددة الخدمات,public,,,,,
16-00032,Centre soins mentaux freres Badaoui,Centre soins mentaux freres Badaoui,,16,1602,Sidi M'hamed,36.752752,3.05416,exact,osm_node,osm,"{""osm"":""node/2784733532""}",clinique,Clinique,عيادة / مصحة,,,,,,
16-00033,Clinique les Lilas,Clinique les Lilas,,16,1628,Hydra,36.729737,3.029743,exact,osm_node,osm,"{""osm"":""node/2793508793""}",clinique,Clinique,عيادة / مصحة,,,,,,
16-00034,Al-Azhar,Al-Azhar,الأزهر,16,1623,Dely Ibrahim,36.762631,2.98224,exact,osm_node,osm,"{""osm"":""node/2844168732""}",clinique,Clinique,عيادة / مصحة,,,,,,
16-00035,Clinique du Parc,Clinique du Parc,,16,1622,Ben Aknoun,36.774135,3.008593,exact,osm_node,osm,"{""osm"":""node/2844219207""}",clinique,Clinique,عيادة / مصحة,,,,,,
16-00036,Clinique Dentaire,Clinique Dentaire,,16,1618,Kouba,36.728575,3.088171,exact,osm_node,osm,"{""osm"":""node/2860028693""}",clinique,Clinique,عيادة / مصحة,,,,,,
16-00037,Polyclinique,Polyclinique,,16,1644,Ain Benian,36.794835,2.907214,exact,osm_node,osm,"{""osm"":""node/2955681179""}",polyclinique,Polyclinique,عيادة متعددة الخدمات,public,,,,,
16-00038,Clinique hémodialyse,Clinique hémodialyse,,16,1645,Staoueli,36.740192,2.845954,exact,osm_node,osm,"{""osm"":""node/3019093894""}",clinique,Clinique,عيادة / مصحة,,,,,,
16-00039,,,,16,1649,Souidania,36.697657,2.920747,exact,osm_node,osm,"{""osm"":""node/3027848395""}",clinique,Clinique,عيادة / مصحة,,,,,,
16-00040,Clinique des Orchidées,Clinique des Orchidées,,16,1628,Hydra,36.736083,3.033,exact,osm_node,osm,"{""osm"":""node/3061964490""}",clinique,Clinique,عيادة / مصحة,,,,,,
16-00041,Clinique Sidi Yahia,Clinique Sidi Yahia,,16,1628,Hydra,36.735883,3.029529,exact,osm_node,osm,"{""osm"":""node/3062164075""}",clinique,Clinique,عيادة / مصحة,,,,,,
16-00042,Cybele,Cybele,,16,1630,Bordj El Kiffan,36.747391,3.188895,exact,osm_node,osm,"{""osm"":""node/3280641693""}",clinique,Clinique,عيادة / مصحة,,,,,,
16-00043,Centre de Soins,Centre de Soins,,16,1638,Ain Taya,36.790458,3.290764,exact,osm_node,osm,"{""osm"":""node/3284284593""}",centre_sante,Centre de santé,مركز صحي,,,,,,
16-00044,Clinique hémodialyse,Clinique hémodialyse,,16,1642,Rouiba,36.741537,3.282345,exact,osm_node,osm,"{""osm"":""node/3303845978""}",clinique,Clinique,عيادة / مصحة,,,,,,
16-00045,Rouchai Boualem,Rouchai Boualem,,16,,Mohamed Belouzdad,36.752197,3.067044,exact,osm_node,osm,"{""osm"":""node/3334397403""}",clinique,Clinique,عيادة / مصحة,,,,,,
16-00046,هبة,heba,هبة,16,1640,El Marsa,36.794661,3.251124,exact,osm_node,osm,"{""osm"":""node/3402021842""}",clinique,Clinique,عيادة / مصحة,,,برج البحري,,,
16-00047,Sidi menif,Sidi menif,,16,1646,Zeralda,36.694207,2.826644,exact,osm_node,osm,"{""osm"":""node/3452500514""}",clinique,Clinique,عيادة / مصحة,,,,,,
16-00048,Salle de Soins,Salle de Soins,قاعة العلاج,16,1619,Bachedjerah,36.697514,3.078287,exact,osm_node,osm,"{""osm"":""node/3550135812""}",salle_de_soins,Salle de soins / dispensaire,قاعة علاج / مستوصف,public,,,,,
16-00049,Salle de soins,Salle de soins,,16,1629,Mohammadia,36.732257,3.148272,exact,osm_node,osm,"{""osm"":""node/3573422269""}",salle_de_soins,Salle de soins / dispensaire,قاعة علاج / مستوصف,public,,,,,
16-00050,عيادة الصنوبر,Dispensaire Les pins,عيادة الصنوبر,16,1629,Mohammadia,36.722344,3.139608,exact,osm_node,osm,"{""osm"":""node/3602450026""}",salle_de_soins,Salle de soins / dispensaire,قاعة علاج / مستوصف,public,,,,,
16-00051,,,,16,1653,Draria,36.714066,2.998696,exact,osm_node,osm,"{""osm"":""node/3625234637""}",clinique,Clinique,عيادة / مصحة,,,,,,
16-00052,"Polyclinique Ounissi Akli ""Sidi M'Hamed"" -Urologie-","Polyclinique Ounissi Akli ""Sidi M'Hamed"" -Urologie-",طب الجهاز البولي,16,1627,El Mouradia,36.746356,3.05666,exact,osm_node,osm,"{""osm"":""node/3647359713""}",polyclinique,Polyclinique,عيادة متعددة الخدمات,public,,,,,
16-00053,Polyclinique MIRA,Polyclinique MIRA,مصحة ميرة,16,1605,Bab El Oued,36.792183,3.056685,exact,osm_node,osm,"{""osm"":""node/3764921204""}",polyclinique,Polyclinique,عيادة متعددة الخدمات,public,,,,,
16-00054,مصحة بلعرج,Polyclinique Belaaredj,مصحة بلعرج,16,1603,El Madania,36.742704,3.06493,exact,osm_node,osm,"{""osm"":""node/3786889385""}",polyclinique,Polyclinique,عيادة متعددة الخدمات,public,,,,,
16-00055,polyclinique Ain naadja,polyclinique Ain naadja,,16,1619,Bachedjerah,36.708284,3.082461,exact,osm_node,osm,"{""osm"":""node/3795551503""}",polyclinique,Polyclinique,عيادة متعددة الخدمات,public,,,,,
16-00056,Les Glycines,Les Glycines,,16,1627,El Mouradia,36.757282,3.041724,exact,osm_node,osm,"{""osm"":""node/3884750015""}",clinique,Clinique,عيادة / مصحة,,,,,,
16-00057,مركز طبي متعدد الخدمات,Centre Medico Social Baraki,مركز طبي متعدد الخدمات,16,1614,Baraki,36.678495,3.091035,exact,osm_node,osm,"{""osm"":""node/4010626451""}",polyclinique,Polyclinique,عيادة متعددة الخدمات,public,,براقي,,,
16-00058,Polyclinique,Polyclinique,عيادة,16,1624,Hammamet,36.812706,3.011093,exact,osm_node,osm,"{""osm"":""node/4022986101""}",polyclinique,Polyclinique,عيادة متعددة الخدمات,public,,,,,
16-00059,Centre De Santé Ben Zarga,Centre De Santé Ben Zarga,,16,1641,Herraoua,36.767037,3.251034,exact,osm_node,osm,"{""osm"":""node/4054152490""}",centre_sante,Centre de santé,مركز صحي,,,,,,
16-00060,عيادة متعددة الخدمات,Clinique,عيادة متعددة الخدمات,16,1639,Bordj El Bahri,36.779092,3.23452,exact,osm_node,osm,"{""osm"":""node/4054192816""}",polyclinique,Polyclinique,عيادة متعددة الخدمات,public,,,,,
16-00061,Polyclinique Hamiz 2,Polyclinique Hamiz 2,,16,1620,Dar El Beida,36.730514,3.237209,exact,osm_node,osm,"{""osm"":""node/4069410329""}",polyclinique,Polyclinique,عيادة متعددة الخدمات,public,,Route Nationale 5,,,
16-00062,Clinique de dialyse,Clinique de dialyse,,16,1627,El Mouradia,36.747738,3.03927,exact,osm_node,osm,"{""osm"":""node/4089713550""}",clinique,Clinique,عيادة / مصحة,,,,,,
16-00063,MGAPC,MGAPC,,16,1621,Bab Ezzouar,36.721001,3.179778,exact,osm_node,osm,"{""osm"":""node/4123678468""}",clinique,Clinique,عيادة / مصحة,,,,,,
16-00065,service EFR ( exploration fonctionnelle respiratoire),service EFR ( exploration fonctionnelle respiratoire),,16,1650,Cheraga,36.777442,2.981035,exact,osm_node,osm,"{""osm"":""node/4169433390""}",clinique,Clinique,عيادة / مصحة,,,,,24/7,
16-00067,service gynécologie obstétrique (durando),service gynécologie obstétrique (durando),,16,1605,Bab El Oued,36.791784,3.053491,exact,osm_node,osm,"{""osm"":""node/4170340589""}",clinique,Clinique,عيادة / مصحة,,gynaecology,,,,
16-00069,Laboratoire d'analyse médicale CNAS CASNOS,Laboratoire d'analyse médicale CNAS CASNOS,,16,1602,Sidi M'hamed,36.765156,3.054382,exact,osm_node,osm,"{""osm"":""node/4171784042""}",clinique,Clinique,عيادة / مصحة,,,الجزائر,,,
16-00070,مصحة النهضة,Clinique Ennahda,مصحة النهضة,16,1609,Bir Mourad Rais,36.730759,3.04689,exact,osm_node,osm,"{""osm"":""node/4189393492""}",clinique,Clinique,عيادة / مصحة,private,,Vers N1,,,
16-00071,"Clinique Ophtalmologiste, Docteur BENYAHYA LOUNI ZAHIA","Clinique Ophtalmologiste, Docteur BENYAHYA LOUNI ZAHIA",عيادة طب العيون,16,1612,Birkhadem,36.717078,3.04893,exact,osm_node,osm,"{""osm"":""node/4189893993""}",clinique,Clinique,عيادة / مصحة,,,21552100 Rue Kious Mohamed,"'+213795938484, +213559201493",,
16-00072,CTS (centre de transfusion sanguine),CTS (centre de transfusion sanguine),,16,1650,Cheraga,36.77922,2.983946,exact,osm_node,osm,"{""osm"":""node/4197306591""}",clinique,Clinique,عيادة / مصحة,,,,,,
16-00073,d'hémodialyse,d'hémodialyse,,16,1650,Cheraga,36.779626,2.979368,exact,osm_node,osm,"{""osm"":""node/4197329490""}",clinique,Clinique,عيادة / مصحة,,,,,,
16-00074,consultation d'hématologie,consultation d'hématologie,,16,1650,Cheraga,36.779889,2.983977,exact,osm_node,osm,"{""osm"":""node/4197345590""}",clinique,Clinique,عيادة / مصحة,,,,,,
16-00075,service rhumatologie,service rhumatologie,,16,1650,Cheraga,36.779399,2.980087,exact,osm_node,osm,"{""osm"":""node/4197345591""}",clinique,Clinique,عيادة / مصحة,,,,,24/7,
16-00076,consultation ORL,consultation ORL,,16,1650,Cheraga,36.77868,2.982319,exact,osm_node,osm,"{""osm"":""node/4197348790""}",clinique,Clinique,عيادة / مصحة,,,,,24/7,
16-00080,consultations pneumologie matiben (CPPA),consultations pneumologie matiben (CPPA),,16,1650,Cheraga,36.778639,2.980473,exact,osm_node,osm,"{""osm"":""node/4197361189""}",clinique,Clinique,عيادة / مصحة,,,,,24/7,
16-00081,Morgue,Morgue,,16,1650,Cheraga,36.779363,2.97881,exact,osm_node,osm,"{""osm"":""node/4202106953""}",clinique,Clinique,عيادة / مصحة,,,,,,
16-00082,service d'anatomie pathologique,service d'anatomie pathologique,,16,1650,Cheraga,36.779276,2.978498,exact,osm_node,osm,"{""osm"":""node/4202106954""}",clinique,Clinique,عيادة / مصحة,,,,,,
16-00085,CCI,CCI,,16,1650,Cheraga,36.780673,2.983198,exact,osm_node,osm,"{""osm"":""node/4225743134""}",clinique,Clinique,عيادة / مصحة,,,,,,
16-00088,,,,16,1629,Mohammadia,36.732295,3.133946,exact,osm_node,osm,"{""osm"":""node/4233526791""}",clinique,Clinique,عيادة / مصحة,,,Rue Selmane Lakhdar,,,
16-00089,laboratoire analyse médical,Clinique Nouacer,,16,1621,Bab Ezzouar,36.719742,3.197512,exact,osm_node,osm,"{""osm"":""node/4236725990""}",clinique,Clinique,عيادة / مصحة,,,106 Cité 5 juillet Bts D94,'+21323835353,24/7,
16-00090,Clinique d'accouchement,Clinique d'accouchement,,16,1642,Rouiba,36.741268,3.284408,exact,osm_node,osm,"{""osm"":""node/4246766520""}",maternite,Maternité / clinique d'accouchement,مصحة توليد,,,,,,
16-00091,Clinique Telia Khati,Clinique Telia Khati,,16,1609,Bir Mourad Rais,36.732605,3.041176,exact,osm_node,osm,"{""osm"":""node/4300207846""}",clinique,Clinique,عيادة / مصحة,,,,,,
16-00092,URGENCE MÉDICALE,URGENCE MÉDICALE,,16,1621,Bab Ezzouar,36.719749,3.197533,exact,osm_node,osm,"{""osm"":""node/4306593589""}",centre_sante,Centre de santé,مركز صحي,private,,,,,
16-00093,Polytechnique de Souidania,Polytechnique de Souidania,,16,1649,Souidania,36.704352,2.909567,exact,osm_node,osm,"{""osm"":""node/4345509190""}",clinique,Clinique,عيادة / مصحة,,,Souidania,,,
16-00094,عظمية توفالي,Adhemia Toufali,عظمية توفالي,16,1610,El Biar,36.76592,3.025038,exact,osm_node,osm,"{""osm"":""node/4351676589""}",clinique,Clinique,عيادة / مصحة,,,,,,
16-00095,Clinique Sidi Youcef,Clinique Sidi Youcef,عيادة سيدي يوسف,16,1650,Cheraga,36.784715,2.964525,exact,osm_node,osm,"{""osm"":""node/4389444107""}",clinique,Clinique,عيادة / مصحة,,,,,24/7,
16-00096,,,,16,,Bologhine Ibnou Ziri,36.805793,3.040702,exact,osm_node,osm,"{""osm"":""node/4423349218""}",clinique,Clinique,عيادة / مصحة,,,,,,
16-00097,,,,16,1616,Bourouba,36.704714,3.123965,exact,osm_node,osm,"{""osm"":""node/4456579091""}",clinique,Clinique,عيادة / مصحة,,,الحراش,,,
16-00099,Dispensaire,Dispensaire,,16,1633,Les Eucalyptus,36.667575,3.169278,exact,osm_node,osm,"{""osm"":""node/4462486127""}",salle_de_soins,Salle de soins / dispensaire,قاعة علاج / مستوصف,public,,,,,
16-00100,عيادة أمراض الكلى وتصفية الدم,clinique de néphrologie-Hémodialyse DIALAMINE,عيادة أمراض الكلى وتصفية الدم,16,1631,El Magharia,36.733588,3.100414,exact,osm_node,osm,"{""osm"":""node/4500038889""}",clinique,Clinique,عيادة / مصحة,,nephrology;dialysis;blood_check,"18 طريق فرنان حنافي, حسين داي 16005",'+213 23777597,,
16-00101,Clinique Hassaine Ali,Clinique Hassaine Ali,,16,1643,Reghaia,36.728119,3.33903,exact,osm_node,osm,"{""osm"":""node/4524499889""}",clinique,Clinique,عيادة / مصحة,,,,,,
16-00102,Centre Medico Social,Centre Medico Social,عيادة متعددة الخدمات للهواورة,16,1637,Sidi Moussa,36.621424,3.108902,exact,osm_node,osm,"{""osm"":""node/4556543889""}",polyclinique,Polyclinique,عيادة متعددة الخدمات,public,,"الهواورة, سيدي موسى",,,
16-00103,Gynéco,Gynéco,,16,1638,Ain Taya,36.773138,3.301934,exact,osm_node,osm,"{""osm"":""node/4562269589""}",clinique,Clinique,عيادة / مصحة,,,,,,
16-00104,Polyclinique de Hraoua,Polyclinique de Hraoua,مستوصف هراوة,16,1638,Ain Taya,36.774987,3.304298,exact,osm_node,osm,"{""osm"":""node/4577311790""}",polyclinique,Polyclinique,عيادة متعددة الخدمات,public,vaccination;covid19,Hraoua,,,
16-00105,عيادة الدكتور صاري,Clinique Dr Sari,عيادة الدكتور صاري,16,1627,El Mouradia,36.748665,3.039656,exact,osm_node,osm,"{""osm"":""node/4577539462""}",clinique,Clinique,عيادة / مصحة,,,,,,
16-00106,نادية بوجناح,Nadia boujnah,نادية بوجناح,16,1611,Bouzareah,36.788031,3.020295,exact,osm_node,osm,"{""osm"":""node/4581255978""}",clinique,Clinique,عيادة / مصحة,,,,,,
16-00107,ESP Chéraga,ESP Chéraga,المؤسسة الجوارية للصحة، الشراقة,16,1650,Cheraga,36.757665,2.950538,exact,osm_node,osm,"{""osm"":""node/4581968189""}",clinique,Clinique,عيادة / مصحة,,,Chéraga,,,
16-00108,عيادة الوادي,Clinique du Val,عيادة الوادي,16,1610,El Biar,36.758813,3.02493,exact,osm_node,osm,"{""osm"":""node/4585234131""}",clinique,Clinique,عيادة / مصحة,,,الأبيار,,,
16-00109,Mahjouj ihcen,Mahjouj ihcen,,16,1622,Ben Aknoun,36.770108,3.004559,exact,osm_node,osm,"{""osm"":""node/4587488791""}",clinique,Clinique,عيادة / مصحة,,,,,,
16-00110,Clinique Ahlam,Clinique Ahlam,,16,1638,Ain Taya,36.79132,3.292764,exact,osm_node,osm,"{""osm"":""node/4616644395""}",clinique,Clinique,عيادة / مصحة,,,,,,
16-00111,Clinique Les Sources,Clinique Les Sources,عيادة الينابيع,16,1603,El Madania,36.737185,3.059134,exact,osm_node,osm,"{""osm"":""node/4629291169""}",clinique,Clinique,عيادة / مصحة,,,,,,
16-00112,dispensaire,dispensaire,,16,1637,Sidi Moussa,36.611454,3.12612,exact,osm_node,osm,"{""osm"":""node/4689061016""}",salle_de_soins,Salle de soins / dispensaire,قاعة علاج / مستوصف,public,,,,,
16-00113,عروة,Aroua,عروة,16,1609,Bir Mourad Rais,36.741079,3.039529,exact,osm_node,osm,"{""osm"":""node/4737083723""}",clinique,Clinique,عيادة / مصحة,,,,,,
16-00115,جراحة العين باليزر,Clinique val d'Hydra d'Ophtalmologie,عيادة خاصة للعيون,16,1610,El Biar,36.754903,3.029214,exact,osm_node,osm,"{""osm"":""node/4757565122""}",clinique,Clinique,عيادة / مصحة,private,,"19 ب وادي حيدرة, حيدرة",021603378,Sa-Th 08:00-16:00,
16-00116,قاعة العلاج الطاحونتين,Salle de Soin Deux Moulins,قاعة العلاج الطاحونتين,16,,Bologhine Ibnou Ziri,36.811365,3.029502,exact,osm_node,osm,"{""osm"":""node/4767475021""}",salle_de_soins,Salle de soins / dispensaire,قاعة علاج / مستوصف,public,,,,,
16-00117,Centre d'expertise Médicale (CNEMPN),Centre d'expertise Médicale (CNEMPN),,16,1612,Birkhadem,36.71939,3.059953,exact,osm_node,osm,"{""osm"":""node/4794767523""}",clinique,Clinique,عيادة / مصحة,,,,,,
16-00118,,,,16,1644,Ain Benian,36.80171,2.907782,exact,osm_node,osm,"{""osm"":""node/4810238930""}",clinique,Clinique,عيادة / مصحة,,,,,,
16-00119,Polyclinique Bouchnafa مصحة بوشنافة,,مصحة بوشنافة,16,,Mohamed Belouzdad,36.7564,3.062911,exact,osm_node,osm,"{""osm"":""node/4822390322""}",polyclinique,Polyclinique,عيادة متعددة الخدمات,public,,,,,
16-00120,عيادة أودان,Audin,عيادة أودان,16,1602,Sidi M'hamed,36.77024,3.056178,exact,osm_node,osm,"{""osm"":""node/4882604226""}",clinique,Clinique,عيادة / مصحة,,,,,,
16-00121,مركز تصفية الدم,Centre d'hémodialyse,مركز تصفية الدم,16,1620,Dar El Beida,36.711539,3.2137,exact,osm_node,osm,"{""osm"":""node/4883338221""}",clinique,Clinique,عيادة / مصحة,,,2,,,
16-00122,مركز تصفية الدم,Centre d'hémodialyse,مركز تصفية الدم,16,1620,Dar El Beida,36.712351,3.213207,exact,osm_node,osm,"{""osm"":""node/4883338321""}",clinique,Clinique,عيادة / مصحة,,,105,,,
16-00123,AIT KACI ARAB Nadia GEN,clinique 24/24,مصحة طبية,16,1619,Bachedjerah,36.706289,3.080606,exact,osm_node,osm,"{""osm"":""node/4888317622""}",clinique,Clinique,عيادة / مصحة,private,,,,,
16-00124,عرابي مخبر التحاليل الطبية,,عرابي مخبر التحاليل الطبية,16,,Mohamed Belouzdad,36.752027,3.062174,exact,osm_node,osm,"{""osm"":""node/4939032022""}",clinique,Clinique,عيادة / مصحة,,,,,,
16-00125,Djoumi Laboratoire Ana-Phatologie جومي مخبر التحاليل,,جومي مخبر التحاليل,16,,Mohamed Belouzdad,36.752133,3.061316,exact,osm_node,osm,"{""osm"":""node/4939032023""}",clinique,Clinique,عيادة / مصحة,,,,,,
16-00126,عزيزي مخبر التحاليل الطبية,Azizi Laboratoire d'analyse Medicale,عزيزي مخبر التحاليل الدموية,16,,Mohamed Belouzdad,36.755075,3.064154,exact,osm_node,osm,"{""osm"":""node/4944768321""}",clinique,Clinique,عيادة / مصحة,,,,,,
16-00128,ابن الخطيب مركز صحي,Centre Medicale Ibn El Khatib,ابن الخطيب مركز صحي,16,1602,Sidi M'hamed,36.763079,3.046946,exact,osm_node,osm,"{""osm"":""node/4962048421""}",centre_sante,Centre de santé,مركز صحي,,,سيدي امحمد,,,
16-00129,Centre d'oncologie Fatema Al Azhar,Centre d'oncologie Fatema Al Azhar,,16,1623,Dely Ibrahim,36.764552,2.983159,exact,osm_node,osm,"{""osm"":""node/4987905228""}",clinique,Clinique,عيادة / مصحة,,oncology,,,,
16-00130,Polyclinique,Polyclinique,,16,1635,Tessala El Merdja,36.636652,2.945404,exact,osm_node,osm,"{""osm"":""node/5031195410""}",polyclinique,Polyclinique,عيادة متعددة الخدمات,public,,,,,
16-00131,Centre d'analyses médicales,Centre d'analyses médicales,,16,1627,El Mouradia,36.755112,3.03518,exact,osm_node,osm,"{""osm"":""node/5039751720""}",clinique,Clinique,عيادة / مصحة,,,,,,
16-00132,المصحة الكوبية الجزائرية لقرح القدم,Clinique algéro-cubaine,المصحة الكوبية الجزائرية لقرح القدم,16,1609,Bir Mourad Rais,36.735031,3.057463,exact,osm_node,osm,"{""osm"":""node/5098331621""}",clinique,Clinique,عيادة / مصحة,private,,,,,
16-00133,مستوصف الفوج 10,polyclinique de oued koriche,مستوصف الفوج 10,16,1605,Bab El Oued,36.788162,3.047518,exact,osm_node,osm,"{""osm"":""node/5111172921""}",polyclinique,Polyclinique,عيادة متعددة الخدمات,public,,,,,
16-00134,عيادة جراحة العيون الأمل,Clinique ophtalmologie Al Amel,عيادة جراحة العيون الأمل,16,1638,Ain Taya,36.789177,3.29164,exact,osm_node,osm,"{""osm"":""node/5126131430""}",clinique,Clinique,عيادة / مصحة,,ophthalmology;Eye_surgery,,,,
16-00135,مركز ابن الهيثم,,مركز ابن الهيثم,16,1610,El Biar,36.770699,3.0207,exact,osm_node,osm,"{""osm"":""node/5128286226""}",clinique,Clinique,عيادة / مصحة,,,,,,
16-00137,Clinique,Clinique Diar Saada,,16,1627,El Mouradia,36.747367,3.039712,exact,osm_node,osm,"{""osm"":""node/5134771324""}",clinique,Clinique,عيادة / مصحة,,,"100 chemin Abdelkader, El mouradia",(213-21) 69 87 11,,
16-00138,عيادة النجاح,clinique ennadjah,عيادة النجاح,16,1612,Birkhadem,36.710777,3.052939,exact,osm_node,osm,"{""osm"":""node/5172629622""}",clinique,Clinique,عيادة / مصحة,,,,0560 05 50 17,Mo-Su 08:30-16:00,
16-00139,salle de soin Khaiti,salle de soin Khaiti,,16,1645,Staoueli,36.733246,2.877961,exact,osm_node,osm,"{""osm"":""node/5176263831""}",salle_de_soins,Salle de soins / dispensaire,قاعة علاج / مستوصف,public,,,,,
16-00140,بروفيسور يازيب يازيد(الانف و الحنجرة),Yazibe Yazid,بروفيسور يازيب يازيد(الانف و الحنجرة),16,1631,El Magharia,36.724639,3.093336,exact,osm_node,osm,"{""osm"":""node/5195560521""}",clinique,Clinique,عيادة / مصحة,,,Rue Mechik Abdelmoumene,,,
16-00141,SEMEP,SEMEP,,16,1654,Douira,36.670331,2.944574,exact,osm_node,osm,"{""osm"":""node/5313370621""}",clinique,Clinique,عيادة / مصحة,,,douera,,,
16-00142,Clinique Kardia,Clinique Kardia,مصحة كارديا,16,1616,Bourouba,36.709365,3.097285,exact,osm_node,osm,"{""osm"":""node/5332968923""}",clinique,Clinique,عيادة / مصحة,private,,,,,
16-00143,Dispensaire,Dispensaire,,16,1624,Hammamet,36.813374,2.982994,exact,osm_node,osm,"{""osm"":""node/535159830""}",salle_de_soins,Salle de soins / dispensaire,قاعة علاج / مستوصف,public,,,,,
16-00144,Clinique el Bordj,Clinique el Bordj,,16,1630,Bordj El Kiffan,36.747465,3.18442,exact,osm_node,osm,"{""osm"":""node/5379137330""}",clinique,Clinique,عيادة / مصحة,,,,,,
16-00146,Gharmoule,Gharmoule,,16,1602,Sidi M'hamed,36.760363,3.050322,exact,osm_node,osm,"{""osm"":""node/5400070054""}",clinique,Clinique,عيادة / مصحة,,,,,,
16-00147,Clinique Hémodialyse,Clinique Hémodialyse,,16,1650,Cheraga,36.75685,2.965046,exact,osm_node,osm,"{""osm"":""node/5406768822""}",clinique,Clinique,عيادة / مصحة,,,,,,
16-00148,Laboratoire des analyses,Laboratoire des analyses,,16,1643,Reghaia,36.746326,3.34455,exact,osm_node,osm,"{""osm"":""node/5433014624""}",clinique,Clinique,عيادة / مصحة,,,dnc,,,
16-00149,مصحة مصطفى نقاش,Polyclinique Mustapha Nakach,مصحة مصطفى نقاش,16,1603,El Madania,36.740403,3.064753,exact,osm_node,osm,"{""osm"":""node/5473517521""}",polyclinique,Polyclinique,عيادة متعددة الخدمات,public,,,,,
16-00150,Clinique Ennour,Clinique Ennour,مصحة النور,16,1603,El Madania,36.74196,3.066089,exact,osm_node,osm,"{""osm"":""node/5515212916""}",clinique,Clinique,عيادة / مصحة,private,,,,,
16-00151,بناني مخبر التحاليل الطبية,,بناني مخبر التحاليل الطبية,16,1607,Casbah,36.791927,3.059287,exact,osm_node,osm,"{""osm"":""node/5515370822""}",clinique,Clinique,عيادة / مصحة,,,,,,
16-00152,مخبر التحاليل الطبية,Laboratoire d’analyse médicale,مخبر التحاليل الطبية,16,1605,Bab El Oued,36.792908,3.049957,exact,osm_node,osm,"{""osm"":""node/5515370823""}",clinique,Clinique,عيادة / مصحة,,,,,,
16-00153,مصحة عيادية جراحية البهجة,,مصحة عيادية جراحية البهجة,16,1627,El Mouradia,36.745099,3.057193,exact,osm_node,osm,"{""osm"":""node/5520364928""}",clinique,Clinique,عيادة / مصحة,private,,,,,
16-00154,Polyclinique Guerni Omar,Polyclinique Guerni Omar,مستوصف قرني عمار,16,1627,El Mouradia,36.745297,3.056109,exact,osm_node,osm,"{""osm"":""node/5520383721""}",polyclinique,Polyclinique,عيادة متعددة الخدمات,public,,,,,
16-00155,مخبر التحاليل الطبية,Laboratoire d’analyse Médicale,مخبر التحاليل الطبية,16,1642,Rouiba,36.736469,3.285904,exact,osm_node,osm,"{""osm"":""node/5548655822""}",clinique,Clinique,عيادة / مصحة,,,,,,
16-00156,,,,16,1612,Birkhadem,36.713741,3.051902,exact,osm_node,osm,"{""osm"":""node/5576406022""}",clinique,Clinique,عيادة / مصحة,,,,,,
16-00157,مستوصف,policlinique,مستوصف,16,1635,Tessala El Merdja,36.629262,2.918031,exact,osm_node,osm,"{""osm"":""node/5614257524""}",polyclinique,Polyclinique,عيادة متعددة الخدمات,public,,,,,
16-00158,الفحوصات الخارجية لداء السكري,Consultation Externe Diabètologie,الفحوصات الخارجية لداء السكري,16,1605,Bab El Oued,36.792215,3.052458,exact,osm_node,osm,"{""osm"":""node/5630696725""}",clinique,Clinique,عيادة / مصحة,,diabetology,,,,
16-00159,Salle de Soins El Mahsol قاعة العلاج المحصول,Salle de Soins El Mahsol,قاعة العلاج المحصول,16,1603,El Madania,36.746768,3.066398,exact,osm_node,osm,"{""osm"":""node/5630696730""}",salle_de_soins,Salle de soins / dispensaire,قاعة علاج / مستوصف,public,,,,,
16-00160,ياكر مخبر التحاليل الطبية,Yaker Laboratoire d’Analyse Médicale,ياكر مخبر التحاليل الطبية,16,1610,El Biar,36.772305,3.040287,exact,osm_node,osm,"{""osm"":""node/5637238424""}",clinique,Clinique,عيادة / مصحة,,,,,,
16-00161,رايسي مخبر التحاليل الطبية,Raïssi Laboratoire,رايسي مخبر التحاليل الطبية,16,1607,Casbah,36.790397,3.059096,exact,osm_node,osm,"{""osm"":""node/5649727122""}",clinique,Clinique,عيادة / مصحة,,,,,Su-Th 08:00-17:00,
16-00162,مخبر التحاليل الطبية,Laboratoire d’analyse Médicale,مخبر التحاليل الطبية,16,1612,Birkhadem,36.716718,3.048863,exact,osm_node,osm,"{""osm"":""node/5670918430""}",clinique,Clinique,عيادة / مصحة,,,,,,
16-00163,بن فيلة,Ben Fila,بن فيلة,16,1642,Rouiba,36.707343,3.288648,exact,osm_node,osm,"{""osm"":""node/5736844922""}",clinique,Clinique,عيادة / مصحة,,,,,,
16-00164,Kacel laboratoire,Kacel laboratoire,,16,1643,Reghaia,36.721883,3.338483,exact,osm_node,osm,"{""osm"":""node/5745861380""}",clinique,Clinique,عيادة / مصحة,,,,,,
16-00165,Pendant les médicales,Pendant les médicales,,16,1630,Bordj El Kiffan,36.747881,3.193663,exact,osm_node,osm,"{""osm"":""node/5765259131""}",clinique,Clinique,عيادة / مصحة,,,,,,
16-00166,Clinique de Bir morad rais,Clinique de Bir morad rais,عيادة بئر مرادرايس,16,1609,Bir Mourad Rais,36.734889,3.034632,exact,osm_node,osm,"{""osm"":""node/5765259135""}",clinique,Clinique,عيادة / مصحة,,,,,,
16-00167,بن نافلة,Ben Nafla,بن نافلة,16,1642,Rouiba,36.707403,3.288492,exact,osm_node,osm,"{""osm"":""node/5796846754""}",clinique,Clinique,عيادة / مصحة,,,,,,
16-00168,Centre de Santé Diar Djemaa,Centre de Santé Diar Djemaa,,16,1631,El Magharia,36.729324,3.126683,exact,osm_node,osm,"{""osm"":""node/582947296""}",centre_sante,Centre de santé,مركز صحي,,,,,,
16-00169,مركز المساعدة الطبية للإنجاب تيزيري,Centre d'Assistance Médicale à la Procréation Tiziri,مركز المساعدة الطبية للإنجاب تيزيري,16,1610,El Biar,36.771612,3.041083,exact,osm_node,osm,"{""osm"":""node/5887529485""}",clinique,Clinique,عيادة / مصحة,,fertility,1 Rue des Frères Djerroud,'+213 23 06 91 76;+213 23 06 91 77;+213 23 38 77 49;+213 23 38 78 89,,
16-00170,Laboratoire d'analyse et citron logis tautologique,Laboratoire d'analyse et citron logis tautologique,,16,1640,El Marsa,36.797916,3.239004,exact,osm_node,osm,"{""osm"":""node/5906209281""}",clinique,Clinique,عيادة / مصحة,,,,,,
16-00171,Analyse médicale ben tayba,Analyse médicale ben tayba,,16,1602,Sidi M'hamed,36.762523,3.051298,exact,osm_node,osm,"{""osm"":""node/5961235378""}",clinique,Clinique,عيادة / مصحة,,,,,,
16-00172,مستوصف جين جوراس,Polyclinique Jean Jaures,مستوصف جين جوراس,16,1605,Bab El Oued,36.791323,3.04936,exact,osm_node,osm,"{""osm"":""node/5966399886""}",polyclinique,Polyclinique,عيادة متعددة الخدمات,public,,,,,
16-00173,Clinique Dr Boukerma,Clinique Dr Boukerma,عيادة الدكتور بوكرمة,16,1633,Les Eucalyptus,36.658507,3.151968,exact,osm_node,osm,"{""osm"":""node/6032899985""}",clinique,Clinique,عيادة / مصحة,,,"حي الحيدوسي شارع 12, الكاليتوس",,,
16-00174,صحة جوارية لبراقي,Dispensaire de proximité,صحة جوارية لبراقي,16,1633,Les Eucalyptus,36.658497,3.147909,exact,osm_node,osm,"{""osm"":""node/6044374993""}",salle_de_soins,Salle de soins / dispensaire,قاعة علاج / مستوصف,public,,الكاليتوس,,,
16-00175,Clinique CGSA,Clinique CGSA,,16,1628,Hydra,36.74525,3.023051,exact,osm_node,osm,"{""osm"":""node/6052880385""}",clinique,Clinique,عيادة / مصحة,,,,,,
16-00176,Laboratoire analyse médicale,Laboratoire analyse médicale,,16,1628,Hydra,36.74629,3.026592,exact,osm_node,osm,"{""osm"":""node/6069986086""}",clinique,Clinique,عيادة / مصحة,,,,,,
16-00177,Clinique Audin,Clinique Audin,عيادة أودان,16,1602,Sidi M'hamed,36.770226,3.05619,exact,osm_node,osm,"{""osm"":""node/6166675844""}",clinique,Clinique,عيادة / مصحة,,,,,,
16-00178,les orangers,les orangers,,16,1627,El Mouradia,36.755387,3.041655,exact,osm_node,osm,"{""osm"":""node/6173602486""}",clinique,Clinique,عيادة / مصحة,,,,,,
16-00179,Centre médical Boudjemâa Moghni,Centre médical Boudjemâa Moghni,,16,1617,Hussein Dey,36.740375,3.098528,exact,osm_node,osm,"{""osm"":""node/6187423686""}",clinique,Clinique,عيادة / مصحة,,,,,,
16-00180,Djazia gyneco,Djazia gyneco,,16,1631,El Magharia,36.722651,3.088206,exact,osm_node,osm,"{""osm"":""node/6226801188""}",clinique,Clinique,عيادة / مصحة,,,,,,
16-00181,ROTABY gyneco,ROTABY gyneco,,16,1617,Hussein Dey,36.727739,3.090396,exact,osm_node,osm,"{""osm"":""node/6227496886""}",clinique,Clinique,عيادة / مصحة,,,,,,
16-00182,Polyclinique Bourouba,Polyclinique Bourouba,,16,1616,Bourouba,36.714613,3.113853,exact,osm_node,osm,"{""osm"":""node/6257776786""}",polyclinique,Polyclinique,عيادة متعددة الخدمات,public,,,,,
16-00183,Polyclinique,Polyclinique,,16,1631,El Magharia,36.729488,3.10933,exact,osm_node,osm,"{""osm"":""node/6288461985""}",polyclinique,Polyclinique,عيادة متعددة الخدمات,public,,,,,
16-00184,Clinique médico chirurgicale,Clinique médico chirurgicale,,16,1617,Hussein Dey,36.7365,3.090184,exact,osm_node,osm,"{""osm"":""node/6352839885""}",clinique,Clinique,عيادة / مصحة,,,,,,
16-00185,indexa apareils auditifs,indexa apareils auditifs,,16,1615,Oued Smar,36.735222,3.175483,exact,osm_node,osm,"{""osm"":""node/6366953985""}",clinique,Clinique,عيادة / مصحة,,,,,Mo-Su 08:30-17:00,
16-00186,Clinique Warda Abou,Clinique Warda Abou,,16,1615,Oued Smar,36.742636,3.177387,exact,osm_node,osm,"{""osm"":""node/6437926081""}",clinique,Clinique,عيادة / مصحة,,,,'+213 794849736,,
16-00187,عيادة النجاة,Clinique el Nadjat,عيادة النجاة,16,,Mohamed Belouzdad,36.74801,3.063303,exact,osm_node,osm,"{""osm"":""node/6442258940""}",clinique,Clinique,عيادة / مصحة,,,المدنية,,,
16-00188,مركز الاداري الصحي بوجمعة كرمية,Centre administratif de santé,مركز الاداري الصحي بوجمعة كرمية,16,1645,Staoueli,36.743776,2.913516,exact,osm_node,osm,"{""osm"":""node/6481186847""}",clinique,Clinique,عيادة / مصحة,,,,,,
16-00189,عيادة شهرزاد,Clinique Chahrazed,Clinique Chahrazed عيادة شهرزاد,16,1650,Cheraga,36.761379,2.950449,exact,osm_node,osm,"{""osm"":""node/6583140819""}",clinique,Clinique,عيادة / مصحة,,,"4 Lot Allioua Fodil, Cheraga 16002",'+213 21 36 85 57,,
16-00191,laboratoire d'analyse,laboratoire d'analyse,,16,1649,Souidania,36.72706,2.893946,exact,osm_node,osm,"{""osm"":""node/6637077351""}",clinique,Clinique,عيادة / مصحة,,,,,,
16-00192,Clinique des Beaux Arts,Clinique des Beaux Arts,,16,1602,Sidi M'hamed,36.762178,3.043636,exact,osm_node,osm,"{""osm"":""node/6675238584""}",clinique,Clinique,عيادة / مصحة,,,,,,
16-00193,Centre de soins,Centre de soins,,16,1610,El Biar,36.762531,3.042022,exact,osm_node,osm,"{""osm"":""node/6676085194""}",centre_sante,Centre de santé,مركز صحي,,,,,,
16-00194,Clinique Dentaire Hydra,Clinique Dentaire Hydra,,16,1628,Hydra,36.741067,3.037639,exact,osm_node,osm,"{""osm"":""node/6722844785""}",clinique,Clinique,عيادة / مصحة,,,,,,
16-00195,centre pour radiologie et chimiothérapie,centre pour radiologie et chimiothérapie,,16,1648,Rahmania,36.661616,2.879977,exact,osm_node,osm,"{""osm"":""node/6784641748""}",clinique,Clinique,عيادة / مصحة,,,,,,
16-00196,العيادة المتعددة الخدمات,Centre Medico Social,العيادة المتعددة الخدمات,16,1640,El Marsa,36.809252,3.25221,exact,osm_node,osm,"{""osm"":""node/6795540591""}",polyclinique,Polyclinique,عيادة متعددة الخدمات,public,,,,,
16-00197,المركز الصحي الجزائر شاطئ,Centre de santé,المركز الصحي الجزائر شاطئ,16,1639,Bordj El Bahri,36.786364,3.236952,exact,osm_node,osm,"{""osm"":""node/6795541390""}",centre_sante,Centre de santé,مركز صحي,,,,,,
16-00199,Clinique générale,Clinique générale,,16,1651,Ouled Fayet,36.738436,2.950867,exact,osm_node,osm,"{""osm"":""node/6860312795""}",clinique,Clinique,عيادة / مصحة,,,,,,
16-00200,Gynécologue,Gynécologue,,16,1630,Bordj El Kiffan,36.737426,3.202196,exact,osm_node,osm,"{""osm"":""node/6909403697""}",clinique,Clinique,عيادة / مصحة,,,,,,
16-00201,Polyclinique Verdier,Polyclinique Verdier,جين جوراس,16,1605,Bab El Oued,36.794804,3.047181,exact,osm_node,osm,"{""osm"":""node/692711690""}",polyclinique,Polyclinique,عيادة متعددة الخدمات,public,,,,,
16-00202,Dispensaire مستوصف,Dispensaire,مستوصف,16,,Bologhine Ibnou Ziri,36.801951,3.035154,exact,osm_node,osm,"{""osm"":""node/692711698""}",salle_de_soins,Salle de soins / dispensaire,قاعة علاج / مستوصف,public,,بولوغين,,,
16-00203,Ophtalmologue diar essaada,Ophtalmologue diar essaada,,16,1603,El Madania,36.743447,3.059084,exact,osm_node,osm,"{""osm"":""node/6990502486""}",clinique,Clinique,عيادة / مصحة,,,,,,
16-00204,التوفيق,Toufik,التوفيق,16,1612,Birkhadem,36.709422,3.059104,exact,osm_node,osm,"{""osm"":""node/7183581385""}",clinique,Clinique,عيادة / مصحة,,,,,,
16-00207,Clinique Chirurgicale Ibn Sina,Clinique Chirurgicale Ibn Sina,,16,1640,El Marsa,36.809259,3.2522,exact,osm_node,osm,"{""osm"":""node/7363058285""}",clinique,Clinique,عيادة / مصحة,,cardiac_surgery;cardiology;general;internal;orthodontics,"La marsa, Ager",023951717,24/7,
16-00208,Alwiya clinique,Alwiya clinique,,16,1634,Bir Touta,36.640476,2.992457,exact,osm_node,osm,"{""osm"":""node/8065680552""}",clinique,Clinique,عيادة / مصحة,,,,,,
16-00209,Clinique Sidi Yahia 2,Clinique Sidi Yahia 2,,16,1609,Bir Mourad Rais,36.732575,3.039372,exact,osm_node,osm,"{""osm"":""node/8518857617""}",clinique,Clinique,عيادة / مصحة,,,,,,
16-00210,Chapiteau de vaccination 1er Mai,Chapiteau de vaccination 1er Mai,,16,1602,Sidi M'hamed,36.761523,3.056398,exact,osm_node,osm,"{""osm"":""node/8905006066""}",clinique,Clinique,عيادة / مصحة,,vaccination;covid19,,,,
16-00211,Polyclinique Aïn Benian,Polyclinique Aïn Benian,,16,1644,Ain Benian,36.803511,2.911971,exact,osm_node,osm,"{""osm"":""node/8906804142""}",polyclinique,Polyclinique,عيادة متعددة الخدمات,public,vaccination;covid19,Aïn Benian,,,
16-00212,Chapiteaux de vaccination Rouiba,Chapiteaux de vaccination Rouiba,,16,1642,Rouiba,36.738651,3.285379,exact,osm_node,osm,"{""osm"":""node/8955017181""}",clinique,Clinique,عيادة / مصحة,,vaccination;covid19,,,,
16-00213,,,,16,1648,Rahmania,36.686406,2.924358,exact,osm_node,osm,"{""osm"":""node/9021009915""}",clinique,Clinique,عيادة / مصحة,,,,,,
16-00214,,,,16,1648,Rahmania,36.680104,2.906029,exact,osm_node,osm,"{""osm"":""node/9084289360""}",clinique,Clinique,عيادة / مصحة,,,,,,
16-00215,Clinique Du Val ( Accouchement ),Clinique Du Val ( Accouchement ),,16,1610,El Biar,36.766794,3.027309,exact,osm_node,osm,"{""osm"":""node/9369373343""}",maternite,Maternité / clinique d'accouchement,مصحة توليد,,,,,,
16-00216,imagerie,imagerie,,16,1650,Cheraga,36.766813,2.961755,exact,osm_node,osm,"{""osm"":""node/9456517004""}",clinique,Clinique,عيادة / مصحة,,,,,,
16-00217,Polyclinique Les Sources,Polyclinique Les Sources conseils de l'ordre,مستوصف الينابيع,16,1609,Bir Mourad Rais,36.733876,3.058232,exact,osm_node,osm,"{""osm"":""node/956483907""}",polyclinique,Polyclinique,عيادة متعددة الخدمات,public,vaccination;covid19,,,,
16-00218,Centre de Soins,Centre de Soins,,16,1603,El Madania,36.736853,3.068168,exact,osm_node,osm,"{""osm"":""node/960913340""}",centre_sante,Centre de santé,مركز صحي,,,,,,
16-00220,Polyclinique,Polyclinique,,16,1656,Khraissia,36.675868,2.983061,exact,osm_node,osm,"{""osm"":""node/975497791""}",polyclinique,Polyclinique,عيادة متعددة الخدمات,public,,,,,
16-00221,عيادة القدس,Clinique El-Qods,عيادة القدس,16,1627,El Mouradia,36.745948,3.044758,exact,osm_node,osm,"{""osm"":""node/991924533""}",clinique,Clinique,عيادة / مصحة,,,"شارع إيكزيوم, حيدرة 16016",,,
16-00222,Zouje Aayoun,Zouje Aayoun,مصحة زوج عيون,16,1607,Casbah,36.78791,3.061007,approximate,osm_centroid,osm,"{""osm"":""relation/17714490""}",clinique,Clinique,عيادة / مصحة,private,,,,,
16-00223,Clinique Chifaa,Clinique Chifaa,عيادة الشفاء,16,1628,Hydra,36.744713,3.023406,approximate,osm_centroid,osm,"{""osm"":""way/102159775""}",clinique,Clinique,عيادة / مصحة,,,,,,
16-00224,Centre de rééducation médicale Tassili,Centre de rééducation médicale Tassili,,16,1650,Cheraga,36.768556,2.970677,approximate,osm_centroid,osm,"{""osm"":""way/1171645275""}",centre_sante,Centre de santé,مركز صحي,,,172,0561368411,Su-Th 09:00-17:00,
16-00225,مركز التشخيص الطبي للذاكرة,Centre médical de la mémoire,مركز التشخيص الطبي للذاكرة,16,1610,El Biar,36.766898,3.027202,approximate,osm_centroid,osm,"{""osm"":""way/1171827477""}",clinique,Clinique,عيادة / مصحة,,,04 Rue Boufatit Père et Fils,021 79 78 33,Su-Th 09:00-18:00,
16-00226,,,,16,1620,Dar El Beida,36.712453,3.210181,approximate,osm_centroid,osm,"{""osm"":""way/1171837881""}",clinique,Clinique,عيادة / مصحة,,,,,24/7,true
16-00227,عيادة متعددة الخدمات حي البدر,Polyclinique Hai El Badr,عيادة متعددة الخدمات حي البدر,16,1631,El Magharia,36.720897,3.101747,approximate,osm_centroid,osm,"{""osm"":""way/1171998839""}",polyclinique,Polyclinique,عيادة متعددة الخدمات,public,,شارع باش جراح,,,
16-00228,Centre de santé de proximité Krim Belkacem,Centre de santé de proximité Krim Belkacem,مركز الصحة الجواري كريم بلقاسم,16,1602,Sidi M'hamed,36.770556,3.050908,approximate,osm_centroid,osm,"{""osm"":""way/1172846676""}",centre_sante,Centre de santé,مركز صحي,,,الجزائر,,,
16-00229,polyclinique d'el Kahla,polyclinique d'el Kahla,,16,1634,Bir Touta,36.636071,3.009664,approximate,osm_centroid,osm,"{""osm"":""way/1173925108""}",polyclinique,Polyclinique,عيادة متعددة الخدمات,public,,Birtouta 16045,,,
16-00230,العيادة متعددة الخدمات - الشهيد ياهوني البشير,,العيادة متعددة الخدمات - الشهيد ياهوني البشير,16,1630,Bordj El Kiffan,36.747555,3.196202,approximate,osm_centroid,osm,"{""osm"":""way/1415710539""}",polyclinique,Polyclinique,عيادة متعددة الخدمات,public,,,,,
16-00231,,,,16,1646,Zeralda,36.69536,2.813299,approximate,osm_centroid,osm,"{""osm"":""way/1501938814""}",clinique,Clinique,عيادة / مصحة,,,,,,
16-00232,قاعة العلاج الخلوفي جيلالي (EPSP),Salle de soins Khelloufi Djilali,قاعة العلاج الخلوفي جيلالي,16,1646,Zeralda,36.695348,2.813202,approximate,osm_centroid,osm,"{""osm"":""way/1501938852""}",salle_de_soins,Salle de soins / dispensaire,قاعة علاج / مستوصف,public,general;paediatrics;psychiatry;emergency,,,,
16-00233,Clinique ophtalmologique Loiola,Clinique ophtalmologique Loiola,,16,1655,Baba Hassen,36.695556,2.96443,approximate,osm_centroid,osm,"{""osm"":""way/160378857""}",clinique,Clinique,عيادة / مصحة,,,,,,
16-00234,Clinique militaire les Oliviers,Clinique militaire les Oliviers,,16,1609,Bir Mourad Rais,36.726266,3.0591,approximate,osm_centroid,osm,"{""osm"":""way/186937625""}",clinique,Clinique,عيادة / مصحة,,,,,,
16-00235,,,,16,1621,Bab Ezzouar,36.721127,3.194637,approximate,osm_centroid,osm,"{""osm"":""way/195993250""}",clinique,Clinique,عيادة / مصحة,,,,,,
16-00236,Polyclinique Garidi 2,Polyclinique Garidi 2,مستوصف قاريدي 2,16,1603,El Madania,36.73271,3.061585,approximate,osm_centroid,osm,"{""osm"":""way/210990027""}",polyclinique,Polyclinique,عيادة متعددة الخدمات,public,,,,,
16-00237,,,,16,1622,Ben Aknoun,36.76489,3.017336,approximate,osm_centroid,osm,"{""osm"":""way/217504136""}",clinique,Clinique,عيادة / مصحة,,vaccination;covid19,,,,
16-00238,Clinique Ophtalmologique,Clinique Ophtalmologique,,16,1628,Hydra,36.737454,3.032147,approximate,osm_centroid,osm,"{""osm"":""way/217506872""}",clinique,Clinique,عيادة / مصحة,,,,,,
16-00239,Clinique de Cardiologie Abderahmani Mohamed,Clinique de Cardiologie Abderahmani Mohamed,,16,1609,Bir Mourad Rais,36.734311,3.052794,approximate,osm_centroid,osm,"{""osm"":""way/217603081""}",clinique,Clinique,عيادة / مصحة,,cardiology,,,,
16-00240,Polyclinique,Polyclinique,,16,1616,Bourouba,36.719742,3.112831,approximate,osm_centroid,osm,"{""osm"":""way/218189274""}",polyclinique,Polyclinique,عيادة متعددة الخدمات,public,,Bachdjarrah,,,
16-00241,Polyclinique Dar el bida,Polyclinique Dar el bida,,16,1620,Dar El Beida,36.720844,3.21334,approximate,osm_centroid,osm,"{""osm"":""way/226907914""}",polyclinique,Polyclinique,عيادة متعددة الخدمات,public,,"Cité Fatma Nsoumer, Dar El Beïda",,,true
16-00242,Polyclinique Ben Choubane,Polyclinique Ben Choubane,مستوصف بن شوبان,16,1642,Rouiba,36.705063,3.27307,approximate,osm_centroid,osm,"{""osm"":""way/227220614""}",polyclinique,Polyclinique,عيادة متعددة الخدمات,public,,,,,
16-00243,Polyclinique,Polyclinique,,16,1653,Draria,36.714515,3.001357,approximate,osm_centroid,osm,"{""osm"":""way/227937793""}",polyclinique,Polyclinique,عيادة متعددة الخدمات,public,,,,,
16-00244,مستوصف سيدس يحيى,Polyclinique Sidi Yahia,مستوصف سيدي يحيى,16,1609,Bir Mourad Rais,36.740749,3.039236,approximate,osm_centroid,osm,"{""osm"":""way/232396342""}",polyclinique,Polyclinique,عيادة متعددة الخدمات,public,vaccination;covid19,,,,true
16-00245,Polyclinique les Vergers,Polyclinique les Vergers,,16,1609,Bir Mourad Rais,36.726939,3.051559,approximate,osm_centroid,osm,"{""osm"":""way/240288819""}",polyclinique,Polyclinique,عيادة متعددة الخدمات,public,,,,,
16-00246,Centre Médico-Pedagogique pour Enfants Inadaptés Mentaux Mohamed Issiakhem,Centre Médico-Pedagogique pour Enfants Inadaptés Mentaux Mohamed Issiakhem,,16,1609,Bir Mourad Rais,36.729614,3.044638,approximate,osm_centroid,osm,"{""osm"":""way/240439555""}",centre_sante,Centre de santé,مركز صحي,,,Birkhadem,,,
16-00247,Centre Médicale Djenan Mabrouk,Centre Médicale Djenan Mabrouk,,16,1631,El Magharia,36.724424,3.124893,approximate,osm_centroid,osm,"{""osm"":""way/241265165""}",clinique,Clinique,عيادة / مصحة,,,,,,
16-00248,ex CNMS -Clinique Cardiologie .Dr Maouche Mokrane,ex CNMS -Clinique Cardiologie .Dr Maouche Mokrane,عيادة محند امقران,16,1622,Ben Aknoun,36.767787,3.00164,approximate,osm_centroid,osm,"{""osm"":""way/241756425""}",clinique,Clinique,عيادة / مصحة,,cardiology,,,,
16-00249,Polyclinique de Dergana,Polyclinique de Dergana,مستوصف درڨانة,16,1641,Herraoua,36.766702,3.259479,approximate,osm_centroid,osm,"{""osm"":""way/245174971""}",polyclinique,Polyclinique,عيادة متعددة الخدمات,public,,,,,true
16-00250,,,,16,1645,Staoueli,36.744588,2.875025,approximate,osm_centroid,osm,"{""osm"":""way/245965232""}",clinique,Clinique,عيادة / مصحة,,,El Bridja البريجة,,,
16-00252,Centre Médical Bachdjarah,Centre Médical Bachdjarah,,16,1616,Bourouba,36.722304,3.119039,approximate,osm_centroid,osm,"{""osm"":""way/251256118""}",clinique,Clinique,عيادة / مصحة,,,,,,
16-00253,Laboratoire médical Hussein Dey,Laboratoire médical Hussein Dey,,16,1631,El Magharia,36.734442,3.104068,approximate,osm_centroid,osm,"{""osm"":""way/252074570""}",clinique,Clinique,عيادة / مصحة,,,,,,
16-00254,Clinique Maternité,Clinique Maternité,عيادة الأمومة,16,1629,Mohammadia,36.720399,3.147333,approximate,osm_centroid,osm,"{""osm"":""way/253592970""}",maternite,Maternité / clinique d'accouchement,مصحة توليد,,,El Harrach,,,
16-00255,دار داء السكري,Maison du Diabète,دار داء السكري,16,1611,Bouzareah,36.790922,3.015992,approximate,osm_centroid,osm,"{""osm"":""way/261517125""}",clinique,Clinique,عيادة / مصحة,,,"Rue Saïd Bouras, Bouzareah",,,true
16-00256,مستوصف بوزريعة,Clinique Bouzareah,مستوصف بوزريعة,16,1611,Bouzareah,36.789536,3.01748,approximate,osm_centroid,osm,"{""osm"":""way/262048933""}",polyclinique,Polyclinique,عيادة متعددة الخدمات,public,,Route Neuve,,,
16-00257,Centre de santé de la Police المركز الصحي للشرطة,Centre de santé de la Police,المركز الصحي للشرطة,16,,Mohamed Belouzdad,36.752151,3.066939,approximate,osm_centroid,osm,"{""osm"":""way/264325095""}",centre_sante,Centre de santé,مركز صحي,,,,,,
16-00258,DGSN SCAS,DGSN SCAS,,16,1623,Dely Ibrahim,36.744131,2.992989,approximate,osm_centroid,osm,"{""osm"":""way/266335603""}",clinique,Clinique,عيادة / مصحة,,,,,,
16-00259,Centre de soins Bachir Laadjouz;Dispensaire Maison du diabétique,Centre de soins Bachir Laadjouz;Dispensaire Maison du diabétique,,16,1618,Kouba,36.747048,3.078791,approximate,osm_centroid,osm,"{""osm"":""way/271912485""}",salle_de_soins,Salle de soins / dispensaire,قاعة علاج / مستوصف,public,general,,,,
16-00260,Polyclinique Mahieddine,Polyclinique Mahieddine,,16,1602,Sidi M'hamed,36.752134,3.056226,approximate,osm_centroid,osm,"{""osm"":""way/273631712""}",polyclinique,Polyclinique,عيادة متعددة الخدمات,public,,,,,
16-00261,Salle de soin Molière,Salle de soin Molière,قاعة العلاج موليار,16,1602,Sidi M'hamed,36.76352,3.056789,approximate,osm_centroid,osm,"{""osm"":""way/273636206""}",salle_de_soins,Salle de soins / dispensaire,قاعة علاج / مستوصف,public,,,,,
16-00262,Maternité Naima نعيمة للولادة,Maternité Naima,نعيمة للولادة,16,,Mohamed Belouzdad,36.75198,3.059483,approximate,osm_centroid,osm,"{""osm"":""way/273638307""}",maternite,Maternité / clinique d'accouchement,مصحة توليد,,,,,,
16-00263,Centre de soins Mourad Rachid,Centre de soins Mourad Rachid,,16,1628,Hydra,36.725569,3.025314,approximate,osm_centroid,osm,"{""osm"":""way/274667738""}",centre_sante,Centre de santé,مركز صحي,,,,,,
16-00264,Clinique dentaire Aslaoui,Clinique dentaire Aslaoui,,16,1609,Bir Mourad Rais,36.736823,3.050857,approximate,osm_centroid,osm,"{""osm"":""way/274707117""}",clinique,Clinique,عيادة / مصحة,,,,,,
16-00265,Polyclinique Beaulieu عيادة المكان الجميل,Polyclinique Beaulieu,عيادة المكان الجميل,16,1621,Bab Ezzouar,36.710196,3.16397,approximate,osm_centroid,osm,"{""osm"":""way/291563647""}",polyclinique,Polyclinique,عيادة متعددة الخدمات,public,,وادي السمار,,,
16-00266,Polyclinique Bouchaoui,Polyclinique Bouchaoui,,16,1645,Staoueli,36.744641,2.915558,approximate,osm_centroid,osm,"{""osm"":""way/296623556""}",polyclinique,Polyclinique,عيادة متعددة الخدمات,public,,"route N 41, 16084",,,
16-00267,Polyclinique Nafissa Hamoud,Polyclinique Nafissa Hamoud,,16,1657,Sehaoula,36.700595,3.028764,approximate,osm_centroid,osm,"{""osm"":""way/297443531""}",polyclinique,Polyclinique,عيادة متعددة الخدمات,public,,,,,true
16-00268,مستوصف,Polyclinique,مستوصف,16,1650,Cheraga,36.768166,2.957533,approximate,osm_centroid,osm,"{""osm"":""way/298684557""}",polyclinique,Polyclinique,عيادة متعددة الخدمات,public,,,,,
16-00269,Polyclinique Alger plage,Polyclinique Alger plage,,16,1641,Herraoua,36.784237,3.249856,approximate,osm_centroid,osm,"{""osm"":""way/315875657""}",polyclinique,Polyclinique,عيادة متعددة الخدمات,public,,,,,
16-00270,Clinique de cardiologie Ibn Sina,Clinique de cardiologie Ibn Sina,عيادة الأمراض القلب ابن سينا,16,1640,El Marsa,36.805121,3.237837,approximate,osm_centroid,osm,"{""osm"":""way/315876996""}",clinique,Clinique,عيادة / مصحة,,cardiology,El Marsa,,,
16-00271,Ben Merad OPGI,Ben Merad OPGI,,16,1641,Herraoua,36.765484,3.23903,approximate,osm_centroid,osm,"{""osm"":""way/319726557""}",clinique,Clinique,عيادة / مصحة,,,,,,
16-00272,Clinique El Ouard,Clinique El Ouard,,16,1642,Rouiba,36.74126,3.284384,approximate,osm_centroid,osm,"{""osm"":""way/323802168""}",clinique,Clinique,عيادة / مصحة,,,,,,
16-00273,Clinique nadjah,Clinique nadjah,,16,1619,Bachedjerah,36.707238,3.068475,approximate,osm_centroid,osm,"{""osm"":""way/341395391""}",clinique,Clinique,عيادة / مصحة,,,,,,
16-00274,Polyclinique,Polyclinique,,16,1619,Bachedjerah,36.704252,3.07769,approximate,osm_centroid,osm,"{""osm"":""way/342258978""}",polyclinique,Polyclinique,عيادة متعددة الخدمات,public,,,,,
16-00275,polyclinique de la cité 08 mai 1945 (SORECAL),polyclinique de la cité 08 mai 1945 (SORECAL),,16,1621,Bab Ezzouar,36.733956,3.192079,approximate,osm_centroid,osm,"{""osm"":""way/343466470""}",polyclinique,Polyclinique,عيادة متعددة الخدمات,public,,,,Mo-Su 06:00-22:30,
16-00276,,,,16,1617,Hussein Dey,36.736596,3.095941,approximate,osm_centroid,osm,"{""osm"":""way/344834637""}",clinique,Clinique,عيادة / مصحة,,otorhinolaryngology,حسين داي,,,
16-00277,Croissant Rouge,Croissant Rouge,,16,1616,Bourouba,36.714955,3.107214,approximate,osm_centroid,osm,"{""osm"":""way/347685816""}",clinique,Clinique,عيادة / مصحة,,,,,,
16-00278,Polyclinique El Hamiz,Polyclinique El Hamiz,,16,1620,Dar El Beida,36.725566,3.225286,approximate,osm_centroid,osm,"{""osm"":""way/350900100""}",polyclinique,Polyclinique,عيادة متعددة الخدمات,public,,"Rue les Palmier Hamiz, Dar El Beïda",,"Mo-Su,PH 08:00-08:00",
16-00279,Polynilinique Les Bananiers,Polynilinique Les Bananiers,,16,1629,Mohammadia,36.730888,3.165876,approximate,osm_centroid,osm,"{""osm"":""way/352118405""}",clinique,Clinique,عيادة / مصحة,,,,,,
16-00280,,,,16,1621,Bab Ezzouar,36.718967,3.176937,approximate,osm_centroid,osm,"{""osm"":""way/352155323""}",clinique,Clinique,عيادة / مصحة,,,,,,
16-00281,EPSP Polyclinique ouled fayet,EPSP Polyclinique ouled fayet,,16,1651,Ouled Fayet,36.733858,2.949355,approximate,osm_centroid,osm,"{""osm"":""way/357893084""}",polyclinique,Polyclinique,عيادة متعددة الخدمات,public,,,,,
16-00282,Clinique Reefak El Feth,Clinique Reefak El Feth,,16,1651,Ouled Fayet,36.738151,2.950385,approximate,osm_centroid,osm,"{""osm"":""way/358211760""}",clinique,Clinique,عيادة / مصحة,,,"lot n°08 Zone d'équipement A, Ouled Fayet 16094",'+213 5550807 49 Fax+213 21388822,,
16-00283,EPSP Beau Fraisier (dispensaire),EPSP Beau Fraisier (dispensaire),,16,1608,Oued Koriche,36.786852,3.04172,approximate,osm_centroid,osm,"{""osm"":""way/360158257""}",salle_de_soins,Salle de soins / dispensaire,قاعة علاج / مستوصف,public,,,,,
16-00284,,,,16,1621,Bab Ezzouar,36.719206,3.176868,approximate,osm_centroid,osm,"{""osm"":""way/372063497""}",clinique,Clinique,عيادة / مصحة,,,,,,
16-00285,Clinique Ben Talha,Clinique Ben Talha,بن طلحة,16,1614,Baraki,36.648572,3.081118,approximate,osm_centroid,osm,"{""osm"":""way/374433499""}",clinique,Clinique,عيادة / مصحة,,,,,,
16-00286,Clinique de Bourouba,Clinique de Bourouba,,16,1616,Bourouba,36.717856,3.130155,approximate,osm_centroid,osm,"{""osm"":""way/394654233""}",clinique,Clinique,عيادة / مصحة,,,,,,
16-00287,,,,16,1624,Hammamet,36.819033,3.010292,approximate,osm_centroid,osm,"{""osm"":""way/402146271""}",clinique,Clinique,عيادة / مصحة,,,الرئيس حميدو,,,true
16-00288,Clinique Zighout Amine,Clinique Zighout Amine,,16,1611,Bouzareah,36.786315,3.02625,approximate,osm_centroid,osm,"{""osm"":""way/420557893""}",clinique,Clinique,عيادة / مصحة,,,,,,
16-00289,Centre psychopédagogique Salim Slima,Centre psychopédagogique Salim Slima,,16,1654,Douira,36.669459,2.947993,approximate,osm_centroid,osm,"{""osm"":""way/435214531""}",clinique,Clinique,عيادة / مصحة,,,,,,
16-00290,Maternité,Maternité,,16,1654,Douira,36.666142,2.940153,approximate,osm_centroid,osm,"{""osm"":""way/435217513""}",maternite,Maternité / clinique d'accouchement,مصحة توليد,,,,,,
16-00291,,,,16,1614,Baraki,36.670116,3.092941,approximate,osm_centroid,osm,"{""osm"":""way/435406668""}",clinique,Clinique,عيادة / مصحة,,,براقي,,,
16-00292,Polyclinique 586 lgts مستوصف 586 مسكن,Polyclinique 586 lgts,مستوصف 586 مسكن,16,1614,Baraki,36.653574,3.090448,approximate,osm_centroid,osm,"{""osm"":""way/435782947""}",polyclinique,Polyclinique,عيادة متعددة الخدمات,public,,,,,
16-00293,Polyclinique Dabousi,Polyclinique Dabousi,,16,1652,El Achour,36.731454,2.998559,approximate,osm_centroid,osm,"{""osm"":""way/438416430""}",polyclinique,Polyclinique,عيادة متعددة الخدمات,public,,,,Su-Th 08:00-16:00,
16-00294,Polyclinique Djamel Boukanoune,Polyclinique Djamel Boukanoune,مستوصف جمال بوقانون,16,1650,Cheraga,36.786019,2.966737,approximate,osm_centroid,osm,"{""osm"":""way/441257889""}",polyclinique,Polyclinique,عيادة متعددة الخدمات,public,,,,,
16-00295,Clinique dentaire ARDENTYS Dr ADHIMENE,Clinique dentaire ARDENTYS Dr ADHIMENE,,16,1651,Ouled Fayet,36.74017,2.948629,approximate,osm_centroid,osm,"{""osm"":""way/447730269""}",clinique,Clinique,عيادة / مصحة,,,"25 Coop El saada, Ouled Fayet 16094",021 38 72 21;0661 38 86 10;0033 6 22 70 18 20,,
16-00296,مركز بولوغين الطبي,Centre médicale de Bologhine.,مركز بولوغين الطبي,16,,Bologhine Ibnou Ziri,36.808716,3.039836,approximate,osm_centroid,osm,"{""osm"":""way/450623013""}",clinique,Clinique,عيادة / مصحة,,,بولوغين,,,
16-00297,Polyclinique Rais,Polyclinique Rais,مستوصف رايس,16,1637,Sidi Moussa,36.611374,3.126124,approximate,osm_centroid,osm,"{""osm"":""way/475102376""}",polyclinique,Polyclinique,عيادة متعددة الخدمات,public,,,,,
16-00298,Salle de soins,Salle de soins,قاعة العلاج,16,1612,Birkhadem,36.721402,3.050674,approximate,osm_centroid,osm,"{""osm"":""way/477373398""}",salle_de_soins,Salle de soins / dispensaire,قاعة علاج / مستوصف,public,,,,,
16-00299,Polylinque Bali Mohamed,Polylinque Bali Mohamed,,16,1645,Staoueli,36.761564,2.923024,approximate,osm_centroid,osm,"{""osm"":""way/479279697""}",clinique,Clinique,عيادة / مصحة,,,,,,
16-00300,Polyclinique 66 lgts,Polyclinique 66 lgts,,16,1646,Zeralda,36.714854,2.84623,approximate,osm_centroid,osm,"{""osm"":""way/482709055""}",polyclinique,Polyclinique,عيادة متعددة الخدمات,public,,,,,
16-00301,Salle de soins Mazafran,Salle de soins Mazafran,,16,1646,Zeralda,36.69927,2.835198,approximate,osm_centroid,osm,"{""osm"":""way/482939911""}",salle_de_soins,Salle de soins / dispensaire,قاعة علاج / مستوصف,public,,,,,
16-00302,Salle de soin,Salle de soin,,16,1646,Zeralda,36.676012,2.834964,approximate,osm_centroid,osm,"{""osm"":""way/482940197""}",salle_de_soins,Salle de soins / dispensaire,قاعة علاج / مستوصف,public,,,,,
16-00303,Salle de Soin,Salle de Soin,,16,1649,Souidania,36.716991,2.916568,approximate,osm_centroid,osm,"{""osm"":""way/483129334""}",salle_de_soins,Salle de soins / dispensaire,قاعة علاج / مستوصف,public,,,,,
16-00304,Salle de soins,Salle de soins,,16,1655,Baba Hassen,36.697726,2.970229,approximate,osm_centroid,osm,"{""osm"":""way/484025889""}",salle_de_soins,Salle de soins / dispensaire,قاعة علاج / مستوصف,public,,,,,
16-00305,Salle de soin Haouch Loukil,Salle de soin Haouch Loukil,,16,1656,Khraissia,36.688359,2.982977,approximate,osm_centroid,osm,"{""osm"":""way/484126182""}",salle_de_soins,Salle de soins / dispensaire,قاعة علاج / مستوصف,public,,,,Mo-Fr 09:00-17:00,
16-00306,belota polyclinic مستوصف بلوطة,polyclinique Belota,مستوصف بلوطة,16,1649,Souidania,36.724508,2.891438,approximate,osm_centroid,osm,"{""osm"":""way/511264181""}",polyclinique,Polyclinique,عيادة متعددة الخدمات,public,,,,,
16-00307,Dispensaire,Dispensaire,,16,1655,Baba Hassen,36.693334,2.973106,approximate,osm_centroid,osm,"{""osm"":""way/527973184""}",salle_de_soins,Salle de soins / dispensaire,قاعة علاج / مستوصف,public,general,,,Mo-Fr 09:00-17:00,
16-00308,,,,16,1645,Staoueli,36.733252,2.877995,approximate,osm_centroid,osm,"{""osm"":""way/533569214""}",clinique,Clinique,عيادة / مصحة,,,,,,
16-00309,Polyclinique de Reghaïa,Polyclinique de Reghaïa,,16,1643,Reghaia,36.741786,3.341659,approximate,osm_centroid,osm,"{""osm"":""way/544201624""}",polyclinique,Polyclinique,عيادة متعددة الخدمات,public,,,,,
16-00310,Polyclinique Staoueli,Polyclinique Staoueli,,16,1645,Staoueli,36.751823,2.890306,approximate,osm_centroid,osm,"{""osm"":""way/548814753""}",polyclinique,Polyclinique,عيادة متعددة الخدمات,public,,,,,
16-00311,Polyclinique de Sebbala,Polyclinique de Sebbala,,16,1653,Draria,36.71496,3.013063,approximate,osm_centroid,osm,"{""osm"":""way/554235723""}",polyclinique,Polyclinique,عيادة متعددة الخدمات,public,,,,,
16-00312,العيادة متعددة الخدمات,Polyclinique,العيادة متعددة الخدمات,16,1650,Cheraga,36.760318,2.964312,approximate,osm_centroid,osm,"{""osm"":""way/555308906""}",polyclinique,Polyclinique,عيادة متعددة الخدمات,public,,الشراقة,,,
16-00313,Clinique Mouhannad Amqran,Clinique Mouhannad Amqran,عيادة محند امقران,16,1622,Ben Aknoun,36.767827,3.001415,approximate,osm_centroid,osm,"{""osm"":""way/783041002""}",clinique,Clinique,عيادة / مصحة,,,,,,
16-00314,Maillot,Maillot,,16,1605,Bab El Oued,36.789963,3.046187,approximate,osm_centroid,osm,"{""osm"":""way/783041257""}",clinique,Clinique,عيادة / مصحة,,,,,,
16-00315,Larbi tebssi العربي التبسي,Larbi tebssi,العربي التبسي,16,1602,Sidi M'hamed,36.754428,3.057489,approximate,osm_centroid,osm,"{""osm"":""way/783091381""}",clinique,Clinique,عيادة / مصحة,,,Rue Larbi Tebessi شارع العربي التبسي,,,
16-00316,Polyclinique,Polyclinique,,16,1603,El Madania,36.73535,3.077267,approximate,osm_centroid,osm,"{""osm"":""way/82574191""}",polyclinique,Polyclinique,عيادة متعددة الخدمات,public,,,,,
16-00317,Clinique Diar-Saada,Clinique Saada,مصحة السعادة,16,1603,El Madania,36.74353,3.059029,approximate,osm_centroid,osm,"{""osm"":""way/998314075""}",clinique,Clinique,عيادة / مصحة,private,,Rue Boumazouza Ahmed,,,
16-00318,مصحة مانيون للشرطة,Villa Magnan,مصحة فيلا مانيون للشرطة,16,1602,Sidi M'hamed,36.761339,3.046935,approximate,osm_centroid,osm,"{""osm"":""way/263638052""}",clinique,Clinique,عيادة / مصحة,private,,,,,
16-00319,Polyclinique Douera,Polyclinique Douera,,16,1654,Douira,36.668623,2.93959,approximate,osm_centroid,osm,"{""osm"":""way/783010148""}",polyclinique,Polyclinique,عيادة متعددة الخدمات,public,,,,,
16-00320,دكتورة غلاتي أ,Ghalati A,دكتورة غلاتي أ,16,1609,Bir Mourad Rais,36.725236,3.052744,approximate,osm_centroid,osm,"{""osm"":""way/783862892""}",clinique,Clinique,عيادة / مصحة,,,,,,
17-00002,Sameh Mezher Ophtalmologie,Sameh Mezher Ophtalmologie,,17,1701,Djelfa,34.665192,3.251733,exact,osm_node,osm,"{""osm"":""node/11049082924""}",clinique,Clinique,عيادة / مصحة,private,ophthalmology,"Cité Guanani N°184 étage 1, Rond point Chiguvara., Djelfa 17001",,,
17-00003,عيادة الوئام,Clinique El Wiam,عيادة الوئام,17,1701,Djelfa,34.676069,3.276437,exact,osm_node,osm,"{""osm"":""node/11062861305""}",clinique,Clinique,عيادة / مصحة,,,,,,
17-00004,عيادة متعددة الخدمات الوئام,Polyclinique El-wiam,عيادة متعددة الخدمات الوئام,17,1701,Djelfa,34.676068,3.276508,exact,osm_node,osm,"{""osm"":""node/11314407770""}",polyclinique,Polyclinique,عيادة متعددة الخدمات,public,,17079,,24/7,
17-00005,مركز الوقاية من الإدمان,Centre de lutte contre la toxicomanie,مركز الوقاية من الإدمان,17,1701,Djelfa,34.655227,3.261466,exact,osm_node,osm,"{""osm"":""node/2611485094""}",clinique,Clinique,عيادة / مصحة,,,,,,
17-00006,Centre de reéducation fonctionnelle,Centre de reéducation fonctionnelle,,17,1701,Djelfa,34.682224,3.247278,exact,osm_node,osm,"{""osm"":""node/2611489768""}",centre_sante,Centre de santé,مركز صحي,,,,,,
17-00007,مستوصف عين الشيح,Polyclinique Ain Echih,مستوصف عين الشيح,17,1701,Djelfa,34.669689,3.2381,exact,osm_node,osm,"{""osm"":""node/2611531664""}",polyclinique,Polyclinique,عيادة متعددة الخدمات,public,,,,,
17-00009,مستشقى بلدية الشارف,,مستشقى بلدية الشارف,17,1726,Charef,34.618924,2.806977,exact,osm_node,osm,"{""osm"":""node/3424490567""}",clinique,Clinique,عيادة / مصحة,,,,,,true
17-00010,مخبر التحاليل الطبية,Laboratoire d'analyses médicales,مخبر التحاليل الطبية,17,1701,Djelfa,34.66474,3.250457,exact,osm_node,osm,"{""osm"":""node/3448558600""}",clinique,Clinique,عيادة / مصحة,,,,,,
17-00012,عيادة تصفية الدم,Clinique Hémodialyse,عيادة تصفية الدم,17,1704,Hassi Bahbah,35.088161,3.022168,exact,osm_node,osm,"{""osm"":""node/4312460704""}",clinique,Clinique,عيادة / مصحة,,,,,,
17-00013,عيادة المروج,Clinique mouroudj,عيادة المروج,17,1701,Djelfa,34.66068,3.259876,exact,osm_node,osm,"{""osm"":""node/4482433392""}",clinique,Clinique,عيادة / مصحة,,,"حي بقوقة, 17000",,,
17-00015,مركز تصفية الدم,Centre d'hémodialyse,مركز تصفية الدم,17,1701,Djelfa,34.664421,3.277797,exact,osm_node,osm,"{""osm"":""node/4713301589""}",clinique,Clinique,عيادة / مصحة,,,حي مسعودي,,Sa-Th 03:00-18:00,
17-00016,Clinique Hémodialyse Bensalem,Clinique Hémodialyse Bensalem,عيادة تصفية الدم بن سالم,17,1701,Djelfa,34.673486,3.241631,exact,osm_node,osm,"{""osm"":""node/4730882522""}",clinique,Clinique,عيادة / مصحة,,,"2353 numéro 1 Aïn Chikh, 17000",'+21327931616,Sa-Th,
17-00017,Clinic Ain Serrar,Clinic Ain Serrar,,17,1701,Djelfa,34.689596,3.261132,exact,osm_node,osm,"{""osm"":""node/4739863515""}",clinique,Clinique,عيادة / مصحة,,,,,,
17-00018,حيسونة طب الأعصاب,Haissouna,حيسونة طب الأعصاب,17,1701,Djelfa,34.670419,3.254426,exact,osm_node,osm,"{""osm"":""node/5126131429""}",clinique,Clinique,عيادة / مصحة,,neurology,,,,
17-00019,عيادة طبيب,médecin généraliste,عيادة طبيب,17,1726,Charef,34.621381,2.808132,exact,osm_node,osm,"{""osm"":""node/5412957521""}",clinique,Clinique,عيادة / مصحة,,general;paediatrics,,,Mo-Su 09:00-21:00,
17-00020,بلقماري علية طب الكلى,Belkmari alia Néphrologue,بلقماري علية طب الكلى,17,1701,Djelfa,34.664107,3.252775,exact,osm_node,osm,"{""osm"":""node/5434605121""}",clinique,Clinique,عيادة / مصحة,,,,0552 76 54 90,,
17-00023,مخبر التحاليل الطبية إبن سينا,Laboratoire d’analyse Médical Ibn Sinna,مخبر التحاليل الطبية إبن سينا,17,1701,Djelfa,34.665842,3.255345,exact,osm_node,osm,"{""osm"":""node/5604104421""}",clinique,Clinique,عيادة / مصحة,,,,,,
17-00025,عيادة الرازي للأشعة,Clinique d'imagerie médicale El Razi,عيادة الرازي للأشعة,17,1701,Djelfa,34.664253,3.26503,exact,osm_node,osm,"{""osm"":""node/6158436285""}",clinique,Clinique,عيادة / مصحة,,,,0559161827,,
17-00026,Clinique Dr Herzallaoui Ramdan,Clinique Dr Herzallaoui Ramdan,عيادة دكتور حرزلاوي,17,1701,Djelfa,34.664733,3.25051,exact,osm_node,osm,"{""osm"":""node/6968321854""}",clinique,Clinique,عيادة / مصحة,private,chirugie_générale,"Boulevard Sidi Nail, الجلفة 17000",,Mo-Sa 08:00-18:00,
17-00027,مخبر تحاليل عميور,Echographies,مخبر تحاليل عميور,17,1701,Djelfa,34.663079,3.250569,exact,osm_node,osm,"{""osm"":""node/7346120587""}",clinique,Clinique,عيادة / مصحة,,,حي النعاس,,,
17-00028,عين سرار,Ain srar,عين سرار,17,1701,Djelfa,34.689852,3.259763,exact,osm_node,osm,"{""osm"":""node/7346123785""}",clinique,Clinique,عيادة / مصحة,,,,,,
17-00029,,,,17,1736,Taadmit,34.286748,2.985499,approximate,osm_centroid,osm,"{""osm"":""way/1390654291""}",clinique,Clinique,عيادة / مصحة,,,,,,
17-00030,,,,17,1730,Ain El Ibel,34.355722,3.222557,approximate,osm_centroid,osm,"{""osm"":""way/1391368733""}",clinique,Clinique,عيادة / مصحة,,,,,,
17-00031,Pneumologie,Pneumologie,مستشفلى الأمراض الصدرية,17,1701,Djelfa,34.670896,3.253645,approximate,osm_centroid,osm,"{""osm"":""way/255431552""}",clinique,Clinique,عيادة / مصحة,,,,,,
17-00032,Poly-clinique de consultation médicale,Poly-clinique de consultation médicale,,17,1701,Djelfa,34.672529,3.257419,approximate,osm_centroid,osm,"{""osm"":""way/256044233""}",clinique,Clinique,عيادة / مصحة,,,,,,
17-00034,مركز غسيل الكلى,Centre d'hémodialyse,مركز غسيل الكلى,17,1701,Djelfa,34.663836,3.263926,approximate,osm_centroid,osm,"{""osm"":""way/268171452""}",clinique,Clinique,عيادة / مصحة,,,Djelfa 17000,,,
17-00035,PMI,PMI,,17,1701,Djelfa,34.658486,3.273582,approximate,osm_centroid,osm,"{""osm"":""way/291265066""}",centre_sante,Centre de santé,مركز صحي,,,DJELFA 17000,,8:00-16:00,
17-00036,العيادة المتعددة الخدمات الشهيد طيبي الصغير,,العيادة المتعددة الخدمات الشهيد طيبي الصغير,17,1727,Benyagoub,34.46639,2.784627,approximate,osm_centroid,osm,"{""osm"":""way/318954291""}",polyclinique,Polyclinique,عيادة متعددة الخدمات,public,,,,,
17-00037,عيادة طبية متخصصة,Clinique médicale,عيادة طبية متخصصة,17,1701,Djelfa,34.67335,3.24897,approximate,osm_centroid,osm,"{""osm"":""way/337802009""}",clinique,Clinique,عيادة / مصحة,,,,,,
17-00038,Clinique privée,Clinique privée,,17,1701,Djelfa,34.665165,3.247692,approximate,osm_centroid,osm,"{""osm"":""way/470560677""}",clinique,Clinique,عيادة / مصحة,private,,,,,
17-00039,عيادة متعددة الخدمات,,عيادة متعددة الخدمات,17,1714,El Idrissia,34.452458,2.530566,approximate,osm_centroid,osm,"{""osm"":""way/522306348""}",polyclinique,Polyclinique,عيادة متعددة الخدمات,public,,الإدريسية,,,
17-00040,عيادة تصفية الدم,,عيادة تصفية الدم,17,1704,Hassi Bahbah,35.087695,3.022361,approximate,osm_centroid,osm,"{""osm"":""way/783031560""}",clinique,Clinique,عيادة / مصحة,,,,,,
18-00001,,,,18,1805,Taher,36.757714,5.923118,exact,osm_node,osm,"{""osm"":""node/13081357004""}",clinique,Clinique,عيادة / مصحة,,,,,,
18-00002,,,,18,1816,Bouraoui Belhadef,36.697714,6.103,exact,osm_node,osm,"{""osm"":""node/13081613855""}",clinique,Clinique,عيادة / مصحة,,,,,,
18-00003,,,,18,1810,Sidi Marouf,36.639868,6.273148,exact,osm_node,osm,"{""osm"":""node/13082407982""}",clinique,Clinique,عيادة / مصحة,,,,,,
18-00004,قاعة العلاج الشهيد جغري مسعود بن أحمد,Salle de soins Chahid Djeghri Messaoud Ben Ahmed,قاعة العلاج الشهيد جغري مسعود بن أحمد,18,1805,Taher,36.73833,5.911568,exact,osm_node,osm,"{""osm"":""node/13108539562""}",salle_de_soins,Salle de soins / dispensaire,قاعة علاج / مستوصف,public,,,,,
18-00005,,,,18,1815,Ghebala,36.63443,6.308609,exact,osm_node,osm,"{""osm"":""node/13108913170""}",clinique,Clinique,عيادة / مصحة,,,,,,
18-00006,,,,18,1807,Chekfa,36.798389,5.93815,exact,osm_node,osm,"{""osm"":""node/13120949467""}",clinique,Clinique,عيادة / مصحة,,,,,,
18-00007,,,,18,1819,Boussif Ouled Askeur,36.645015,6.061541,exact,osm_node,osm,"{""osm"":""node/13249432920""}",clinique,Clinique,عيادة / مصحة,,,,,,
18-00008,,,,18,1808,Chahna,36.712148,5.934728,exact,osm_node,osm,"{""osm"":""node/13251190817""}",clinique,Clinique,عيادة / مصحة,,,,,,
18-00009,,,,18,1809,El Milia,36.770428,6.331042,exact,osm_node,osm,"{""osm"":""node/13255744257""}",clinique,Clinique,عيادة / مصحة,,,,,,
18-00010,Polyclinique Tebbal Abdelmadjid,Polyclinique Tebbal Abdelmadjid,,18,1801,Jijel,36.818,5.756646,exact,osm_node,osm,"{""osm"":""node/2468674120""}",polyclinique,Polyclinique,عيادة متعددة الخدمات,public,,,,,
18-00011,Clinique d'hémodialyse Gherzi,Clinique d'hémodialyse Gherzi,,18,1801,Jijel,36.811008,5.778047,exact,osm_node,osm,"{""osm"":""node/2509542606""}",clinique,Clinique,عيادة / مصحة,,,,,,
18-00012,Polyclinique Alia Mohammed,Polyclinique Alia Mohammed,,18,1801,Jijel,36.811484,5.771523,exact,osm_node,osm,"{""osm"":""node/2557903791""}",polyclinique,Polyclinique,عيادة متعددة الخدمات,public,,,,,
18-00013,Clinique d'hémodialyse Maghreb,Clinique d'hémodialyse Maghreb,,18,1801,Jijel,36.81803,5.751227,exact,osm_node,osm,"{""osm"":""node/2558499107""}",clinique,Clinique,عيادة / مصحة,,,,,,
18-00014,Laboratoire d'analyses médicales,Laboratoire d'analyses médicales,,18,1801,Jijel,36.8169,5.767795,exact,osm_node,osm,"{""osm"":""node/2558870610""}",clinique,Clinique,عيادة / مصحة,,,,,,
18-00015,قاعة العلاج الشهيد بوروان زيدان,Salle de soins Chahid Bourouane Zidane,قاعة العلاج الشهيد بوروان زيدان,18,1803,El Aouana,36.792474,5.660293,exact,osm_node,osm,"{""osm"":""node/3663430638""}",salle_de_soins,Salle de soins / dispensaire,قاعة علاج / مستوصف,public,,,,,
18-00016,salle de soins Abbas-Rabah,salle de soins Abbas-Rabah,قاعة العلاج تاسوست,18,1814,Kaous,36.800128,5.845211,exact,osm_node,osm,"{""osm"":""node/4351916097""}",salle_de_soins,Salle de soins / dispensaire,قاعة علاج / مستوصف,public,,,,Sa-Th 08:00-16:00,
18-00017,,,,18,1814,Kaous,36.779836,5.839241,exact,osm_node,osm,"{""osm"":""node/5030789459""}",clinique,Clinique,عيادة / مصحة,,,,,,
18-00018,مصحة السلام,Clinique Essalem,مصحة السلام,18,1809,El Milia,36.752103,6.276315,exact,osm_node,osm,"{""osm"":""node/5044186122""}",clinique,Clinique,عيادة / مصحة,private,,,,,
18-00019,عيادة متعددة الخدمات,clinique elkennar,عيادة متعددة الخدمات,18,1820,El Kennar Nouchfi,36.822937,5.955823,exact,osm_node,osm,"{""osm"":""node/5595885623""}",polyclinique,Polyclinique,عيادة متعددة الخدمات,public,,,,,
18-00020,سكانير و أشعة طبية,Scanner et radio,سكانير و أشعة طبية,18,1805,Taher,36.776101,5.895854,exact,osm_node,osm,"{""osm"":""node/6697145285""}",clinique,Clinique,عيادة / مصحة,,radiology,,,Sa-Th 08:00-16:00,
18-00021,قاعة العلاج أفتيس,Salle de soins Aftis,قاعة العلاج أفتيس,18,1804,Ziama Mansouriah,36.712339,5.551499,approximate,osm_centroid,osm,"{""osm"":""way/1172492225""}",salle_de_soins,Salle de soins / dispensaire,قاعة علاج / مستوصف,public,,,,,
18-00022,عيادة متعددة الخدمات أولاد رابح,Polyclinique Ouled Rabah,عيادة متعددة الخدمات أولاد رابح,18,1827,Ouled Rabah,36.599918,6.169185,approximate,osm_centroid,osm,"{""osm"":""way/1345196239""}",polyclinique,Polyclinique,عيادة متعددة الخدمات,public,,,,,
18-00023,Polyclinique de Djimla,Polyclinique de Djimla,عيادة م\خ جيملة,18,1817,Djimla,36.578185,5.88397,approximate,osm_centroid,osm,"{""osm"":""way/305803295""}",polyclinique,Polyclinique,عيادة متعددة الخدمات,public,,,,,true
18-00024,,,,18,1805,Taher,36.766339,5.895408,approximate,osm_centroid,osm,"{""osm"":""way/1395678370""}",clinique,Clinique,عيادة / مصحة,,,,,,
18-00025,,,,18,1823,Khiri Oued Adjoul,36.809966,6.125955,approximate,osm_centroid,osm,"{""osm"":""way/1396545558""}",clinique,Clinique,عيادة / مصحة,,,,,,
18-00026,centre de santé -Daheroussaf-,centre de santé -Daheroussaf-,,18,1806,Emir Abdelkader,36.739938,5.866656,approximate,osm_centroid,osm,"{""osm"":""way/1422661664""}",centre_sante,Centre de santé,مركز صحي,,general,Daheroussaf,,,
18-00027,عيادة متعددة الخدمات,Polyclinic,عيادة متعددة الخدمات,18,1801,Jijel,36.815113,5.725069,approximate,osm_centroid,osm,"{""osm"":""way/1424239686""}",polyclinique,Polyclinique,عيادة متعددة الخدمات,public,,,,,
18-00028,,,,18,1810,Sidi Marouf,36.641989,6.277448,approximate,osm_centroid,osm,"{""osm"":""way/1425821596""}",clinique,Clinique,عيادة / مصحة,,,,,,
18-00029,,,,18,1807,Chekfa,36.787676,5.941051,approximate,osm_centroid,osm,"{""osm"":""way/1427476588""}",clinique,Clinique,عيادة / مصحة,,,,,,
18-00030,قاعة العلاج أدوير,Salle de soins Adouir,قاعة العلاج أدوير,18,1807,Chekfa,36.776857,5.937223,approximate,osm_centroid,osm,"{""osm"":""way/1430078095""}",salle_de_soins,Salle de soins / dispensaire,قاعة علاج / مستوصف,public,,,,,
18-00031,العيادة متعددة الخدمات - الشقفة,Polyclinique - Chekfa,العيادة متعددة الخدمات - الشقفة,18,1807,Chekfa,36.767287,5.960438,approximate,osm_centroid,osm,"{""osm"":""way/1430078097""}",polyclinique,Polyclinique,عيادة متعددة الخدمات,public,,,,,
18-00033,عيادة متعددة الخدمات,EPSP Taher,عيادة متعددة الخدمات,18,1805,Taher,36.781723,5.900125,approximate,osm_centroid,osm,"{""osm"":""way/180643072""}",polyclinique,Polyclinique,عيادة متعددة الخدمات,public,general;emergency,,,24/7,
18-00034,عيادة متعددة,,عيادة متعددة,18,1805,Taher,36.769226,5.897139,approximate,osm_centroid,osm,"{""osm"":""way/245126911""}",polyclinique,Polyclinique,عيادة متعددة الخدمات,public,,,,,
18-00035,,,,18,1805,Taher,36.719206,5.897428,approximate,osm_centroid,osm,"{""osm"":""way/251905297""}",clinique,Clinique,عيادة / مصحة,,,,,,
18-00037,,,,18,1806,Emir Abdelkader,36.753327,5.848001,approximate,osm_centroid,osm,"{""osm"":""way/389253648""}",clinique,Clinique,عيادة / مصحة,,,,,,
18-00038,dispensary,dispensary,,18,1811,Settara,36.683241,6.359167,approximate,osm_centroid,osm,"{""osm"":""way/491898294""}",clinique,Clinique,عيادة / مصحة,,,,,,
18-00039,Dispensery,Dispensery,,18,1811,Settara,36.673905,6.351912,approximate,osm_centroid,osm,"{""osm"":""way/491914470""}",clinique,Clinique,عيادة / مصحة,,,,,,
18-00040,Infirmerie,Infirmerie,,18,1820,El Kennar Nouchfi,36.817706,5.896698,approximate,osm_centroid,osm,"{""osm"":""way/661099156""}",clinique,Clinique,عيادة / مصحة,,,,,,
18-00041,المركز الصحي بوعفرون,Centre de santé Bouafroun,المركز الصحي بوعفرون,18,1808,Chahna,36.69393,5.906487,approximate,osm_centroid,osm,"{""osm"":""way/783088571""}",centre_sante,Centre de santé,مركز صحي,,,,,,
18-00042,عيادة متعددة الخدمات,Polyclinique,عيادة متعددة الخدمات,18,1819,Boussif Ouled Askeur,36.666285,6.021976,approximate,osm_centroid,osm,"{""osm"":""way/783868531""}",polyclinique,Polyclinique,عيادة متعددة الخدمات,public,,,,,
19-00001,عيادة متخصصة في طب وجراحة الأنف والأذن والحنجرة,,عيادة متخصصة في طب وجراحة الأنف والأذن والحنجرة,19,1901,Setif,36.19646,5.408827,exact,osm_node,osm,"{""osm"":""node/10616455408""}",clinique,Clinique,عيادة / مصحة,,,,0656244444,,
19-00002,,,,19,1955,Maouaklane,36.396061,5.074537,exact,osm_node,osm,"{""osm"":""node/11516158269""}",clinique,Clinique,عيادة / مصحة,,,,,,
19-00003,عيادة واستعجالات القدس,,عيادة واستعجالات القدس,19,1908,Bir-El-Arch,36.133519,5.842248,exact,osm_node,osm,"{""osm"":""node/12757076631""}",clinique,Clinique,عيادة / مصحة,,,,,,
19-00005,Clinique El Hidhab,El Hidhab,الهضاب,19,1901,Setif,36.200806,5.4099,exact,osm_node,osm,"{""osm"":""node/1965123591""}",clinique,Clinique,عيادة / مصحة,,,,,,
19-00006,Clinique El Moncef,El Moncef,المنصف,19,1901,Setif,36.200624,5.41353,exact,osm_node,osm,"{""osm"":""node/1965123646""}",clinique,Clinique,عيادة / مصحة,,,,,,
19-00007,Salle de Soin,Salle de Soin,,19,1911,Hamma,35.684815,5.414336,exact,osm_node,osm,"{""osm"":""node/2306962943""}",salle_de_soins,Salle de soins / dispensaire,قاعة علاج / مستوصف,public,,Badjerou,,,
19-00008,,,,19,1901,Setif,36.191013,5.384575,exact,osm_node,osm,"{""osm"":""node/2816973273""}",clinique,Clinique,عيادة / مصحة,,,سطيف 19000,,,
19-00009,Clinique du Cœur;مصحة القلب,Clinique du Cœur,Clinique du Cœur;مصحة القلب,19,1901,Setif,36.191347,5.386346,exact,osm_node,osm,"{""osm"":""node/2816973274""}",clinique,Clinique,عيادة / مصحة,private,cardiology;cardiac_surgery,"Cité Maabouda, N°83 G, Sétif 19000",'+21330819191,24/7,true
19-00010,Centre 1006,Centre 1006,,19,1901,Setif,36.195858,5.439333,exact,osm_node,osm,"{""osm"":""node/3052684318""}",clinique,Clinique,عيادة / مصحة,,,,,,
19-00011,,,,19,1926,Ain Arnat,36.170794,5.23741,exact,osm_node,osm,"{""osm"":""node/3451648234""}",clinique,Clinique,عيادة / مصحة,,,,,,
19-00012,Centre de Santé,Centre de Santé,,19,1943,Bougaa,36.331722,5.086146,exact,osm_node,osm,"{""osm"":""node/3814093160""}",centre_sante,Centre de santé,مركز صحي,,,,,,
19-00014,Lahreche,Lahreche,لحرش,19,1928,Ain Oulmene,35.916275,5.296594,exact,osm_node,osm,"{""osm"":""node/4053480918""}",clinique,Clinique,عيادة / مصحة,,,Ain Oulmane 19200,,,
19-00016,Radjah,Radjah,,19,1901,Setif,36.187298,5.422438,exact,osm_node,osm,"{""osm"":""node/4102552589""}",clinique,Clinique,عيادة / مصحة,,,,,,
19-00017,EPSP,EPSP,مركز صحي جواري,19,1928,Ain Oulmene,35.919622,5.302626,exact,osm_node,osm,"{""osm"":""node/4122868339""}",centre_sante,Centre de santé,مركز صحي,,,,,,
19-00018,Urgence médicale استعجالات طبية,Urgence médicale,استعجالات طبية,19,1928,Ain Oulmene,35.913697,5.288218,exact,osm_node,osm,"{""osm"":""node/4153939586""}",centre_sante,Centre de santé,مركز صحي,,,,,,
19-00019,مخبر تحليل الدم,Laboratoire,مخبر تحليل الدم,19,1932,Hamam Soukhna,35.977931,5.806821,exact,osm_node,osm,"{""osm"":""node/4280632190""}",clinique,Clinique,عيادة / مصحة,,,حمام السخنة,,,
19-00021,Centre D'Appareillage Orthopédique (PROTHESIA),Centre D'Appareillage Orthopédique (PROTHESIA),مركز تركيب الأعضاء الإصطناعية,19,1901,Setif,36.188606,5.436589,exact,osm_node,osm,"{""osm"":""node/4333623834""}",clinique,Clinique,عيادة / مصحة,,,44 Cité du 1er novembre 54 (Dallas),'+213555023039,,
19-00023,المشتة,,المشتة,19,1953,Beni Oussine,36.272374,5.127417,exact,osm_node,osm,"{""osm"":""node/4456914495""}",clinique,Clinique,عيادة / مصحة,,,,,,
19-00024,العربي سلامي,Larbi Salami,العربي سلامي,19,1953,Beni Oussine,36.272226,5.127404,exact,osm_node,osm,"{""osm"":""node/4457730290""}",clinique,Clinique,عيادة / مصحة,,,,,,
19-00025,مستوصف عوير الطاهر,,مستوصف عوير الطاهر,19,1911,Hamma,35.682732,5.376065,exact,osm_node,osm,"{""osm"":""node/4510699102""}",salle_de_soins,Salle de soins / dispensaire,قاعة علاج / مستوصف,public,,,,,
19-00026,Dialysis Clinic Hashmi,Dialysis Clinic Hashmi,,19,1901,Setif,36.191295,5.428708,exact,osm_node,osm,"{""osm"":""node/4513689889""}",clinique,Clinique,عيادة / مصحة,,,,,,
19-00027,Polyclinique,Polyclinique,,19,1923,Rosfa,35.758489,5.214796,exact,osm_node,osm,"{""osm"":""node/4534923292""}",polyclinique,Polyclinique,عيادة متعددة الخدمات,public,,,,,
19-00028,عيادة متعددة الخدمات أيث شبانة,Polyclinique Ait Chebana,عيادة متعددة الخدمات بني شبانة,19,1909,Beni Chebana,36.468953,4.867268,exact,osm_node,osm,"{""osm"":""node/4573210106""}",polyclinique,Polyclinique,عيادة متعددة الخدمات,public,,"36404214, 19031",0364404217,,
19-00029,عيادة القدس,Clinique El Quods,عيادة القدس,19,1932,Hamam Soukhna,35.975967,5.811655,exact,osm_node,osm,"{""osm"":""node/4737994629""}",clinique,Clinique,عيادة / مصحة,,,حمام السخنة 19066,0550234000,Mo-Su 08:00-23:00,
19-00030,عيادة طبية,Clinique,عيادة طبية,19,1926,Ain Arnat,36.195415,5.264342,exact,osm_node,osm,"{""osm"":""node/4743967324""}",clinique,Clinique,عيادة / مصحة,,,,,,
19-00032,المركز الصحي شيمينو,Centre de santè Cheminot,المركز الصحي شيمينو,19,1901,Setif,36.19152,5.42083,exact,osm_node,osm,"{""osm"":""node/4784838621""}",centre_sante,Centre de santé,مركز صحي,,,,,,
19-00033,عيادة متعددة الخدمات,Polyclinique,عيادة متعددة الخدمات,19,1944,Beni Fouda,36.282693,5.611864,exact,osm_node,osm,"{""osm"":""node/4824783722""}",polyclinique,Polyclinique,عيادة متعددة الخدمات,public,,,,,
19-00034,Centre medicale,Centre medicale,,19,1960,Tella,36.008369,5.718825,exact,osm_node,osm,"{""osm"":""node/5081306821""}",clinique,Clinique,عيادة / مصحة,,,,,,
19-00035,les babors,les babors,,19,1901,Setif,36.197886,5.395614,exact,osm_node,osm,"{""osm"":""node/5316203721""}",clinique,Clinique,عيادة / مصحة,,,,,24/7,
19-00036,Clinique Zamit,Clinique Zamit,,19,1920,El Eulma,36.152654,5.672483,exact,osm_node,osm,"{""osm"":""node/5493191521""}",clinique,Clinique,عيادة / مصحة,,,,,,
19-00037,عيادة متعددة الخدمات,Polyclinique,عيادة متعددة الخدمات,19,1908,Bir-El-Arch,36.13147,5.837851,exact,osm_node,osm,"{""osm"":""node/5592038528""}",polyclinique,Polyclinique,عيادة متعددة الخدمات,public,,,,,
19-00038,Gynécologue Nabeti,Gynécologue Nabeti,,19,1901,Setif,36.175893,5.407435,exact,osm_node,osm,"{""osm"":""node/5727901922""}",clinique,Clinique,عيادة / مصحة,,,,,,
19-00039,المركز الصحي المنكوبين,Centre de santé,المركز الصحي المنكوبين,19,1920,El Eulma,36.163683,5.694079,exact,osm_node,osm,"{""osm"":""node/5808660055""}",centre_sante,Centre de santé,مركز صحي,,,,,Su-Th 08:00-16:00,
19-00040,,,,19,1947,Ouled Sabor,36.119176,5.536257,exact,osm_node,osm,"{""osm"":""node/6419249385""}",clinique,Clinique,عيادة / مصحة,,,,,,
19-00042,مصحة نابتي,Clinique NABTI,مصحة نابتي,19,1901,Setif,36.175979,5.407536,exact,osm_node,osm,"{""osm"":""node/6852736985""}",clinique,Clinique,عيادة / مصحة,private,,,,24/7,
19-00043,عيادة القلب,Clinique,عيادة القلب,19,1901,Setif,36.191088,5.386134,exact,osm_node,osm,"{""osm"":""node/7512521457""}",clinique,Clinique,عيادة / مصحة,,cardiology,"شارع كتفي صالح, سطيف 19000",,,
19-00044,عيادة الأمل,Clinique el amel,عيادة الأمل,19,1952,Kasr El Abtal,35.952574,5.297243,exact,osm_node,osm,"{""osm"":""node/7932326436""}",clinique,Clinique,عيادة / مصحة,,,,,,
19-00045,Centre de santé GUEMMACHE Ahmed,Centre de santé GUEMMACHE Ahmed,,19,1901,Setif,36.208124,5.434462,exact,osm_node,osm,"{""osm"":""node/8904643470""}",centre_sante,Centre de santé,مركز صحي,,vaccination;covid19,Sétif,,,
19-00046,المركز الصحي ملول,,المركز الصحي ملول,19,1948,Guellal,36.015391,5.365141,approximate,osm_centroid,osm,"{""osm"":""way/1067870062""}",centre_sante,Centre de santé,مركز صحي,,,,,,
19-00047,,,,19,1910,Ouled Tebben,35.81031,5.105682,approximate,osm_centroid,osm,"{""osm"":""way/1098564424""}",clinique,Clinique,عيادة / مصحة,,,,,,
19-00048,,,,19,1910,Ouled Tebben,35.810603,5.106705,approximate,osm_centroid,osm,"{""osm"":""way/1098564425""}",clinique,Clinique,عيادة / مصحة,,,,,,
19-00049,بيت الحكمة للاعشاب الطبية,,بيت الحكمة للاعشاب الطبية,19,1920,El Eulma,36.168326,5.670533,approximate,osm_centroid,osm,"{""osm"":""way/1174424734""}",clinique,Clinique,عيادة / مصحة,,,1 bis 2 بوخبلة,0558551742,Mo-Su 08:00-16:00,
19-00051,iyd motadidat alkhdmat,iyd motadidat alkhdmat,,19,1955,Maouaklane,36.397404,5.025712,approximate,osm_centroid,osm,"{""osm"":""way/1185975140""}",clinique,Clinique,عيادة / مصحة,,geriatrics,"Beni Melloul, Maoklane ⵎⴰⵡⴿⵍⴰⵏ موكلان 19000",,Mo-Sa 08:00-20:00,
19-00052,المركز الصحي عكال الحسين,,المركز الصحي عكال الحسين,19,1944,Beni Fouda,36.292587,5.527166,approximate,osm_centroid,osm,"{""osm"":""way/1196155588""}",centre_sante,Centre de santé,مركز صحي,,,,,,
19-00053,قاعة العلاج الشهيد فرّاح علاوة,,قاعة العلاج الشهيد فرّاح علاوة,19,1902,Ain El Kebira,36.34334,5.487546,approximate,osm_centroid,osm,"{""osm"":""way/1197364948""}",salle_de_soins,Salle de soins / dispensaire,قاعة علاج / مستوصف,public,,,,,
19-00054,clinique mahabi,clinique mahabi,,19,1901,Setif,36.191015,5.384094,approximate,osm_centroid,osm,"{""osm"":""way/1234969869""}",clinique,Clinique,عيادة / مصحة,,general,"نهج سعيد بوخريسة, سطيف",,,
19-00055,clinic ophtalmoligy,clinic ophtalmoligy,,19,1901,Setif,36.190912,5.38433,approximate,osm_centroid,osm,"{""osm"":""way/1234969870""}",clinique,Clinique,عيادة / مصحة,,ophthalmology,"نهج سعيد بوخريسة, سطيف",,,
19-00056,عيادة متعددة الخدمات أحميدة عمورة,,عيادة متعددة الخدمات أحميدة عمورة,19,1908,Bir-El-Arch,36.131511,5.837529,approximate,osm_centroid,osm,"{""osm"":""way/1377750060""}",polyclinique,Polyclinique,عيادة متعددة الخدمات,public,,,,,
19-00057,عيادة متعددة الخدمات,,عيادة متعددة الخدمات,19,1931,Bazer-Sakra,36.154643,5.755122,approximate,osm_centroid,osm,"{""osm"":""way/1377787761""}",polyclinique,Polyclinique,عيادة متعددة الخدمات,public,,,,,
19-00058,وحدة مكافحة السل والأمراض التنفسية,Unité de lutte contre la tuberculose et les maladies respiratoires,وحدة مكافحة السل والأمراض التنفسية,19,1926,Ain Arnat,36.192626,5.314429,approximate,osm_centroid,osm,"{""osm"":""way/1384302597""}",clinique,Clinique,عيادة / مصحة,,,,,,
19-00060,Centres de Santé,Centres de Santé,,19,1901,Setif,36.2002,5.429455,approximate,osm_centroid,osm,"{""osm"":""way/185318272""}",clinique,Clinique,عيادة / مصحة,,,,,,
19-00061,Maternité,Maternité,,19,1901,Setif,36.202029,5.405899,approximate,osm_centroid,osm,"{""osm"":""way/185823666""}",maternite,Maternité / clinique d'accouchement,مصحة توليد,,,,,,
19-00062,Polyclinique Chahid Berkane,Polyclinique Chahid Berkane,,19,1941,Guenzet,36.323854,4.838011,approximate,osm_centroid,osm,"{""osm"":""way/253331539""}",polyclinique,Polyclinique,عيادة متعددة الخدمات,public,,,,,true
19-00065,Polyclinique,Polyclinique,,19,1949,Ain-Sebt,36.485927,5.710097,approximate,osm_centroid,osm,"{""osm"":""way/295272489""}",polyclinique,Polyclinique,عيادة متعددة الخدمات,public,,,,,
19-00066,,,,19,1926,Ain Arnat,36.18721,5.314256,approximate,osm_centroid,osm,"{""osm"":""way/314763341""}",clinique,Clinique,عيادة / مصحة,,,,,24/7,
19-00067,المستوصف,Polyclinique,المستوصف,19,1940,Ain Azel,35.815966,5.502222,approximate,osm_centroid,osm,"{""osm"":""way/315143623""}",polyclinique,Polyclinique,عيادة متعددة الخدمات,public,,,,,true
19-00068,Centre de santé,Centre de santé,مركز صحي,19,1921,Djemila,36.315785,5.736474,approximate,osm_centroid,osm,"{""osm"":""way/315837534""}",centre_sante,Centre de santé,مركز صحي,,,,,,
19-00069,,,,19,1932,Hamam Soukhna,36.003056,5.765394,approximate,osm_centroid,osm,"{""osm"":""way/317439500""}",clinique,Clinique,عيادة / مصحة,,,,,,
19-00070,مستوصف,Dispensaire,مستوصف,19,1940,Ain Azel,35.811519,5.512658,approximate,osm_centroid,osm,"{""osm"":""way/317448423""}",salle_de_soins,Salle de soins / dispensaire,قاعة علاج / مستوصف,public,,,,,true
19-00071,قاعة علاج,Salle de traitement,قاعة علاج,19,1937,El Ouricia,36.277468,5.495974,approximate,osm_centroid,osm,"{""osm"":""way/324346866""}",salle_de_soins,Salle de soins / dispensaire,قاعة علاج / مستوصف,public,,,,,
19-00072,Polyclinique Abdallah Chaoui,Polyclinique Abdallah Chaoui,,19,1943,Bougaa,36.33014,5.094386,approximate,osm_centroid,osm,"{""osm"":""way/377640433""}",polyclinique,Polyclinique,عيادة متعددة الخدمات,public,,,,,
19-00073,عيادة متعددة الخدمات كباب الحملاوي,Polyclinique Hamlaoui,عيادة متعددة الخدمات كباب الحملاوي,19,1932,Hamam Soukhna,35.977347,5.808931,approximate,osm_centroid,osm,"{""osm"":""way/380819002""}",polyclinique,Polyclinique,عيادة متعددة الخدمات,public,,حمام السخنة,,,
19-00074,Polyclinique sebah mohamed,Polyclinique sebah mohamed,عيادة متعددة الخدمات سباح محمد,19,1906,Ain-Roua,36.337573,5.17615,approximate,osm_centroid,osm,"{""osm"":""way/393206196""}",polyclinique,Polyclinique,عيادة متعددة الخدمات,public,,Ain Roua,,,
19-00075,مستوصف,,مستوصف,19,1958,Taya,35.932927,5.895435,approximate,osm_centroid,osm,"{""osm"":""way/408804872""}",salle_de_soins,Salle de soins / dispensaire,قاعة علاج / مستوصف,public,,,,,
19-00076,مستوصف ونوغة الطيب,Polyclinique Ouanougha Taïb,مستوصف ونوغة الطيب,19,1901,Setif,36.191259,5.395184,approximate,osm_centroid,osm,"{""osm"":""way/438647786""}",polyclinique,Polyclinique,عيادة متعددة الخدمات,public,,"حي المعبودة, سطيف",,,
19-00077,Maternité,Maternité,,19,1934,Bir Haddada,35.964337,5.434322,approximate,osm_centroid,osm,"{""osm"":""way/440212137""}",maternite,Maternité / clinique d'accouchement,مصحة توليد,,,,,,
19-00078,Clinique Chaouk & Achouak,Clinique Chaouk & Achouak,,19,1901,Setif,36.1659,5.389128,approximate,osm_centroid,osm,"{""osm"":""way/450650047""}",clinique,Clinique,عيادة / مصحة,,,,,,
19-00079,SALLE DE SOIN SBAIHI TORKI,SALLE DE SOIN SBAIHI TORKI,,19,1906,Ain-Roua,36.333031,5.184445,approximate,osm_centroid,osm,"{""osm"":""way/461840155""}",salle_de_soins,Salle de soins / dispensaire,قاعة علاج / مستوصف,public,,,,,
19-00080,centre medical,centre medical,,19,1945,Tachouda,36.262307,5.716138,approximate,osm_centroid,osm,"{""osm"":""way/473620152""}",clinique,Clinique,عيادة / مصحة,,,,,,
19-00081,,,,19,1906,Ain-Roua,36.346197,5.189317,approximate,osm_centroid,osm,"{""osm"":""way/509647235""}",clinique,Clinique,عيادة / مصحة,,,Village Agricole,,,
19-00082,,,,19,1902,Ain El Kebira,36.36638,5.504207,approximate,osm_centroid,osm,"{""osm"":""way/517901473""}",clinique,Clinique,عيادة / مصحة,,,,,,
19-00083,,,,19,1937,El Ouricia,36.299421,5.389909,approximate,osm_centroid,osm,"{""osm"":""way/518075049""}",clinique,Clinique,عيادة / مصحة,,,,,,
19-00084,Polyclinique Thabet Bouzid,Polyclinique Thabet Bouzid,,19,1920,El Eulma,36.146961,5.703647,approximate,osm_centroid,osm,"{""osm"":""way/570748997""}",polyclinique,Polyclinique,عيادة متعددة الخدمات,public,,El Eulma 19600,,,
19-00085,,,,19,1939,Salah Bey,35.853287,5.292346,approximate,osm_centroid,osm,"{""osm"":""way/572415368""}",clinique,Clinique,عيادة / مصحة,,,صالح باي,,,
19-00087,عيادة متعددة الخدمات أحمد ساسي,,عيادة متعددة الخدمات أحمد ساسي,19,1910,Ouled Tebben,35.810318,5.105642,approximate,osm_centroid,osm,"{""osm"":""way/782772403""}",polyclinique,Polyclinique,عيادة متعددة الخدمات,public,,,,,
19-00088,Polyclinique,Polyclinique,,19,1923,Rosfa,35.758656,5.214211,approximate,osm_centroid,osm,"{""osm"":""way/783081273""}",polyclinique,Polyclinique,عيادة متعددة الخدمات,public,,,,,
19-00089,عيادة متعددة الخدمات بني شبانة,Polyclinique Beni Chebana,عيادة متعددة الخدمات بني شبانة,19,1909,Beni Chebana,36.46885,4.86716,approximate,osm_centroid,osm,"{""osm"":""way/783082851""}",polyclinique,Polyclinique,عيادة متعددة الخدمات,public,,,,,
19-00090,عيادة بني موحلي,polyclinique Béni Mouhli,عيادة بني موحلي,19,1946,Beni-Mouhli,36.516923,4.906577,approximate,osm_centroid,osm,"{""osm"":""way/783900358""}",polyclinique,Polyclinique,عيادة متعددة الخدمات,public,,036404815,036404815,24/7,
19-00091,Clinique Nabti,Clinique Nabti,عيادة نبتي,19,1901,Setif,36.175892,5.407456,approximate,osm_centroid,osm,"{""osm"":""way/783903235""}",clinique,Clinique,عيادة / مصحة,,,"Rue du 20 Août 1955, Sétif 19000",'+213 36 84 91 92;+213 36 82 30 24;+213 783 76 37 58,24/7,
20-00002,مركز الصحة,Centre de santé,مركز الصحة,20,2001,Saida,34.854581,0.148955,exact,osm_node,osm,"{""osm"":""node/3213832598""}",centre_sante,Centre de santé,مركز صحي,,,"حي النصر, سعيدة 20002",,,
20-00003,Polyclinique Sid El Chikh عيادة سيدي الشيخ,Polyclinique Sid El Chikh,عيادة سيدي الشيخ,20,2001,Saida,34.83468,0.155857,exact,osm_node,osm,"{""osm"":""node/3214535532""}",polyclinique,Polyclinique,عيادة متعددة الخدمات,public,,سعيدة,,,
20-00004,Polyclinique Lamarine,Polyclinique Lamarine,,20,2001,Saida,34.834782,0.149298,exact,osm_node,osm,"{""osm"":""node/3214647550""}",polyclinique,Polyclinique,عيادة متعددة الخدمات,public,,,,,
20-00005,Clinique Cardiologique Aouchiche,Clinique Cardiologique Aouchiche,,20,2001,Saida,34.852396,0.151915,exact,osm_node,osm,"{""osm"":""node/3785924330""}",clinique,Clinique,عيادة / مصحة,,cardiology,,,,
20-00006,,,,20,2001,Saida,34.845126,0.133311,exact,osm_node,osm,"{""osm"":""node/4401882598""}",clinique,Clinique,عيادة / مصحة,,,,,,
20-00008,Polyclinique,Polyclinique,,20,2001,Saida,34.832104,0.15262,approximate,osm_centroid,osm,"{""osm"":""way/332862425""}",polyclinique,Polyclinique,عيادة متعددة الخدمات,public,,Saïda,,,
20-00009,Polyclinique de Balloul مستوصف بلول,Polyclinique de Balloul,مستوصف بلول,20,2014,Ouled Brahim,34.9912,0.474443,approximate,osm_centroid,osm,"{""osm"":""way/383313612""}",polyclinique,Polyclinique,عيادة متعددة الخدمات,public,,,,,
21-00001,Polyclinique,Polyclinique,,21,2110,Collo,37.006762,6.56374,exact,osm_node,osm,"{""osm"":""node/13716260601""}",polyclinique,Polyclinique,عيادة متعددة الخدمات,public,,,,,
21-00002,د. فنوش - أخصائية تصوير بالأشعة,,د. فنوش - أخصائية تصوير بالأشعة,21,2110,Collo,37.00741,6.562472,exact,osm_node,osm,"{""osm"":""node/13718613801""}",clinique,Clinique,عيادة / مصحة,,,,,,
21-00003,د. مصيبح - عيادة التصوير بالأشعة,,د. مصيبح - عيادة التصوير بالأشعة,21,2110,Collo,37.008595,6.557739,exact,osm_node,osm,"{""osm"":""node/13719047302""}",clinique,Clinique,عيادة / مصحة,,,,,,
21-00004,Clinique psychiatrique pour femmes,Clinique psychiatrique pour femmes,,21,2117,Zerdezas,36.652598,6.837952,exact,osm_node,osm,"{""osm"":""node/2239891060""}",clinique,Clinique,عيادة / مصحة,,,El Harrouch,,,
21-00005,Laboratoire de la Wilaya,Laboratoire de la Wilaya,,21,2101,Skikda,36.86335,6.927264,exact,osm_node,osm,"{""osm"":""node/2596196214""}",clinique,Clinique,عيادة / مصحة,,,,,,
21-00006,Maternité,Maternité,,21,2110,Collo,37.007095,6.564824,exact,osm_node,osm,"{""osm"":""node/2846083307""}",maternite,Maternité / clinique d'accouchement,مصحة توليد,,,,,Sa-Th 08:00-16:00,true
21-00007,Polyclinique Barkat Zahra,Polyclinique Barkat Zahra,مجمع بركات الزهراء الطبي,21,2101,Skikda,36.875968,6.909391,exact,osm_node,osm,"{""osm"":""node/2869482062""}",polyclinique,Polyclinique,عيادة متعددة الخدمات,public,,,,,true
21-00008,قاعة علاج برج القائد,,قاعة علاج برج القائد,21,2111,Beni Zid,36.821818,6.505678,exact,osm_node,osm,"{""osm"":""node/3123811827""}",salle_de_soins,Salle de soins / dispensaire,قاعة علاج / مستوصف,public,,,,,
21-00009,Polyclinique Tamalous,Polyclinique Tamalous,,21,2126,Tamalous,36.838054,6.635701,exact,osm_node,osm,"{""osm"":""node/3176772965""}",polyclinique,Polyclinique,عيادة متعددة الخدمات,public,,"Cité Abdelah Rahouadj, Tamalous 21005",,,
21-00010,polclinique bouyaghile,polclinique bouyaghile,مصحة بوياغيل,21,2129,Bin El Ouiden,36.848745,6.583592,exact,osm_node,osm,"{""osm"":""node/3176844040""}",polyclinique,Polyclinique,عيادة متعددة الخدمات,public,,,,,
21-00011,مستوصف سحقي احمد,,مستوصف سحقي احمد,21,2125,Salah Bouchaour,36.730684,6.862999,exact,osm_node,osm,"{""osm"":""node/3309936816""}",salle_de_soins,Salle de soins / dispensaire,قاعة علاج / مستوصف,public,,Cité Sahki Ahmed 21022,,,
21-00012,Clinique d'hémodialyse,Clinique d'hémodialyse,مركز تصفية الدم,21,2101,Skikda,36.88837,6.98761,exact,osm_node,osm,"{""osm"":""node/3429528887""}",clinique,Clinique,عيادة / مصحة,,,,,,
21-00013,clinique Ramdane djamel,clinique Ramdane djamel,,21,2123,Ramdane Djamel,36.756989,6.895669,exact,osm_node,osm,"{""osm"":""node/3668321805""}",clinique,Clinique,عيادة / مصحة,,,,,,
21-00014,AMG,AMG,,21,2126,Tamalous,36.877037,6.608606,exact,osm_node,osm,"{""osm"":""node/4101850997""}",clinique,Clinique,عيادة / مصحة,,,,,,
21-00016,,,,21,2107,Bekkouche Lakhdar,36.834343,7.272451,exact,osm_node,osm,"{""osm"":""node/4565493289""}",clinique,Clinique,عيادة / مصحة,,,,,,
21-00017,PSP Kerkera,PSP Kerkera,العيادة المتعددة الخدمات كركرة,21,2112,Kerkara,36.929647,6.588945,exact,osm_node,osm,"{""osm"":""node/4566011405""}",polyclinique,Polyclinique,عيادة متعددة الخدمات,public,,,,,
21-00018,Centre Médical Psycopédagogique Azzaba (CMPA),Centre Médical Psycopédagogique Azzaba (CMPA),المركز الطبي التربوي عزابة,21,2104,Azzaba,36.736935,7.104157,exact,osm_node,osm,"{""osm"":""node/4584286332""}",clinique,Clinique,عيادة / مصحة,,,,,,
21-00020,Rined,Rined,,21,2137,Hammadi Krouma,36.836192,6.956546,exact,osm_node,osm,"{""osm"":""node/4958945823""}",clinique,Clinique,عيادة / مصحة,,,"Vers Zone Industrielle Hamrouche Hammoudi, 21039",,24/7,
21-00021,المركز الصحي الاجتماعي,Centre de santé sociale,المركز الصحي الاجتماعي,21,2137,Hammadi Krouma,36.844784,6.93292,exact,osm_node,osm,"{""osm"":""node/6095542485""}",centre_sante,Centre de santé,مركز صحي,,,"Hamadi kroma s.l.m.b, 21038",,Sa-Th 08:00-17:00,
21-00022,,,,21,2112,Kerkara,36.905361,6.550923,exact,osm_node,osm,"{""osm"":""node/7203394885""}",clinique,Clinique,عيادة / مصحة,,,,,Su-Th 08:00-12:00,
21-00023,,,,21,2112,Kerkara,36.928372,6.569257,exact,osm_node,osm,"{""osm"":""node/9410216318""}",clinique,Clinique,عيادة / مصحة,,,,,,
21-00024,,,,21,2110,Collo,37.007055,6.564852,approximate,osm_centroid,osm,"{""osm"":""way/1011316993""}",clinique,Clinique,عيادة / مصحة,,,,,,
21-00025,,,,21,2110,Collo,37.007024,6.56508,approximate,osm_centroid,osm,"{""osm"":""way/1011320199""}",clinique,Clinique,عيادة / مصحة,,,,,,
21-00026,,,,21,2110,Collo,37.007124,6.56508,approximate,osm_centroid,osm,"{""osm"":""way/1011320200""}",clinique,Clinique,عيادة / مصحة,,,,,,
21-00027,,,,21,2110,Collo,37.007072,6.565017,approximate,osm_centroid,osm,"{""osm"":""way/1011320201""}",clinique,Clinique,عيادة / مصحة,,,,,,
21-00028,,,,21,2110,Collo,37.007132,6.564591,approximate,osm_centroid,osm,"{""osm"":""way/1011320202""}",clinique,Clinique,عيادة / مصحة,,,,,,
21-00029,,,,21,2110,Collo,37.006959,6.564634,approximate,osm_centroid,osm,"{""osm"":""way/1011320203""}",clinique,Clinique,عيادة / مصحة,,,,,,
21-00030,,,,21,2131,Cheraia,37.007682,6.526034,approximate,osm_centroid,osm,"{""osm"":""way/1035743004""}",clinique,Clinique,عيادة / مصحة,,,,,,
21-00031,,,,21,2104,Azzaba,36.741631,7.102624,approximate,osm_centroid,osm,"{""osm"":""way/1117339801""}",clinique,Clinique,عيادة / مصحة,,,,,,
21-00032,,,,21,2104,Azzaba,36.74209,7.102059,approximate,osm_centroid,osm,"{""osm"":""way/1117339804""}",clinique,Clinique,عيادة / مصحة,,,,,,
21-00033,Salle de soins,Salle de soins,,21,2129,Bin El Ouiden,36.808765,6.567821,approximate,osm_centroid,osm,"{""osm"":""way/1198798467""}",salle_de_soins,Salle de soins / dispensaire,قاعة علاج / مستوصف,public,,Bin El Ouiden,,,
21-00034,Centre de santé,Centre de santé,قاعة علاج,21,2126,Tamalous,36.834632,6.642358,approximate,osm_centroid,osm,"{""osm"":""way/251123001""}",salle_de_soins,Salle de soins / dispensaire,قاعة علاج / مستوصف,public,,"Route Principale, Tamalous 21005",,,
21-00035,Polyclinique Lessak Abdelmajid,Polyclinique Lessak Abdelmajid,,21,2101,Skikda,36.864884,6.921123,approximate,osm_centroid,osm,"{""osm"":""way/253732901""}",polyclinique,Polyclinique,عيادة متعددة الخدمات,public,,,,,
21-00036,Laboratoire et Centre de Transfusion Sanguine,Laboratoire et Centre de Transfusion Sanguine,,21,2101,Skikda,36.863301,6.92714,approximate,osm_centroid,osm,"{""osm"":""way/253732931""}",clinique,Clinique,عيادة / مصحة,,,,,,
21-00037,Polyclinique 700 Logements,Polyclinique 700 Logements,مستوصف 700 مسكن,21,2101,Skikda,36.867042,6.900813,approximate,osm_centroid,osm,"{""osm"":""way/283722824""}",polyclinique,Polyclinique,عيادة متعددة الخدمات,public,,,,,
21-00038,Clinique Abu Al-Quassim,Clinique Abu Al-Quassim,مصحة أبو القاسم (حماني),21,2101,Skikda,36.869739,6.914348,approximate,osm_centroid,osm,"{""osm"":""way/284336124""}",clinique,Clinique,عيادة / مصحة,private,,,,,true
21-00039,Centre Médico-Sociale Sonatrach,Centre Médico-Sociale Sonatrach,,21,2101,Skikda,36.870381,6.911293,approximate,osm_centroid,osm,"{""osm"":""way/284552925""}",centre_sante,Centre de santé,مركز صحي,,,,,,
21-00040,قاعة علاج الطاحونة,,قاعة علاج الطاحونة,21,2111,Beni Zid,36.803206,6.516005,approximate,osm_centroid,osm,"{""osm"":""way/302881532""}",salle_de_soins,Salle de soins / dispensaire,قاعة علاج / مستوصف,public,,,,,true
21-00041,قاعة علاج عين رويبح,,قاعة علاج عين رويبح,21,2111,Beni Zid,36.806856,6.522578,approximate,osm_centroid,osm,"{""osm"":""way/303027498""}",salle_de_soins,Salle de soins / dispensaire,قاعة علاج / مستوصف,public,,,,,true
21-00042,,,,21,2106,Ain Charchar,36.730743,7.21898,approximate,osm_centroid,osm,"{""osm"":""way/317019841""}",clinique,Clinique,عيادة / مصحة,,,Aïn Cherchar,,,
21-00043,Centre Médical Multi-Services,Centre Médical Multi-Services,المركز الطبي متعدد الخدمات,21,2125,Salah Bouchaour,36.70466,6.859283,approximate,osm_centroid,osm,"{""osm"":""way/323844791""}",polyclinique,Polyclinique,عيادة متعددة الخدمات,public,,"شارع الكوتي علاوة, salah Bouchaour 21022",,,
21-00044,Nouvelle Polyclinique,Nouvelle Polyclinique,,21,2117,Zerdezas,36.647162,6.827229,approximate,osm_centroid,osm,"{""osm"":""way/330385603""}",polyclinique,Polyclinique,عيادة متعددة الخدمات,public,,,,,
21-00045,Salle de soins Larbi Ben Mhidi,Salle de soins Larbi Ben Mhidi,,21,2101,Skikda,36.887026,6.982798,approximate,osm_centroid,osm,"{""osm"":""way/335839537""}",salle_de_soins,Salle de soins / dispensaire,قاعة علاج / مستوصف,public,,,,,
21-00046,Polyclinique les Platanes,Polyclinique les Platanes,,21,2130,Filfila,36.898174,7.053924,approximate,osm_centroid,osm,"{""osm"":""way/339439479""}",polyclinique,Polyclinique,عيادة متعددة الخدمات,public,,,,24/7,
21-00047,Polyclinique Houmet Ettalienne,Polyclinique Houmet Ettalienne,مستوصف إتالين حومة,21,2101,Skikda,36.882088,6.905525,approximate,osm_centroid,osm,"{""osm"":""way/354704459""}",polyclinique,Polyclinique,عيادة متعددة الخدمات,public,,,,,
21-00048,Centre Medico-Social de Police,Centre Medico-Social de Police,,21,2101,Skikda,36.884229,6.904146,approximate,osm_centroid,osm,"{""osm"":""way/354705492""}",centre_sante,Centre de santé,مركز صحي,,,,,,
21-00049,Polyclinique,Polyclinique,,21,2117,Zerdezas,36.65319,6.840064,approximate,osm_centroid,osm,"{""osm"":""way/354960057""}",polyclinique,Polyclinique,عيادة متعددة الخدمات,public,,,,,
21-00050,,,,21,2101,Skikda,36.880594,6.89983,approximate,osm_centroid,osm,"{""osm"":""way/399522523""}",clinique,Clinique,عيادة / مصحة,,,,,,
21-00051,قاعة علاج,,قاعة علاج,21,2110,Collo,37.00442,6.557649,approximate,osm_centroid,osm,"{""osm"":""way/613998431""}",salle_de_soins,Salle de soins / dispensaire,قاعة علاج / مستوصف,public,,,,,
21-00052,عيادة متعددة الخدمات,,عيادة متعددة الخدمات,21,2115,Zitouna,36.930448,6.482429,approximate,osm_centroid,osm,"{""osm"":""way/854515695""}",polyclinique,Polyclinique,عيادة متعددة الخدمات,public,,,,,
21-00053,Clinique obstétrique,Clinique obstétrique,مستشفى التوليد,21,2126,Tamalous,36.834834,6.643147,approximate,osm_centroid,osm,"{""osm"":""way/250923636""}",clinique,Clinique,عيادة / مصحة,,,,,,
22-00001,مركز طبي,,مركز طبي (عيادة),22,2209,Bedrabine El Mokrani,35.026919,-0.886435,exact,osm_node,osm,"{""osm"":""node/10065270617""}",clinique,Clinique,عيادة / مصحة,,,,,,
22-00003,polyclinique gambetta,polyclinique gambetta,,22,2201,Sidi Bel-Abbes,35.20266,-0.63821,exact,osm_node,osm,"{""osm"":""node/2358873677""}",polyclinique,Polyclinique,عيادة متعددة الخدمات,public,,,,,
22-00004,Polyclinique Sidi Djillali,Polyclinique Sidi Djillali,,22,2201,Sidi Bel-Abbes,35.208,-0.627757,exact,osm_node,osm,"{""osm"":""node/2417658929""}",polyclinique,Polyclinique,عيادة متعددة الخدمات,public,,,,,
22-00005,,,,22,2207,Boukhanefis,35.063032,-0.721503,exact,osm_node,osm,"{""osm"":""node/4142725119""}",clinique,Clinique,عيادة / مصحة,,,,,,
22-00006,Centre de santé,Centre de santé,,22,2206,Mezaourou,34.815773,-0.624063,exact,osm_node,osm,"{""osm"":""node/4343155493""}",centre_sante,Centre de santé,مركز صحي,,,22025,,Sa-Th 09:00-12:00,
22-00007,Polyclinique sidi chaib,Polyclinique sidi chaib,,22,2232,Dhaya,34.592744,-0.550774,exact,osm_node,osm,"{""osm"":""node/4987948623""}",polyclinique,Polyclinique,عيادة متعددة الخدمات,public,,,,,
22-00008,,,,22,2250,Redjem Demouche,34.428497,-0.810424,exact,osm_node,osm,"{""osm"":""node/5013229124""}",clinique,Clinique,عيادة / مصحة,,,,,,
22-00009,,,,22,2250,Redjem Demouche,34.426736,-0.815854,exact,osm_node,osm,"{""osm"":""node/5013238321""}",clinique,Clinique,عيادة / مصحة,,,,,,
22-00010,Clinique les Rosiers,Clinique les Rosiers,,22,2201,Sidi Bel-Abbes,35.194596,-0.636183,exact,osm_node,osm,"{""osm"":""node/5325528687""}",clinique,Clinique,عيادة / مصحة,,,"9 Rue Blaha Abbas, sidi bel abbes 22000",,,
22-00011,مركز الصحة,centre de centé,مركز الصحة,22,2204,Mostefa Ben Brahim,35.191896,-0.35876,exact,osm_node,osm,"{""osm"":""node/5962131387""}",centre_sante,Centre de santé,مركز صحي,,general,مصطفى بن إبراهيم,,,
22-00012,Les rosiers,Les rosiers,,22,2201,Sidi Bel-Abbes,35.194545,-0.636344,exact,osm_node,osm,"{""osm"":""node/6954436790""}",clinique,Clinique,عيادة / مصحة,,,22000,,24/7,
22-00013,Centre médical ben hamouda,Centre médical ben hamouda,,22,2201,Sidi Bel-Abbes,35.220101,-0.621777,exact,osm_node,osm,"{""osm"":""node/6954438817""}",clinique,Clinique,عيادة / مصحة,,,"Benhamouda, 22000",,,
22-00014,De police,De police,,22,2201,Sidi Bel-Abbes,35.189878,-0.644402,exact,osm_node,osm,"{""osm"":""node/7817989485""}",clinique,Clinique,عيادة / مصحة,,,,,,
22-00015,قاعة علاج,,قاعة علاج,22,2244,Teghalimet,34.886496,-0.550505,exact,osm_node,osm,"{""osm"":""node/7861591888""}",salle_de_soins,Salle de soins / dispensaire,قاعة علاج / مستوصف,public,,,,,
22-00016,عيادة شيالي,,عيادة شيالي,22,2201,Sidi Bel-Abbes,35.188359,-0.630731,exact,osm_node,osm,"{""osm"":""node/7887746187""}",clinique,Clinique,عيادة / مصحة,,,,,,
22-00017,,,,22,2229,Sfisef,35.233696,-0.249608,exact,osm_node,osm,"{""osm"":""node/8702196419""}",clinique,Clinique,عيادة / مصحة,,,,,,
22-00019,Centre médical sorecor,Centre médical sorecor,,22,2201,Sidi Bel-Abbes,35.196066,-0.611595,approximate,osm_centroid,osm,"{""osm"":""way/1127893332""}",clinique,Clinique,عيادة / مصحة,,physiatry,"Rue sekrane mustapha, Sidi Bel Abbès 22000",,,
22-00021,Sanatorium Tessala,Sanatorium Tessala,,22,2202,Tessala,35.274587,-0.776576,approximate,osm_centroid,osm,"{""osm"":""way/217743092""}",clinique,Clinique,عيادة / مصحة,public,,,,,true
22-00022,centre de santé,centre de santé,,22,2201,Sidi Bel-Abbes,35.201008,-0.619099,approximate,osm_centroid,osm,"{""osm"":""way/219020770""}",centre_sante,Centre de santé,مركز صحي,,,,,,true
22-00023,مركز الصحة,Centre de santé,مركز الصحة,22,2201,Sidi Bel-Abbes,35.192154,-0.631618,approximate,osm_centroid,osm,"{""osm"":""way/219031576""}",centre_sante,Centre de santé,مركز صحي,,,سيدي بلعباس,,,true
22-00024,مركز الصحة,centre de santé,مركز الصحة,22,2201,Sidi Bel-Abbes,35.193944,-0.643896,approximate,osm_centroid,osm,"{""osm"":""way/219035135""}",centre_sante,Centre de santé,مركز صحي,,,سيدي بلعباس,,,
22-00025,مركز الصحة,centre de santé,مركز الصحة,22,2201,Sidi Bel-Abbes,35.195175,-0.628934,approximate,osm_centroid,osm,"{""osm"":""way/219038287""}",centre_sante,Centre de santé,مركز صحي,,,سيدي بلعباس,,,true
22-00026,centre de santé,centre de santé,,22,2201,Sidi Bel-Abbes,35.200037,-0.647687,approximate,osm_centroid,osm,"{""osm"":""way/219436032""}",centre_sante,Centre de santé,مركز صحي,,,,,,
22-00027,مركز الصحة,Centre de santé,مركز الصحة,22,2201,Sidi Bel-Abbes,35.186082,-0.631856,approximate,osm_centroid,osm,"{""osm"":""way/222318458""}",centre_sante,Centre de santé,مركز صحي,,,سيدي بلعباس,,,
22-00028,Maternité Benatou Mira,Maternité Benatou Mira,,22,2201,Sidi Bel-Abbes,35.193232,-0.619327,approximate,osm_centroid,osm,"{""osm"":""way/223396517""}",maternite,Maternité / clinique d'accouchement,مصحة توليد,,gynaecology,"Boulevard Abane Ramdane, سيدي بلعباس 22000",,,
22-00029,Polyclinique ezzawya,Polyclinique ezzawya,,22,2201,Sidi Bel-Abbes,35.215107,-0.635637,approximate,osm_centroid,osm,"{""osm"":""way/224448571""}",polyclinique,Polyclinique,عيادة متعددة الخدمات,public,,,,,
22-00030,Centre Toxicomanie,Centre Toxicomanie,,22,2201,Sidi Bel-Abbes,35.22076,-0.632285,approximate,osm_centroid,osm,"{""osm"":""way/225894281""}",clinique,Clinique,عيادة / مصحة,,,,,,
22-00031,Centre de transfusion sanguine,Centre de transfusion sanguine,,22,2201,Sidi Bel-Abbes,35.22048,-0.63237,approximate,osm_centroid,osm,"{""osm"":""way/225895065""}",clinique,Clinique,عيادة / مصحة,,,,,,
22-00032,Clinique El Modjahed SEGIR Ahmed,Clinique El Modjahed SEGIR Ahmed,,22,2201,Sidi Bel-Abbes,35.213436,-0.612909,approximate,osm_centroid,osm,"{""osm"":""way/225901004""}",clinique,Clinique,عيادة / مصحة,,,,,,
22-00033,مجمع عيادات - أمومة,Polyclinique - Maternité,مجمع عيادات - أمومة,22,2229,Sfisef,35.236135,-0.242072,approximate,osm_centroid,osm,"{""osm"":""way/246160095""}",polyclinique,Polyclinique,عيادة متعددة الخدمات,public,,سفيزف,,,
22-00034,Médecine de Travail,Médecine de Travail,,22,2201,Sidi Bel-Abbes,35.220492,-0.63183,approximate,osm_centroid,osm,"{""osm"":""way/373337039""}",clinique,Clinique,عيادة / مصحة,,,,,,
22-00035,Polyclinique,Polyclinique,,22,2214,Sidi Lahcene,35.163978,-0.698307,approximate,osm_centroid,osm,"{""osm"":""way/390215050""}",polyclinique,Polyclinique,عيادة متعددة الخدمات,public,,Sidi Lahcene,,,
22-00036,Clinique d'hémodialyse,Clinique d'hémodialyse,,22,2201,Sidi Bel-Abbes,35.18443,-0.642874,approximate,osm_centroid,osm,"{""osm"":""way/782760619""}",clinique,Clinique,عيادة / مصحة,,,سيدي بلعباس,,,
22-00037,Polyclinique sidi chaibq,Polyclinique sidi chaibq,,22,2232,Dhaya,34.592891,-0.550952,approximate,osm_centroid,osm,"{""osm"":""way/783841103""}",polyclinique,Polyclinique,عيادة متعددة الخدمات,public,,,,,
22-00039,Etablissement Hospitalier Privé Hasnaoui,Etablissement Hospitalier Privé Hasnaoui,,22,2201,Sidi Bel-Abbes,35.179132,-0.631694,exact,osm_node,osm,"{""osm"":""node/13337090629""}",clinique,Clinique,عيادة / مصحة,private,dermatology;paediatrics;cardiology;urology;imagerie;hepatology;cardiothoracic_surgery;surgery;vascular_surgery;gynaecology;trauma;orthopaedics,"Bloc J05 Makam El Chahid, Sidi Bel Abbès 22000",040 71 98 04,,
23-00001,clinique bni mhafer,clinique bni mhafer,,23,2301,Annaba,36.91435,7.752966,exact,osm_node,osm,"{""osm"":""node/11936817269""}",clinique,Clinique,عيادة / مصحة,,,23000,,,
23-00002,Clinique El Farabi,Clinique El Farabi,,23,2301,Annaba,36.901646,7.746494,exact,osm_node,osm,"{""osm"":""node/4103697890""}",clinique,Clinique,عيادة / مصحة,,,Annaba,,,
23-00003,Clinique - Sidi Amar,Clinique - Sidi Amar,عيادة طبية - سيدي عمار,23,2311,Sidi Amar,36.821189,7.715047,exact,osm_node,osm,"{""osm"":""node/4212572096""}",clinique,Clinique,عيادة / مصحة,,,Sidi Amar 23005,,,
23-00004,Clinique Seybouse,Clinique Seybouse,,23,2301,Annaba,36.904657,7.745835,exact,osm_node,osm,"{""osm"":""node/4308702674""}",clinique,Clinique,عيادة / مصحة,,,"Avenue Colonel Amirouche, Annaba 23000",,,
23-00005,Clinique ORL Oranger,Clinique ORL Oranger,عيادة البرتقال,23,2301,Annaba,36.904427,7.744245,exact,osm_node,osm,"{""osm"":""node/4326609895""}",clinique,Clinique,عيادة / مصحة,,,,,,
23-00006,مصحة الجزائر,Clinique El Dzaier,مصحة الجزائر,23,2301,Annaba,36.896122,7.725202,exact,osm_node,osm,"{""osm"":""node/4514401491""}",clinique,Clinique,عيادة / مصحة,private,,عنابة,,,
23-00007,Clinique Abou Marwan,Clinique Abou Marwan,,23,2312,Treat,36.892663,7.717022,exact,osm_node,osm,"{""osm"":""node/4560007306""}",clinique,Clinique,عيادة / مصحة,,,,,,
23-00009,Polyclinique 5 juillet,Polyclinique 5 juillet,,23,2312,Treat,36.886538,7.712166,exact,osm_node,osm,"{""osm"":""node/4874452622""}",polyclinique,Polyclinique,عيادة متعددة الخدمات,public,,,,,
23-00010,عيادة سانكلو,Clinique Saint-Cloud,عيادة سانكلو,23,2301,Annaba,36.910423,7.771529,exact,osm_node,osm,"{""osm"":""node/4941715926""}",clinique,Clinique,عيادة / مصحة,,,"نهج بو غازي سعيد, عنابة",,,
23-00011,Centre de santé,Centre de santé,مركز علاج,23,2307,Cheurfa,36.709375,7.624491,exact,osm_node,osm,"{""osm"":""node/5102699721""}",centre_sante,Centre de santé,مركز صحي,,,,,,
23-00012,مصحة إبن النفيس,Clinique Ibn Nafis,مصحة إبن النفيس,23,2301,Annaba,36.881509,7.735935,exact,osm_node,osm,"{""osm"":""node/5801628655""}",clinique,Clinique,عيادة / مصحة,private,,,,,
23-00013,مصحة العالية,Clinique El Alia,مصحة العالية,23,2301,Annaba,36.901975,7.730003,exact,osm_node,osm,"{""osm"":""node/5801638353""}",clinique,Clinique,عيادة / مصحة,private,,,,,
23-00014,Centre de la toxicomanie,Centre de la toxicomanie,,23,2301,Annaba,36.874734,7.732274,exact,osm_node,osm,"{""osm"":""node/6073007985""}",clinique,Clinique,عيادة / مصحة,,,,,,
23-00015,مصحة حجر الديس,Centre de santé Hadjar Ediss,مصحة حجر الديس,23,2307,Cheurfa,36.789669,7.612626,exact,osm_node,osm,"{""osm"":""node/6253634288""}",centre_sante,Centre de santé,مركز صحي,private,,"حجر الديس, سيدي عمار",,,
23-00016,المركز الصحي الجواري فضيلة سعدان,EPSP Fadila SAADANE,المركز الصحي الجواري فضيلة سعدان,23,2303,El Hadjar,36.802576,7.735759,exact,osm_node,osm,"{""osm"":""node/6786278253""}",centre_sante,Centre de santé,مركز صحي,,,,,,
23-00017,المركز الصحي الجواري عطوي صالح,EPSP El Hadjar Atoui Saleh,المركز الصحي الجواري عطوي صالح,23,2303,El Hadjar,36.791368,7.737451,exact,osm_node,osm,"{""osm"":""node/6786278274""}",centre_sante,Centre de santé,مركز صحي,,vaccination;covid19,El Hadjar,,,
23-00018,مستوصف,Dispensaire de santé,مستوصف,23,2305,El Bouni,36.789208,7.627635,exact,osm_node,osm,"{""osm"":""node/7705138968""}",salle_de_soins,Salle de soins / dispensaire,قاعة علاج / مستوصف,public,,,,,
23-00019,,,,23,2311,Sidi Amar,36.825371,7.71123,approximate,osm_centroid,osm,"{""osm"":""relation/6278137""}",clinique,Clinique,عيادة / مصحة,,,Sidi Amar 23005,,,
23-00020,عيادة متعددة الخدمات الكاليتوسة,,عيادة متعددة الخدمات الكاليتوسة,23,2302,Berrahal,36.819122,7.430093,approximate,osm_centroid,osm,"{""osm"":""way/1192395349""}",polyclinique,Polyclinique,عيادة متعددة الخدمات,public,,"شارع الشهيد لقروم موسى, الكاليتوسة 23033",,,
23-00021,مركز الصحة حجر الديس,Centre de santé Hadjar Eddis,مركز الصحة حجر الديس,23,2307,Cheurfa,36.786529,7.616132,approximate,osm_centroid,osm,"{""osm"":""way/296435292""}",centre_sante,Centre de santé,مركز صحي,,,"حجر الديس, سيدي عمار",,,true
23-00022,العيادة المتعددة الخدمات المجاهد بوزيد الشريف,,العيادة المتعددة الخدمات المجاهد بوزيد الشريف,23,2301,Annaba,36.901248,7.743099,approximate,osm_centroid,osm,"{""osm"":""way/335698722""}",polyclinique,Polyclinique,عيادة متعددة الخدمات,public,,,,,
23-00023,Centre Sanitaire,Centre Sanitaire,,23,2301,Annaba,36.90396,7.75777,approximate,osm_centroid,osm,"{""osm"":""way/377885025""}",clinique,Clinique,عيادة / مصحة,,,,,,
23-00024,مستوصف شطايبي,Clinique Chetaibi,مستوصف شطايبي,23,2306,Oued El Aneb,37.063002,7.377833,approximate,osm_centroid,osm,"{""osm"":""way/394958119""}",salle_de_soins,Salle de soins / dispensaire,قاعة علاج / مستوصف,public,,شطايبي 23014,,,
23-00025,مصحة المنظر الجميل,Clinique Bellevue,مصحة المنظر الجميل,23,2301,Annaba,36.908185,7.746913,approximate,osm_centroid,osm,"{""osm"":""way/783877820""}",clinique,Clinique,عيادة / مصحة,private,,,,,
24-00001,HikmaDial,HikmaDial,,24,2401,Guelma,36.450369,7.424658,exact,osm_node,osm,"{""osm"":""node/11407110423""}",clinique,Clinique,عيادة / مصحة,,nephrology,,,Su-Th 05:00-18:00,
24-00002,Clinique multi-services,Clinique multi-services,,24,2432,Ain Regada,36.261138,7.073128,exact,osm_node,osm,"{""osm"":""node/4284763189""}",clinique,Clinique,عيادة / مصحة,,,,,,
24-00005,Guelma dialysis,Guelma dialysis,,24,2401,Guelma,36.463221,7.427911,exact,osm_node,osm,"{""osm"":""node/4513689890""}",clinique,Clinique,عيادة / مصحة,,,,,,
24-00006,Renadial Dialyse,Renadial Dialyse,,24,2401,Guelma,36.471322,7.435895,exact,osm_node,osm,"{""osm"":""node/4513690089""}",clinique,Clinique,عيادة / مصحة,,,"cité MEKHANCHA Abdellatif, Guelma 24000",,24/7,
24-00007,Polyclinique Les Brethren Tirouche,Polyclinique Les Brethren Tirouche,,24,2404,Oued Zenati,36.319788,7.161218,exact,osm_node,osm,"{""osm"":""node/4947648224""}",polyclinique,Polyclinique,عيادة متعددة الخدمات,public,,,,24/7,
24-00008,,,,24,2423,Ain Larbi,36.266734,7.398655,exact,osm_node,osm,"{""osm"":""node/5046655809""}",clinique,Clinique,عيادة / مصحة,,,,,,
24-00009,العيادة المتعددة الخدمات الجديدة,Nouvelle polyclinique,العيادة المتعددة الخدمات الجديدة,24,2415,Khezaras,36.367085,7.521216,exact,osm_node,osm,"{""osm"":""node/7700371985""}",polyclinique,Polyclinique,عيادة متعددة الخدمات,public,,24016,,24/7,
24-00010,المستوصف,,المستوصف,24,2405,Tamlouka,36.158298,7.141236,approximate,osm_centroid,osm,"{""osm"":""way/323044223""}",salle_de_soins,Salle de soins / dispensaire,قاعة علاج / مستوصف,public,,Tamlouka,,,
24-00011,centre de santé,centre de santé,,24,2424,Medjez Amar,36.445792,7.309224,approximate,osm_centroid,osm,"{""osm"":""way/345135132""}",centre_sante,Centre de santé,مركز صحي,,,,,,true
24-00012,Centre de soins قاعة علاج,,Centre de soins قاعة علاج,24,2405,Tamlouka,36.157572,7.137304,approximate,osm_centroid,osm,"{""osm"":""way/408451781""}",salle_de_soins,Salle de soins / dispensaire,قاعة علاج / مستوصف,public,,,,,
24-00013,Polyclinique de Belkheir,Polyclinique de Belkheir,,24,2410,Belkheir,36.461301,7.478499,approximate,osm_centroid,osm,"{""osm"":""way/473600852""}",polyclinique,Polyclinique,عيادة متعددة الخدمات,public,,Belkheir,,,
24-00014,,,,24,2432,Ain Regada,36.206541,7.105325,approximate,osm_centroid,osm,"{""osm"":""way/793647901""}",clinique,Clinique,عيادة / مصحة,,,,,,
24-00015,,,,24,2405,Tamlouka,36.159138,7.143557,approximate,osm_centroid,osm,"{""osm"":""way/799262417""}",clinique,Clinique,عيادة / مصحة,,,,,,
25-00001,مصحة زراعة و جراحة الأسنان CBA,clinique dentaire CBA,مصحة زراعة و جراحة الأسنان CBA,25,2501,Constantine,36.301839,6.628811,exact,osm_node,osm,"{""osm"":""node/11033008806""}",clinique,Clinique,عيادة / مصحة,private,,"20 zouaghi sonatiba lotissement abdelhak behhamouda en face à l'école privé Chaima Constantine, 25000",0561157061,24/7,
25-00002,centre d'imagerie medicaleEL BEEY,centre d'imagerie medicaleEL BEEY,,25,2501,Constantine,36.372983,6.621888,exact,osm_node,osm,"{""osm"":""node/11716824225""}",clinique,Clinique,عيادة / مصحة,,,,,,
25-00003,Consultation psychiatrique externe - Chihani Bachir,Consultation psychiatrique externe - Chihani Bachir,,25,2501,Constantine,36.374147,6.625348,exact,osm_node,osm,"{""osm"":""node/5889185885""}",clinique,Clinique,عيادة / مصحة,,,Boulevard Chihani Bachir,,,
25-00004,Ahmed Ouroua,Ahmed Ouroua,,25,2504,Zighoud Youcef,36.53695,6.715447,exact,osm_node,osm,"{""osm"":""node/2464435014""}",clinique,Clinique,عيادة / مصحة,,,,,,
25-00005,polyclinique,polyclinique,,25,2504,Zighoud Youcef,36.528687,6.70453,exact,osm_node,osm,"{""osm"":""node/2464435467""}",polyclinique,Polyclinique,عيادة متعددة الخدمات,public,,,,,
25-00006,Clinique el-Mehdi,Clinique el-Mehdi,,25,2501,Constantine,36.350056,6.628904,exact,osm_node,osm,"{""osm"":""node/3939442848""}",clinique,Clinique,عيادة / مصحة,,,,,,
25-00007,Polyclinique bourouak rokia,Polyclinique bourouak rokia,,25,2501,Constantine,36.329008,6.579939,exact,osm_node,osm,"{""osm"":""node/4315494498""}",polyclinique,Polyclinique,عيادة متعددة الخدمات,public,vaccination;covid19,,,24/7,
25-00008,Clinique publique,Policlinique publique zouaghi,مصحة عمومية زواغي,25,2501,Constantine,36.311712,6.630135,exact,osm_node,osm,"{""osm"":""node/4379825890""}",polyclinique,Polyclinique,عيادة متعددة الخدمات,public,,Zouaghi constantine,,,
25-00009,Clinique Athena Medical Center,Clinique Athena Medical Center,,25,2501,Constantine,36.311724,6.627244,exact,osm_node,osm,"{""osm"":""node/4379827490""}",clinique,Clinique,عيادة / مصحة,,,,,,
25-00010,Clinique Dar Echifaa,Clinique Dar Echifaa,,25,2501,Constantine,36.303575,6.623963,exact,osm_node,osm,"{""osm"":""node/4379875890""}",clinique,Clinique,عيادة / مصحة,,,,,,
25-00011,Dispensaire Hamma Bouziane,Dispensaire Hamma Bouziane,,25,2502,Hamma Bouziane,36.42156,6.599085,approximate,osm_centroid,osm,"{""osm"":""way/456778611""}",salle_de_soins,Salle de soins / dispensaire,قاعة علاج / مستوصف,public,,,,,
25-00012,,,,25,2506,El Khroub,36.258665,6.689049,exact,osm_node,osm,"{""osm"":""node/4542066000""}",clinique,Clinique,عيادة / مصحة,,,الخروب,,,
25-00013,عيادة ماسينيسا,Clinique Massinissa,عيادة ماسينيسا,25,2506,El Khroub,36.277418,6.697702,exact,osm_node,osm,"{""osm"":""node/4542098589""}",clinique,Clinique,عيادة / مصحة,,,25100,,,
25-00014,Clinique d'Ophtalmologie Benmoussa,Clinique d'Ophtalmologie Benmoussa,مصحة بن موسى لطب العيون,25,2506,El Khroub,36.265738,6.688714,exact,osm_node,osm,"{""osm"":""node/4562818290""}",clinique,Clinique,عيادة / مصحة,private,ophthalmology,"88, Cité Bouhali Laïd, El Khroub 25100",'+213 31 83 99 11,Sa-Th 08:00-17:00,
25-00015,Clinique El Rabie,Clinique El Rabie,عيادة الربيع,25,2501,Constantine,36.330554,6.586068,exact,osm_node,osm,"{""osm"":""node/4591183017""}",clinique,Clinique,عيادة / مصحة,,,قسنطينة 25000,,,
25-00016,clinique dentaire el bey,clinique dentaire el bey,,25,2501,Constantine,36.36029,6.605917,exact,osm_node,osm,"{""osm"":""node/4610105192""}",clinique,Clinique,عيادة / مصحة,,,"48 rue belouazded, 25000",0668040004,24/7,
25-00017,عيادة تصفية الدم,Clinique Renadial,عيادة تصفية الدم,25,2501,Constantine,36.36374,6.628792,exact,osm_node,osm,"{""osm"":""node/4687666290""}",clinique,Clinique,عيادة / مصحة,,,,031-72-72-90,24/7,
25-00018,مصحة طب وجراحة الأسنان نجمة الشرق,clinique dentaire étoiles de l'est,مصحة طب وجراحة الأسنان نجمة الشرق,25,2501,Constantine,36.312084,6.626513,exact,osm_node,osm,"{""osm"":""node/4690084091""}",clinique,Clinique,عيادة / مصحة,private,,,0557669943,Sa-Th 09:00-16:55,
25-00019,Clinique d'hémodialyse,Clinique d'hémodialyse,,25,2501,Constantine,36.341729,6.641465,exact,osm_node,osm,"{""osm"":""node/5433807622""}",clinique,Clinique,عيادة / مصحة,,,,,,
25-00020,مصحة النخيل,Clinique Enakhil,مصحة النخيل,25,2506,El Khroub,36.259833,6.599861,exact,osm_node,osm,"{""osm"":""node/5463887123""}",clinique,Clinique,عيادة / مصحة,private,,,,,
25-00022,عيادة خاصة بوكرو,Clinique Boukerrou,عيادة خاصة بوكرو,25,2501,Constantine,36.301923,6.624763,exact,osm_node,osm,"{""osm"":""node/5999943586""}",clinique,Clinique,عيادة / مصحة,private,,,,,
25-00023,Cms constantine,Cms constantine,,25,2501,Constantine,36.363681,6.629169,exact,osm_node,osm,"{""osm"":""node/6322035087""}",clinique,Clinique,عيادة / مصحة,,,,,,
25-00025,عيادة متعددة الخدمات,Policlinique,عيادة متعددة الخدمات,25,2509,Ouled Rahmoun,36.180671,6.704273,exact,osm_node,osm,"{""osm"":""node/7457725085""}",polyclinique,Polyclinique,عيادة متعددة الخدمات,public,,أولاد رحمون,,,
25-00026,Healthcare Services of Algeria - الجزائرية للخدمات الطبية,Services médicaux algériens,الجزائرية للخدمات الطبية,25,2501,Constantine,36.359869,6.627344,exact,osm_node,osm,"{""osm"":""node/7792867298""}",clinique,Clinique,عيادة / مصحة,,,"2 Arris Miloud, Constantine 25000",,,
25-00027,مركز علاج الإدمان,Centre d'Addictologie,مركز علاج الإدمان,25,2506,El Khroub,36.25918,6.708223,approximate,osm_centroid,osm,"{""osm"":""way/1112103709""}",clinique,Clinique,عيادة / مصحة,,,,,,
25-00028,Ibn Ziad Centre Medical,Ibn Ziad Centre Medical,,25,2512,Ibn Ziad,36.381679,6.470415,approximate,osm_centroid,osm,"{""osm"":""way/1116546512""}",clinique,Clinique,عيادة / مصحة,,,,,,
25-00029,,,,25,2506,El Khroub,36.261763,6.688007,approximate,osm_centroid,osm,"{""osm"":""way/1119189934""}",clinique,Clinique,عيادة / مصحة,,allergology,,,,
25-00030,مركز الاشعة الطبية اليقين,Centre d'imagerie médicale El-yakin,مركز الاشعة الطبية اليقين,25,2510,Ain Smara,36.264777,6.586446,approximate,osm_centroid,osm,"{""osm"":""way/1180822132""}",clinique,Clinique,عيادة / مصحة,,,"101, Ali Mendjeli",0559230672,Su-Th 08:00-12:30,
25-00031,Polyclinique Boumezroug,Polyclinique Boumezroug,,25,2501,Constantine,36.335769,6.636165,approximate,osm_centroid,osm,"{""osm"":""way/176185634""}",polyclinique,Polyclinique,عيادة متعددة الخدمات,public,,,,,
25-00032,,,,25,2510,Ain Smara,36.267999,6.499619,approximate,osm_centroid,osm,"{""osm"":""way/281891134""}",clinique,Clinique,عيادة / مصحة,,,,,,
25-00033,مركز الصحة,Centre de Santé,مركز الصحة,25,2501,Constantine,36.345382,6.651861,approximate,osm_centroid,osm,"{""osm"":""way/323619924""}",centre_sante,Centre de santé,مركز صحي,,,قسنطينة,,,
25-00034,Clinique du rein,Clinique du rein,,25,2501,Constantine,36.356516,6.639735,approximate,osm_centroid,osm,"{""osm"":""way/324298140""}",clinique,Clinique,عيادة / مصحة,,,,,,
25-00035,Clinique Naoufel,Clinique Naoufel,,25,2501,Constantine,36.314769,6.614682,approximate,osm_centroid,osm,"{""osm"":""way/330281434""}",clinique,Clinique,عيادة / مصحة,,,,'+213 31900944,,
25-00036,Clinique Ibn Rochd,Clinique Ibn Rochd,,25,2501,Constantine,36.327087,6.574415,approximate,osm_centroid,osm,"{""osm"":""way/368973554""}",clinique,Clinique,عيادة / مصحة,,,,,,
25-00037,Polyclinique Didouche Mourad,Polyclinique Didouche Mourad,,25,2505,Didouche Mourad,36.448341,6.633192,approximate,osm_centroid,osm,"{""osm"":""way/370582316""}",polyclinique,Polyclinique,عيادة متعددة الخدمات,public,,,,,true
25-00038,Polyclinique Cité des Mûriers,Polyclinique Cité des Mûriers,,25,2501,Constantine,36.352046,6.631549,approximate,osm_centroid,osm,"{""osm"":""way/380630582""}",polyclinique,Polyclinique,عيادة متعددة الخدمات,public,,,,,
25-00039,centre d'imagerie medicale EL AMANE,centre d'imagerie medicale EL AMANE,,25,2501,Constantine,36.372215,6.625075,approximate,osm_centroid,osm,"{""osm"":""way/407484939""}",clinique,Clinique,عيادة / مصحة,,,,,,
25-00040,Clinique publique,Clinique publique,,25,2510,Ain Smara,36.253408,6.572263,approximate,osm_centroid,osm,"{""osm"":""way/408570994""}",clinique,Clinique,عيادة / مصحة,,,,,,
25-00041,Clinique Mentouri,Clinique Mentouri,,25,2501,Constantine,36.358449,6.638155,approximate,osm_centroid,osm,"{""osm"":""way/410943267""}",clinique,Clinique,عيادة / مصحة,,,Constantine 25000,,,
25-00043,Maternité,Maternité,,25,2501,Constantine,36.374655,6.615096,approximate,osm_centroid,osm,"{""osm"":""way/553816880""}",maternite,Maternité / clinique d'accouchement,مصحة توليد,,maternity,,,,
26-00001,,,,26,2601,Medea,36.279152,2.762207,exact,osm_node,osm,"{""osm"":""node/13613318901""}",clinique,Clinique,عيادة / مصحة,,,,,,
26-00002,Centre de la rééducation Hantabli Toufik,Centre de la rééducation Hantabli Toufik,,26,2601,Medea,36.255521,2.766516,exact,osm_node,osm,"{""osm"":""node/3236720775""}",clinique,Clinique,عيادة / مصحة,,,,,,
26-00003,Clinique zemirline,Clinique zemirline,,26,2601,Medea,36.259836,2.755138,exact,osm_node,osm,"{""osm"":""node/3351865924""}",clinique,Clinique,عيادة / مصحة,,,Médéa 2600,,,
26-00004,Centre de dialyse,Centre de dialyse,مركز تصفية الدم,26,2601,Medea,36.276308,2.761551,exact,osm_node,osm,"{""osm"":""node/3359218387""}",clinique,Clinique,عيادة / مصحة,,,,,,
26-00005,Clinique maternité Linda,Clinique maternité Linda,عيادة ليندة للتوليد,26,2601,Medea,36.26618,2.766709,exact,osm_node,osm,"{""osm"":""node/3359423260""}",maternite,Maternité / clinique d'accouchement,مصحة توليد,,,,,,
26-00006,مقر الصحة الجوارية,Centre de santé de proximité,مقر الصحة الجوارية,26,2634,Zoubiria,36.001701,2.90428,exact,osm_node,osm,"{""osm"":""node/3510874150""}",centre_sante,Centre de santé,مركز صحي,,,,,,
26-00007,,,,26,2601,Medea,36.265894,2.752082,exact,osm_node,osm,"{""osm"":""node/3989225657""}",clinique,Clinique,عيادة / مصحة,,,,,,
26-00008,Dispensaire,Dispensaire,,26,2654,Draa Esmar,36.275781,2.716805,exact,osm_node,osm,"{""osm"":""node/4211875401""}",salle_de_soins,Salle de soins / dispensaire,قاعة علاج / مستوصف,public,,,,,
26-00009,Clinique médicale,Clinique médicale,عيادة طبية,26,2612,Ouled Brahim,36.242809,2.934906,exact,osm_node,osm,"{""osm"":""node/4541827589""}",clinique,Clinique,عيادة / مصحة,,,,,,
26-00010,Clinique hadj sadok A,Clinique hadj sadok A,,26,2601,Medea,36.265269,2.756328,exact,osm_node,osm,"{""osm"":""node/4693278098""}",clinique,Clinique,عيادة / مصحة,,,EL QODES BOUZIANE,,Sa-Th 08:00-21:00,
26-00011,عيادة بوشراحيل,Clinique Bouchrahil,عيادة بوشراحيل,26,2621,Bouchrahil,36.254612,3.157105,exact,osm_node,osm,"{""osm"":""node/4829364421""}",clinique,Clinique,عيادة / مصحة,,,,,,
26-00012,قاعة علاج,Centre de soins,قاعة علاج,26,2620,Rebaia,36.102785,3.087036,exact,osm_node,osm,"{""osm"":""node/5047643221""}",salle_de_soins,Salle de soins / dispensaire,قاعة علاج / مستوصف,public,,,,,
26-00013,عيادة متعددة الخدمات,Polyclinique,عيادة متعددة الخدمات,26,2634,Zoubiria,36.070212,2.904836,exact,osm_node,osm,"{""osm"":""node/5248403921""}",polyclinique,Polyclinique,عيادة متعددة الخدمات,public,,,,,
26-00014,عيادة واد القلات,Polyclinique,عيادة واد القلات,26,2647,Berrouaghia,36.142557,2.921184,exact,osm_node,osm,"{""osm"":""node/5253482221""}",polyclinique,Polyclinique,عيادة متعددة الخدمات,public,,,,,
26-00015,قاعة علاج,Centre de santé,قاعة علاج,26,2647,Berrouaghia,36.172038,3.000624,exact,osm_node,osm,"{""osm"":""node/5284460223""}",salle_de_soins,Salle de soins / dispensaire,قاعة علاج / مستوصف,public,,,,,
26-00018,مستوصف,dispensaire,مستوصف,26,2643,Ouamri,36.234054,2.564329,approximate,osm_centroid,osm,"{""osm"":""way/1209427653""}",salle_de_soins,Salle de soins / dispensaire,قاعة علاج / مستوصف,public,,,,,
26-00019,,,,26,2647,Berrouaghia,36.132147,2.908977,approximate,osm_centroid,osm,"{""osm"":""way/1458341480""}",clinique,Clinique,عيادة / مصحة,,,البرواقية,,,
26-00020,Dispensaire,Dispensaire,,26,2601,Medea,36.260476,2.788457,approximate,osm_centroid,osm,"{""osm"":""way/190372550""}",salle_de_soins,Salle de soins / dispensaire,قاعة علاج / مستوصف,public,,Médéa,,,
26-00021,Dispensaire,Dispensaire,مستوصف,26,2601,Medea,36.262551,2.757627,approximate,osm_centroid,osm,"{""osm"":""way/190374015""}",salle_de_soins,Salle de soins / dispensaire,قاعة علاج / مستوصف,public,,,,,
26-00022,Dispensaire,Dispensaire,مستوصف,26,2601,Medea,36.270927,2.771174,approximate,osm_centroid,osm,"{""osm"":""way/190375109""}",salle_de_soins,Salle de soins / dispensaire,قاعة علاج / مستوصف,public,,,,,
26-00023,Polyclinique,Polyclinique,,26,2627,Ouled Bouachra,36.163913,2.721565,approximate,osm_centroid,osm,"{""osm"":""way/191610411""}",polyclinique,Polyclinique,عيادة متعددة الخدمات,public,,,,,
26-00024,Polyclinique EPSP,Polyclinique EPSP,,26,2646,Beni Slimane,36.231978,3.305804,approximate,osm_centroid,osm,"{""osm"":""way/220400610""}",polyclinique,Polyclinique,عيادة متعددة الخدمات,public,,Beni Slimane,,,
26-00025,DAT,DAT,,26,2646,Beni Slimane,36.231776,3.312029,approximate,osm_centroid,osm,"{""osm"":""way/243223990""}",clinique,Clinique,عيادة / مصحة,,,Beni Slimane,,,
26-00026,Dispensaire,Dispensaire,,26,2646,Beni Slimane,36.231822,3.312645,approximate,osm_centroid,osm,"{""osm"":""way/243223991""}",salle_de_soins,Salle de soins / dispensaire,قاعة علاج / مستوصف,public,,Beni Slimane,,,
26-00027,Polyclinique,Polyclinique,,26,2650,Mihoub,36.350596,3.476673,approximate,osm_centroid,osm,"{""osm"":""way/444571895""}",polyclinique,Polyclinique,عيادة متعددة الخدمات,public,,,,,
26-00028,قاعة علاج فرقة ولاد مسعود,Salle de soins Ouled Messaoud,قاعة علاج فرقة ولاد مسعود,26,2629,Oued Harbil,36.239526,2.667772,approximate,osm_centroid,osm,"{""osm"":""way/464780385""}",salle_de_soins,Salle de soins / dispensaire,قاعة علاج / مستوصف,public,,,,,
26-00029,Disponsaire,Disponsaire,,26,2639,Maghraoua,36.351435,3.5367,approximate,osm_centroid,osm,"{""osm"":""way/503527499""}",clinique,Clinique,عيادة / مصحة,,,,,,
26-00030,Essahl clinic (Clinique Essahl),Essahl clinic (Clinique Essahl),,26,2646,Beni Slimane,36.226245,3.301595,approximate,osm_centroid,osm,"{""osm"":""way/516715529""}",clinique,Clinique,عيادة / مصحة,,,Beni Slimane 26001,,,
26-00031,مستوصف,Clinique,مستوصف,26,2607,El Omaria,36.262346,3.034711,approximate,osm_centroid,osm,"{""osm"":""way/783094439""}",salle_de_soins,Salle de soins / dispensaire,قاعة علاج / مستوصف,public,,,,,
27-00002,عيادة عمومية لدوار اولاد الحاج علي,,عيادة عمومية لدوار اولاد الحاج علي,27,2725,Ouled Boughalem,36.299682,0.687991,exact,osm_node,osm,"{""osm"":""node/13759022601""}",clinique,Clinique,عيادة / مصحة,,,,,,
27-00003,Centre médical,Centre médical,,27,2731,Touahria,35.809477,0.209856,exact,osm_node,osm,"{""osm"":""node/3718665681""}",clinique,Clinique,عيادة / مصحة,,,"CW42, Touahria 27013",,,
27-00004,Hamadou Hocine,Hamadou Hocine,,27,2712,Sidi Ali,36.096695,0.40994,exact,osm_node,osm,"{""osm"":""node/4267284873""}",clinique,Clinique,عيادة / مصحة,,,,,,
27-00005,المؤسسة الصحة العامة حجاج,Entreprise publique de la santé publique Hadjadj,المؤسسة الصحة العامة حجاج,27,2714,Hadjadj,36.095877,0.325087,exact,osm_node,osm,"{""osm"":""node/4438961191""}",clinique,Clinique,عيادة / مصحة,,,حجاج,,,
27-00006,,,,27,2714,Hadjadj,36.095557,0.31801,exact,osm_node,osm,"{""osm"":""node/4439520199""}",clinique,Clinique,عيادة / مصحة,,orthopaedics,حجاج,,,
27-00007,,,,27,2714,Hadjadj,36.095798,0.325433,exact,osm_node,osm,"{""osm"":""node/4439522400""}",clinique,Clinique,عيادة / مصحة,,,حجاج,,,
27-00008,,,,27,2714,Hadjadj,36.097928,0.32563,exact,osm_node,osm,"{""osm"":""node/4439522401""}",clinique,Clinique,عيادة / مصحة,,,حجاج,,,
27-00009,,,,27,2714,Hadjadj,36.095317,0.323646,exact,osm_node,osm,"{""osm"":""node/4439522599""}",clinique,Clinique,عيادة / مصحة,,,حجاج,,,
27-00010,صحة جوارية,,صحة جوارية,27,2707,Ain-Tedles,35.999544,0.341792,exact,osm_node,osm,"{""osm"":""node/4475663862""}",clinique,Clinique,عيادة / مصحة,,,,,,
27-00011,,,,27,2707,Ain-Tedles,35.999769,0.296511,exact,osm_node,osm,"{""osm"":""node/4571605090""}",clinique,Clinique,عيادة / مصحة,,,عين تادلس 27001,,,
27-00012,,,,27,2707,Ain-Tedles,35.994715,0.29986,exact,osm_node,osm,"{""osm"":""node/4579125494""}",clinique,Clinique,عيادة / مصحة,,,عين تادلس,,,
27-00013,Maternité,Maternité,,27,2701,Mostaganem,35.924846,0.096247,exact,osm_node,osm,"{""osm"":""node/4622328692""}",maternite,Maternité / clinique d'accouchement,مصحة توليد,,,,,,
27-00014,Clinique ophtalmo,Clinique ophtalmo,,27,2701,Mostaganem,35.929034,0.088021,exact,osm_node,osm,"{""osm"":""node/4622544389""}",clinique,Clinique,عيادة / مصحة,,,,,,
27-00015,مركز صحي,,مركز صحي,27,2714,Hadjadj,36.115299,0.31763,exact,osm_node,osm,"{""osm"":""node/5012304821""}",centre_sante,Centre de santé,مركز صحي,,,,,,
27-00016,Clinique Kharroubi,Clinique Kharroubi,,27,2701,Mostaganem,35.919059,0.096337,exact,osm_node,osm,"{""osm"":""node/5536282322""}",clinique,Clinique,عيادة / مصحة,,,,,,
27-00017,Chapiteau de Vaccination Covid19,Chapiteau de Vaccination Covid19,,27,2701,Mostaganem,35.930659,0.091023,exact,osm_node,osm,"{""osm"":""node/8904912761""}",clinique,Clinique,عيادة / مصحة,,vaccination;covid19,,,,
27-00018,Centre de vaccination,Centre de vaccination,,27,2701,Mostaganem,35.925758,0.112312,exact,osm_node,osm,"{""osm"":""node/8984080290""}",clinique,Clinique,عيادة / مصحة,,vaccination;covid19,,,,
27-00020,Clinique Benosmane,Clinique Benosmane,,27,2701,Mostaganem,35.93666,0.098736,approximate,osm_centroid,osm,"{""osm"":""way/353726794""}",clinique,Clinique,عيادة / مصحة,,,,,,
27-00021,Clinique D'ophtalmologie DAR EL BASSAR,Clinique D'ophtalmologie DAR EL BASSAR,عيادة طب وجراحة العيون دار البصر,27,2701,Mostaganem,35.924319,0.077678,approximate,osm_centroid,osm,"{""osm"":""way/574790962""}",clinique,Clinique,عيادة / مصحة,,ophthalmology,,,,
28-00001,عيادة الأمراض الصدرية و الحساسية بن أحمد بلقاسم,,عيادة الأمراض الصدرية و الحساسية بن أحمد بلقاسم,28,2801,M'sila,35.714307,4.548178,exact,osm_node,osm,"{""osm"":""node/10076001423""}",clinique,Clinique,عيادة / مصحة,,allergology;pulmonology,,'+213 6 69086742,,
28-00002,مركز تصفية الدم,,مركز تصفية الدم,28,2801,M'sila,35.72797,4.544818,exact,osm_node,osm,"{""osm"":""node/11141789003""}",clinique,Clinique,عيادة / مصحة,,,المسيلة,,,
28-00003,عيادة طبيةمختصة في الأمراض الصدرية و الحساسية قادري عبد الحكيم,,عيادة طبيةمختصة في الأمراض الصدرية و الحساسية قادري عبد الحكيم,28,2801,M'sila,35.714605,4.548404,exact,osm_node,osm,"{""osm"":""node/11352619044""}",clinique,Clinique,عيادة / مصحة,,allergology;pulmonology,,'+213 35 334384,,
28-00004,مركز حجامة,,مركز حجامة,28,2801,M'sila,35.711169,4.547127,exact,osm_node,osm,"{""osm"":""node/11967803569""}",clinique,Clinique,عيادة / مصحة,,,,,,
28-00005,Clinique El Safaa d'Hémodialyse,Clinique El Safaa d'Hémodialyse,,28,2801,M'sila,35.724308,4.524511,exact,osm_node,osm,"{""osm"":""node/4254420389""}",clinique,Clinique,عيادة / مصحة,,,"Hai Ichbilia - M'Sila, 28000",05 50640707,,
28-00006,عيادة جراحة الأسنان كريم فاتح,,عيادة جراحة الأسنان كريم فاتح,28,2803,Hammam Dalaa,35.92443,4.376463,exact,osm_node,osm,"{""osm"":""node/4585762891""}",clinique,Clinique,عيادة / مصحة,,dentist,حمام الضلعة,,,
28-00007,عيادة القدس للاستعجالات 24/7,,عيادة القدس للاستعجالات 24/7,28,2801,M'sila,35.719665,4.542566,exact,osm_node,osm,"{""osm"":""node/4879080567""}",clinique,Clinique,عيادة / مصحة,,,المسيلة,,24/7,
28-00008,Centre d’Imagerie Médicale Chifa,Centre d’Imagerie Médicale Chifa,,28,2801,M'sila,35.689705,4.536176,exact,osm_node,osm,"{""osm"":""node/5631363571""}",clinique,Clinique,عيادة / مصحة,,,,,,
28-00009,عيادة استعجالات,,عيادة استعجالات,28,2845,Beni Ilmane,35.977859,4.180424,exact,osm_node,osm,"{""osm"":""node/5889295587""}",clinique,Clinique,عيادة / مصحة,,,,,,
28-00011,عيادة بوالصلصال لطب الأطفال والموالد الحديثي,,عيادة بوالصلصال لطب الأطفال والموالد الحديثي,28,2801,M'sila,35.714303,4.5482,exact,osm_node,osm,"{""osm"":""node/9553166752""}",clinique,Clinique,عيادة / مصحة,,paediatrics,,,Sa-Fr 08:00-22:00,
28-00013,مصحة العيون,,مصحة العيون,28,2801,M'sila,35.715817,4.535813,approximate,osm_centroid,osm,"{""osm"":""way/1182982755""}",clinique,Clinique,عيادة / مصحة,private,,المسيلة,,,
28-00015,عيادة متعددة الخدمات بلدية الدهاهنة,,عيادة متعددة الخدمات بلدية الدهاهنة,28,2815,Belaiba,35.735928,5.007229,approximate,osm_centroid,osm,"{""osm"":""way/1380011683""}",polyclinique,Polyclinique,عيادة متعددة الخدمات,public,,,,,
28-00016,,,,28,2811,Magra,35.618266,5.095861,approximate,osm_centroid,osm,"{""osm"":""way/317250823""}",clinique,Clinique,عيادة / مصحة,,,مقرة,,,
28-00017,Polyclinique Dilemi Ali;المؤسسة العمومية للصحة الجوارية بالمسيلة عيادة متعددة الخدمات ديلمي علي,Polyclinique Dilemi Ali,المؤسسة العمومية للصحة الجوارية بالمسيلة عيادة متعددة الخدمات الشهيد ديلمي علي,28,2801,M'sila,35.726138,4.532316,approximate,osm_centroid,osm,"{""osm"":""way/325103854""}",polyclinique,Polyclinique,عيادة متعددة الخدمات,public,,المسيلة 28000,,,true
28-00018,عيادة,,عيادة,28,2801,M'sila,35.700764,4.551876,approximate,osm_centroid,osm,"{""osm"":""way/332351709""}",clinique,Clinique,عيادة / مصحة,,,,,,
28-00019,عيادة 500 مسكن,,عيادة 500 مسكن,28,2801,M'sila,35.715829,4.547487,approximate,osm_centroid,osm,"{""osm"":""way/496185749""}",clinique,Clinique,عيادة / مصحة,,,,,,
28-00020,مصحة الحضنة,,مصحة الحضنة,28,2801,M'sila,35.719481,4.549121,approximate,osm_centroid,osm,"{""osm"":""way/496200293""}",clinique,Clinique,عيادة / مصحة,private,,المسيلة,,,
28-00021,مصحة الفرابي,,مصحة الفرابي,28,2801,M'sila,35.719627,4.549187,approximate,osm_centroid,osm,"{""osm"":""way/496200294""}",clinique,Clinique,عيادة / مصحة,private,,المسيلة,,,
28-00022,Polyclinique du pôle urbain des 166 Logements,Polyclinique du pôle urbain des 166 Logements,,28,2801,M'sila,35.702121,4.529252,approximate,osm_centroid,osm,"{""osm"":""way/521944705""}",polyclinique,Polyclinique,عيادة متعددة الخدمات,public,,,,Su-Th 09:00-16:30,
28-00023,عيادة لاروكاد,,عيادة لاروكاد,28,2801,M'sila,35.698983,4.560348,approximate,osm_centroid,osm,"{""osm"":""way/836622959""}",clinique,Clinique,عيادة / مصحة,,,,,,
28-00024,مصحة الحماديين,Clinique Hamadites,مصحة الحماديين,28,2801,M'sila,35.738514,4.530362,approximate,osm_centroid,osm,"{""osm"":""way/919444333""}",clinique,Clinique,عيادة / مصحة,private,,,,,
28-00025,Clinique El Kalaa,Clinique El Kalaa,مصحة القلعة,28,2801,M'sila,35.717784,4.525969,approximate,osm_centroid,osm,"{""osm"":""way/988445496""}",clinique,Clinique,عيادة / مصحة,private,,,'+21335 353116,,
29-00001,,,,29,2931,Mohammadia,35.585189,0.068171,exact,osm_node,osm,"{""osm"":""node/10918351364""}",clinique,Clinique,عيادة / مصحة,,nephrology,,,,
29-00002,,,,29,2931,Mohammadia,35.584758,0.068184,exact,osm_node,osm,"{""osm"":""node/10918351375""}",clinique,Clinique,عيادة / مصحة,,,,,,
29-00003,centre ta3 l karia,centre ta3 l karia,,29,2932,Sidi Abdelmoumene,35.654998,0.062499,exact,osm_node,osm,"{""osm"":""node/2794486908""}",clinique,Clinique,عيادة / مصحة,,,,,,
29-00004,,,,29,2924,Ain Fares,35.467312,0.298966,exact,osm_node,osm,"{""osm"":""node/4107114789""}",clinique,Clinique,عيادة / مصحة,,,خلوية,,,
29-00005,مستوصف,Dispensaire,مستوصف,29,2924,Ain Fares,35.46003,0.296243,exact,osm_node,osm,"{""osm"":""node/4107134889""}",salle_de_soins,Salle de soins / dispensaire,قاعة علاج / مستوصف,public,,خلوية,,,
29-00006,المامونية,Mamounia,المامونية,29,2901,Mascara,35.426628,0.143404,exact,osm_node,osm,"{""osm"":""node/4306748892""}",clinique,Clinique,عيادة / مصحة,,,"10, المامونية 29000",,,
29-00007,Centre de Santé Sidi Daho,Centre de Santé Sidi Daho,,29,2920,Khalouia,35.446694,0.170879,exact,osm_node,osm,"{""osm"":""node/4311229395""}",centre_sante,Centre de santé,مركز صحي,,,,,,
29-00008,بيت محمد سواق,Maison souag med,بيت محمد سواق,29,2901,Mascara,35.421813,0.138502,exact,osm_node,osm,"{""osm"":""node/4311229700""}",clinique,Clinique,عيادة / مصحة,,,المامونية,,,
29-00009,Centre de Santé Ouled kada,Centre de Santé Ouled kada,,29,2920,Khalouia,35.441556,0.13454,exact,osm_node,osm,"{""osm"":""node/4311241490""}",centre_sante,Centre de santé,مركز صحي,,,,,,
29-00010,Centre de Santé Ain Fares,Centre de Santé Ain Fares,,29,2924,Ain Fares,35.478836,0.245012,exact,osm_node,osm,"{""osm"":""node/4311341791""}",centre_sante,Centre de santé,مركز صحي,,,,,,
29-00011,Centre de Santé Sidi bendjabar,Centre de Santé Sidi bendjabar,,29,2901,Mascara,35.418858,0.119485,exact,osm_node,osm,"{""osm"":""node/4319696240""}",centre_sante,Centre de santé,مركز صحي,,,,,,
29-00012,مركز الصحة المامونية,Centre de Santé Mamounia,مركز الصحة المامونية,29,2901,Mascara,35.425962,0.143028,exact,osm_node,osm,"{""osm"":""node/4319813289""}",centre_sante,Centre de santé,مركز صحي,,,المامونية,,,
29-00013,مستوصف,Dispensaire,مستوصف,29,2926,Sig,35.531082,-0.192767,exact,osm_node,osm,"{""osm"":""node/4377659192""}",salle_de_soins,Salle de soins / dispensaire,قاعة علاج / مستوصف,public,,سيق,,,
29-00014,Centre d'hémodialise,Centre d'hemodialise,مركز تصفية الكلى,29,2901,Mascara,35.398358,0.139743,exact,osm_node,osm,"{""osm"":""node/4922335892""}",clinique,Clinique,عيادة / مصحة,,hemodialyse,"4 Rue Sidi Mohammed Benamar, 29001",,,
29-00015,Centre de désintoxication,Centre desintoxication,عيادة المدنيين,29,2901,Mascara,35.397941,0.139912,exact,osm_node,osm,"{""osm"":""node/4922336076""}",clinique,Clinique,عيادة / مصحة,,,"18 Rue Nouari Hamou, 29001",,,
29-00017,المركز الصحي,centre de santé,المركز الصحي,29,2912,Ghriss,35.249831,0.160925,exact,osm_node,osm,"{""osm"":""node/5481809922""}",centre_sante,Centre de santé,مركز صحي,,,,,Sa-Th 08:00-16:30,
29-00018,polyclinique,polyclinique,,29,2910,Oued El Abtal,35.45342,0.68306,exact,osm_node,osm,"{""osm"":""node/7618827586""}",polyclinique,Polyclinique,عيادة متعددة الخدمات,public,,,,Sa-Th 08:00-18:00,
29-00019,Clinic Raja,Clinic Raja,,29,2906,Tighennif,35.412573,0.317864,exact,osm_node,osm,"{""osm"":""node/8791236763""}",clinique,Clinique,عيادة / مصحة,,,,,,
29-00020,,,,29,2931,Mohammadia,35.588895,0.062281,approximate,osm_centroid,osm,"{""osm"":""way/1175045925""}",clinique,Clinique,عيادة / مصحة,,,,,,
29-00021,,,,29,2931,Mohammadia,35.584865,0.068143,approximate,osm_centroid,osm,"{""osm"":""way/1175045926""}",clinique,Clinique,عيادة / مصحة,,,,,,
29-00022,,,,29,2931,Mohammadia,35.644193,0.128438,approximate,osm_centroid,osm,"{""osm"":""way/1204841428""}",clinique,Clinique,عيادة / مصحة,,,,,,
29-00023,,,,29,2931,Mohammadia,35.584791,0.068549,approximate,osm_centroid,osm,"{""osm"":""way/276573683""}",clinique,Clinique,عيادة / مصحة,,,Mohammadia,,,
29-00024,Polyclinque,Polyclinque,,29,2906,Tighennif,35.417186,0.328363,approximate,osm_centroid,osm,"{""osm"":""way/313827323""}",polyclinique,Polyclinique,عيادة متعددة الخدمات,public,,Tighennif,,,
29-00025,العيادة الطبية عبد الله علي بوكروشة,Polyclinique Abdellah Ali Boukerroucha,العيادة الطبية عبد الله علي بوكروشة,29,2901,Mascara,35.40556,0.146092,approximate,osm_centroid,osm,"{""osm"":""way/459618688""}",polyclinique,Polyclinique,عيادة متعددة الخدمات,public,,معسكر 29000,,,
29-00026,Polyclinique Sidi M'hamed Dariex,Polyclinique Sidi M'hamed Dariex,عيادة طبية سيدي امحمد دارياكس,29,2901,Mascara,35.391682,0.141491,approximate,osm_centroid,osm,"{""osm"":""way/545631748""}",polyclinique,Polyclinique,عيادة متعددة الخدمات,public,,"Rue des Hachems;Rue Chergui Habib;Rue Omar Benghazel, 29001",,,
29-00027,,,,29,2931,Mohammadia,35.586561,0.068226,approximate,osm_centroid,osm,"{""osm"":""way/818059795""}",clinique,Clinique,عيادة / مصحة,,,,,,
30-00001,,,,30,3004,Hassi Messaoud,31.690508,6.063419,exact,osm_node,osm,"{""osm"":""node/11382011970""}",clinique,Clinique,عيادة / مصحة,,,,,,
30-00002,العيادة متعددة الخدمات,,العيادة متعددة الخدمات,30,3002,Ain Beida,31.959296,5.386781,exact,osm_node,osm,"{""osm"":""node/12103979598""}",polyclinique,Polyclinique,عيادة متعددة الخدمات,public,,,,,
30-00003,,,,30,3001,Ouargla,31.957864,5.311297,exact,osm_node,osm,"{""osm"":""node/3771872659""}",clinique,Clinique,عيادة / مصحة,,,ورقلة,,,
30-00004,el morchid,el morchid,,30,3001,Ouargla,31.956428,5.344329,exact,osm_node,osm,"{""osm"":""node/4172952593""}",clinique,Clinique,عيادة / مصحة,,,,,,
30-00005,عيادة - حي الشرفة,Clinique,عيادة - حي الشرفة,30,3001,Ouargla,31.948168,5.320679,exact,osm_node,osm,"{""osm"":""node/4172979892""}",clinique,Clinique,عيادة / مصحة,,,,,,
30-00007,قاعة علاج,Centre de santé,قاعة علاج,30,3001,Ouargla,31.938109,5.328984,exact,osm_node,osm,"{""osm"":""node/4365031211""}",salle_de_soins,Salle de soins / dispensaire,قاعة علاج / مستوصف,public,,,,,
30-00008,الدكتور طالبي رشيد,Rachid Talbi,الدكتور طالبي رشيد,30,3001,Ouargla,31.960447,5.329435,exact,osm_node,osm,"{""osm"":""node/4500069689""}",clinique,Clinique,عيادة / مصحة,,,"شارع الأمير عبد القادر ورقلة, ورقلة",00213771210472,,
30-00010,,,,30,3005,Rouissat,31.930288,5.372743,exact,osm_node,osm,"{""osm"":""node/5066987121""}",clinique,Clinique,عيادة / مصحة,,,,,,
30-00011,ملحق طبي,Centre de santé,ملحق طبي,30,3004,Hassi Messaoud,31.686035,6.068174,exact,osm_node,osm,"{""osm"":""node/5204164928""}",centre_sante,Centre de santé,مركز صحي,,,حاسي مسعود,,,
30-00012,CMS Sonatrach,CMS Sonatrach,,30,3004,Hassi Messaoud,31.691284,6.063009,exact,osm_node,osm,"{""osm"":""node/5635940530""}",clinique,Clinique,عيادة / مصحة,,,,,,
30-00013,عيادة متعددة الإختصاصات عين البيضاء,Clinique,عيادة متعددة الإختصاصات عين البيضاء,30,3002,Ain Beida,31.941631,5.389476,exact,osm_node,osm,"{""osm"":""node/6242062988""}",polyclinique,Polyclinique,عيادة متعددة الخدمات,public,,RN 49,,,
30-00014,Centre d'Urologie Ouargla - مركز جراحة الكلى والمسالك البولية ورقلة,Centre d'Urologie Ouargla,مركز جراحة الكلى والمسالك البولية ورقلة,30,3001,Ouargla,31.956097,5.271858,exact,osm_node,osm,"{""osm"":""node/6468840892""}",clinique,Clinique,عيادة / مصحة,,urology,30000,,08:30-16:30,
30-00019,عيادة عادة,Clinique,عيادة عادة,30,3001,Ouargla,31.956936,5.263751,exact,osm_node,osm,"{""osm"":""node/8074033817""}",clinique,Clinique,عيادة / مصحة,,,,029609999,,
30-00020,Clinic Ibn-Sina عيادة ابن سينا,Clinique Ibn-Sina,عيادة ابن سينا,30,3004,Hassi Messaoud,31.686561,6.066406,exact,osm_node,osm,"{""osm"":""node/8096597817""}",clinique,Clinique,عيادة / مصحة,,,حاسي مسعود 30001,029750261,,
30-00021,Clinique EDYA,Clinique EDYA,,30,3001,Ouargla,31.959104,5.327865,approximate,osm_centroid,osm,"{""osm"":""way/304798494""}",clinique,Clinique,عيادة / مصحة,,,,,,
30-00022,المؤسسة العمومية للصحة الجوارية - العيادة متعددة الخدمات باعزيز عبد الرحمان,EPSP,المؤسسة العمومية للصحة الجوارية - العيادة متعددة الخدمات باعزيز عبد الرحمان,30,3001,Ouargla,31.952518,5.266235,approximate,osm_centroid,osm,"{""osm"":""way/305431096""}",polyclinique,Polyclinique,عيادة متعددة الخدمات,public,,,,,
30-00023,عيادة خمدات,,عيادة خمدات,30,3001,Ouargla,31.95784,5.311325,approximate,osm_centroid,osm,"{""osm"":""way/374299394""}",clinique,Clinique,عيادة / مصحة,,,ورقلة,,,
30-00024,عيادة متعددة الخدمات,Dispensaire,عيادة متعددة الخدمات,30,3005,Rouissat,31.925519,5.340322,approximate,osm_centroid,osm,"{""osm"":""way/386787520""}",polyclinique,Polyclinique,عيادة متعددة الخدمات,public,,,,,
30-00025,عيادة المجاهدة خديمو فاطمة,Clinique khdimou fatima,عيادة المجاهدة خديمو فاطمة,30,3005,Rouissat,31.927152,5.349114,approximate,osm_centroid,osm,"{""osm"":""way/388002439""}",clinique,Clinique,عيادة / مصحة,,,,,,
30-00026,قاعة علاج حي بوذراع,Salle des soins Boudraa,قاعة علاج حي بوذراع,30,3005,Rouissat,31.919463,5.35941,approximate,osm_centroid,osm,"{""osm"":""way/388017044""}",salle_de_soins,Salle de soins / dispensaire,قاعة علاج / مستوصف,public,,,,,
30-00027,عيادة,Clinique,عيادة,30,3005,Rouissat,31.929226,5.34233,approximate,osm_centroid,osm,"{""osm"":""way/389895672""}",clinique,Clinique,عيادة / مصحة,,,,,,
30-00028,عيادة,Clinique,عيادة,30,3011,Sidi Khouiled,31.977621,5.419314,approximate,osm_centroid,osm,"{""osm"":""way/439746215""}",clinique,Clinique,عيادة / مصحة,,,,,,
30-00029,عيادة متعددة الخدمات,Polyclinique,عيادة متعددة الخدمات,30,3003,N'goussa,32.143266,5.307671,approximate,osm_centroid,osm,"{""osm"":""way/440047355""}",polyclinique,Polyclinique,عيادة متعددة الخدمات,public,,,,,
30-00030,قاعة العلاج الكم,Centre de santé,قاعة العلاج الكم,30,3003,N'goussa,32.262048,5.326685,approximate,osm_centroid,osm,"{""osm"":""way/440382904""}",salle_de_soins,Salle de soins / dispensaire,قاعة علاج / مستوصف,public,,,,,
30-00031,عيادة متعددة الخدمات,Polyclinique,عيادة متعددة الخدمات,30,3003,N'goussa,32.169701,5.346581,approximate,osm_centroid,osm,"{""osm"":""way/440384932""}",polyclinique,Polyclinique,عيادة متعددة الخدمات,public,,,,,
30-00032,قاعة العلاج البور,Centre de santé,قاعة العلاج البور,30,3003,N'goussa,32.162235,5.34151,approximate,osm_centroid,osm,"{""osm"":""way/440386029""}",salle_de_soins,Salle de soins / dispensaire,قاعة علاج / مستوصف,public,,,,,
30-00033,,,,30,3002,Ain Beida,31.950374,5.39229,approximate,osm_centroid,osm,"{""osm"":""way/449696429""}",clinique,Clinique,عيادة / مصحة,,,,,,
30-00034,مستشفى القصر,Clinique al Qasr al Atiq,مستشفى القصر,30,3001,Ouargla,31.967091,5.323612,approximate,osm_centroid,osm,"{""osm"":""way/385078367""}",clinique,Clinique,عيادة / مصحة,,,ورقلة,,,
31-00001,Clinique cherrak,Clinique cherrak,,31,3101,Oran,35.692941,-0.627193,exact,osm_node,osm,"{""osm"":""node/11238626738""}",clinique,Clinique,عيادة / مصحة,,,Rue Belhandouz Adda,,,
31-00002,Clinique El Hikma,Clinique El Hikma,,31,3103,Bir El Djir,35.723172,-0.583056,exact,osm_node,osm,"{""osm"":""node/11253270789""}",clinique,Clinique,عيادة / مصحة,,,,,,
31-00003,SOLGENE,SOLGENE,,31,3103,Bir El Djir,35.734327,-0.573896,exact,osm_node,osm,"{""osm"":""node/11392255834""}",clinique,Clinique,عيادة / مصحة,,,,,,
31-00004,Clinique Fellaoucene traumatologie,Clinique Fellaoucene traumatologie,,31,3101,Oran,35.694597,-0.643406,exact,osm_node,osm,"{""osm"":""node/11407477247""}",clinique,Clinique,عيادة / مصحة,,emergency,,,,
31-00005,عيادة الغوالم,Polyclinique Ghoualem,عيادة الغوالم,31,3101,Oran,35.686161,-0.619003,exact,osm_node,osm,"{""osm"":""node/11407580837""}",polyclinique,Polyclinique,عيادة متعددة الخدمات,public,,وهران,,,
31-00006,Clinique El Abed,Clinique El Abed,عيادة العابد,31,3101,Oran,35.687203,-0.645608,exact,osm_node,osm,"{""osm"":""node/11408674243""}",clinique,Clinique,عيادة / مصحة,,,Oran 31000,,,
31-00007,dispensaire,dispensaire,,31,3107,Bethioua,35.769422,-0.282095,exact,osm_node,osm,"{""osm"":""node/11626149070""}",salle_de_soins,Salle de soins / dispensaire,قاعة علاج / مستوصف,public,,,,,
31-00008,Clinique Saint-Michel Pediatrie,Clinique Saint-Michel Pediatrie,,31,3101,Oran,35.696462,-0.639826,exact,osm_node,osm,"{""osm"":""node/12000905608""}",clinique,Clinique,عيادة / مصحة,,paediatrics,,,,
31-00009,العيادة الطبية المشور,Clinique medico chirugicale El Mechouar,العيادة الطبية المشور,31,3101,Oran,35.689558,-0.626354,exact,osm_node,osm,"{""osm"":""node/12000905609""}",clinique,Clinique,عيادة / مصحة,,,"7 Rue des frères Kharroubi, 31007",,24/7,
31-00010,Polyclinique Belgaid,Polyclinique Belgaid,,31,3103,Bir El Djir,35.745297,-0.540573,exact,osm_node,osm,"{""osm"":""node/13408843502""}",polyclinique,Polyclinique,عيادة متعددة الخدمات,public,,,,24/7,
31-00011,Centre de soins Khemisti;قاعة العلاج خميستي,Centre de soins Khemisti,قاعة العلاج خميستي,31,3103,Bir El Djir,35.729479,-0.578115,exact,osm_node,osm,"{""osm"":""node/13495014970""}",salle_de_soins,Salle de soins / dispensaire,قاعة علاج / مستوصف,public,,,,,
31-00012,"Clinique El Kindy – Diagnostic Médical, Rééducation & Remise en Forme","Clinique El Kindy – Diagnostic Médical, Rééducation & Remise en Forme",,31,3103,Bir El Djir,35.732413,-0.565089,exact,osm_node,osm,"{""osm"":""node/14053680202""}",clinique,Clinique,عيادة / مصحة,,,Boulevard Pédiatrique,'+213 550 829 655,Sa-Th 08:00-18:00,
31-00013,عيادة الرحمن,Clinique Errahmane,عيادة الرحمن,31,3103,Bir El Djir,35.716144,-0.570307,exact,osm_node,osm,"{""osm"":""node/2475059141""}",clinique,Clinique,عيادة / مصحة,,,بئر الجير,,,
31-00014,Polyclinique plateaux,Polyclinique plateaux,,31,3106,Arzew,35.860113,-0.322375,exact,osm_node,osm,"{""osm"":""node/3514800775""}",polyclinique,Polyclinique,عيادة متعددة الخدمات,public,,,,,
31-00015,Polyclinique Hai Chouhadas,Polyclinique Hai Chouhadas,,31,3101,Oran,35.691412,-0.62284,approximate,osm_centroid,osm,"{""osm"":""way/441598555""}",polyclinique,Polyclinique,عيادة متعددة الخدمات,public,,,,,
31-00016,,,,31,3117,El Kerma,35.608821,-0.576538,exact,osm_node,osm,"{""osm"":""node/4269017092""}",clinique,Clinique,عيادة / مصحة,,,,,,
31-00017,Kara 1,Kara 1,,31,3105,Es Senia,35.636199,-0.626853,exact,osm_node,osm,"{""osm"":""node/4373549092""}",clinique,Clinique,عيادة / مصحة,,,,,,
31-00018,clinique litim,clinique litim,,31,3113,Sidi Chami,35.628159,-0.519977,exact,osm_node,osm,"{""osm"":""node/4388647593""}",clinique,Clinique,عيادة / مصحة,,,,,,
31-00019,Gambetta,Gambetta,,31,3101,Oran,35.706609,-0.612664,exact,osm_node,osm,"{""osm"":""node/4391548191""}",clinique,Clinique,عيادة / مصحة,,,Rue Benouali Lahouari,,,
31-00020,مركز علاج,Centre de santé,مركز علاج,31,3105,Es Senia,35.636284,-0.673847,exact,osm_node,osm,"{""osm"":""node/4434172190""}",centre_sante,Centre de santé,مركز صحي,,,,,,
31-00021,المستشفى الجواري متعدد الخدمات,Polyclinique,المستشفى الجواري متعدد الخدمات,31,3105,Es Senia,35.640106,-0.66723,exact,osm_node,osm,"{""osm"":""node/4449247890""}",polyclinique,Polyclinique,عيادة متعددة الخدمات,public,,,,,
31-00022,Polyclinique,Polyclinique,عيادة متعددة الخدمات,31,3124,Boutlelis,35.5775,-0.901484,approximate,osm_centroid,osm,"{""osm"":""way/604269810""}",polyclinique,Polyclinique,عيادة متعددة الخدمات,public,,Boutlelis,,,
31-00023,Chiali vision,Chiali vision,,31,3101,Oran,35.693231,-0.618184,exact,osm_node,osm,"{""osm"":""node/4534001290""}",clinique,Clinique,عيادة / مصحة,,,,,,
31-00024,Clinique Kara,Clinique Kara,,31,3105,Es Senia,35.642755,-0.617441,exact,osm_node,osm,"{""osm"":""node/4584945389""}",clinique,Clinique,عيادة / مصحة,,,,,,
31-00025,Clinique médico chirurgicale EL ABRAR,Clinique médico chirurgicale EL ABRAR,,31,3105,Es Senia,35.673139,-0.641555,exact,osm_node,osm,"{""osm"":""node/4606537826""}",clinique,Clinique,عيادة / مصحة,,,"15 Rue Tolesane, Oran 31000",,,
31-00026,عيادة الأسنان زيان,Clinique dentaire Ziane,عيادة الأسنان زيان,31,3103,Bir El Djir,35.725769,-0.585841,exact,osm_node,osm,"{""osm"":""node/4671903190""}",clinique,Clinique,عيادة / مصحة,,dentist,"شارع بلماحي عبد الله, وهران",041870411,,
31-00028,Clinique Esthétique et traitement pieds DiabétiquesDr Khiat Mrabet et Dr Nedjari B,Clinique Esthétique et traitement pieds DiabétiquesDr Khiat Mrabet et Dr Nedjari B,,31,3101,Oran,35.704905,-0.641627,exact,osm_node,osm,"{""osm"":""node/4745048521""}",clinique,Clinique,عيادة / مصحة,,,"Rue Belgandouz Abdelkader, 31000",00213770325682,Sa-Th 09:00-18:00,
31-00029,المولود,clinique el mawloud,المولود,31,3101,Oran,35.68644,-0.652724,exact,osm_node,osm,"{""osm"":""node/4764571821""}",clinique,Clinique,عيادة / مصحة,,,Avenue Ben Boulaid Mustapha,,,
31-00031,معالجة النطق السيدة مليكش,Orthophoniste Mme Melikeche,معالجة النطق السيدة مليكش,31,3101,Oran,35.684799,-0.616053,exact,osm_node,osm,"{""osm"":""node/4900716936""}",clinique,Clinique,عيادة / مصحة,,speech_therapy,وهران,,,
31-00034,مركز صحي للحماية المدنية,centre médical de la protection civile,مركز صحي للحماية المدنية,31,3101,Oran,35.689967,-0.625442,exact,osm_node,osm,"{""osm"":""node/5072569522""}",centre_sante,Centre de santé,مركز صحي,,,,,,
31-00035,Salle des Soins,Salle des Soins,,31,3117,El Kerma,35.638336,-0.584462,exact,osm_node,osm,"{""osm"":""node/5097690921""}",clinique,Clinique,عيادة / مصحة,,,,,,
31-00036,Centre de Dialyse (privé),Centre de Dialyse (privé),,31,3101,Oran,35.691017,-0.615266,exact,osm_node,osm,"{""osm"":""node/5167358122""}",clinique,Clinique,عيادة / مصحة,private,,,,,
31-00037,Centre Imagerie Médicale 'Tourabi',Centre Imagerie Médicale 'Tourabi',,31,3101,Oran,35.694407,-0.616553,exact,osm_node,osm,"{""osm"":""node/5167358123""}",clinique,Clinique,عيادة / مصحة,,,,,,
31-00039,عيادة طبية,Clinique,عيادة طبية,31,3105,Es Senia,35.646808,-0.647734,exact,osm_node,osm,"{""osm"":""node/5287148923""}",clinique,Clinique,عيادة / مصحة,,,,,,
31-00040,تلقيح الاصطناعي مخزن الأسرار,Centre PMA makhzene el asrare,تلقيح الاصطناعي مخزن الأسرار,31,3101,Oran,35.70216,-0.645143,exact,osm_node,osm,"{""osm"":""node/5319360221""}",clinique,Clinique,عيادة / مصحة,,,وهران,,,
31-00044,Lotfi,Lotfi,,31,3101,Oran,35.713941,-0.591635,exact,osm_node,osm,"{""osm"":""node/5619383128""}",clinique,Clinique,عيادة / مصحة,,,,,,
31-00045,مستوصف,Dispensaire,مستوصف,31,3107,Bethioua,35.803568,-0.269545,exact,osm_node,osm,"{""osm"":""node/5662025623""}",salle_de_soins,Salle de soins / dispensaire,قاعة علاج / مستوصف,public,,بطيوة,,,
31-00046,Ibn sina عيادة إبن سينا,Clinique Ibn Sina,Ibn sina عيادة إبن سينا,31,3105,Es Senia,35.673868,-0.637468,exact,osm_node,osm,"{""osm"":""node/5682076521""}",clinique,Clinique,عيادة / مصحة,,,,,,
31-00047,Centre d'appareillage orthopédique,Centre d'appareillage orthopédique,,31,3101,Oran,35.717326,-0.600147,exact,osm_node,osm,"{""osm"":""node/5688941635""}",clinique,Clinique,عيادة / مصحة,,,,,,
31-00048,Ibn Sina,Ibn Sina,,31,3105,Es Senia,35.673793,-0.637001,exact,osm_node,osm,"{""osm"":""node/5714066724""}",clinique,Clinique,عيادة / مصحة,,,,,,
31-00049,عيادة سوناطراك,C M S SONATRACH,عيادة سوناطراك,31,3107,Bethioua,35.804103,-0.273319,exact,osm_node,osm,"{""osm"":""node/6522525385""}",clinique,Clinique,عيادة / مصحة,,,بطيوة,,,
31-00050,Kharra clinique privée,Kharra clinique privée,,31,3105,Es Senia,35.642941,-0.617387,exact,osm_node,osm,"{""osm"":""node/6954434995""}",clinique,Clinique,عيادة / مصحة,private,,,,,
31-00051,Clinique privée El anis,Clinique privée El anis,,31,3101,Oran,35.710841,-0.620546,exact,osm_node,osm,"{""osm"":""node/6954438990""}",clinique,Clinique,عيادة / مصحة,private,,31000,,Sa-Th 09:00-05:00,
31-00052,Zerhouni,Zerhouni,,31,3101,Oran,35.694461,-0.643608,exact,osm_node,osm,"{""osm"":""node/7125770785""}",clinique,Clinique,عيادة / مصحة,,,,,,
31-00053,عيادة بثينة,Clinique d'orthophonie,عيادة بثينة,31,3101,Oran,35.685539,-0.605344,exact,osm_node,osm,"{""osm"":""node/7817989486""}",clinique,Clinique,عيادة / مصحة,,speech_therapy,,,,
31-00054,Lotfi,Lotfi,,31,3101,Oran,35.716197,-0.596009,exact,osm_node,osm,"{""osm"":""node/7817989585""}",clinique,Clinique,عيادة / مصحة,,,,,,
31-00055,عيادة وهران,Clinique Wahran,عيادة وهران,31,3103,Bir El Djir,35.720065,-0.583205,exact,osm_node,osm,"{""osm"":""node/7839225989""}",clinique,Clinique,عيادة / مصحة,,,,,,
31-00056,,,,31,3103,Bir El Djir,35.721572,-0.582923,exact,osm_node,osm,"{""osm"":""node/8038634713""}",clinique,Clinique,عيادة / مصحة,,,,,,
31-00057,Mutuelle générale des PTT,Mutuelle générale des PTT,,31,3101,Oran,35.704385,-0.639895,exact,osm_node,osm,"{""osm"":""node/8375673226""}",clinique,Clinique,عيادة / مصحة,,general;ophthalmology;dentist,"Boulevard du 20 Août, Oran 31000",041334767,,
31-00058,EPSP d'Arzew المؤسسة العمومية للصحة الجوارية بأرزيو عيادة متعددة الخدمات الشهيد فريح بن يبقى,EPSP d'Arzew,EPSP d'Arzew المؤسسة العمومية للصحة الجوارية بأرزيو عيادة متعددة الخدمات الشهيد فريح بن يبقى,31,3102,Gdyel,35.779469,-0.435004,approximate,osm_centroid,osm,"{""osm"":""way/1001482485""}",polyclinique,Polyclinique,عيادة متعددة الخدمات,public,,,,24/7,
31-00060,Polyclinique Laribère,Polyclinique Laribère,,31,3101,Oran,35.705481,-0.638729,approximate,osm_centroid,osm,"{""osm"":""way/237164995""}",polyclinique,Polyclinique,عيادة متعددة الخدمات,public,,Oran 31000,,,
31-00061,Abed Attika,Abed Attika,,31,3101,Oran,35.690754,-0.655698,approximate,osm_centroid,osm,"{""osm"":""way/293367044""}",clinique,Clinique,عيادة / مصحة,,,,,,
31-00062,Polyclinique,Polyclinique,,31,3101,Oran,35.722384,-0.594453,approximate,osm_centroid,osm,"{""osm"":""way/304898038""}",polyclinique,Polyclinique,عيادة متعددة الخدمات,public,,,,,
31-00063,Clinique Echourouk privée,Clinique Echourouk privée,,31,3101,Oran,35.720384,-0.593664,approximate,osm_centroid,osm,"{""osm"":""way/308137339""}",clinique,Clinique,عيادة / مصحة,private,,,,,
31-00064,Clinique Nekkache privée,Clinique Nekkache privée,,31,3101,Oran,35.702468,-0.596485,approximate,osm_centroid,osm,"{""osm"":""way/308137644""}",clinique,Clinique,عيادة / مصحة,private,,,,24/7,
31-00065,Clinique Al nadjah privée,Clinique Al nadjah privée,,31,3101,Oran,35.701644,-0.597627,approximate,osm_centroid,osm,"{""osm"":""way/308137795""}",clinique,Clinique,عيادة / مصحة,private,general;radiology,,,,
31-00067,Clinique Chelia privée,Clinique Chelia privée,,31,3101,Oran,35.709189,-0.628379,approximate,osm_centroid,osm,"{""osm"":""way/308983551""}",clinique,Clinique,عيادة / مصحة,private,,"Boulevard En Nasr, Ora; 31000",,,
31-00068,Clinique Benmansour,Clinique Benmansour,,31,3101,Oran,35.702235,-0.599389,approximate,osm_centroid,osm,"{""osm"":""way/316294596""}",clinique,Clinique,عيادة / مصحة,,,,,,
31-00069,Polyclinique-SMT,Polyclinique-SMT,,31,3111,Oued Tlelat,35.550598,-0.455035,approximate,osm_centroid,osm,"{""osm"":""way/318753790""}",polyclinique,Polyclinique,عيادة متعددة الخدمات,public,,,,,
31-00071,Polyclinique Akid lotfi,Polyclinique Akid lotfi,,31,3103,Bir El Djir,35.72157,-0.58663,approximate,osm_centroid,osm,"{""osm"":""way/335419718""}",polyclinique,Polyclinique,عيادة متعددة الخدمات,public,,,,,
31-00072,Polyclinique du 18 Février عيادة متعددة الخدمات 18 فبراير 1989,Polyclinique du 18 Février 1989,عيادة متعددة الخدمات 18 فبراير 1989,31,3102,Gdyel,35.786633,-0.424504,approximate,osm_centroid,osm,"{""osm"":""way/335687127""}",polyclinique,Polyclinique,عيادة متعددة الخدمات,public,,قديل,,Mo-Su 08:00-17:00,
31-00073,Polyclinique ophtalmologique Bellazrague,Polyclinique ophtalmologique Bellazrague,,31,3101,Oran,35.706532,-0.63242,approximate,osm_centroid,osm,"{""osm"":""way/353005998""}",polyclinique,Polyclinique,عيادة متعددة الخدمات,public,,Oran,,,
31-00077,Clinique dentaire,Clinique dentaire,,31,3103,Bir El Djir,35.703652,-0.572819,approximate,osm_centroid,osm,"{""osm"":""way/390494148""}",clinique,Clinique,عيادة / مصحة,,dentistry,,,,
31-00078,,,,31,3106,Arzew,35.852882,-0.320436,approximate,osm_centroid,osm,"{""osm"":""way/411996954""}",clinique,Clinique,عيادة / مصحة,,,أرزيو,,,
31-00079,مستوصف حي 500 مسكن,Dispensaire quartier 500 logements,مستوصف حي 500 مسكن,31,3111,Oued Tlelat,35.557575,-0.444497,approximate,osm_centroid,osm,"{""osm"":""way/439805387""}",salle_de_soins,Salle de soins / dispensaire,قاعة علاج / مستوصف,public,,"حي 500 مسكن, وادي تليلات",,,
31-00080,Polyclinique Yaghmoracene,Polyclinique Yaghmoracene,,31,3105,Es Senia,35.673723,-0.660109,approximate,osm_centroid,osm,"{""osm"":""way/441587463""}",polyclinique,Polyclinique,عيادة متعددة الخدمات,public,general;dentistry;ophthalmology;dermatology,"cité Yaghmoracene, Oran",,,
31-00081,Polyclinique Es-Senia,Polyclinique Es-Senia,,31,3105,Es Senia,35.652799,-0.614917,approximate,osm_centroid,osm,"{""osm"":""way/441588644""}",polyclinique,Polyclinique,عيادة متعددة الخدمات,public,,Es Senia,,,
31-00082,Polyclinique Sidi Chahmi,Polyclinique Sidi Chahmi,عيادة سيدي الشحمي,31,3104,Hassi Bounif,35.658519,-0.519574,approximate,osm_centroid,osm,"{""osm"":""way/441588955""}",polyclinique,Polyclinique,عيادة متعددة الخدمات,public,,Sidi Chami,,,
31-00083,Polyclinique Front de mer,Polyclinique Front de mer,,31,3101,Oran,35.705236,-0.640466,approximate,osm_centroid,osm,"{""osm"":""way/441594109""}",polyclinique,Polyclinique,عيادة متعددة الخدمات,public,,,,,
31-00085,Clinique Dentaire,Clinique Dentaire,,31,3101,Oran,35.693827,-0.644285,approximate,osm_centroid,osm,"{""osm"":""way/441789659""}",clinique,Clinique,عيادة / مصحة,,,Oran 31000,,,
31-00086,Polyclinique Sidi Maarouf,Polyclinique Sidi Maarouf,,31,3104,Hassi Bounif,35.686107,-0.543,approximate,osm_centroid,osm,"{""osm"":""way/441799270""}",polyclinique,Polyclinique,عيادة متعددة الخدمات,public,,,,,
31-00087,Polyclinique Hai Bouamama,Polyclinique Hai Bouamama,,31,3123,Messerghin,35.662055,-0.699385,approximate,osm_centroid,osm,"{""osm"":""way/441884194""}",polyclinique,Polyclinique,عيادة متعددة الخدمات,public,general,"hai bouamama, oran",,,
31-00088,Polyclinique El Yasmine,Polyclinique El Yasmine,,31,3103,Bir El Djir,35.698971,-0.566387,approximate,osm_centroid,osm,"{""osm"":""way/442030807""}",polyclinique,Polyclinique,عيادة متعددة الخدمات,public,,,,Mo-Su 08:00-18:00,
31-00089,Salle de soin,Salle de soin,,31,3113,Sidi Chami,35.628146,-0.521295,approximate,osm_centroid,osm,"{""osm"":""way/442559825""}",salle_de_soins,Salle de soins / dispensaire,قاعة علاج / مستوصف,public,general,,,,
31-00090,Polyclinique Soufi Zoubida,Polyclinique Soufi Zoubida,,31,3101,Oran,35.680861,-0.655248,approximate,osm_centroid,osm,"{""osm"":""way/447283881""}",polyclinique,Polyclinique,عيادة متعددة الخدمات,public,general,"Avenue Tarik Ibn Ziad, Oran",,,
31-00091,مستوصف,Dispensaire,مستوصف,31,3101,Oran,35.682502,-0.640061,approximate,osm_centroid,osm,"{""osm"":""way/457944353""}",salle_de_soins,Salle de soins / dispensaire,قاعة علاج / مستوصف,public,,,,,
31-00093,Centre de transfusion sanguine,Centre de transfusion sanguine,,31,3101,Oran,35.69714,-0.580025,approximate,osm_centroid,osm,"{""osm"":""way/461623120""}",clinique,Clinique,عيادة / مصحة,,,Bir El Djir,,,
31-00094,Clinique spécialisée en orthopédie et rééducation des victimes des accidents de travail,Clinique spécialisée en orthopédie et rééducation des victimes des accidents de travail,العيادة المتخصصة في جراحة العظام والتأهيل الوظيفي لضحايا حوادث العمل,31,3105,Es Senia,35.659605,-0.693969,approximate,osm_centroid,osm,"{""osm"":""way/472145086""}",clinique,Clinique,عيادة / مصحة,,orthopaedics;rehabilitation,,,,
31-00095,مستوصف,Dispensaire,مستوصف,31,3114,Boufatis,35.702626,-0.471238,approximate,osm_centroid,osm,"{""osm"":""way/489667977""}",salle_de_soins,Salle de soins / dispensaire,قاعة علاج / مستوصف,public,,حاسي عامر,,Sa-Th 09:00-19:00,
31-00096,مركز العناية فلاوسن,Centre de Soin Fellaoucen,مركز العناية فلاوسن,31,3101,Oran,35.684146,-0.60496,approximate,osm_centroid,osm,"{""osm"":""way/498133124""}",centre_sante,Centre de santé,مركز صحي,,,"حي فلاوسن, وهران",,24/7,
31-00099,Salle de soin Hai Ennour,Salle de soin Hai Ennour,,31,3101,Oran,35.684894,-0.673569,approximate,osm_centroid,osm,"{""osm"":""way/621477049""}",salle_de_soins,Salle de soins / dispensaire,قاعة علاج / مستوصف,public,,,,,
31-00100,Polyclinique,Polyclinique,,31,3103,Bir El Djir,35.72541,-0.545148,approximate,osm_centroid,osm,"{""osm"":""way/714626902""}",polyclinique,Polyclinique,عيادة متعددة الخدمات,public,,,,,
31-00102,Polyclinique Ben Daoued,Polyclinique Ben Daoued,,31,3101,Oran,35.69293,-0.646361,approximate,osm_centroid,osm,"{""osm"":""way/783876681""}",polyclinique,Polyclinique,عيادة متعددة الخدمات,public,general,"Rue Ghaouti Abdelkader, Oran",,,
31-00103,Polyclinique Les Planteurs II,Polyclinique Les Planteurs II,,31,3101,Oran,35.698657,-0.664736,approximate,osm_centroid,osm,"{""osm"":""way/846654542""}",polyclinique,Polyclinique,عيادة متعددة الخدمات,public,general,"Les Planteurs, Oran",,,
31-00104,Polyclinique Les Planteurs I,Polyclinique Les Planteurs I,,31,3101,Oran,35.701034,-0.661056,approximate,osm_centroid,osm,"{""osm"":""way/856320349""}",polyclinique,Polyclinique,عيادة متعددة الخدمات,public,general,"les planteurs, oran",,,
31-00106,centre de santé Oran marine,centre de santé Oran marine,,31,3101,Oran,35.705134,-0.654753,approximate,osm_centroid,osm,"{""osm"":""way/865610505""}",centre_sante,Centre de santé,مركز صحي,public,general,,,,
31-00107,Polyclinique les palmiers,Polyclinique les palmiers,,31,3105,Es Senia,35.674281,-0.6462,approximate,osm_centroid,osm,"{""osm"":""way/865918187""}",polyclinique,Polyclinique,عيادة متعددة الخدمات,public,general,,,,
31-00108,centre de santé Ras el Ain,centre de santé Ras el Ain,,31,3101,Oran,35.701316,-0.654268,approximate,osm_centroid,osm,"{""osm"":""way/867319084""}",centre_sante,Centre de santé,مركز صحي,public,general,,,,
31-00109,Ancien Polyclinique,Ancien Polyclinique,مستوصف القديم,31,3102,Gdyel,35.786577,-0.424536,approximate,osm_centroid,osm,"{""osm"":""way/946849025""}",polyclinique,Polyclinique,عيادة متعددة الخدمات,public,,Gdyel,,,
31-00110,IRIS,IRIS,,31,3103,Bir El Djir,35.706992,-0.570124,approximate,osm_centroid,osm,"{""osm"":""way/999070049""}",clinique,Clinique,عيادة / مصحة,,,,,,
32-00001,شوبان توفيق,Choban toufik,شوبان توفيق,32,3201,El Bayadh,33.673487,1.013629,exact,osm_node,osm,"{""osm"":""node/10295661909""}",clinique,Clinique,عيادة / مصحة,,,,049611264,,
32-00002,النقطة الخامسة,,النقطة الخامسة,32,3215,Krakda,33.149973,0.951065,exact,osm_node,osm,"{""osm"":""node/10564950809""}",clinique,Clinique,عيادة / مصحة,,,,,,
32-00004,عيادة الصندوق الوطني للتوفير والاحتياط,Clinique CNEP,عيادة الصندوق الوطني للتوفير والاحتياط,32,3201,El Bayadh,33.674129,1.025027,exact,osm_node,osm,"{""osm"":""node/4299261122""}",clinique,Clinique,عيادة / مصحة,,,"حي الصندوق الوطني للتوفير والاحتياط, البيض 32000",,,
32-00005,عيادة حي اللوز,Clinique hai louz,عيادة حي اللوز,32,3201,El Bayadh,33.688919,1.00775,exact,osm_node,osm,"{""osm"":""node/4483423790""}",clinique,Clinique,عيادة / مصحة,,,"حي اللوز, البيض",,,
33-00001,Centre toxicologique,Centre toxicologique,,33,3301,Illizi,26.517364,8.489599,exact,osm_node,osm,"{""osm"":""node/3195279192""}",clinique,Clinique,عيادة / مصحة,,,,,,
33-00002,,,,33,3301,Illizi,26.513233,8.484961,exact,osm_node,osm,"{""osm"":""node/3195279314""}",clinique,Clinique,عيادة / مصحة,,,إليزي,,,
33-00003,عيادة بلبشير,Clinique Belbachir,عيادة بلبشير,33,3301,Illizi,26.472618,8.480909,exact,osm_node,osm,"{""osm"":""node/3195597281""}",clinique,Clinique,عيادة / مصحة,,,"بلبشير, إليزي",,,
33-00004,,,,33,3303,Debdeb,30.286237,8.056742,exact,osm_node,osm,"{""osm"":""node/3505968359""}",clinique,Clinique,عيادة / مصحة,,general,,,,
33-00005,C.R.M.T ASL,C.R.M.T ASL,,33,3306,In Amenas,28.039151,9.573802,exact,osm_node,osm,"{""osm"":""node/4514207089""}",clinique,Clinique,عيادة / مصحة,public,,Sonatrach ASL In Amenas,,,
33-00006,ibn sina,ibn sina,,33,3301,Illizi,26.506279,8.484375,approximate,osm_centroid,osm,"{""osm"":""way/313558106""}",clinique,Clinique,عيادة / مصحة,,,,,,
34-00001,Polyclinique 200,Polyclinique 200,,34,3402,Ras El Oued,35.951583,5.030597,exact,osm_node,osm,"{""osm"":""node/3505889608""}",polyclinique,Polyclinique,عيادة متعددة الخدمات,public,,,,,
34-00002,Clinique zeraïbi,Clinique zeraïbi,,34,3401,Bordj Bou Arreridj,36.078985,4.767297,exact,osm_node,osm,"{""osm"":""node/3912453770""}",clinique,Clinique,عيادة / مصحة,,,,,,
34-00003,clinique bourenane,clinique bourenane,,34,3407,El Achir,36.063674,4.634177,exact,osm_node,osm,"{""osm"":""node/4109300496""}",clinique,Clinique,عيادة / مصحة,,,,,,
34-00004,,,,34,3401,Bordj Bou Arreridj,36.062776,4.770756,exact,osm_node,osm,"{""osm"":""node/4109760973""}",clinique,Clinique,عيادة / مصحة,,,,,,
34-00006,المركز الصحي الجواري 5 جويلية,EPSP,المركز الصحي الجواري 5 جويلية,34,3401,Bordj Bou Arreridj,36.072328,4.744471,exact,osm_node,osm,"{""osm"":""node/4413691091""}",centre_sante,Centre de santé,مركز صحي,,,,,,
34-00007,,,,34,3401,Bordj Bou Arreridj,36.068894,4.751488,exact,osm_node,osm,"{""osm"":""node/4418047295""}",clinique,Clinique,عيادة / مصحة,,,,,,
34-00008,المركز الصحي الجواري الفيبور,EPSP,المركز الصحي الجواري الفيبور,34,3401,Bordj Bou Arreridj,36.067809,4.756808,exact,osm_node,osm,"{""osm"":""node/4418063089""}",centre_sante,Centre de santé,مركز صحي,,,,,,
34-00009,,,,34,3401,Bordj Bou Arreridj,36.068171,4.768206,exact,osm_node,osm,"{""osm"":""node/4418064198""}",clinique,Clinique,عيادة / مصحة,,,,,,
34-00010,المركز الصحي الجواري 12 هكتار,EPSP,المركز الصحي الجواري 12 هكتار,34,3401,Bordj Bou Arreridj,36.065811,4.742298,exact,osm_node,osm,"{""osm"":""node/4509613901""}",centre_sante,Centre de santé,مركز صحي,,,,,,
34-00011,,,,34,3401,Bordj Bou Arreridj,36.06822,4.744065,exact,osm_node,osm,"{""osm"":""node/4509652702""}",clinique,Clinique,عيادة / مصحة,,,,,,
34-00012,,,,34,3401,Bordj Bou Arreridj,36.076389,4.767922,exact,osm_node,osm,"{""osm"":""node/4509683096""}",clinique,Clinique,عيادة / مصحة,,,,,,
34-00013,المركز الصحي الجواري الكوشة,Polyclinique el koucha,المركز الصحي الجواري الكوشة,34,3401,Bordj Bou Arreridj,36.077471,4.76586,exact,osm_node,osm,"{""osm"":""node/4509701289""}",polyclinique,Polyclinique,عيادة متعددة الخدمات,public,,,,,
34-00014,مصحة بهلولي المختار,CLINIQUE Behlouli Al MOKHTAR,مصحة بهلولي المختار,34,3401,Bordj Bou Arreridj,36.075625,4.738264,exact,osm_node,osm,"{""osm"":""node/4523229189""}",clinique,Clinique,عيادة / مصحة,private,,34000,'+213668364534,24/7,
34-00015,Polyclinique Mahfoudi,Polyclinique Mahfoudi,,34,3408,Ain Taghrout,36.130469,5.079473,exact,osm_node,osm,"{""osm"":""node/4589085896""}",polyclinique,Polyclinique,عيادة متعددة الخدمات,public,,,,,
34-00016,بوصيدة كسال,,بوصيدة كسال,34,3409,Bordj Ghedir,35.902331,4.889138,exact,osm_node,osm,"{""osm"":""node/4589465399""}",clinique,Clinique,عيادة / مصحة,,,,,,
34-00017,,,,34,3401,Bordj Bou Arreridj,36.069688,4.758537,exact,osm_node,osm,"{""osm"":""node/4595203304""}",clinique,Clinique,عيادة / مصحة,,,,,,
34-00018,,,,34,3401,Bordj Bou Arreridj,36.072016,4.750914,exact,osm_node,osm,"{""osm"":""node/4595246191""}",clinique,Clinique,عيادة / مصحة,,,,,,
34-00019,,,,34,3401,Bordj Bou Arreridj,36.069858,4.75696,exact,osm_node,osm,"{""osm"":""node/4595247791""}",clinique,Clinique,عيادة / مصحة,,,,,,
34-00020,حجامة,Hidjama,حجامة,34,3401,Bordj Bou Arreridj,36.080987,4.774818,exact,osm_node,osm,"{""osm"":""node/4595249792""}",clinique,Clinique,عيادة / مصحة,,,,,,
34-00021,,,,34,3401,Bordj Bou Arreridj,36.070747,4.757774,exact,osm_node,osm,"{""osm"":""node/4687212089""}",clinique,Clinique,عيادة / مصحة,,,,,,
34-00022,Clinique scolaire,Clinique scolaire,,34,3401,Bordj Bou Arreridj,36.069475,4.761002,exact,osm_node,osm,"{""osm"":""node/4691003790""}",clinique,Clinique,عيادة / مصحة,,,,,,
34-00023,المركز الطبي الإجتماعي-الشرطة,,المركز الطبي الإجتماعي-الشرطة,34,3401,Bordj Bou Arreridj,36.070007,4.747775,exact,osm_node,osm,"{""osm"":""node/4715920794""}",clinique,Clinique,عيادة / مصحة,,,,,,
34-00024,Clinique scolaire,Clinique scolaire,,34,3401,Bordj Bou Arreridj,36.078217,4.755761,exact,osm_node,osm,"{""osm"":""node/4715921191""}",clinique,Clinique,عيادة / مصحة,,,,,,
34-00025,,,,34,3401,Bordj Bou Arreridj,36.081218,4.751083,exact,osm_node,osm,"{""osm"":""node/4740350259""}",clinique,Clinique,عيادة / مصحة,,,,,,
34-00026,,,,34,3401,Bordj Bou Arreridj,36.070601,4.76172,exact,osm_node,osm,"{""osm"":""node/4740394922""}",clinique,Clinique,عيادة / مصحة,,,,,,
34-00027,العيادة المتعدد الخدمات الماين,,العيادة المتعدد الخدمات الماين,34,3418,Ouled Dahmane,36.368615,4.732513,exact,osm_node,osm,"{""osm"":""node/4764681334""}",polyclinique,Polyclinique,عيادة متعددة الخدمات,public,,,,,
34-00028,عيادة الدكتور مالك,,عيادة الدكتور مالك,34,3418,Ouled Dahmane,36.369713,4.734948,exact,osm_node,osm,"{""osm"":""node/4764681627""}",clinique,Clinique,عيادة / مصحة,,,,,,
34-00029,مستشفى متعدد الخدمات,Polyclinique,عيادة متعددةالخدمات,34,3405,El M'hir,36.120863,4.373807,exact,osm_node,osm,"{""osm"":""node/4875849221""}",polyclinique,Polyclinique,عيادة متعددة الخدمات,public,,,,,
34-00030,مركز الأمل للأرطفونيا والتوحد,Centre dorthophonie(Al amal),مركز الأمل للأرطفونيا والتوحد,34,3401,Bordj Bou Arreridj,36.073237,4.762983,exact,osm_node,osm,"{""osm"":""node/4969384021""}",clinique,Clinique,عيادة / مصحة,,,Place du 1er Mai,0792975789,,
34-00031,عيادة طبية متعددة الخدمات,Polyclinique,عيادة طبية متعددة الخدمات,34,3417,Ouled Brahem,35.874045,5.074251,exact,osm_node,osm,"{""osm"":""node/5088205525""}",polyclinique,Polyclinique,عيادة متعددة الخدمات,public,,,,,
34-00032,قاعة علاج 40 مسكن,,قاعة علاج 40 مسكن,34,3404,Mansoura,36.087215,4.454806,exact,osm_node,osm,"{""osm"":""node/5194323821""}",salle_de_soins,Salle de soins / dispensaire,قاعة علاج / مستوصف,public,,,,,
34-00033,عيادة متعددة الخدمات الصحية محفوظي العمري,Polyclinique Mahfoudi Lamri,عيادة متعددة الخدمات الصحية محفوظي العمري,34,3408,Ain Taghrout,36.130467,5.079539,exact,osm_node,osm,"{""osm"":""node/5913754485""}",polyclinique,Polyclinique,عيادة متعددة الخدمات,public,,,,,
34-00035,مخبر ابن النفيس للتحاليل الطبية,,مخبر ابن النفيس للتحاليل الطبية,34,3401,Bordj Bou Arreridj,36.068185,4.773049,exact,osm_node,osm,"{""osm"":""node/6404974787""}",clinique,Clinique,عيادة / مصحة,,,حي 17 أكتوبر شارع X رقم 32 برج بوعريريج,0561691616,,
34-00036,Clinique d'hemodialyse Bendaoud,SARL cinidial el amine BENDAOUD,,34,3401,Bordj Bou Arreridj,36.059716,4.776331,approximate,osm_centroid,osm,"{""osm"":""way/1197086595""}",clinique,Clinique,عيادة / مصحة,,,"332 lot oueld slimane 471 lots fg 17 oct, 34000",035720331,Sa-Th,
34-00037,Clinique d'hémodialyse BENDAOUD,Clinique d'hémodialyse BENDAOUD,,34,3401,Bordj Bou Arreridj,36.059811,4.775762,approximate,osm_centroid,osm,"{""osm"":""way/1197087136""}",clinique,Clinique,عيادة / مصحة,,,"332 lot oueld slimane 471 lots fg 17 octobre BORDJ BOU ARRERIDJ, 34000",035720331,Sa-Th 05:30-19:00,
34-00038,Centre d'imagerie Scintigraphique El Belsem,Centre d'imagerie Scintigraphique El Belsem,مركز البلسم للتصوير الطبي الومضائي (سنتغرافي),34,3401,Bordj Bou Arreridj,36.066406,4.742248,approximate,osm_centroid,osm,"{""osm"":""way/1205330609""}",clinique,Clinique,عيادة / مصحة,,,"N°5. SEBBAN YAHIA (BC) 12hectare, Bordj Bou Arréridj",035721616,,
34-00039,قاعة علاج الشواثرة,,قاعة علاج الشواثرة,34,3409,Bordj Ghedir,35.910161,4.926499,approximate,osm_centroid,osm,"{""osm"":""way/1382240413""}",salle_de_soins,Salle de soins / dispensaire,قاعة علاج / مستوصف,public,,,,,
34-00040,العيادة متعددة الخدمات برج الغدير,,العيادة متعددة الخدمات برج الغدير,34,3409,Bordj Ghedir,35.901508,4.899597,approximate,osm_centroid,osm,"{""osm"":""way/1382256483""}",polyclinique,Polyclinique,عيادة متعددة الخدمات,public,,,,,
34-00041,,,,34,3432,Ghailasa,35.958903,4.909651,approximate,osm_centroid,osm,"{""osm"":""way/1382273208""}",clinique,Clinique,عيادة / مصحة,,,,,,
34-00042,,,,34,3401,Bordj Bou Arreridj,36.056865,4.793733,approximate,osm_centroid,osm,"{""osm"":""way/1383515254""}",clinique,Clinique,عيادة / مصحة,,,,,,
34-00043,,,,34,3431,Bir Kasdali,36.149314,5.020913,approximate,osm_centroid,osm,"{""osm"":""way/1538271074""}",clinique,Clinique,عيادة / مصحة,,,,,,
34-00044,Polyclinique Monia,Polyclinique Monia,,34,3401,Bordj Bou Arreridj,36.076394,4.772595,approximate,osm_centroid,osm,"{""osm"":""way/229224451""}",polyclinique,Polyclinique,عيادة متعددة الخدمات,public,,,,,
34-00045,Polyclinique,Polyclinique,,34,3402,Ras El Oued,35.942883,5.035654,approximate,osm_centroid,osm,"{""osm"":""way/343571137""}",polyclinique,Polyclinique,عيادة متعددة الخدمات,public,,Ras El Oued,,,
34-00046,,,,34,3401,Bordj Bou Arreridj,36.069587,4.766241,approximate,osm_centroid,osm,"{""osm"":""way/375960347""}",clinique,Clinique,عيادة / مصحة,,,,,,
34-00047,Centre De Sante 1044,Centre De Sante 1044,,34,3401,Bordj Bou Arreridj,36.081405,4.791012,approximate,osm_centroid,osm,"{""osm"":""way/386193181""}",centre_sante,Centre de santé,مركز صحي,,,,,,
34-00048,Clinique Akhrouf,Clinique Akhrouf,,34,3428,El Annasseur,36.068984,4.813309,approximate,osm_centroid,osm,"{""osm"":""way/387836020""}",clinique,Clinique,عيادة / مصحة,,,,,,
34-00049,Centre De Sante 1008,Centre De Sante 1008,,34,3401,Bordj Bou Arreridj,36.082604,4.770423,approximate,osm_centroid,osm,"{""osm"":""way/388025475""}",centre_sante,Centre de santé,مركز صحي,,,,,,
34-00050,بوصيدة كسال,,بوصيدة كسال,34,3409,Bordj Ghedir,35.902719,4.889672,approximate,osm_centroid,osm,"{""osm"":""way/783083847""}",clinique,Clinique,عيادة / مصحة,,,,,,
34-00051,,,,34,3429,Tassamert,36.282878,4.821474,approximate,osm_centroid,osm,"{""osm"":""way/911051692""}",clinique,Clinique,عيادة / مصحة,,,,,,
35-00001,clinic el Hilal عيادة الهلال,,عيادة الهلال,35,3521,Larbatache,36.639549,3.365895,exact,osm_node,osm,"{""osm"":""node/10113784933""}",clinique,Clinique,عيادة / مصحة,,,Larbatache لربعطاش,,,
35-00002,معهد العناية الجسدية لكل الأمراض المزمنة,,معهد العناية الجسدية لكل الأمراض المزمنة,35,3533,Ouled Hedadj,36.682573,3.339338,exact,osm_node,osm,"{""osm"":""node/11118202973""}",clinique,Clinique,عيادة / مصحة,,,,,,
35-00003,Centre de soins Azouza,Centre de soins Azouza,,35,3514,Chabet El Ameur,36.656844,3.733011,exact,osm_node,osm,"{""osm"":""node/11635817579""}",centre_sante,Centre de santé,مركز صحي,,,,,,
35-00004,مركز ابو الحارث,,مركز ابو الحارث,35,3502,Boudouaou,36.731762,3.407951,exact,osm_node,osm,"{""osm"":""node/12772103401""}",clinique,Clinique,عيادة / مصحة,,,المرجه بودواو,0664569201,,
35-00005,Dispensaire Issers,Dispensaire Issers,,35,3510,Isser,36.721006,3.664201,exact,osm_node,osm,"{""osm"":""node/12803144478""}",salle_de_soins,Salle de soins / dispensaire,قاعة علاج / مستوصف,public,,,,,
35-00006,Clinic Élaine,Clinic Élaine,عيادة إيليين,35,3533,Ouled Hedadj,36.716352,3.363909,exact,osm_node,osm,"{""osm"":""node/13101276201""}",clinique,Clinique,عيادة / مصحة,,,,,24/7,
35-00008,POLYCLINIQUE,POLYCLINIQUE,,35,3536,Hammedi,36.65975,3.243932,exact,osm_node,osm,"{""osm"":""node/2528502044""}",polyclinique,Polyclinique,عيادة متعددة الخدمات,public,,,,,true
35-00009,Polyclinique CORSO,Polyclinique CORSO,,35,3519,Corso,36.752378,3.445067,exact,osm_node,osm,"{""osm"":""node/2529649164""}",polyclinique,Polyclinique,عيادة متعددة الخدمات,public,,,,,true
35-00010,Dispensaire,Dispensaire,,35,3502,Boudouaou,36.709946,3.39591,exact,osm_node,osm,"{""osm"":""node/3608538803""}",salle_de_soins,Salle de soins / dispensaire,قاعة علاج / مستوصف,public,,,,,
35-00011,oulad,oulad,,35,3536,Hammedi,36.699024,3.286427,exact,osm_node,osm,"{""osm"":""node/4344698929""}",clinique,Clinique,عيادة / مصحة,,,,,,
35-00012,Centre de soins,Centre de soins,,35,3522,Bouzegza Keddara,36.598805,3.48579,exact,osm_node,osm,"{""osm"":""node/4400758692""}",centre_sante,Centre de santé,مركز صحي,,,,,,
35-00013,dellys,dellys,,35,3528,Dellys,36.916497,3.89555,exact,osm_node,osm,"{""osm"":""node/4819712921""}",clinique,Clinique,عيادة / مصحة,,,,,,
35-00014,مستوصف,Polyclinique,مستوصف,35,3536,Hammedi,36.680908,3.258552,exact,osm_node,osm,"{""osm"":""node/5926798985""}",polyclinique,Polyclinique,عيادة متعددة الخدمات,public,,,,,
35-00015,,,,35,3525,Taourga,36.842445,3.988294,exact,osm_node,osm,"{""osm"":""node/6001297931""}",clinique,Clinique,عيادة / مصحة,,,,,,
35-00016,dispensaire,dispensaire,,35,3525,Taourga,36.843229,3.98773,exact,osm_node,osm,"{""osm"":""node/6001298368""}",salle_de_soins,Salle de soins / dispensaire,قاعة علاج / مستوصف,public,,,,,
35-00018,Centre de vaccination COVID19,Centre de vaccination COVID19,,35,3519,Corso,36.755165,3.477498,exact,osm_node,osm,"{""osm"":""node/8907868606""}",clinique,Clinique,عيادة / مصحة,,vaccination;covid19,,,,
35-00019,قاعة العلاج - حي الصمايدية,,قاعة العلاج - حي الصمايدية,35,3536,Hammedi,36.663502,3.271806,approximate,osm_centroid,osm,"{""osm"":""way/1171596316""}",salle_de_soins,Salle de soins / dispensaire,قاعة علاج / مستوصف,public,general,,,,
35-00020,Polyclinique khemis el khechna,Polyclinique khemis el khechna,,35,3537,Khemis El Khechna,36.649091,3.332501,approximate,osm_centroid,osm,"{""osm"":""way/1171844805""}",polyclinique,Polyclinique,عيادة متعددة الخدمات,public,,"Rue feham djillali, 35010",024970100,24/7,
35-00021,,,,35,3538,El Kharrouba,36.653146,3.404581,approximate,osm_centroid,osm,"{""osm"":""way/1172299735""}",clinique,Clinique,عيادة / مصحة,,,الخروبة,,,
35-00022,Dispensaire Beni Amrane,Dispensaire Beni Amrane,,35,3530,Beni Amrane,36.668862,3.596175,approximate,osm_centroid,osm,"{""osm"":""way/1176814271""}",salle_de_soins,Salle de soins / dispensaire,قاعة علاج / مستوصف,public,,,,,
35-00023,Clinique Beni amrane,Clinique Beni amrane,,35,3530,Beni Amrane,36.668883,3.595445,approximate,osm_centroid,osm,"{""osm"":""way/1176814563""}",clinique,Clinique,عيادة / مصحة,,,Beni Amrane,,,
35-00024,Dispensaire Souk el Had,Dispensaire Souk el Had,,35,3530,Beni Amrane,36.694266,3.592993,approximate,osm_centroid,osm,"{""osm"":""way/1376874740""}",salle_de_soins,Salle de soins / dispensaire,قاعة علاج / مستوصف,public,,,,,
35-00025,Clinique Es Salam (ex Colline Verte),Clinique Es Salam (ex Colline Verte),,35,3501,Boumerdes,36.763302,3.463033,approximate,osm_centroid,osm,"{""osm"":""way/231706647""}",clinique,Clinique,عيادة / مصحة,,,,0770 65 45 94 / 213 (0) 24 91 15 65,,
35-00027,Polyclinique Ouled Moussa,Polyclinique Ouled Moussa,,35,3520,Ouled Moussa,36.687676,3.362537,approximate,osm_centroid,osm,"{""osm"":""way/244830977""}",polyclinique,Polyclinique,عيادة متعددة الخدمات,public,,,,,true
35-00028,Ikrram polyclinique,Ikrram polyclinique,عيادة الاكرام لتصفية الدم,35,3520,Ouled Moussa,36.682888,3.368765,approximate,osm_centroid,osm,"{""osm"":""way/244853829""}",polyclinique,Polyclinique,عيادة متعددة الخدمات,public,,,,,
35-00029,Polyclinique,Polyclinique,,35,3536,Hammedi,36.700469,3.301066,approximate,osm_centroid,osm,"{""osm"":""way/245080946""}",polyclinique,Polyclinique,عيادة متعددة الخدمات,public,,,,,true
35-00030,Polyclinique,Polyclinique,,35,3502,Boudouaou,36.732236,3.399943,approximate,osm_centroid,osm,"{""osm"":""way/259256277""}",polyclinique,Polyclinique,عيادة متعددة الخدمات,public,,,,,
35-00033,Dispensaire 1200,Dispensaire 1200,,35,3519,Corso,36.755193,3.464688,approximate,osm_centroid,osm,"{""osm"":""way/440055577""}",salle_de_soins,Salle de soins / dispensaire,قاعة علاج / مستوصف,public,,,,,
35-00034,Maternité OSPA,Maternité OSPA,,35,3519,Corso,36.755509,3.477596,approximate,osm_centroid,osm,"{""osm"":""way/476938867""}",maternite,Maternité / clinique d'accouchement,مصحة توليد,,,"Boulevard de l'ALN, Boumerdès 35000",,,
35-00035,Maternité,Maternité,,35,3519,Corso,36.755986,3.477391,approximate,osm_centroid,osm,"{""osm"":""way/476938868""}",maternite,Maternité / clinique d'accouchement,مصحة توليد,,,"Boulevard de l'ALN, Boumerdès 35000",,,
35-00036,polyclinique haouch el mekhfi,polyclinique haouch el mekhfi,,35,3533,Ouled Hedadj,36.716814,3.366528,approximate,osm_centroid,osm,"{""osm"":""way/797906128""}",polyclinique,Polyclinique,عيادة متعددة الخدمات,public,general,,,,
36-00001,Polyclinique,Polyclinique,,36,3603,Ben M Hidi,36.763984,7.90201,exact,osm_node,osm,"{""osm"":""node/4222017892""}",polyclinique,Polyclinique,عيادة متعددة الخدمات,public,,,,,
36-00002,عيادة غوافرية,Clinique GOUAFRIA,عيادة غوافرية,36,3613,Drean,36.686521,7.752241,exact,osm_node,osm,"{""osm"":""node/7707545064""}",clinique,Clinique,عيادة / مصحة,,,,,,
36-00003,Salle de soin cité FLN;غرفة العلاج حي جبهة التحرير الوطني الجزائرية,Salle de soin cité FLN,غرفة العلاج حي جبهة التحرير الوطني الجزائرية,36,3605,El Kala,36.888036,8.437392,exact,osm_node,osm,"{""osm"":""node/4253344546""}",salle_de_soins,Salle de soins / dispensaire,قاعة علاج / مستوصف,public,,"حي جبهة التحرير الوطني الجزائرية, القالة",,,
36-00004,مركز أم الطبول الصحي,Centre de santé Oum Theboul,مركز أم الطبول الصحي,36,3609,Souarekh,36.88147,8.564734,exact,osm_node,osm,"{""osm"":""node/4253359904""}",centre_sante,Centre de santé,مركز صحي,,,"أم الطبول, السوارخ",,,
36-00005,غرفة العناية الفرين,Salle de soin Frine,غرفة العناية الفرين,36,3606,Ain El Assel,36.826367,8.421444,exact,osm_node,osm,"{""osm"":""node/4345617997""}",salle_de_soins,Salle de soins / dispensaire,قاعة علاج / مستوصف,public,,,,Su-Th 08:00-16:30,
36-00006,مركز دعوة الحق للطب البديل والرقية الشرعية,,مركز دعوة الحق للطب البديل والرقية الشرعية,36,3604,Bougous,36.781466,8.379442,exact,osm_node,osm,"{""osm"":""node/4395442989""}",clinique,Clinique,عيادة / مصحة,,,"عين العسل, الطارف 39100",0662550306,,
36-00007,عيادة شبيطة مختار,Polyclinique Chebaita mokhtar,عيادة شبيطة مختار,36,3615,Chebaita Mokhtar,36.756779,7.739356,exact,osm_node,osm,"{""osm"":""node/4602360489""}",polyclinique,Polyclinique,عيادة متعددة الخدمات,public,,,,,
36-00008,,,,36,3619,Zerizer,36.72774,7.897369,exact,osm_node,osm,"{""osm"":""node/4872160221""}",clinique,Clinique,عيادة / مصحة,,,,,,
36-00009,المؤسسة العمومية للصحة الجوارية,polyclinique ayouss,المؤسسة العمومية للصحة الجوارية مرزوق إبراهيم,36,3601,El Tarf,36.755653,8.32252,exact,osm_node,osm,"{""osm"":""node/5864503085""}",polyclinique,Polyclinique,عيادة متعددة الخدمات,public,,,,,
36-00010,عيادة رمل السوق,polyclinique Ramel Souk,عيادة رمل السوق,36,3624,Raml Souk,36.791979,8.533389,exact,osm_node,osm,"{""osm"":""node/6262246085""}",polyclinique,Polyclinique,عيادة متعددة الخدمات,public,,رمل السوق,,,
36-00012,Meridima- Grande plage;مريديمة - شاطئ الكبير,Meridima- Grande plage,مريديمة - شاطئ الكبير,36,3605,El Kala,36.894938,8.449336,approximate,osm_centroid,osm,"{""osm"":""way/316255952""}",clinique,Clinique,عيادة / مصحة,,,القالة,,,
36-00013,,,,36,3616,Besbes,36.702101,7.841984,approximate,osm_centroid,osm,"{""osm"":""way/341020602""}",clinique,Clinique,عيادة / مصحة,,,Besbes,,,
36-00014,Centre de Santé,Centre de Santé,مركز الصحة,36,3604,Bougous,36.784845,8.380718,approximate,osm_centroid,osm,"{""osm"":""way/341030349""}",centre_sante,Centre de santé,مركز صحي,,,36100,,24/7,
36-00015,Polyclinique Boulif;عيادة بوليف,Polyclinique Boulif,عيادة بوليف,36,3605,El Kala,36.894577,8.433144,approximate,osm_centroid,osm,"{""osm"":""way/426779018""}",polyclinique,Polyclinique,عيادة متعددة الخدمات,public,,"شارع 24 أبريل, القالة",,,
36-00016,مركز الصحي أم الطبول,Centre de santé Oum Theboul,مركز الصحي أم الطبول,36,3609,Souarekh,36.881449,8.564718,approximate,osm_centroid,osm,"{""osm"":""way/426806198""}",centre_sante,Centre de santé,مركز صحي,,,"أم الطبول, السوارخ",,,
36-00017,Centre de sente,Centre de sente,,36,3615,Chebaita Mokhtar,36.722265,7.725929,approximate,osm_centroid,osm,"{""osm"":""way/429408142""}",clinique,Clinique,عيادة / مصحة,,,,,,
36-00018,Centre de protection maternelle et infantile algerie,Centre de protection maternelle et infantile algerie,,36,3601,El Tarf,36.763388,8.321036,approximate,osm_centroid,osm,"{""osm"":""way/571033837""}",centre_sante,Centre de santé,مركز صحي,,,,,,
37-00001,جناح العلاج الطبيعي,,جناح العلاج الطبيعي,37,3701,Tindouf,27.482287,-8.081186,exact,osm_node,osm,"{""osm"":""node/7178769987""}",clinique,Clinique,عيادة / مصحة,,physiotherapy,الرابوني,,,
37-00002,جناح التحاليل,,جناح التحاليل,37,3701,Tindouf,27.482352,-8.08101,exact,osm_node,osm,"{""osm"":""node/7178769988""}",clinique,Clinique,عيادة / مصحة,,,الرابوني,,,
37-00003,جناح الاستعجالات,,جناح الاستعجالات,37,3701,Tindouf,27.482593,-8.081311,exact,osm_node,osm,"{""osm"":""node/7178771787""}",clinique,Clinique,عيادة / مصحة,,,الرابوني,,,
37-00004,جناح العلاج الطبيعي,,جناح العلاج الطبيعي,37,3701,Tindouf,27.482193,-8.081602,exact,osm_node,osm,"{""osm"":""node/7178885786""}",clinique,Clinique,عيادة / مصحة,,,الرابوني,,,
37-00005,"ذوي الاحتياجات الخاصة ""كاسترو""",,"ذوي الاحتياجات الخاصة ""كاسترو""",37,3701,Tindouf,27.492919,-7.825744,exact,osm_node,osm,"{""osm"":""node/7428813590""}",clinique,Clinique,عيادة / مصحة,,,,,,
37-00006,عياة موسسة الشفاء,,عياة موسسة الشفاء,37,3701,Tindouf,27.496637,-7.826929,exact,osm_node,osm,"{""osm"":""node/8039824641""}",clinique,Clinique,عيادة / مصحة,,,,,,
37-00007,عياة الشفاء,,عياة الشفاء,37,3701,Tindouf,27.496631,-7.826927,approximate,osm_centroid,osm,"{""osm"":""way/863023195""}",clinique,Clinique,عيادة / مصحة,,,,,,
37-00008,عيادة خارجية مستشفى الرابوني,,عيادة خارجية مستشفى الرابوني,37,3701,Tindouf,27.482027,-8.081546,exact,osm_node,osm,"{""osm"":""node/7178708786""}",clinique,Clinique,عيادة / مصحة,,,الرابوني,,24/7,
38-00001,UDS Frères BELKHAROUBI,UDS Frères BELKHAROUBI,,38,3803,Theniet El Had,35.873664,2.027494,exact,osm_node,osm,"{""osm"":""node/3167575152""}",clinique,Clinique,عيادة / مصحة,,,Theniet El Had 38200,'+213 46 48 36 72,08:00-16:30,
38-00002,عيادة متعددة الخدمات العيون,,عيادة متعددة الخدمات العيون,38,3810,Layoune,35.698077,1.99555,exact,osm_node,osm,"{""osm"":""node/3167910067""}",polyclinique,Polyclinique,عيادة متعددة الخدمات,public,,Layoune,,,
38-00003,Polyclinique,Polyclinique,,38,3811,Khemisti,35.667488,1.968726,exact,osm_node,osm,"{""osm"":""node/3167921168""}",polyclinique,Polyclinique,عيادة متعددة الخدمات,public,,Khemisti 38100,,,
38-00004,Santé scolaire,Santé scolaire,,38,3811,Khemisti,35.667016,1.964566,exact,osm_node,osm,"{""osm"":""node/3167927977""}",clinique,Clinique,عيادة / مصحة,,,Khemisti 38100,,,
38-00005,,,,38,3801,Tissemsilt,35.604137,1.802752,exact,osm_node,osm,"{""osm"":""node/3169266264""}",clinique,Clinique,عيادة / مصحة,,,"نهج أ, تسمسيلت 38000",,,
38-00006,,,,38,3801,Tissemsilt,35.611829,1.841512,exact,osm_node,osm,"{""osm"":""node/4425096793""}",clinique,Clinique,عيادة / مصحة,,,,,,
38-00007,Polyclinique,Polyclinique,عيادة متعددة الخدمات,38,3801,Tissemsilt,35.596596,1.814024,exact,osm_node,osm,"{""osm"":""node/4518597392""}",polyclinique,Polyclinique,عيادة متعددة الخدمات,public,,,,,
38-00008,polyclinique,polyclinique,,38,3803,Theniet El Had,35.869543,2.02979,exact,osm_node,osm,"{""osm"":""node/4661356191""}",polyclinique,Polyclinique,عيادة متعددة الخدمات,public,,,,,
38-00009,,,,38,3801,Tissemsilt,35.599083,1.822358,exact,osm_node,osm,"{""osm"":""node/5440355214""}",clinique,Clinique,عيادة / مصحة,,emergency,,,,
38-00010,عيادة بيطرية الدكتور محمد أمين,Clinique vétérinaire dr Med amine,عيادة بيطرية الدكتور محمد أمين,38,3801,Tissemsilt,35.605213,1.798327,exact,osm_node,osm,"{""osm"":""node/5972032788""}",clinique,Clinique,عيادة / مصحة,,,"11 شارع 6, تسمسيلت 38000",0551043450,24/7,
38-00011,,,,38,3806,Lardjem,35.751301,1.545867,approximate,osm_centroid,osm,"{""osm"":""way/313112068""}",clinique,Clinique,عيادة / مصحة,,,Lardjem,,,
39-00001,hôpital guemar,hôpital guemar,مستوصف قمار,39,3906,Guemar,33.493871,6.79955,exact,osm_node,osm,"{""osm"":""node/2417967761""}",salle_de_soins,Salle de soins / dispensaire,قاعة علاج / مستوصف,public,,,,,
39-00002,مركز صحي,Centre de santé,مركز صحي,39,3904,Bayadha,33.331209,6.887502,exact,osm_node,osm,"{""osm"":""node/2519597981""}",centre_sante,Centre de santé,مركز صحي,,,البياضة,,,
39-00003,الأمومة المركزية الوادي,Maternité d'El Oued,الأمومة المركزية الوادي,39,3901,El-Oued,33.361762,6.845379,exact,osm_node,osm,"{""osm"":""node/4151870597""}",maternite,Maternité / clinique d'accouchement,مصحة توليد,,,"شارع الأمير عبد القادر, الوادي",,,
39-00004,ق ع حي الاستقلال,salle de soins istiklal,ق ع حي الاستقلال,39,3906,Guemar,33.474277,6.788887,exact,osm_node,osm,"{""osm"":""node/4421589589""}",salle_de_soins,Salle de soins / dispensaire,قاعة علاج / مستوصف,public,,,,,
39-00005,,,,39,3907,Kouinine,33.403443,6.826352,exact,osm_node,osm,"{""osm"":""node/4578243568""}",clinique,Clinique,عيادة / مصحة,,,Kouinine,,,
39-00006,خدمة الوبائيات والطب الوقائي,Service d'épidémiologie et de médecine préventive,خدمة الوبائيات والطب الوقائي,39,3906,Guemar,33.486588,6.800756,exact,osm_node,osm,"{""osm"":""node/4578295123""}",clinique,Clinique,عيادة / مصحة,,,قمار,,,
39-00007,استعجالات طبية طواهرية,Urgences médicales,استعجالات طبية طواهرية,39,3904,Bayadha,33.331912,6.88645,exact,osm_node,osm,"{""osm"":""node/4804307802""}",centre_sante,Centre de santé,مركز صحي,,,البياضة,,,
39-00008,عيادة الرخ لأمراض السكري,Clinique,عيادة الرخ لأمراض السكري,39,3901,El-Oued,33.372962,6.862299,exact,osm_node,osm,"{""osm"":""node/4958743726""}",clinique,Clinique,عيادة / مصحة,,,الوادي,,,
39-00009,عيادة دودي محمد البشير,Clinique,عيادة دودي محمد البشير,39,3925,El Ogla,33.277321,6.951292,exact,osm_node,osm,"{""osm"":""node/5001194722""}",clinique,Clinique,عيادة / مصحة,,,النخلة,,,
39-00010,مركز التشخيص الطبي بالأشعّة سوف,Cim Souf,مركز التشخيص الطبي بالأشعّة سوف,39,3901,El-Oued,33.380919,6.867916,exact,osm_node,osm,"{""osm"":""node/5015574037""}",clinique,Clinique,عيادة / مصحة,,,"شارع 1 نوفمبر, الوادي 39000",,,
39-00011,عيادة صحية,Clinique,عيادة صحية,39,3912,Hassani Abdelkrim,33.468685,6.881754,exact,osm_node,osm,"{""osm"":""node/5052821921""}",clinique,Clinique,عيادة / مصحة,,,حساني عبد الكريم,,,
39-00012,عيادة الحكيم: ج. جديع,Clinique,عيادة الحكيم: ج. جديع,39,3901,El-Oued,33.366128,6.847291,exact,osm_node,osm,"{""osm"":""node/5152048722""}",clinique,Clinique,عيادة / مصحة,,,الوادي,032106250,Sa-Th 06:30-16:00,
39-00013,عيادة الحكيم نعرورة,Clinique,عيادة الحكيم نعرورة,39,3901,El-Oued,33.363913,6.854883,exact,osm_node,osm,"{""osm"":""node/5152054024""}",clinique,Clinique,عيادة / مصحة,,,"شارع الأمير عبد القادر, الوادي",,24/7,
39-00014,عيادة الوسام لطب وجراحة الأسنان,Al Wasam Clinique dentaire,عيادة الوسام لطب وجراحة الأسنان,39,3901,El-Oued,33.363479,6.853772,exact,osm_node,osm,"{""osm"":""node/5152056021""}",clinique,Clinique,عيادة / مصحة,,,"حي الأمير عبد القادر - الوادي, الوادي 39009",0663098208,Sa-Th 08:00-20:00,
39-00015,عيادة حبى الطاهر للأمراض الباطنية,Clinic haha taher,عيادة حبى الطاهر للأمراض الباطنية,39,3901,El-Oued,33.365974,6.849556,exact,osm_node,osm,"{""osm"":""node/5209729624""}",clinique,Clinique,عيادة / مصحة,,,الوادي,0673343434,,
39-00016,,,,39,3912,Hassani Abdelkrim,33.481515,6.898003,exact,osm_node,osm,"{""osm"":""node/5235464121""}",clinique,Clinique,عيادة / مصحة,,,حساني عبد الكريم,,,
39-00019,يسمين لطب النساء,Yasmine,يسمين لطب النساء,39,3912,Hassani Abdelkrim,33.484504,6.901313,exact,osm_node,osm,"{""osm"":""node/6213088385""}",clinique,Clinique,عيادة / مصحة,,,حساني عبد الكريم,,Mo-Su 09:00-18:00,
39-00020,عيادة الدكتورة عيشوش مروة,Clinique,عيادة الدكتورة عيشوش مروة,39,3901,El-Oued,33.366635,6.85087,exact,osm_node,osm,"{""osm"":""node/6300353000""}",clinique,Clinique,عيادة / مصحة,,,الوادي,,,
39-00021,عيادة هندة عثماني لأمراض الجلد,Clinique,عيادة هندة عثماني لأمراض الجلد,39,3901,El-Oued,33.355792,6.85741,exact,osm_node,osm,"{""osm"":""node/6482116386""}",clinique,Clinique,عيادة / مصحة,,,"حي 300 سكن, الوادي",,,
39-00023,حجامة جراية للنساء,Hidjama,حجامة جراية للنساء,39,3904,Bayadha,33.321468,6.892975,exact,osm_node,osm,"{""osm"":""node/6549065293""}",clinique,Clinique,عيادة / مصحة,,,البياضة,,,
39-00024,,,,39,3905,Nakhla,33.283725,6.907429,exact,osm_node,osm,"{""osm"":""node/6586268385""}",clinique,Clinique,عيادة / مصحة,,,الرباح ROBBAH,,,
39-00026,"Centre des Oasis d'Imagerie Médicale, مركز الواحات للتصوير الطبي",Centre des Oasis d'Imagerie Médicale,مركز الواحات للتصوير الطبي,39,3901,El-Oued,33.351224,6.851479,exact,osm_node,osm,"{""osm"":""node/9525443817""}",clinique,Clinique,عيادة / مصحة,,radiology,El Oued 39000,'+213 793 19 09 60,,
39-00027,عيادة بوزيان الطبية,Clinique Médicale Bouziane,عيادة بوزيان الطبية,39,3916,Sidi Aoun,33.530991,6.900696,exact,osm_node,osm,"{""osm"":""node/9945586219""}",clinique,Clinique,عيادة / مصحة,,,,,,
39-00028,عيادة متعددة الخدمات,,عيادة متعددة الخدمات,39,3907,Kouinine,33.405326,6.855241,approximate,osm_centroid,osm,"{""osm"":""way/1009297823""}",polyclinique,Polyclinique,عيادة متعددة الخدمات,public,general,,,,
39-00029,وحدة علاج الشهيد علالي الطاهر,,وحدة علاج الشهيد علالي الطاهر,39,3906,Guemar,33.472312,6.795665,approximate,osm_centroid,osm,"{""osm"":""way/1141338004""}",clinique,Clinique,عيادة / مصحة,,,"7 شارع الشهيد بن عمارة فرحات, TAGHZOUT",,,
39-00030,قاعة علاج,,قاعة علاج تغزوت الشمالية,39,3906,Guemar,33.479041,6.797672,approximate,osm_centroid,osm,"{""osm"":""way/1141338034""}",salle_de_soins,Salle de soins / dispensaire,قاعة علاج / مستوصف,public,,TAGHZOUT,,,
39-00031,مصحة ابن حيان,Clinique Ibn Hayane,مصحة ابن حيان,39,3901,El-Oued,33.390973,6.871695,approximate,osm_centroid,osm,"{""osm"":""way/1176881006""}",clinique,Clinique,عيادة / مصحة,private,,الوادي,,,
39-00032,وحدة علاج,,وحدة علاج,39,3913,Hassi Khalifa,33.563913,6.948126,approximate,osm_centroid,osm,"{""osm"":""way/1456672729""}",clinique,Clinique,عيادة / مصحة,,,,,,
39-00033,قاعة علاج,,قاعة علاج,39,3913,Hassi Khalifa,33.564209,6.955281,approximate,osm_centroid,osm,"{""osm"":""way/1456672736""}",salle_de_soins,Salle de soins / dispensaire,قاعة علاج / مستوصف,public,,,,,
39-00034,قاعة علاج,,قاعة علاج,39,3913,Hassi Khalifa,33.570406,6.959128,approximate,osm_centroid,osm,"{""osm"":""way/1456672740""}",salle_de_soins,Salle de soins / dispensaire,قاعة علاج / مستوصف,public,,,,,
39-00035,وحدة علاج حي النور,Centre de santé,وحدة علاج حي النور,39,3901,El-Oued,33.367679,6.848529,approximate,osm_centroid,osm,"{""osm"":""way/442469739""}",centre_sante,Centre de santé,مركز صحي,,,"6 شارع المجاهد جراية علي, الوادي 39000",,,
39-00036,مستوصف 19 مارس الوادي,Polyclinique 19 Mars d'El Oued,مستوصف 19 مارس الوادي,39,3901,El-Oued,33.348759,6.855396,approximate,osm_centroid,osm,"{""osm"":""way/459046792""}",polyclinique,Polyclinique,عيادة متعددة الخدمات,public,,الوادي 39000,,,
39-00038,بيت الميلاد,Maison de naissance,بيت الميلاد,39,3906,Guemar,33.487109,6.796523,approximate,osm_centroid,osm,"{""osm"":""way/462430554""}",clinique,Clinique,عيادة / مصحة,,,قمار,,,
39-00039,المؤسسة العمومية للصحية الجوارية الشهيد عون الله لمين,,المؤسسة العمومية للصحية الجوارية الشهيد عون الله لمين,39,3916,Sidi Aoun,33.562258,6.928624,approximate,osm_centroid,osm,"{""osm"":""way/572188352""}",clinique,Clinique,عيادة / مصحة,,,Magrane,,,
39-00040,,,,39,3918,Magrane,33.503475,6.935966,approximate,osm_centroid,osm,"{""osm"":""way/572192258""}",clinique,Clinique,عيادة / مصحة,,,الدبيلة,,,
39-00041,polyclinique 19 mars ouest,polyclinique 19 mars ouest,,39,3904,Bayadha,33.339049,6.864399,approximate,osm_centroid,osm,"{""osm"":""way/902672676""}",polyclinique,Polyclinique,عيادة متعددة الخدمات,public,,El Oued 39000,,,
40-00001,إستعجالات طبية,,إستعجالات طبية,40,4016,Ouled Rechache,35.29549,7.355144,exact,osm_node,osm,"{""osm"":""node/3248730631""}",centre_sante,Centre de santé,مركز صحي,,,40013,,24/7,
40-00002,,,,40,4001,Khenchela,35.422185,7.139553,exact,osm_node,osm,"{""osm"":""node/4422681293""}",clinique,Clinique,عيادة / مصحة,,,خنشلة 40000,,,
40-00003,عيادة لغماسي,loghmaci,عيادة لغماسي,40,4001,Khenchela,35.420327,7.138439,exact,osm_node,osm,"{""osm"":""node/4422682193""}",clinique,Clinique,عيادة / مصحة,,,,,,
40-00004,,,,40,4015,Ensigha,35.416307,7.134312,exact,osm_node,osm,"{""osm"":""node/4422736490""}",clinique,Clinique,عيادة / مصحة,,,,,,
40-00005,عيادة الشفاء,Clinique Nakia,عيادة الشفاء,40,4017,El Mahmal,35.375661,7.208837,exact,osm_node,osm,"{""osm"":""node/4527496489""}",clinique,Clinique,عيادة / مصحة,,,Route de Zoui,,,
40-00006,المصحة الجوارية 1 نوفمبر,clinique 1 nov,المصحة الجوارية 1 نوفمبر,40,4001,Khenchela,35.429439,7.134622,exact,osm_node,osm,"{""osm"":""node/5304393035""}",clinique,Clinique,عيادة / مصحة,private,,"حي 1 نوفمبر, خنشلة 40000",,Su-Th 08:00-17:00,
40-00007,عيادة العالية,Clinique El Alia,عيادة العالية,40,4001,Khenchela,35.428936,7.157828,exact,osm_node,osm,"{""osm"":""node/5304393329""}",clinique,Clinique,عيادة / مصحة,,,,,,
40-00008,,,,40,4017,El Mahmal,35.372822,7.215423,exact,osm_node,osm,"{""osm"":""node/5443271687""}",clinique,Clinique,عيادة / مصحة,,,El Mahmal,,,
40-00009,عيادة متعددة الخدمات,,عيادة متعددة الخدمات,40,4003,Kais,35.509702,6.812742,approximate,osm_centroid,osm,"{""osm"":""way/1157973787""}",polyclinique,Polyclinique,عيادة متعددة الخدمات,public,,,,,
40-00010,,,,40,4019,Yabous,35.402518,6.639246,approximate,osm_centroid,osm,"{""osm"":""way/1160785040""}",clinique,Clinique,عيادة / مصحة,,,,,,
40-00011,احمد بن بلة,,احمد بن بلة,40,4008,Bouhmama,35.317569,6.737357,approximate,osm_centroid,osm,"{""osm"":""way/1275864753""}",clinique,Clinique,عيادة / مصحة,public,surgery,"40, بوحمامة",,,
40-00012,عيادة الوداد,Clinique El Widad,عيادة الوداد,40,4001,Khenchela,35.419564,7.138043,approximate,osm_centroid,osm,"{""osm"":""way/1486450774""}",clinique,Clinique,عيادة / مصحة,,,,,,
40-00013,عيادة مزداوات,La clinique Mezdaouet,عيادة مزداوات,40,4015,Ensigha,35.41534,7.14206,approximate,osm_centroid,osm,"{""osm"":""way/317418740""}",clinique,Clinique,عيادة / مصحة,,,,,,
40-00014,مصلحة الولادة ⴰⵎⵎⴰⵙ ⵏ ⵜⵉⵎⵙⴻⵡⵜⵓⵜ,Maternité,مصلحة الولادة,40,4001,Khenchela,35.430237,7.142113,approximate,osm_centroid,osm,"{""osm"":""way/533688833""}",maternite,Maternité / clinique d'accouchement,مصحة توليد,,,,,,
41-00001,عيادة المنار,Clinique El manar,عيادة المنار,41,4101,Souk Ahras,36.284257,7.947453,exact,osm_node,osm,"{""osm"":""node/4284522790""}",clinique,Clinique,عيادة / مصحة,,,"شارع يوغرطة, سوق أهراس 41000",,,
41-00002,Centre de dialyse,Centre de dialyse,مركز تصفية الكلى,41,4115,M'daourouche,36.076954,7.83077,approximate,osm_centroid,osm,"{""osm"":""way/569325575""}",clinique,Clinique,عيادة / مصحة,,,M'Daourouch 41002,,,
41-00003,,,,41,4102,Sedrata,36.121418,7.529,exact,osm_node,osm,"{""osm"":""node/4361768808""}",clinique,Clinique,عيادة / مصحة,,,,,,
41-00004,,,,41,4102,Sedrata,36.117187,7.527727,exact,osm_node,osm,"{""osm"":""node/4362039895""}",clinique,Clinique,عيادة / مصحة,,,,,,
41-00005,policlinique Diar Zarga,policlinique Diar Zarga,,41,4101,Souk Ahras,36.287151,7.971397,exact,osm_node,osm,"{""osm"":""node/4368955096""}",polyclinique,Polyclinique,عيادة متعددة الخدمات,public,,,,,
41-00006,Polyclinique Diar Zarga,Polyclinique Diar Zarga,,41,4101,Souk Ahras,36.287325,7.971342,exact,osm_node,osm,"{""osm"":""node/4387372592""}",polyclinique,Polyclinique,عيادة متعددة الخدمات,public,,,,,
41-00007,عيادة ابن باديس,clinique ben badis,عيادة ابن باديس,41,4101,Souk Ahras,36.282347,7.963141,exact,osm_node,osm,"{""osm"":""node/4727859289""}",clinique,Clinique,عيادة / مصحة,,,سوق أهراس,,,
41-00008,Diar Zarga 3,Diar Zarga 3,,41,4101,Souk Ahras,36.287286,7.971041,exact,osm_node,osm,"{""osm"":""node/4739548824""}",clinique,Clinique,عيادة / مصحة,,,,,,
41-00009,عيادة متعددة الخدمات,Clinique multiservices,عيادة متعددة الخدمات,41,4116,Oum El Adhaim,36.028716,7.603236,approximate,osm_centroid,osm,"{""osm"":""way/1086146737""}",polyclinique,Polyclinique,عيادة متعددة الخدمات,public,,,,,
41-00010,,,,41,4115,M'daourouche,36.073311,7.826644,approximate,osm_centroid,osm,"{""osm"":""way/1181401508""}",clinique,Clinique,عيادة / مصحة,,,,,,
41-00011,Polyclinique,Polyclinique,,41,4101,Souk Ahras,36.266023,7.940303,approximate,osm_centroid,osm,"{""osm"":""way/1206264493""}",polyclinique,Polyclinique,عيادة متعددة الخدمات,public,,Souk Ahras,,,
41-00012,مركز العتيق للاشعة,centre de radiologie ATIK,مركز العتيق للاشعة,41,4101,Souk Ahras,36.282092,7.958536,approximate,osm_centroid,osm,"{""osm"":""way/1206265137""}",clinique,Clinique,عيادة / مصحة,,,سوق أهراس,,,
41-00013,,,,41,4101,Souk Ahras,36.285705,7.944657,approximate,osm_centroid,osm,"{""osm"":""way/1206350175""}",clinique,Clinique,عيادة / مصحة,,,سوق أهراس,,,
41-00014,عيادة خاصة,Clinique privée,عيادة خاصة,41,4101,Souk Ahras,36.282343,7.963148,approximate,osm_centroid,osm,"{""osm"":""way/315384340""}",clinique,Clinique,عيادة / مصحة,private,,سوق أهراس,,,
41-00015,عيادة ابن سينا,Clinique Ibn Sina,عيادة ابن سينا,41,4101,Souk Ahras,36.2821,7.937488,approximate,osm_centroid,osm,"{""osm"":""way/315544439""}",clinique,Clinique,عيادة / مصحة,,,سوق أهراس,,,
41-00016,العيادة متعددة الخدمات,Polyclinique,العيادة متعددة الخدمات,41,4112,Merahna,36.196572,8.154697,approximate,osm_centroid,osm,"{""osm"":""way/437196061""}",polyclinique,Polyclinique,عيادة متعددة الخدمات,public,,,,,
41-00018,عيادة متعددة الخدمات,Polyclinique,عيادة متعددة الخدمات,41,4102,Sedrata,36.135001,7.529299,approximate,osm_centroid,osm,"{""osm"":""way/603983283""}",polyclinique,Polyclinique,عيادة متعددة الخدمات,public,,,,,
42-00001,Centre de santé,Centre de santé,,42,4203,Larhat,36.555842,1.803022,exact,osm_node,osm,"{""osm"":""node/11074579698""}",centre_sante,Centre de santé,مركز صحي,,,,,,
42-00002,قاعة علاج,,قاعة علاج,42,4204,Douaouda,36.680812,2.771281,exact,osm_node,osm,"{""osm"":""node/11394127169""}",salle_de_soins,Salle de soins / dispensaire,قاعة علاج / مستوصف,public,,,,,
42-00003,Centre d'imagerie médicale Bounatiro,Centre d'imagerie médicale Bounatiro,,42,4235,Kolea,36.638243,2.76463,exact,osm_node,osm,"{""osm"":""node/2118628069""}",clinique,Clinique,عيادة / مصحة,,,"19 Rue Mohamed Belheouane, Kolea 42400",024381236,,
42-00004,Dispensaire,Dispensaire,مستوصف,42,4236,Attatba,36.571949,2.637091,exact,osm_node,osm,"{""osm"":""node/2484745684""}",salle_de_soins,Salle de soins / dispensaire,قاعة علاج / مستوصف,public,,,,,
42-00005,Polyclinique,Polyclinique,,42,4223,Damous,36.549924,1.707773,approximate,osm_centroid,osm,"{""osm"":""way/1172250843""}",polyclinique,Polyclinique,عيادة متعددة الخدمات,public,,Damous 42014,,,
42-00006,Polyclinique Boudjemaa Mansouri,Polyclinique Boudjemaa Mansouri,العيادة المتعددة الخدمات بودجمعة منصوري,42,4222,Cherchell,36.599333,2.179832,exact,osm_node,osm,"{""osm"":""node/3152856242""}",polyclinique,Polyclinique,عيادة متعددة الخدمات,public,pediatrics;obstetrics;gynaecology,Cherchell 42100,,24/7,true
42-00007,,,,42,4235,Kolea,36.63906,2.772584,exact,osm_node,osm,"{""osm"":""node/3445942693""}",clinique,Clinique,عيادة / مصحة,,,,,,
42-00008,,,,42,4235,Kolea,36.642382,2.772798,exact,osm_node,osm,"{""osm"":""node/3452578567""}",clinique,Clinique,عيادة / مصحة,,,,,,
42-00009,,,,42,4235,Kolea,36.64602,2.773428,exact,osm_node,osm,"{""osm"":""node/3461603052""}",clinique,Clinique,عيادة / مصحة,,,,,,
42-00010,Polyclinique tamalat,Polyclinique tamalat,,42,4213,Sidi-Amar,36.523187,2.358865,exact,osm_node,osm,"{""osm"":""node/3559436583""}",polyclinique,Polyclinique,عيادة متعددة الخدمات,public,,,,,
42-00011,Polyclinique,Polyclinique,,42,4232,Sidi Ghiles,36.582936,2.12531,exact,osm_node,osm,"{""osm"":""node/3693103093""}",polyclinique,Polyclinique,عيادة متعددة الخدمات,public,,,,,
42-00012,Clinique d'Hémodialyse Manel عيادة غسيل الكلى,Clinique d'Hémodialyse Manel,عيادة غسيل الكلى,42,4235,Kolea,36.65053,2.766307,exact,osm_node,osm,"{""osm"":""node/3955420930""}",clinique,Clinique,عيادة / مصحة,,Hemodialysis,Koléa,,,
42-00013,,,,42,4235,Kolea,36.649491,2.76732,exact,osm_node,osm,"{""osm"":""node/3955466104""}",clinique,Clinique,عيادة / مصحة,,,,,,
42-00014,Laboratoire d'analyse médicale,Laboratoire d'analyse médicale,,42,4235,Kolea,36.635008,2.764564,exact,osm_node,osm,"{""osm"":""node/3957113024""}",clinique,Clinique,عيادة / مصحة,,,,,,
42-00015,disponsere,disponsere,,42,4206,Khemisti,36.62366,2.681175,exact,osm_node,osm,"{""osm"":""node/4151547109""}",clinique,Clinique,عيادة / مصحة,,,,,,
42-00016,,,,42,4201,Tipaza,36.573792,2.417025,exact,osm_node,osm,"{""osm"":""node/4174838192""}",clinique,Clinique,عيادة / مصحة,,,,,,
42-00017,,,,42,4222,Cherchell,36.607008,2.19001,exact,osm_node,osm,"{""osm"":""node/4453725512""}",clinique,Clinique,عيادة / مصحة,,,شرشال,,,
42-00018,dispensaire,dispensaire,,42,4205,Bourkika,36.46544,2.49985,exact,osm_node,osm,"{""osm"":""node/4476722220""}",salle_de_soins,Salle de soins / dispensaire,قاعة علاج / مستوصف,public,,,,,
42-00019,clinique chaig,clinique chaig,,42,4216,Chaiba,36.637259,2.739548,exact,osm_node,osm,"{""osm"":""node/4548183177""}",clinique,Clinique,عيادة / مصحة,,,,,,
42-00020,عيادة الكافي,La clinique el kafi,عيادة الكافي,42,4204,Douaouda,36.673164,2.793649,exact,osm_node,osm,"{""osm"":""node/4570916789""}",clinique,Clinique,عيادة / مصحة,,,شارع ديف محمد,024308506,,
42-00021,Kinésithérapeute & Physiothérapie,Kinésithérapeute & Physiothérapie,,42,4201,Tipaza,36.589927,2.444,exact,osm_node,osm,"{""osm"":""node/4623628090""}",clinique,Clinique,عيادة / مصحة,,physiotherapy,"94 cité bouguerra M'hamed, Tipaza 42000",024377505,,
42-00022,Clinique Essalam - Diabétologie/Endocrinologie,Clinique Essalam - Diabétologie/Endocrinologie,,42,4204,Douaouda,36.679449,2.797797,exact,osm_node,osm,"{""osm"":""node/4629661628""}",clinique,Clinique,عيادة / مصحة,,endocrinology,"Coopérative El Amel Lot n°105, Douaouda-Tipaza",0561 75 14 79,,
42-00023,ONAAPH,ONAAPH,,42,4222,Cherchell,36.598453,2.178492,exact,osm_node,osm,"{""osm"":""node/4692780289""}",clinique,Clinique,عيادة / مصحة,,,,,,
42-00024,,,,42,4235,Kolea,36.636746,2.772042,exact,osm_node,osm,"{""osm"":""node/4710565068""}",clinique,Clinique,عيادة / مصحة,,,,,,
42-00025,polyclinique bouismail عيادة متعددة الخدمات بواسماعيل,polyclinique Bou Ismaïl,polyclinique bouismail عيادة متعددة الخدمات بواسماعيل,42,4226,Bou Ismail,36.641514,2.693342,exact,osm_node,osm,"{""osm"":""node/4783322583""}",polyclinique,Polyclinique,عيادة متعددة الخدمات,public,,,,,
42-00026,مركز صحي,,مركز صحي,42,4234,Sidi Rached,36.585939,2.519769,exact,osm_node,osm,"{""osm"":""node/4818145563""}",centre_sante,Centre de santé,مركز صحي,,,,,,
42-00027,,,,42,4235,Kolea,36.63961,2.767603,exact,osm_node,osm,"{""osm"":""node/5029109612""}",clinique,Clinique,عيادة / مصحة,,,,,,
42-00028,العيادة متعددة الخدمات,,العيادة متعددة الخدمات,42,4233,Messelmoun,36.563005,2.002931,exact,osm_node,osm,"{""osm"":""node/5303812522""}",polyclinique,Polyclinique,عيادة متعددة الخدمات,public,,,,,
42-00030,عيادة تصفية الدم منتلشتة جمال,Hémodialyse mentalechta djamel,عيادة تصفية الدم منتلشتة جمال,42,4212,Hadjout,36.50654,2.41219,exact,osm_node,osm,"{""osm"":""node/5524494121""}",clinique,Clinique,عيادة / مصحة,,,,024 39 49 34,24/7,
42-00031,كريستال,Cristal,كريستال,42,4212,Hadjout,36.517056,2.413306,exact,osm_node,osm,"{""osm"":""node/5527740821""}",clinique,Clinique,عيادة / مصحة,,,,,,
42-00032,Laboratoire d'Analyses médicales Khouri,Laboratoire d'Analyses médicales Khouri,,42,4201,Tipaza,36.591007,2.44301,exact,osm_node,osm,"{""osm"":""node/5763348515""}",clinique,Clinique,عيادة / مصحة,,,,,,
42-00033,,,,42,4222,Cherchell,36.608187,2.190555,exact,osm_node,osm,"{""osm"":""node/8905247046""}",clinique,Clinique,عيادة / مصحة,,vaccination;covid19,Cherchell,,,
42-00034,Centre du sang de Tipaza,Centre du sang de Tipaza,مركز التبرع بالدم,42,4201,Tipaza,36.587359,2.438819,exact,osm_node,osm,"{""osm"":""node/9919775398""}",clinique,Clinique,عيادة / مصحة,,,Tipaza,,,
42-00035,Polyclinique,Polyclinique,,42,4232,Sidi Ghiles,36.582335,2.122942,approximate,osm_centroid,osm,"{""osm"":""way/1172238172""}",polyclinique,Polyclinique,عيادة متعددة الخدمات,public,,"Rue boumaakel Ahmed, Sidi Ghiles 42021",,,
42-00037,,,,42,4205,Bourkika,36.494596,2.475568,approximate,osm_centroid,osm,"{""osm"":""way/1206140859""}",clinique,Clinique,عيادة / مصحة,,,Bourkika 42230,,,
42-00038,Polyclinique,Polyclinique,,42,4225,Fouka,36.66217,2.738643,approximate,osm_centroid,osm,"{""osm"":""way/171845648""}",polyclinique,Polyclinique,عيادة متعددة الخدمات,public,,Fouka,,,
42-00039,Clinique de chirurgie cardio-infantile,Clinique de chirurgie cardio-infantile,عيادة جراحة القلب للأطفال,42,4226,Bou Ismail,36.63748,2.686051,approximate,osm_centroid,osm,"{""osm"":""way/172241238""}",clinique,Clinique,عيادة / مصحة,,,Bou Ismaïl 42004,,,
42-00040,Polyclinique De Bou Ismaïl,Polyclinique De Bou Ismaïl,العيادة متعددة الخدمات,42,4226,Bou Ismail,36.644538,2.690035,approximate,osm_centroid,osm,"{""osm"":""way/239936820""}",polyclinique,Polyclinique,عيادة متعددة الخدمات,public,,Bou Ismaïl 42004,,,true
42-00041,Annexe maternité,Annexe maternité,مصلحة الأمومة,42,4214,Gouraya,36.573243,1.905396,approximate,osm_centroid,osm,"{""osm"":""way/240618208""}",maternite,Maternité / clinique d'accouchement,مصحة توليد,,,,,,true
42-00042,Polyclinique,Polyclinique,عيادة متعددة الخدمات,42,4214,Gouraya,36.573095,1.902719,approximate,osm_centroid,osm,"{""osm"":""way/240618229""}",polyclinique,Polyclinique,عيادة متعددة الخدمات,public,,,,,
42-00043,Nouvelle Polyclinique,Nouvelle Polyclinique,,42,4212,Hadjout,36.503327,2.417597,approximate,osm_centroid,osm,"{""osm"":""way/260257069""}",polyclinique,Polyclinique,عيادة متعددة الخدمات,public,,"Route de Merad, Hadjout 42200",,,true
42-00044,Hasnaa,Hasnaa,,42,4212,Hadjout,36.504227,2.417869,approximate,osm_centroid,osm,"{""osm"":""way/260259536""}",clinique,Clinique,عيادة / مصحة,,,"Route de Merad, Hadjout 42200",'+213 24493517,24/7,
42-00045,laboratoire d'analyse,laboratoire d'analyse,,42,4212,Hadjout,36.50853,2.414887,approximate,osm_centroid,osm,"{""osm"":""way/260260614""}",clinique,Clinique,عيادة / مصحة,,,"roue de merade, hadjout 42200",,08:00+,
42-00046,,,,42,4242,Hadjret Ennous,36.574528,2.052633,approximate,osm_centroid,osm,"{""osm"":""way/309731152""}",clinique,Clinique,عيادة / مصحة,,,Hadjret Ennous,,,
42-00047,Service d’Aide Médicale Urgente,Service d’Aide Médicale Urgente,,42,4212,Hadjout,36.511569,2.412989,approximate,osm_centroid,osm,"{""osm"":""way/310172541""}",clinique,Clinique,عيادة / مصحة,,,Hadjout 42001,,,
42-00048,Polyclinique Ahmer El -Ain,Polyclinique Ahmer El -Ain,,42,4227,Ahmer El Ain,36.47672,2.563614,approximate,osm_centroid,osm,"{""osm"":""way/310895602""}",polyclinique,Polyclinique,عيادة متعددة الخدمات,public,,Ahmer El Aïn 42005,,,
42-00049,salle de soins,salle de soins,,42,4234,Sidi Rached,36.5901,2.54575,approximate,osm_centroid,osm,"{""osm"":""way/312762250""}",salle_de_soins,Salle de soins / dispensaire,قاعة علاج / مستوصف,public,,,,,
42-00050,polyclinique Ben Azouz عيادة متعددة الخدمات بن عزوز,Polyclinique Ben Azouz,عيادة متعددة الخدمات بن عزوز,42,4235,Kolea,36.644805,2.768877,approximate,osm_centroid,osm,"{""osm"":""way/337414327""}",polyclinique,Polyclinique,عيادة متعددة الخدمات,public,,,,,
42-00051,Polyclinique Sidi Abdellah (SELAH EMHAMED) عيادة سيدي عبد الله,Polyclinique Sidi Abdellah,عيادة سيدي عبد الله,42,4235,Kolea,36.638034,2.772203,approximate,osm_centroid,osm,"{""osm"":""way/337515409""}",polyclinique,Polyclinique,عيادة متعددة الخدمات,public,Cancerology,,,,
42-00052,Polyclinique Aïn Tagourait,Polyclinique Aïn Tagourait,,42,4217,Ain Tagourait,36.600451,2.606106,approximate,osm_centroid,osm,"{""osm"":""way/339783972""}",polyclinique,Polyclinique,عيادة متعددة الخدمات,public,,Aïn Tagourait,,,
43-00001,Salle de soins,Salle de soins,,43,4330,Ain Beida Harriche,36.394314,5.894395,exact,osm_node,osm,"{""osm"":""node/3548686939""}",salle_de_soins,Salle de soins / dispensaire,قاعة علاج / مستوصف,public,,,,,
43-00003,Centre d'Imagerie,Centre d'Imagerie,مصتوصف,43,4301,Mila,36.44261,6.269641,exact,osm_node,osm,"{""osm"":""node/3927503519""}",clinique,Clinique,عيادة / مصحة,,,,,,
43-00004,Polyclinique,Polyclinique,,43,4305,Ain Mellouk,36.163561,6.172927,exact,osm_node,osm,"{""osm"":""node/4143356495""}",polyclinique,Polyclinique,عيادة متعددة الخدمات,public,,,,,
43-00005,polyclinique,polyclinique,,43,4312,Ouled Khalouf,36.161594,6.172815,exact,osm_node,osm,"{""osm"":""node/4148677794""}",polyclinique,Polyclinique,عيادة متعددة الخدمات,public,,Rue 1 novembre,,,
43-00006,,,,43,4304,Oued Athmenia,36.243814,6.282669,exact,osm_node,osm,"{""osm"":""node/4310294120""}",clinique,Clinique,عيادة / مصحة,,,,,,
43-00007,بوفلغط رمضان,,بوفلغط رمضان,43,4327,Sidi Khelifa,36.398043,6.326128,exact,osm_node,osm,"{""osm"":""node/4323246391""}",clinique,Clinique,عيادة / مصحة,,,43016,,Sa-Th 08:00-16:30,
43-00008,,,,43,4329,El Ayadi Barbes,36.426973,5.891469,exact,osm_node,osm,"{""osm"":""node/4382578689""}",clinique,Clinique,عيادة / مصحة,,,,,,
43-00009,clinique multi-services Khalili Idriss,POLYCLINIQUE KHELILI IDRISS,عيادة متعددة الخدمات خليلي ادريس,43,4302,Ferdjioua,36.40937,5.948735,exact,osm_node,osm,"{""osm"":""node/4523121099""}",polyclinique,Polyclinique,عيادة متعددة الخدمات,public,,43001,,,
43-00011,,,,43,4302,Ferdjioua,36.409974,5.948168,exact,osm_node,osm,"{""osm"":""node/4599700591""}",clinique,Clinique,عيادة / مصحة,,,,,,
43-00012,Salle de soin BENZERAFA AMAR,Salle de soin BENZERAFA AMAR,,43,4301,Mila,36.450846,6.267258,exact,osm_node,osm,"{""osm"":""node/4656138892""}",salle_de_soins,Salle de soins / dispensaire,قاعة علاج / مستوصف,public,,,,,
43-00013,Policlinique Oued seguin,Policlinique Oued seguin,عيادة وادي سقان,43,4307,Oued Seguen,36.180629,6.388885,exact,osm_node,osm,"{""osm"":""node/4957875921""}",polyclinique,Polyclinique,عيادة متعددة الخدمات,public,,وادي سقان,,,
43-00014,,,,43,4317,Grarem Gouga,36.517724,6.324153,exact,osm_node,osm,"{""osm"":""node/5108596327""}",clinique,Clinique,عيادة / مصحة,,,القرارم قوقة,,,
43-00015,مركز بوشيحة للطب البديل و العناية الجسدية,Clinique Bouchiha,مركز بوشيحة للطب البديل و العناية الجسدية,43,4311,Ahmed Rachedi,36.430141,6.119219,exact,osm_node,osm,"{""osm"":""node/5785128353""}",clinique,Clinique,عيادة / مصحة,,,,0561367635,Sa-Th 07:00-18:00,
43-00016,الحكيمة بوعروج,Bouaroudj,الحكيمة بوعروج,43,4301,Mila,36.448296,6.264832,exact,osm_node,osm,"{""osm"":""node/6052911586""}",clinique,Clinique,عيادة / مصحة,,,,,,
43-00017,المركز الصحي العمومي,Policlinique,المركز الصحي العمومي,43,4301,Mila,36.428308,6.321611,exact,osm_node,osm,"{""osm"":""node/6806857085""}",polyclinique,Polyclinique,عيادة متعددة الخدمات,public,,,,,
43-00018,مستوصف أحمد كزيو صابر,Clinique Ahmed Keziou Sabeur,مستوصف أحمد كزيو صابر,43,4311,Ahmed Rachedi,36.397347,6.107039,exact,osm_node,osm,"{""osm"":""node/6990418186""}",salle_de_soins,Salle de soins / dispensaire,قاعة علاج / مستوصف,public,,,,,
43-00019,Polyclinique,Polyclinique,,43,4323,Terrai Bainen,36.529983,6.125051,approximate,osm_centroid,osm,"{""osm"":""way/1199602614""}",polyclinique,Polyclinique,عيادة متعددة الخدمات,public,,Bardo,,,
43-00020,Policlinique,Policlinique,,43,4315,Rouached,36.453367,6.049796,approximate,osm_centroid,osm,"{""osm"":""way/1215581586""}",polyclinique,Polyclinique,عيادة متعددة الخدمات,public,,,,,
43-00021,,,,43,4318,Sidi Merouane,36.519603,6.258428,approximate,osm_centroid,osm,"{""osm"":""way/1282872077""}",clinique,Clinique,عيادة / مصحة,,,,,,
43-00022,Dispensaire,Dispensaire,,43,4315,Rouached,36.409689,6.044284,approximate,osm_centroid,osm,"{""osm"":""way/170052372""}",salle_de_soins,Salle de soins / dispensaire,قاعة علاج / مستوصف,public,,,,,
43-00023,Polyclinique Lefilef Mohamed,Polyclinique Lefilef Mohamed,,43,4328,Zeghaia,36.469121,6.173821,approximate,osm_centroid,osm,"{""osm"":""way/170403442""}",polyclinique,Polyclinique,عيادة متعددة الخدمات,public,,,,,
43-00024,Polyclinique,Polyclinique,,43,4311,Ahmed Rachedi,36.432767,6.122466,approximate,osm_centroid,osm,"{""osm"":""way/233466053""}",polyclinique,Polyclinique,عيادة متعددة الخدمات,public,,,,,
43-00025,Salle de Soins,Salle de Soins,,43,4328,Zeghaia,36.447587,6.147456,approximate,osm_centroid,osm,"{""osm"":""way/234048447""}",salle_de_soins,Salle de soins / dispensaire,قاعة علاج / مستوصف,public,,,,,
43-00026,Salle de Soins,Salle de Soins,,43,4311,Ahmed Rachedi,36.411918,6.128204,approximate,osm_centroid,osm,"{""osm"":""way/234050280""}",salle_de_soins,Salle de soins / dispensaire,قاعة علاج / مستوصف,public,,,,,
43-00027,Salle de soins Al Arsa,Salle de soins Al Arsa,,43,4328,Zeghaia,36.439381,6.158431,approximate,osm_centroid,osm,"{""osm"":""way/257564975""}",salle_de_soins,Salle de soins / dispensaire,قاعة علاج / مستوصف,public,,,,,
43-00028,Salle de Soins,Salle de Soins,,43,4323,Terrai Bainen,36.529601,6.126629,approximate,osm_centroid,osm,"{""osm"":""way/312692102""}",salle_de_soins,Salle de soins / dispensaire,قاعة علاج / مستوصف,public,,,,,
43-00029,Clinique Internationale Mekalfa,Clinique Internationale Mekalfa,العيادة الدولية,43,4312,Ouled Khalouf,36.158802,6.174172,approximate,osm_centroid,osm,"{""osm"":""way/326819005""}",clinique,Clinique,عيادة / مصحة,,,Chelghoum Laïd,,,
43-00030,مركز صحي,Centre de santé,مركز صحي,43,4311,Ahmed Rachedi,36.39289,6.127628,approximate,osm_centroid,osm,"{""osm"":""way/328212588""}",centre_sante,Centre de santé,مركز صحي,,,,,,
43-00031,,,,43,4301,Mila,36.451313,6.254448,approximate,osm_centroid,osm,"{""osm"":""way/380873837""}",clinique,Clinique,عيادة / مصحة,,,ميلة 43000,,,true
43-00032,POLYCLINIQUE SENNAOUA,POLYCLINIQUE SENNAOUA,,43,4301,Mila,36.442139,6.269935,approximate,osm_centroid,osm,"{""osm"":""way/388095070""}",polyclinique,Polyclinique,عيادة متعددة الخدمات,public,,,,,
43-00033,CENTRE DE SOINS MOUDJAHIDINES,CENTRE DE SOINS MOUDJAHIDINES,,43,4301,Mila,36.440423,6.259074,approximate,osm_centroid,osm,"{""osm"":""way/388097677""}",centre_sante,Centre de santé,مركز صحي,,,,,,
43-00034,Clinique Bouarroudj,Clinique Bouarroudj,,43,4301,Mila,36.45116,6.260007,approximate,osm_centroid,osm,"{""osm"":""way/388106240""}",clinique,Clinique,عيادة / مصحة,,,,,,
43-00035,,,,43,4301,Mila,36.456232,6.265117,approximate,osm_centroid,osm,"{""osm"":""way/439046591""}",clinique,Clinique,عيادة / مصحة,,,ميلة 43000,,,
43-00036,centre d'hemodialyse maghreb,centre d'hemodialyse maghreb,,43,4305,Ain Mellouk,36.169314,6.174597,approximate,osm_centroid,osm,"{""osm"":""way/439495565""}",clinique,Clinique,عيادة / مصحة,,,,,,true
43-00037,Salle de Soins,Salle de Soins,,43,4315,Rouached,36.459702,6.03931,approximate,osm_centroid,osm,"{""osm"":""way/458236831""}",salle_de_soins,Salle de soins / dispensaire,قاعة علاج / مستوصف,public,general,,,,
43-00038,Clinique GUTIREZE Mustafa,Clinique GUTIREZE Mustafa,,43,4313,Tiberguent,36.475289,5.997896,approximate,osm_centroid,osm,"{""osm"":""way/562499490""}",clinique,Clinique,عيادة / مصحة,,fertility,,,,
44-00001,,,,44,4431,Bathia,35.914632,1.842769,exact,osm_node,osm,"{""osm"":""node/3188715293""}",clinique,Clinique,عيادة / مصحة,,,بطحية 44041,,,
44-00002,,,,44,4402,Miliana,36.307701,2.227728,exact,osm_node,osm,"{""osm"":""node/4319734691""}",clinique,Clinique,عيادة / مصحة,,,44200,,,
44-00003,,,,44,4409,Bourached,36.168089,1.929497,exact,osm_node,osm,"{""osm"":""node/4438876077""}",clinique,Clinique,عيادة / مصحة,,,,,,
44-00004,Analyses médicales,Analyses médicales,تحاليل طبية,44,4401,Ain-Defla,36.259968,1.954616,exact,osm_node,osm,"{""osm"":""node/4490692289""}",clinique,Clinique,عيادة / مصحة,,,,,,
44-00005,Scanner médical,Scanner médical,,44,4401,Ain-Defla,36.264893,1.971014,exact,osm_node,osm,"{""osm"":""node/4582553303""}",clinique,Clinique,عيادة / مصحة,,,,,,
44-00006,Polyclinique miliana,Polyclinique miliana,,44,4402,Miliana,36.305615,2.221545,exact,osm_node,osm,"{""osm"":""node/5322079421""}",polyclinique,Polyclinique,عيادة متعددة الخدمات,public,,,,,
44-00007,عيادة متـعددة الخدمات العامرة,,عيادة متـعددة الخدمات العامرة,44,4408,El-Amra,36.307243,1.847543,exact,osm_node,osm,"{""osm"":""node/5614752221""}",polyclinique,Polyclinique,عيادة متعددة الخدمات,public,multi_speciality,العامرة,,24/7,
44-00008,بيكوسان لطب الاسنان,Clinique dentaire buccosan,بيكوسان لطب الاسنان,44,4401,Ain-Defla,36.262565,1.959623,exact,osm_node,osm,"{""osm"":""node/5770154953""}",clinique,Clinique,عيادة / مصحة,,orthodontics;dentist,"12 Boulevard Emir Abdelkader, 44000",0655302726,Mo-Su 08:00-24:00,
44-00009,Clinique,Clinique,,44,4430,Mekhatria,36.333732,2.158619,exact,osm_node,osm,"{""osm"":""node/6851473687""}",clinique,Clinique,عيادة / مصحة,,,"Route de Sidi Medjahed, 44040",,,
44-00010,الأفاق,horizon,الأفاق,44,4404,Khemis-Miliana,36.261314,2.247126,exact,osm_node,osm,"{""osm"":""node/7847183385""}",clinique,Clinique,عيادة / مصحة,,,,0699218991,,
44-00011,مستوصف,Dispensaire,مستوصف,44,4413,Oued Chorfa,36.165947,2.556206,approximate,osm_centroid,osm,"{""osm"":""way/1206248294""}",salle_de_soins,Salle de soins / dispensaire,قاعة علاج / مستوصف,public,,وادي الشرفاء,,,
44-00012,,,,44,4416,Rouina,36.241248,1.811982,approximate,osm_centroid,osm,"{""osm"":""way/1360651908""}",clinique,Clinique,عيادة / مصحة,,,Rouina 44017,,,
44-00013,,,,44,4409,Bourached,36.167822,1.929473,approximate,osm_centroid,osm,"{""osm"":""way/1451087984""}",clinique,Clinique,عيادة / مصحة,,,,,,
44-00014,Dispensaire,Dispensaire,,44,4428,Birbouche,36.196276,2.280696,approximate,osm_centroid,osm,"{""osm"":""way/196917994""}",salle_de_soins,Salle de soins / dispensaire,قاعة علاج / مستوصف,public,,,,,
44-00015,Polyclinique,Polyclinique,,44,4429,Djemaa Ouled Cheikh,36.075599,2.003016,approximate,osm_centroid,osm,"{""osm"":""way/204173202""}",polyclinique,Polyclinique,عيادة متعددة الخدمات,public,,,,,
44-00016,Polyclinique,Polyclinique,,44,4417,Zeddine,36.157354,1.819184,approximate,osm_centroid,osm,"{""osm"":""way/205570676""}",polyclinique,Polyclinique,عيادة متعددة الخدمات,public,,,,,
44-00017,Centre d'acceuil pour enfants à besoins particuliers,Centre d'acceuil pour enfants à besoins particuliers,,44,4430,Mekhatria,36.333236,2.156996,approximate,osm_centroid,osm,"{""osm"":""way/243292925""}",clinique,Clinique,عيادة / مصحة,,,Ben Allel 44210,,,
44-00018,Polyclinique El Attaf,Polyclinique El Attaf,,44,4410,El-Attaf,36.22243,1.674345,approximate,osm_centroid,osm,"{""osm"":""way/243372566""}",polyclinique,Polyclinique,عيادة متعددة الخدمات,public,,El Attaf,,,
44-00019,Centre médical Guerroumi Mohamed,Centre médical Guerroumi Mohamed,المركز الصحي محمد قرومي,44,4425,Ben Allal,36.311041,2.163004,approximate,osm_centroid,osm,"{""osm"":""way/249391791""}",centre_sante,Centre de santé,مركز صحي,,,Ben Allel 44040,,,
44-00020,Dispensaire,Dispensaire,,44,4425,Ben Allal,36.304908,2.196611,approximate,osm_centroid,osm,"{""osm"":""way/254010246""}",salle_de_soins,Salle de soins / dispensaire,قاعة علاج / مستوصف,public,,,,,
44-00021,Polyclinique,Nouvelle polyclinique de miliana,,44,4402,Miliana,36.302825,2.224703,approximate,osm_centroid,osm,"{""osm"":""way/307619239""}",polyclinique,Polyclinique,عيادة متعددة الخدمات,public,,,,,
44-00022,Clinique El wancharis,Clinique El wancharis,مصحة الونشريس,44,4404,Khemis-Miliana,36.259362,2.229661,approximate,osm_centroid,osm,"{""osm"":""way/309561029""}",clinique,Clinique,عيادة / مصحة,private,,,,,
44-00023,La polyclinique de Boumedfaâ,La polyclinique de Boumedfaâ,,44,4403,Boumedfaa,36.371877,2.474034,approximate,osm_centroid,osm,"{""osm"":""way/309813146""}",polyclinique,Polyclinique,عيادة متعددة الخدمات,public,,,,,
44-00024,Clinique Publique Halaïmi Mohamed,Clinique Publique Halaïmi Mohamed,,44,4404,Khemis-Miliana,36.258431,2.214806,approximate,osm_centroid,osm,"{""osm"":""way/310603278""}",clinique,Clinique,عيادة / مصحة,,,"Boulevard Halaïmi Mohamed, Khemis Miliana",,,
44-00025,Centre d'imagerie médicale El Chiffa,Centre d'imagerie médicale El Chiffa,,44,4404,Khemis-Miliana,36.262247,2.227795,approximate,osm_centroid,osm,"{""osm"":""way/318236301""}",clinique,Clinique,عيادة / مصحة,,diagnostic_radiology,"Rue 8 mai 45, Khemis Miliana 44001",,,
44-00026,Clinique Sidi Maamar,Clinique Sidi Maamar,,44,4404,Khemis-Miliana,36.258798,2.226273,approximate,osm_centroid,osm,"{""osm"":""way/325804181""}",clinique,Clinique,عيادة / مصحة,,,,,,
44-00028,Clinique Nora,Clinique Nora,,44,4404,Khemis-Miliana,36.261523,2.214695,approximate,osm_centroid,osm,"{""osm"":""way/326638168""}",clinique,Clinique,عيادة / مصحة,,,,,,
44-00029,,,,44,4401,Ain-Defla,36.252549,1.94277,approximate,osm_centroid,osm,"{""osm"":""way/334026493""}",clinique,Clinique,عيادة / مصحة,,,,,,
44-00030,Centre de dialyse,Centre de dialyse,,44,4402,Miliana,36.302469,2.224867,approximate,osm_centroid,osm,"{""osm"":""way/339159754""}",clinique,Clinique,عيادة / مصحة,,,,,,
44-00031,EPH El Basma,EPH El Basma,المؤسسة الاستشفائية الخاصة البسمة,44,4401,Ain-Defla,36.249192,1.950553,exact,osm_node,osm,"{""osm"":""node/4772483821""}",clinique,Clinique,عيادة / مصحة,private,,,,,
45-00001,Laboratoire des analyses produits alimentaires,Laboratoire d'analyses des produits alimentaires,,45,4501,Naama,33.270475,-0.31042,exact,osm_node,osm,"{""osm"":""node/4251891691""}",clinique,Clinique,عيادة / مصحة,,,,,,
45-00002,,,,45,4501,Naama,33.269783,-0.310854,exact,osm_node,osm,"{""osm"":""node/4251892489""}",clinique,Clinique,عيادة / مصحة,,,النعامة,,,
45-00003,Laboratoire des analyses physico-chimique,Laboratoire d'analyses physico-chimiques,,45,4501,Naama,33.270131,-0.310698,exact,osm_node,osm,"{""osm"":""node/4251892589""}",clinique,Clinique,عيادة / مصحة,,,,,,
45-00004,Salle de soins Zoudji Ahmed,Salle de soins Zoudji Ahmed,قاعة العلاج زوجي أحمد,45,4502,Mecheria,33.541219,-0.273723,exact,osm_node,osm,"{""osm"":""node/5807534206""}",salle_de_soins,Salle de soins / dispensaire,قاعة علاج / مستوصف,public,,,,,
45-00005,Polyclinique Nouvelle Mecheria,Polyclinique Nouvelle Mecheria,عيادة متعددة الخدمات المشرية الجديدة,45,4502,Mecheria,33.543491,-0.263375,approximate,osm_centroid,osm,"{""osm"":""way/611667401""}",polyclinique,Polyclinique,عيادة متعددة الخدمات,public,,,,,
46-00001,Clinic EL BAYERI ( DR BENBAYER),Clinic EL BAYERI ( DR BENBAYER),,46,4601,Ain Temouchent,35.300896,-1.144168,exact,osm_node,osm,"{""osm"":""node/12874552001""}",clinique,Clinique,عيادة / مصحة,,,"Boulevard Larbi Ben M'Hidi, 46000",,24/7,
46-00002,مستوصف,Dispensaire,مستوصف,46,4617,Ouled Boudjemaa,35.491538,-1.21774,exact,osm_node,osm,"{""osm"":""node/3419826648""}",salle_de_soins,Salle de soins / dispensaire,قاعة علاج / مستوصف,public,,أولاد بوجمعة,,,
46-00003,Polyclinique Hay Zeïtoune,Polyclinique Hay Zeïtoune,,46,4601,Ain Temouchent,35.309891,-1.15021,exact,osm_node,osm,"{""osm"":""node/3421869953""}",polyclinique,Polyclinique,عيادة متعددة الخدمات,public,,Aïn Témouchent,,08:00-16:00,
46-00004,Polyclinique Aboubakr Belkaïd,Polyclinique Aboubakr Belkaïd,,46,4601,Ain Temouchent,35.311107,-1.141751,exact,osm_node,osm,"{""osm"":""node/3421870365""}",polyclinique,Polyclinique,عيادة متعددة الخدمات,public,,AIN TEMOUCHENT 46000,,08:00-17:00,
46-00005,Dispensaire Ammour Ahmed,Dispensaire Ammour Ahmed,,46,4601,Ain Temouchent,35.300432,-1.131621,exact,osm_node,osm,"{""osm"":""node/3421890284""}",salle_de_soins,Salle de soins / dispensaire,قاعة علاج / مستوصف,public,general,Ain Temouchent 46000,,08:00-20:00,
46-00006,Centre de sante Ali Ben Mohamed,Centre de sante Ali Ben Mohamed,,46,4601,Ain Temouchent,35.286584,-1.135868,exact,osm_node,osm,"{""osm"":""node/3421897222""}",centre_sante,Centre de santé,مركز صحي,,,Ain Temouchent 46000,,08:00-16:00,
46-00007,Dispensaire Sidi Said,Dispensaire Sidi Said,,46,4601,Ain Temouchent,35.299462,-1.146775,exact,osm_node,osm,"{""osm"":""node/3898324660""}",salle_de_soins,Salle de soins / dispensaire,قاعة علاج / مستوصف,public,general,,,,
46-00008,قاعة العلاج,Centre de santé,قاعة العلاج,46,4605,Bouzedjar,35.571796,-1.103242,exact,osm_node,osm,"{""osm"":""node/4186113599""}",salle_de_soins,Salle de soins / dispensaire,قاعة علاج / مستوصف,public,,,,,
46-00009,Centre de santé Souk El Tenine,Centre de santé Souk el tenine,سوق الإثنين,46,4625,Oulhaca El Gheraba,35.227219,-1.505725,exact,osm_node,osm,"{""osm"":""node/4570347191""}",centre_sante,Centre de santé,مركز صحي,,,ولهاصة,,,
46-00010,Laboratoire d'hygiène de Wilaya,Laboratoire d'hygiène de Wilaya,,46,4601,Ain Temouchent,35.308127,-1.140599,exact,osm_node,osm,"{""osm"":""node/4738414448""}",clinique,Clinique,عيادة / مصحة,,,Aïn Témouchent 46000,,,
46-00011,Centre de soins,Centre de soins,مركز العلاج,46,4604,Hammam Bou Hadjar,35.379863,-0.976542,exact,osm_node,osm,"{""osm"":""node/4746117924""}",centre_sante,Centre de santé,مركز صحي,,,,,,
46-00012,Centre de toxicomane,Centre de toxicomane,,46,4601,Ain Temouchent,35.288278,-1.13338,exact,osm_node,osm,"{""osm"":""node/5107982347""}",clinique,Clinique,عيادة / مصحة,,,"Rue Hachemi Benasser, Aïn Témouchent 46000",,09:00-21:00,
46-00013,عيادة متعددة الخدمات,Policlinque,عيادة متعددة الخدمات,46,4612,Sidi Ben Adda,35.303239,-1.180111,exact,osm_node,osm,"{""osm"":""node/5161818131""}",polyclinique,Polyclinique,عيادة متعددة الخدمات,public,,,,,
46-00014,مستوصف,Clinique,مستوصف,46,4612,Sidi Ben Adda,35.309433,-1.175472,exact,osm_node,osm,"{""osm"":""node/5161822322""}",salle_de_soins,Salle de soins / dispensaire,قاعة علاج / مستوصف,public,,,,,
46-00015,Polyclinique Akid Othmane,Polyclinique Akid Othmane,,46,4601,Ain Temouchent,35.307889,-1.140431,exact,osm_node,osm,"{""osm"":""node/5298537407""}",polyclinique,Polyclinique,عيادة متعددة الخدمات,public,,,,,
46-00016,Maison du diabétique,Maison du diabétique,بيت السكري,46,4601,Ain Temouchent,35.308088,-1.140346,exact,osm_node,osm,"{""osm"":""node/5298537415""}",clinique,Clinique,عيادة / مصحة,,,عين تموشنت 46000,,,
46-00017,Centre de santé,Centre de santé,مركز الصحة,46,4601,Ain Temouchent,35.295464,-1.140731,exact,osm_node,osm,"{""osm"":""node/5331679196""}",centre_sante,Centre de santé,مركز صحي,,,عين تموشنت 46000,,,
46-00018,Clinique Dar Echiffa Ouslim,Clinique Chifa,الشفاء,46,4601,Ain Temouchent,35.313965,-1.142739,exact,osm_node,osm,"{""osm"":""node/5334353221""}",clinique,Clinique,عيادة / مصحة,,,,,,
46-00019,Clinique de psychiatrie El Afifi,Clinique de psychiatrie El Afifi,,46,4601,Ain Temouchent,35.287996,-1.133345,exact,osm_node,osm,"{""osm"":""node/5344560827""}",clinique,Clinique,عيادة / مصحة,,psychiatry,"Cité Aïd Hamza, Aïn Témouchent 46000",,Sa-Th 08:00-18:00,
46-00020,Clinique Hémodialise Hamel,Clinique Hémodialise Hamel,,46,4601,Ain Temouchent,35.306322,-1.136241,exact,osm_node,osm,"{""osm"":""node/5373604489""}",clinique,Clinique,عيادة / مصحة,,,,,,
46-00022,Etablissement de Santé Al-Essabah,Etablissement de Santé Al-Essabah,,46,4601,Ain Temouchent,35.312223,-1.134422,approximate,osm_centroid,osm,"{""osm"":""way/194736686""}",clinique,Clinique,عيادة / مصحة,,general;dentistry;emergency;radiology;biology,"Rue Bedjaoui Mohamed, Aïn Témouchent 46000",,24/7,
46-00023,Polyclinique de Hammam Bou Hadjar,Polyclinique de Hammam Bou Hadjar,,46,4604,Hammam Bou Hadjar,35.377131,-0.966611,approximate,osm_centroid,osm,"{""osm"":""way/212171810""}",polyclinique,Polyclinique,عيادة متعددة الخدمات,public,general,,,,
46-00024,Polyclinique,Polyclinique,,46,4604,Hammam Bou Hadjar,35.372212,-0.977184,approximate,osm_centroid,osm,"{""osm"":""way/212172733""}",polyclinique,Polyclinique,عيادة متعددة الخدمات,public,,,,,
46-00025,Maternité,Maternité,,46,4604,Hammam Bou Hadjar,35.376523,-0.966044,approximate,osm_centroid,osm,"{""osm"":""way/259560962""}",maternite,Maternité / clinique d'accouchement,مصحة توليد,,gynaecology,,,,
46-00027,Centre de soins,Centre de soins,,46,4604,Hammam Bou Hadjar,35.381507,-0.96567,approximate,osm_centroid,osm,"{""osm"":""way/259569005""}",centre_sante,Centre de santé,مركز صحي,,,,,,
46-00029,مركز المعاقين ذهنيا,Centre pour Handicapés mentaux,مركز المعاقين ذهنيا,46,4601,Ain Temouchent,35.287162,-1.132327,approximate,osm_centroid,osm,"{""osm"":""way/480892051""}",clinique,Clinique,عيادة / مصحة,,psychiatry,,,,
46-00031,Centre médical,Centre médical,,46,4601,Ain Temouchent,35.300702,-1.152606,approximate,osm_centroid,osm,"{""osm"":""way/550252471""}",clinique,Clinique,عيادة / مصحة,,,,,,
46-00032,Maternité,Maternité,,46,4601,Ain Temouchent,35.302738,-1.124877,approximate,osm_centroid,osm,"{""osm"":""way/726148774""}",maternite,Maternité / clinique d'accouchement,مصحة توليد,,gynaecology,,,,
47-00001,Dispensaire rézigui,Dispensaire rézigui,عيادة رزيڤي,47,4705,Metlili,32.279275,3.619821,exact,osm_node,osm,"{""osm"":""node/3639640169""}",salle_de_soins,Salle de soins / dispensaire,قاعة علاج / مستوصف,public,,,,,
47-00002,مركز التشخيص الطبي للجنوب ( إستقبال ),Centre Médicale de Diagnostic du Sud ( réception ),مركز التشخيص الطبي للجنوب ( إستقبال ),47,4701,Ghardaia,32.482081,3.680964,exact,osm_node,osm,"{""osm"":""node/4370937022""}",clinique,Clinique,عيادة / مصحة,,,"carrefour docteur merghoub Ghardaïa, 47000",029880005,,
47-00003,Salle De Soins,Salle De Soins,غرفة العلاج,47,4704,Berriane,32.823443,3.747204,exact,osm_node,osm,"{""osm"":""node/4477469493""}",salle_de_soins,Salle de soins / dispensaire,قاعة علاج / مستوصف,public,,,,,
47-00004,مركز التصوير الطبي,Centre D'imagerie Médicale,مركز التصوير الطبي,47,4701,Ghardaia,32.481991,3.68107,exact,osm_node,osm,"{""osm"":""node/5896439685""}",clinique,Clinique,عيادة / مصحة,,,Avenue 1 novembre,,,
47-00005,عيادة النومرات,Clinique,عيادة النومرات,47,4707,El Atteuf,32.356662,3.787128,exact,osm_node,osm,"{""osm"":""node/6153403185""}",clinique,Clinique,عيادة / مصحة,,,,,,
47-00006,Clinic mermad,Clinic mermad,,47,4701,Ghardaia,32.496397,3.675287,exact,osm_node,osm,"{""osm"":""node/6583808439""}",clinique,Clinique,عيادة / مصحة,,,,,,
47-00007,,,,47,4703,Dhayet Bendhahoua,32.550596,3.606726,approximate,osm_centroid,osm,"{""osm"":""way/1284236022""}",clinique,Clinique,عيادة / مصحة,,,,,,
47-00008,عيادة متعددة الخدمات محمد ن بلحاج,Polyclinique Mohamed N. Belhadj,عيادة متعددة الخدمات محمد ن بلحاج,47,4707,El Atteuf,32.47717,3.746255,approximate,osm_centroid,osm,"{""osm"":""way/1447409159""}",polyclinique,Polyclinique,عيادة متعددة الخدمات,public,general,,,,
47-00009,,,,47,4704,Berriane,32.830168,3.760868,approximate,osm_centroid,osm,"{""osm"":""way/287789984""}",clinique,Clinique,عيادة / مصحة,,,,,,
47-00010,,,,47,4704,Berriane,32.825253,3.758086,approximate,osm_centroid,osm,"{""osm"":""way/287789985""}",clinique,Clinique,عيادة / مصحة,,,بريان,,,
47-00011,,,,47,4704,Berriane,32.826446,3.766735,approximate,osm_centroid,osm,"{""osm"":""way/287789995""}",clinique,Clinique,عيادة / مصحة,,,,,,
47-00012,,,,47,4706,El Guerrara,32.793557,4.490654,approximate,osm_centroid,osm,"{""osm"":""way/309550096""}",clinique,Clinique,عيادة / مصحة,,,القرارة,,,
47-00013,مستوصف القمقومة,EPSP,مستوصف القمقومة,47,4705,Metlili,32.305004,3.562962,approximate,osm_centroid,osm,"{""osm"":""way/323591444""}",salle_de_soins,Salle de soins / dispensaire,قاعة علاج / مستوصف,public,,,,,
47-00014,Clinique Oasis,Clinique Oasis,عيادة الواحات,47,4710,Bounoura,32.495618,3.690296,approximate,osm_centroid,osm,"{""osm"":""way/340311917""}",clinique,Clinique,عيادة / مصحة,,,"Trans-Sahara, Ghardaïa 47000",'+213 29 89 99 99,,
47-00015,عيادة متعددة الخدمات,EPSP,عيادة متعددة الخدمات,47,4701,Ghardaia,32.479976,3.682419,approximate,osm_centroid,osm,"{""osm"":""way/416439798""}",polyclinique,Polyclinique,عيادة متعددة الخدمات,public,,"شارع 1 نوفمبر, غرداية 47000",,,
47-00016,,,,47,4707,El Atteuf,32.369488,3.795854,approximate,osm_centroid,osm,"{""osm"":""way/422643330""}",clinique,Clinique,عيادة / مصحة,,,,,,
47-00017,قاعة علاج,Centre de santé,قاعة علاج,47,4709,Sebseb,32.150053,3.623647,approximate,osm_centroid,osm,"{""osm"":""way/662841601""}",salle_de_soins,Salle de soins / dispensaire,قاعة علاج / مستوصف,public,,"حي الحريث, سبسب",,,
47-00018,Clinic Baba Saad,Clinic Baba Saad,,47,4701,Ghardaia,32.492476,3.66032,approximate,osm_centroid,osm,"{""osm"":""way/701052286""}",clinique,Clinique,عيادة / مصحة,,,,,,
47-00019,مركز تصفية الدم,Dialise,مركز تصفية الدم,47,4701,Ghardaia,32.492615,3.683143,approximate,osm_centroid,osm,"{""osm"":""way/783898439""}",clinique,Clinique,عيادة / مصحة,,,"حي الحاج مسعود, 47000",,,
47-00020,مستشفى العيون,Clinique Grand Sud,مستشفى العيون,47,4707,El Atteuf,32.369453,3.79574,approximate,osm_centroid,osm,"{""osm"":""way/421395068""}",clinique,Clinique,عيادة / مصحة,,,,,,
48-00001,,,,48,4827,Ramka,35.868502,1.284089,exact,osm_node,osm,"{""osm"":""node/3192139131""}",clinique,Clinique,عيادة / مصحة,,,الرمكة,,,
48-00002,Dispensaire,Dispensaire,,48,4831,Souk El Had,35.956474,1.248811,exact,osm_node,osm,"{""osm"":""node/3192341959""}",salle_de_soins,Salle de soins / dispensaire,قاعة علاج / مستوصف,public,,Souk El Had,,,
48-00003,,,,48,4829,Lahlef,35.891573,0.975869,exact,osm_node,osm,"{""osm"":""node/3195044952""}",clinique,Clinique,عيادة / مصحة,,,Lahlef,,,
48-00004,قاعة العلاج رقم 1,Salle de soin n:°1,قاعة العلاج رقم 1,48,4802,Oued-Rhiou,35.962765,0.916136,exact,osm_node,osm,"{""osm"":""node/4107340502""}",salle_de_soins,Salle de soins / dispensaire,قاعة علاج / مستوصف,public,,,,,
48-00005,Centre médical,Centre médical,,48,4822,Mazouna,36.122736,0.871863,exact,osm_node,osm,"{""osm"":""node/4281336692""}",clinique,Clinique,عيادة / مصحة,,,,,Sa-Th 08:00-16:00,
48-00007,احمد سيد الناس للحجامه,Clinique Ahmed sidennas pour la Hidjama,احمد سيد الناس للحجامه,48,4801,Relizane,35.752827,0.57545,exact,osm_node,osm,"{""osm"":""node/4399377897""}",clinique,Clinique,عيادة / مصحة,,,"Cité Satal, 48000",,24/7,
48-00008,Clinique et urgences,Clinique et urgences,,48,4801,Relizane,35.750115,0.568996,exact,osm_node,osm,"{""osm"":""node/4406718591""}",clinique,Clinique,عيادة / مصحة,,,48000,,,
48-00009,كبيبي,Koubibi,كبيبي,48,4814,Djidiouia,35.929526,0.826001,exact,osm_node,osm,"{""osm"":""node/4413382991""}",clinique,Clinique,عيادة / مصحة,,,جديوية,,,
48-00010,مركز صحي,,مركز صحي,48,4801,Relizane,35.753824,0.5767,exact,osm_node,osm,"{""osm"":""node/4528433389""}",centre_sante,Centre de santé,مركز صحي,,,,,,
48-00011,Médecin Missoum,Médecin Missoum,,48,4801,Relizane,35.748212,0.560096,exact,osm_node,osm,"{""osm"":""node/4533976693""}",clinique,Clinique,عيادة / مصحة,,,,,,
48-00013,Polyclinique de Kalaa,Polyclinique de Kalaa,,48,4823,Kalaa,35.586204,0.321365,exact,osm_node,osm,"{""osm"":""node/4587671022""}",polyclinique,Polyclinique,عيادة متعددة الخدمات,public,,Kalaa,,,
48-00014,رلاينس الجزائر مندس,,رلاينس الجزائر مندس,48,4828,Mendes,35.656051,0.865413,exact,osm_node,osm,"{""osm"":""node/4649231191""}",clinique,Clinique,عيادة / مصحة,,,,,24/7,
48-00015,عيادة متعددة الخدمات,,عيادة متعددة الخدمات,48,4826,Oued El Djemaa,35.794323,0.681432,exact,osm_node,osm,"{""osm"":""node/4789334122""}",polyclinique,Polyclinique,عيادة متعددة الخدمات,public,,وادي الجمعة 480021,,,
48-00016,عيادة متعددة الخدمات الجيلالي اليابس,,عيادة متعددة الخدمات الجيلالي اليابس,48,4826,Oued El Djemaa,35.794969,0.679796,exact,osm_node,osm,"{""osm"":""node/4789336222""}",polyclinique,Polyclinique,عيادة متعددة الخدمات,public,,وادي الجمعة,,,
48-00017,عيادة طب وجراحة الأسنان,,عيادة طب وجراحة الأسنان,48,4808,Sidi M'hamed Benali,36.149435,0.833435,exact,osm_node,osm,"{""osm"":""node/5189262221""}",clinique,Clinique,عيادة / مصحة,,dentist,,,Sa-Th 08:30-16:00,
48-00018,العيادة المتعددة الخدمات غليزان,EPSP Relizane,العيادة المتعددة الخدمات غليزان,48,4801,Relizane,35.732177,0.560455,exact,osm_node,osm,"{""osm"":""node/6965905185""}",polyclinique,Polyclinique,عيادة متعددة الخدمات,public,,غليزان,,,
48-00019,Salle de soins,Salle de soins,,48,4801,Relizane,35.745055,0.548521,exact,osm_node,osm,"{""osm"":""node/8583898220""}",salle_de_soins,Salle de soins / dispensaire,قاعة علاج / مستوصف,public,,,,,
48-00020,Clinique multiservices (SOC),Clinique multiservices (SOC),,48,4801,Relizane,35.75009,0.568872,approximate,osm_centroid,osm,"{""osm"":""way/1387024381""}",clinique,Clinique,عيادة / مصحة,,,,,,
48-00021,,,,48,4835,Bendaoud,35.721874,0.535535,approximate,osm_centroid,osm,"{""osm"":""way/1388040916""}",clinique,Clinique,عيادة / مصحة,,,,,,
48-00022,عيادة متعددة الخدمات,,عيادة متعددة الخدمات,48,4802,Oued-Rhiou,35.959582,0.919007,approximate,osm_centroid,osm,"{""osm"":""way/308393961""}",polyclinique,Polyclinique,عيادة متعددة الخدمات,public,,وادي ارهيو,,,
48-00023,مستوصف جديوية,Clinique Djdiouia,مستوصف جديوية,48,4814,Djidiouia,35.929083,0.833704,approximate,osm_centroid,osm,"{""osm"":""way/311790105""}",salle_de_soins,Salle de soins / dispensaire,قاعة علاج / مستوصف,public,,جديوية,,,
48-00024,مستوصف,Dispensaire,مستوصف,48,4827,Ramka,35.867687,1.279215,approximate,osm_centroid,osm,"{""osm"":""way/313309360""}",salle_de_soins,Salle de soins / dispensaire,قاعة علاج / مستوصف,public,,الرمكة,,,
48-00025,عيادة محمد بوضياف,Clinique Mohamed Boudiaf,عيادة محمد بوضياف,48,4811,Ammi Moussa,35.866641,1.109482,approximate,osm_centroid,osm,"{""osm"":""way/470062392""}",clinique,Clinique,عيادة / مصحة,,,عمي موسى,,,
48-00026,Centre de santé de tamdjet,Centre de santé de tamdjet,,48,4809,Mediouna,36.135712,0.78898,approximate,osm_centroid,osm,"{""osm"":""way/563877826""}",centre_sante,Centre de santé,مركز صحي,,,,,,
48-00027,,,,48,4808,Sidi M'hamed Benali,36.144987,0.841051,approximate,osm_centroid,osm,"{""osm"":""way/564430037""}",clinique,Clinique,عيادة / مصحة,,,,,,
48-00028,Polychlinique de mediouna,Polychlinique de mediouna,,48,4809,Mediouna,36.125455,0.751066,approximate,osm_centroid,osm,"{""osm"":""way/564748365""}",clinique,Clinique,عيادة / مصحة,,,,,,
49-00001,عيادة أولاد سعيد,Polyclinique Ouled Said,عيادة أولاد سعيد,49,4901,Timimoun,29.412735,0.244158,exact,osm_node,osm,"{""osm"":""node/3913329329""}",polyclinique,Polyclinique,عيادة متعددة الخدمات,public,,أولاد السعيد,,,
49-00002,مصلحة الامومة الريفية,Service maternité rurale,مصلحة الامومة الريفية,49,4903,Ksar Kaddour,29.708262,0.720854,approximate,osm_centroid,osm,"{""osm"":""way/782782263""}",maternite,Maternité / clinique d'accouchement,مصحة توليد,,,,,,
50-00001,عيادة الحكيم فراجي,,عيادة الحكيم فراجي,50,5001,Bordj Badji Mokhtar,21.330706,0.949147,exact,osm_node,osm,"{""osm"":""node/6737692086""}",clinique,Clinique,عيادة / مصحة,,,برج باجي مختار,,,
50-00002,,,,50,5001,Bordj Badji Mokhtar,21.330601,0.941705,exact,osm_node,osm,"{""osm"":""node/6737692087""}",clinique,Clinique,عيادة / مصحة,,,برج باجي مختار,,,
50-00003,Clinique du Docteur Faradji;عيادة الحكيم فراجي,Clinique du Docteur Faradji,عيادة الحكيم فراجي,50,5001,Bordj Badji Mokhtar,21.330553,0.949148,approximate,osm_centroid,osm,"{""osm"":""way/783902178""}",clinique,Clinique,عيادة / مصحة,,,,,,
51-00001,طب الأطفال عيادة النفيس (الدكتور عبد الحكيم بوراس),,طب الأطفال عيادة النفيس (الدكتور عبد الحكيم بوراس),51,5101,Ouled Djellal,34.430736,5.059909,exact,osm_node,osm,"{""osm"":""node/13247297580""}",clinique,Clinique,عيادة / مصحة,,,,0668173606,,
51-00002,عيادة غربي الطبية,,عيادة غربي الطبية,51,5104,Sidi Khaled,34.395313,4.997209,exact,osm_node,osm,"{""osm"":""node/3222077109""}",clinique,Clinique,عيادة / مصحة,,,سيدي خالد,,,
51-00003,قاعة علاج كشيدة عمر,dispensaire,قاعة علاج كشيدة عمر,51,5101,Ouled Djellal,34.421313,5.052932,exact,osm_node,osm,"{""osm"":""node/3224471677""}",salle_de_soins,Salle de soins / dispensaire,قاعة علاج / مستوصف,public,,,,,
51-00004,عيادة الشهيد عزي مختار وهاس,,عيادة الشهيد عزي مختار وهاس,51,5101,Ouled Djellal,34.446763,5.138212,exact,osm_node,osm,"{""osm"":""node/4638506289""}",clinique,Clinique,عيادة / مصحة,,,,,,
51-00005,,,,51,5101,Ouled Djellal,34.455075,5.106313,exact,osm_node,osm,"{""osm"":""node/5300746421""}",clinique,Clinique,عيادة / مصحة,,,,,,
51-00006,عيادة طبية,,عيادة طبية,51,5104,Sidi Khaled,34.395537,4.998871,exact,osm_node,osm,"{""osm"":""node/6282801909""}",clinique,Clinique,عيادة / مصحة,,,سيدي خالد,,,
51-00007,,,,51,5101,Ouled Djellal,34.427922,5.065217,exact,osm_node,osm,"{""osm"":""node/6949524655""}",clinique,Clinique,عيادة / مصحة,,,,,,
51-00008,مخبر تحاليل طبية,,مخبر تحاليل طبية,51,5101,Ouled Djellal,34.428103,5.067526,exact,osm_node,osm,"{""osm"":""node/7057210987""}",clinique,Clinique,عيادة / مصحة,,,,,,
51-00009,,,,51,5101,Ouled Djellal,34.421462,5.048683,exact,osm_node,osm,"{""osm"":""node/7087068285""}",clinique,Clinique,عيادة / مصحة,,,,,,
51-00010,المركز النفسي البيداغوجي,centre psychopédagogique,المركز النفسي البيداغوجي,51,5101,Ouled Djellal,34.42539,5.054437,approximate,osm_centroid,osm,"{""osm"":""way/309547354""}",clinique,Clinique,عيادة / مصحة,,,,,,
51-00011,قاعة علاج مرغاد لخضر,dispensaire,قاعة علاج مرغاد لخضر,51,5101,Ouled Djellal,34.426068,5.044813,approximate,osm_centroid,osm,"{""osm"":""way/310260609""}",salle_de_soins,Salle de soins / dispensaire,قاعة علاج / مستوصف,public,,,,,
51-00012,قاعة علاج شبيرة معمر,dispensaire,قاعة علاج شبيرة معمر,51,5101,Ouled Djellal,34.435224,5.073868,approximate,osm_centroid,osm,"{""osm"":""way/310449934""}",salle_de_soins,Salle de soins / dispensaire,قاعة علاج / مستوصف,public,,,,,
51-00013,,,,51,5104,Sidi Khaled,34.39095,5.001366,approximate,osm_centroid,osm,"{""osm"":""way/316772026""}",clinique,Clinique,عيادة / مصحة,,,سيدي خالد,,,
51-00014,قاعة علاج لصطب عبد الحفيظ,dispensaire Lastab Abdelhafidh,قاعة علاج لصطب عبد الحفيظ,51,5101,Ouled Djellal,34.434734,5.055649,approximate,osm_centroid,osm,"{""osm"":""way/383087218""}",salle_de_soins,Salle de soins / dispensaire,قاعة علاج / مستوصف,public,,,,,
51-00015,عيادة متعددة الخدمات سلمي احمد,dispensaire,عيادة متعددة الخدمات سلمي احمد,51,5101,Ouled Djellal,34.448396,5.062322,approximate,osm_centroid,osm,"{""osm"":""way/441285659""}",polyclinique,Polyclinique,عيادة متعددة الخدمات,public,,,,,
52-00001,عيادة متعددة الخدمات,,عيادة متعددة الخدمات,52,5208,Kerzaz,29.463538,-1.440103,exact,osm_node,osm,"{""osm"":""node/4456197391""}",polyclinique,Polyclinique,عيادة متعددة الخدمات,public,,"طريق كرزاز - تيمودي, 08220",,,
53-00001,العيادة المتعددة الخدمات عين غار,Hôpital In Ghar,العيادة المتعددة الخدمات عين غار,53,5301,Ain Salah,27.107116,1.909841,exact,osm_node,osm,"{""osm"":""node/4294149589""}",polyclinique,Polyclinique,عيادة متعددة الخدمات,public,,وسط المدينة ان غار,,24/7,
53-00002,العيادة المتعددة الاختصاصات,ksar ElMourabitine,العيادة المتعددة الاختصاصات,53,5301,Ain Salah,27.188841,2.476755,exact,osm_node,osm,"{""osm"":""node/4527020492""}",polyclinique,Polyclinique,عيادة متعددة الخدمات,public,,"قصر المرابطين, In Salah",,,
53-00003,قاعة علاج,Centre de santé,قاعة علاج,53,5301,Ain Salah,27.111101,1.908022,exact,osm_node,osm,"{""osm"":""node/4690323990""}",salle_de_soins,Salle de soins / dispensaire,قاعة علاج / مستوصف,public,,,,,
53-00004,مستوصف سونطراك,Dispensaire Sonatrach,مستوصف سونطراك,53,5301,Ain Salah,27.19994,2.479701,exact,osm_node,osm,"{""osm"":""node/4973515327""}",salle_de_soins,Salle de soins / dispensaire,قاعة علاج / مستوصف,public,,,,,
53-00005,تعيار الدم,Laboratoire de biologie médicale,تعيار الدم,53,5301,Ain Salah,27.200209,2.47994,exact,osm_node,osm,"{""osm"":""node/4973543023""}",clinique,Clinique,عيادة / مصحة,,,,,,
53-00006,قاعة العلاج مليانة,Centre de santé,قاعة العلاج مليانة,53,5301,Ain Salah,27.102855,1.90982,exact,osm_node,osm,"{""osm"":""node/5037789821""}",salle_de_soins,Salle de soins / dispensaire,قاعة علاج / مستوصف,public,,"مليانة, 11004",,,
53-00007,المركز الطبي البيداغوجي للأطفال المعاقين ذهنيا,Centre Médico-Pédagogique pour Enfants Handicapés Mentaux,المركز الطبي البيداغوجي للأطفال المعاقين ذهنيا,53,5301,Ain Salah,27.183161,2.491228,approximate,osm_centroid,osm,"{""osm"":""way/783059461""}",centre_sante,Centre de santé,مركز صحي,,,عين صالح,,,
53-00008,العيادة المتعددة الخدمات الجديدة عين صالح,Polyclinique In Salah,العيادة المتعددة الخدمات الجديدة عين صالح,53,5301,Ain Salah,27.18512,2.490324,approximate,osm_centroid,osm,"{""osm"":""way/783081628""}",polyclinique,Polyclinique,عيادة متعددة الخدمات,public,,الشريط,,,
55-00001,Polyclinique de Tamacine,Polyclinique de Tamacine,,55,5509,Temacine,33.009417,6.011457,exact,osm_node,osm,"{""osm"":""node/5191771732""}",polyclinique,Polyclinique,عيادة متعددة الخدمات,public,,,,,
55-00004,مصحة قلبو لعلاج الكلى,Centre Hymodialyse,مصحة قلبو لعلاج الكلى,55,5503,Tebesbest,33.116902,6.078733,exact,osm_node,osm,"{""osm"":""node/6482120585""}",clinique,Clinique,عيادة / مصحة,private,,,,,
55-00005,صباح الأخضري,Sabah lakhdari,صباح الأخضري,55,5501,Touggourt,33.094236,6.058303,exact,osm_node,osm,"{""osm"":""node/6482120586""}",clinique,Clinique,عيادة / مصحة,,,تقرت,,,
55-00006,عيادة متعددة الخدمات,Polyclinique Nezla,عيادة متعددة الخدمات,55,5501,Touggourt,33.089131,6.062084,approximate,osm_centroid,osm,"{""osm"":""way/321935589""}",polyclinique,Polyclinique,عيادة متعددة الخدمات,public,,النزلة,,,
55-00007,Polyclinique,Polyclinique,العيادة متعددة الخدمات,55,5502,Blidet Amor,32.946021,5.976578,approximate,osm_centroid,osm,"{""osm"":""way/404426340""}",polyclinique,Polyclinique,عيادة متعددة الخدمات,public,,بلدة عمر,,,
55-00008,الولادة الريفية,Maternité rurale,الولادة الريفية,55,5502,Blidet Amor,32.947478,5.981327,approximate,osm_centroid,osm,"{""osm"":""way/404426353""}",maternite,Maternité / clinique d'accouchement,مصحة توليد,,,بلدة عمر,,,true
56-00001,محطة مراقبة الأوبئة,Station d'épidémiologie,محطة مراقبة الأوبئة,56,5601,Djanet,24.527038,9.490766,exact,osm_node,osm,"{""osm"":""node/7629139588""}",clinique,Clinique,عيادة / مصحة,,,,,Su-Th 09:00-03:00,
57-00001,,,,57,5707,Oum Touyour,34.083006,5.674283,exact,osm_node,osm,"{""osm"":""node/5126654722""}",clinique,Clinique,عيادة / مصحة,,,,,,
57-00002,بيطة المسادة,Baita Messada,بيطة المسادة,57,5708,Sidi Amrane,33.540153,5.980209,exact,osm_node,osm,"{""osm"":""node/5234878421""}",clinique,Clinique,عيادة / مصحة,,,,,,
57-00004,الجوارية,Jiwaria,الجوارية,57,5708,Sidi Amrane,33.537213,5.988478,exact,osm_node,osm,"{""osm"":""node/6940002924""}",clinique,Clinique,عيادة / مصحة,,,جامعة,,,
57-00005,عياة,Clinique,عياة,57,5708,Sidi Amrane,33.572849,5.985139,exact,osm_node,osm,"{""osm"":""node/6941973886""}",clinique,Clinique,عيادة / مصحة,,,,,,
57-00006,عيادة متعددة الخدمات الشهيد رفاس الدراجي,,عيادة متعددة الخدمات الشهيد رفاس الدراجي,57,5707,Oum Touyour,34.159173,5.82367,approximate,osm_centroid,osm,"{""osm"":""way/422309952""}",polyclinique,Polyclinique,عيادة متعددة الخدمات,public,general,"نـــهــج الشهيد بشراير محمد, OUM THIOUR",,,
57-00007,ارض مشروع مسجد+مدرسة قرآنية,,ارض مشروع مسجد+مدرسة قرآنية,57,5701,El-M'ghaier,33.944313,5.916073,approximate,osm_centroid,osm,"{""osm"":""way/907058758""}",clinique,Clinique,عيادة / مصحة,public,general,"غرب الطرق الوطني رقم03, المغير 39200",,,true
57-00008,مدرسة ابتدائية,,مدرسة ابتدائية,57,5701,El-M'ghaier,33.944551,5.914505,approximate,osm_centroid,osm,"{""osm"":""way/907058759""}",clinique,Clinique,عيادة / مصحة,public,general,"غرب الطريق الوطني رقم 03, المغير 39200",,,
57-00009,قاعة علاج,,قاعة علاج,57,5707,Oum Touyour,34.214342,5.765954,approximate,osm_centroid,osm,"{""osm"":""way/907383920""}",salle_de_soins,Salle de soins / dispensaire,قاعة علاج / مستوصف,public,general,,,,
58-00001,Clinique de Centre-Ville,Clinique de Centre-Ville,,58,5801,El Meniaa,30.583789,2.881531,exact,osm_node,osm,"{""osm"":""node/4130649994""}",clinique,Clinique,عيادة / مصحة,,,,,,
58-00002,عيادة حفرة بلعباس,,عيادة حفرة بلعباس,58,5801,El Meniaa,30.599371,2.877888,exact,osm_node,osm,"{""osm"":""node/4130651296""}",clinique,Clinique,عيادة / مصحة,,,,,,
58-00003,عيادة حي 200 مسكن,Clinique cité 200 lojments,عيادة حي 200 مسكن,58,5801,El Meniaa,30.589961,2.873137,exact,osm_node,osm,"{""osm"":""node/4130651689""}",clinique,Clinique,عيادة / مصحة,,,المنيعة,,,
58-00004,Clinique vue Ghsar,Clinique vue Ghsar,,58,5801,El Meniaa,30.578611,2.896764,exact,osm_node,osm,"{""osm"":""node/4137875090""}",clinique,Clinique,عيادة / مصحة,,,,,,
58-00005,قابلة شراك فاطمة,Sage famme cherrak fatima,قابلة شراك فاطمة,58,5801,El Meniaa,30.586812,2.879639,exact,osm_node,osm,"{""osm"":""node/4212470497""}",clinique,Clinique,عيادة / مصحة,,paediatrics,المنيعة 47001,,,
58-00006,قابلة زواردي الزهرة,Sage femme ZOURDI SOUADA,قابلة,58,5801,El Meniaa,30.579612,2.897195,exact,osm_node,osm,"{""osm"":""node/4212470698""}",clinique,Clinique,عيادة / مصحة,,,,,,
58-00007,قاعة العلاج . حاسي الفحل,Centre de santé,قاعة العلاج . حاسي الفحل,58,5802,Hassi Fehal,31.605291,3.677344,exact,osm_node,osm,"{""osm"":""node/4381268895""}",salle_de_soins,Salle de soins / dispensaire,قاعة علاج / مستوصف,public,,,,,
58-00008,sage femme cherrak djemaa,sage femme cherrak djemaa,,58,5801,El Meniaa,30.585946,2.881554,exact,osm_node,osm,"{""osm"":""node/5226088331""}",clinique,Clinique,عيادة / مصحة,,gynaecology,,,,
58-00009,سونطراك مركز طبي اجتماعي المنيعة,Sonatrach Center Médico Social El Menia,سونطراك مركز طبي اجتماعي المنيعة,58,5801,El Meniaa,30.589419,2.881211,approximate,osm_centroid,osm,"{""osm"":""way/1175083062""}",clinique,Clinique,عيادة / مصحة,,,المنيعة,,,
58-00010,عيادة حي الزيتون,,عيادة حي الزيتون,58,5803,Hassi Gara,30.564887,2.912315,approximate,osm_centroid,osm,"{""osm"":""way/1424442277""}",clinique,Clinique,عيادة / مصحة,public,community,حاسي القارة,,,
58-00011,العيادة المتعددة الخدمات حاسي القارة,Polyclinique de Hassi Gara,العيادة المتعددة الخدمات حاسي القارة,58,5803,Hassi Gara,30.557116,2.899968,approximate,osm_centroid,osm,"{""osm"":""way/366539037""}",polyclinique,Polyclinique,عيادة متعددة الخدمات,public,,,,,
59-00001,مركز تصفية الدم,,مركز تصفية الدم,59,0310,Gueltat Sidi Saad,34.296382,1.949483,exact,osm_node,osm,"{""osm"":""node/13037150162""}",clinique,Clinique,عيادة / مصحة,,,,,,
59-00002,قاعة العلاج,,قاعة العلاج,59,0312,El Beidha,34.479954,2.178165,exact,osm_node,osm,"{""osm"":""node/13540737802""}",salle_de_soins,Salle de soins / dispensaire,قاعة علاج / مستوصف,public,,,,,
59-00003,العيادة المتعددة الخدمات المجاهد الخير الطاهر,,العيادة المتعددة الخدمات المجاهد الخير الطاهر,59,0312,El Beidha,34.478703,2.168193,exact,osm_node,osm,"{""osm"":""node/13540779952""}",polyclinique,Polyclinique,عيادة متعددة الخدمات,public,,,,,
59-00004,,,,59,0312,El Beidha,34.479941,2.178182,approximate,osm_centroid,osm,"{""osm"":""way/1472232675""}",clinique,Clinique,عيادة / مصحة,,,,,24/7,
60-00001,,,,60,0542,Barika,35.375813,5.365743,exact,osm_node,osm,"{""osm"":""node/4695515593""}",clinique,Clinique,عيادة / مصحة,,,,,,
60-00002,EHP,EHP,,60,0543,Djezzar,35.504736,5.263731,approximate,osm_centroid,osm,"{""osm"":""way/317233089""}",clinique,Clinique,عيادة / مصحة,private,,Djezzar,,,
60-00003,Polyclinique frères Kiri,Polyclinique frères Kiri,العيادة متعددة الخدمات الإخوة قيري,60,0542,Barika,35.384493,5.367161,approximate,osm_centroid,osm,"{""osm"":""way/358669953""}",polyclinique,Polyclinique,عيادة متعددة الخدمات,public,,Barika 05400,,,
61-00001,العيادة المتعددة الخدمات,,العيادة المتعددة الخدمات,61,0720,Djemorah,35.069012,5.844011,exact,osm_node,osm,"{""osm"":""node/4449234991""}",polyclinique,Polyclinique,عيادة متعددة الخدمات,public,,Djemorah,,,
61-00002,مستوصف,Dispensaire,مستوصف,61,0717,El Kantara,35.122105,5.615703,approximate,osm_centroid,osm,"{""osm"":""way/783039820""}",salle_de_soins,Salle de soins / dispensaire,قاعة علاج / مستوصف,public,,,,,
64-00001,مركز طبي,Centre médical,مركز طبي,64,1429,Ksar Chellala,35.213053,2.318175,exact,osm_node,osm,"{""osm"":""node/4758834521""}",clinique,Clinique,عيادة / مصحة,,,14011,,24/7,
64-00002,Clinic Hamadia,Clinic Hamadia,,64,1435,Hamadia,35.464966,1.874994,exact,osm_node,osm,"{""osm"":""node/7696189552""}",clinique,Clinique,عيادة / مصحة,,,,,,
65-00001,Centre de Soins,Centre de Soins,,65,1731,Aïn Oussera,35.456624,2.892273,exact,osm_node,osm,"{""osm"":""node/2614323294""}",centre_sante,Centre de santé,مركز صحي,,,,,,
65-00002,"Centre de soins, route de Guernini","Centre de soins, route de Guernini",,65,1731,Aïn Oussera,35.43168,2.891698,exact,osm_node,osm,"{""osm"":""node/2643794264""}",centre_sante,Centre de santé,مركز صحي,,,,,,
65-00003,Dispensaire Slimani slimane,Dispensaire Slimani slimane,مستوصف سليماني سليمان,65,1731,Aïn Oussera,35.449237,2.894077,exact,osm_node,osm,"{""osm"":""node/4106648790""}",salle_de_soins,Salle de soins / dispensaire,قاعة علاج / مستوصف,public,,17200 Cité Slimani Slimane (52),,,true
65-00004,Laboratoire analyse médicales,Laboratoire d'analyse médicales Boutemedjet,مخبر التحاليل الطبية بوتمجت,65,1731,Aïn Oussera,35.4598,2.897897,exact,osm_node,osm,"{""osm"":""node/4107920889""}",clinique,Clinique,عيادة / مصحة,,,Boutemdjet,0553134744,Sa-Th 07:30-17:30,
65-00005,,,,65,1731,Aïn Oussera,35.457917,2.897272,exact,osm_node,osm,"{""osm"":""node/4108809495""}",clinique,Clinique,عيادة / مصحة,,,,,,
65-00006,مركز مراقبة السل,Centre de contrôle de la tuberculose,مركز مكافحة السل,65,1731,Aïn Oussera,35.456396,2.892616,exact,osm_node,osm,"{""osm"":""node/4213559682""}",clinique,Clinique,عيادة / مصحة,,,,,,
65-00007,Hitachi urologue,Hitachi urologue,,65,1731,Aïn Oussera,35.450513,2.904439,exact,osm_node,osm,"{""osm"":""node/4280589028""}",clinique,Clinique,عيادة / مصحة,,,,0555 68 46 70,Sa-Tu 09:00-17:00,
65-00011,مركز تصفية الدم,Centre d'hémodialyse,مركز تصفية الدم,65,1731,Aïn Oussera,35.45599,2.904879,exact,osm_node,osm,"{""osm"":""node/4722460515""}",clinique,Clinique,عيادة / مصحة,,,,,,
65-00012,المركز الطبي البيداغوجي,centre de médecine pédagogique,المركز الطبي البيداغوجي,65,1731,Aïn Oussera,35.459066,2.892693,exact,osm_node,osm,"{""osm"":""node/4777640227""}",clinique,Clinique,عيادة / مصحة,,,,,,
65-00013,الاستعجالات الطبية,Urgences médicales (consultation ),الاستعجالات الطبية (المعاينة),65,1731,Aïn Oussera,35.454757,2.905222,exact,osm_node,osm,"{""osm"":""node/4860482621""}",centre_sante,Centre de santé,مركز صحي,,,,,24/7,
65-00014,الاستعجالات الطبية الجراحية,Urgences Médicales Chirurgicale,الاستعجالات الطبية,65,1731,Aïn Oussera,35.454924,2.905575,exact,osm_node,osm,"{""osm"":""node/4894508221""}",centre_sante,Centre de santé,مركز صحي,,,,,24/7,
65-00015,Pédiatre,Pédiatre,مصلحة طب الأطفال,65,1731,Aïn Oussera,35.455923,2.905149,exact,osm_node,osm,"{""osm"":""node/4894512108""}",clinique,Clinique,عيادة / مصحة,,,,,,
65-00016,العيادة المتعددة الخدمات بالبيرين,Polyclinique de BIRINE,العيادة المتعددة الخدمات بالبيرين,65,1708,Birine,35.629961,3.228334,exact,osm_node,osm,"{""osm"":""node/4992717223""}",polyclinique,Polyclinique,عيادة متعددة الخدمات,public,,البيرين,,,
65-00017,مصلحة الاشعة,Centre d'imagerie,مصلحة الاشعة,65,1731,Aïn Oussera,35.454832,2.905252,exact,osm_node,osm,"{""osm"":""node/5277195122""}",clinique,Clinique,عيادة / مصحة,,,,,,
65-00018,,,,65,1731,Aïn Oussera,35.457048,2.898932,exact,osm_node,osm,"{""osm"":""node/5419757021""}",clinique,Clinique,عيادة / مصحة,,,,,,
65-00019,عيادة متعددة الخدمات عين افقة,,عيادة متعددة الخدمات عين افقة,65,1735,Ain Fekka,35.425816,3.576852,exact,osm_node,osm,"{""osm"":""node/5506783923""}",polyclinique,Polyclinique,عيادة متعددة الخدمات,public,,,,,
65-00021,نور عين وسار,Clinique Noor Oussera,مصحة نور وسارة,65,1731,Aïn Oussera,35.453295,2.884668,exact,osm_node,osm,"{""osm"":""node/5927499185""}",clinique,Clinique,عيادة / مصحة,private,,,0560 74 89 48,Sa-Th 07:00-19:00,
65-00023,بن عبد الوهاب محمد اخصائي في جراحة العظام و المفاصل و الرضوض,Benabdelouahab Mohamed chirurgien orthopédiste,بن عبد الوهاب محمد اخصائي في جراحة العظام و المفاصل و الرضوض,65,1731,Aïn Oussera,35.453558,2.897556,exact,osm_node,osm,"{""osm"":""node/6834210186""}",clinique,Clinique,عيادة / مصحة,,,Cité Zighoud Youcef,0798897212,Sa-Th 08:00-17:00,
65-00024,العيادة المتعددة الخدمات,Polyclinique de BIRINE,العيادة المتعددة الخدمات,65,1708,Birine,35.630835,3.227507,approximate,osm_centroid,osm,"{""osm"":""way/363124669""}",polyclinique,Polyclinique,عيادة متعددة الخدمات,public,,البيرين,,,true
65-00025,الإستعجالات الطبية الجراحية,UMC BIRINE,الإستعجالات الطبية الجراحية,65,1708,Birine,35.644124,3.227113,approximate,osm_centroid,osm,"{""osm"":""way/363129199""}",clinique,Clinique,عيادة / مصحة,,,البيرين,,,true
65-00026,,,,65,1719,Sidi Laadjel,35.43767,2.515895,approximate,osm_centroid,osm,"{""osm"":""way/409149714""}",clinique,Clinique,عيادة / مصحة,,,,,,
65-00027,مستوصف,Dispensaire,مستوصف,65,1719,Sidi Laadjel,35.363912,2.445694,approximate,osm_centroid,osm,"{""osm"":""way/491009053""}",salle_de_soins,Salle de soins / dispensaire,قاعة علاج / مستوصف,public,,,,,
66-00001,قاعة علاج,,قاعة علاج,66,1724,Oum Laadham,33.719131,4.524322,exact,osm_node,osm,"{""osm"":""node/10222831317""}",salle_de_soins,Salle de soins / dispensaire,قاعة علاج / مستوصف,public,,,,,
66-00002,العيادة المتعددة الخدمات بام العظام,,العيادة المتعددة الخدمات بام العظام,66,1724,Oum Laadham,33.719568,4.524966,exact,osm_node,osm,"{""osm"":""node/11360070669""}",polyclinique,Polyclinique,عيادة متعددة الخدمات,public,,شارع محمد بوضياف طريق مسعد,,,
66-00003,عيادة متعددة الخدمات خنيش قويدر,,عيادة متعددة الخدمات خنيش قويدر,66,1717,Messaad,34.145159,3.51326,exact,osm_node,osm,"{""osm"":""node/13584854802""}",polyclinique,Polyclinique,عيادة متعددة الخدمات,public,,,,,
66-00004,عيادة متعددة الخدمات خنيش قويدر,,عيادة متعددة الخدمات خنيش قويدر,66,1717,Messaad,34.145187,3.514085,exact,osm_node,osm,"{""osm"":""node/13585195602""}",polyclinique,Polyclinique,عيادة متعددة الخدمات,public,,,,,
66-00005,العلاج بالأعشاب الطبيعية عند بسعود,Bessaoud,العلاج بالأعشاب الطبيعية عند بسعود,66,1717,Messaad,34.152929,3.487256,exact,osm_node,osm,"{""osm"":""node/5619253725""}",clinique,Clinique,عيادة / مصحة,,,مسعد,,,
66-00006,عيادة طب الأطفال مسعد,Clinique,عيادة طب الأطفال مسعد,66,1717,Messaad,34.153496,3.492019,exact,osm_node,osm,"{""osm"":""node/6495361762""}",clinique,Clinique,عيادة / مصحة,,,"354/31 حي أول نوفمبر, مسعد",0551163099,"Mo-Th,Sa,Su 09:00-06:00",
66-00007,العالية للتحاليل الطبية,Alia analyse médicale,العالية للتحاليل الطبية,66,1717,Messaad,34.152394,3.497718,exact,osm_node,osm,"{""osm"":""node/7443131586""}",clinique,Clinique,عيادة / مصحة,,,,,,
66-00008,,,,66,1707,Faidh El Botma,34.528308,3.778675,approximate,osm_centroid,osm,"{""osm"":""way/1391853397""}",clinique,Clinique,عيادة / مصحة,,,,,,
67-00001,Dispensaire,Dispensaire,,67,2632,Aziz,35.83238,2.523954,exact,osm_node,osm,"{""osm"":""node/1931657862""}",salle_de_soins,Salle de soins / dispensaire,قاعة علاج / مستوصف,public,,,,,
67-00002,عيادة,Polyclinique,عيادة,67,2608,Derrag,35.905493,2.387195,exact,osm_node,osm,"{""osm"":""node/1932358027""}",polyclinique,Polyclinique,عيادة متعددة الخدمات,public,,دراق,,,
67-00003,مستوصف المجاهدة ثابت سلمى,Salle de soins Thabet Salma,مستوصف المجاهدة ثابت سلمى,67,2635,Ksar El Boukhari,35.86999,2.761459,exact,osm_node,osm,"{""osm"":""node/4377862196""}",salle_de_soins,Salle de soins / dispensaire,قاعة علاج / مستوصف,public,,,,,
67-00005,Polyclinique,Polyclinique.,,67,2635,Ksar El Boukhari,35.886336,2.7521,exact,osm_node,osm,"{""osm"":""node/4515441798""}",polyclinique,Polyclinique,عيادة متعددة الخدمات,public,,,,,
67-00006,,,,67,2604,Ain Boucif,35.889246,3.140291,exact,osm_node,osm,"{""osm"":""node/4582545919""}",clinique,Clinique,عيادة / مصحة,,,,,,
67-00007,,,,67,2604,Ain Boucif,35.889557,3.156134,exact,osm_node,osm,"{""osm"":""node/4582548708""}",clinique,Clinique,عيادة / مصحة,,,,,,
67-00008,Dispensaire de VK,Dispensaire de VK,,67,2635,Ksar El Boukhari,35.888593,2.760499,exact,osm_node,osm,"{""osm"":""node/4625445689""}",salle_de_soins,Salle de soins / dispensaire,قاعة علاج / مستوصف,public,,,,,
67-00009,Polyclinique,Polyclinique,,67,2638,Chabounia,35.543305,2.604907,approximate,osm_centroid,osm,"{""osm"":""way/182698411""}",polyclinique,Polyclinique,عيادة متعددة الخدمات,public,,,,,
67-00010,Centre de Santé,Polyclinique Romanette,,67,2635,Ksar El Boukhari,35.895444,2.75525,approximate,osm_centroid,osm,"{""osm"":""way/184793541""}",polyclinique,Polyclinique,عيادة متعددة الخدمات,public,,,,,
67-00011,,,,67,2635,Ksar El Boukhari,35.87774,2.75295,approximate,osm_centroid,osm,"{""osm"":""way/184793554""}",clinique,Clinique,عيادة / مصحة,,,,,,
67-00012,Dispensaire,Dispensaire,,67,2604,Ain Boucif,35.890249,3.151561,approximate,osm_centroid,osm,"{""osm"":""way/405710162""}",salle_de_soins,Salle de soins / dispensaire,قاعة علاج / مستوصف,public,,,,,
67-00013,Centre de Santé,Centre de Santé,,67,2632,Aziz,35.827047,2.455308,approximate,osm_centroid,osm,"{""osm"":""way/452692557""}",centre_sante,Centre de santé,مركز صحي,,,,,,true
67-00014,Centre Médical,Centre Médical,,67,2632,Aziz,35.824528,2.451943,approximate,osm_centroid,osm,"{""osm"":""way/452785489""}",clinique,Clinique,عيادة / مصحة,,,,,,
67-00015,Polyclinique,Polyclinique,,67,2618,Chelalet El Adhaoura,35.937157,3.430893,approximate,osm_centroid,osm,"{""osm"":""way/571753318""}",polyclinique,Polyclinique,عيادة متعددة الخدمات,public,,Chellalat El Adhaoura,,,
68-00001,,,,68,2821,Ouled Sidi Brahim,35.351127,4.19078,exact,osm_node,osm,"{""osm"":""node/12964177709""}",clinique,Clinique,عيادة / مصحة,,,,,,
68-00002,"مصحة سيدي ثامر ""ناجوي""","Clinique sidi thameur ""Nadjoui""",سيدي ثامر,68,2820,Bou Saada,35.201,4.16609,exact,osm_node,osm,"{""osm"":""node/4220228589""}",clinique,Clinique,عيادة / مصحة,private,,,,,
68-00003,ناجوي,Nadjoui,ناجوي,68,2820,Bou Saada,35.211394,4.178895,exact,osm_node,osm,"{""osm"":""node/4475707297""}",clinique,Clinique,عيادة / مصحة,,,,,,
68-00005,,,,68,2820,Bou Saada,35.220046,4.155724,exact,osm_node,osm,"{""osm"":""node/5230136624""}",clinique,Clinique,عيادة / مصحة,,,,,,
68-00006,الشهيد بن اعمر محمد,,الشهيد بن اعمر محمد,68,2847,Djebel Messaad,34.994234,4.095302,exact,osm_node,osm,"{""osm"":""node/5238034326""}",clinique,Clinique,عيادة / مصحة,,,,,,
68-00008,,,,68,2844,Ain Rich,34.678365,4.095563,approximate,osm_centroid,osm,"{""osm"":""way/1393498007""}",clinique,Clinique,عيادة / مصحة,,,,,,
68-00009,Polyclinique,Polyclinique,,68,2843,Slim,34.895883,3.739554,approximate,osm_centroid,osm,"{""osm"":""way/370590378""}",polyclinique,Polyclinique,عيادة متعددة الخدمات,public,,,,,
68-00010,Centre de Santé,Centre de Santé,,68,2836,Bir Foda,34.82118,3.763525,approximate,osm_centroid,osm,"{""osm"":""way/370613623""}",centre_sante,Centre de santé,مركز صحي,,,,,,
68-00011,Polyclinique,Polyclinique,,68,2838,Sidi M'hamed,34.701864,4.427883,approximate,osm_centroid,osm,"{""osm"":""way/372525739""}",polyclinique,Polyclinique,عيادة متعددة الخدمات,public,,,,,
68-00012,Polyclinique,Polyclinique,,68,2834,Mohamed Boudiaf,34.898018,4.43034,approximate,osm_centroid,osm,"{""osm"":""way/372774281""}",polyclinique,Polyclinique,عيادة متعددة الخدمات,public,,,,,
68-00013,Polyclinique,Polyclinique,,68,2825,Ouled Slimane,34.915875,4.735366,approximate,osm_centroid,osm,"{""osm"":""way/373849900""}",polyclinique,Polyclinique,عيادة متعددة الخدمات,public,,,,,
68-00014,Service d'épidémiologie et de médecine préventive,Service d'épidémiologie et de médecine préventive,مصلحة علم الاوبئة والطب الوقائي,68,2820,Bou Saada,35.212204,4.178742,approximate,osm_centroid,osm,"{""osm"":""way/378653724""}",clinique,Clinique,عيادة / مصحة,,,Bou Saâda,,,
68-00015,عياط بالقاسم,,عياط بالقاسم,68,2820,Bou Saada,35.213983,4.300704,approximate,osm_centroid,osm,"{""osm"":""way/439164816""}",clinique,Clinique,عيادة / مصحة,,,,,,
68-00016,Polyclinique Ben Dakmous,Polyclinique Ben Dakmous,,68,2820,Bou Saada,35.246372,4.172257,approximate,osm_centroid,osm,"{""osm"":""way/465506004""}",polyclinique,Polyclinique,عيادة متعددة الخدمات,public,,,,,
68-00017,قاعة علاج,,قاعة علاج,68,2841,Ain El Melh,34.853558,4.161319,approximate,osm_centroid,osm,"{""osm"":""way/491821368""}",salle_de_soins,Salle de soins / dispensaire,قاعة علاج / مستوصف,public,,حي 8 ماي 45,,,
68-00018,عيادة العين الكحلة,,عيادة العين الكحلة,68,2842,Medjedel,35.033355,3.634453,approximate,osm_centroid,osm,"{""osm"":""way/608910596""}",clinique,Clinique,عيادة / مصحة,,,Medjedel 28016,,,
68-00019,HOPILA BENKHONATHA DIOUAHI,HOPILA BENKHONATHA DIOUAHI,,68,2824,Ben Srour,35.039099,4.57368,approximate,osm_centroid,osm,"{""osm"":""way/709621699""}",clinique,Clinique,عيادة / مصحة,public,general,BEN-S'ROUR 28215,,,
68-00020,عيادة متعددة الخدمات سيدي عامر المجاهد:جفال علي مزوز,,عيادة متعددة الخدمات سيدي عامر المجاهد:جفال علي مزوز,68,,Sidi Ameur,35.377094,3.908964,approximate,osm_centroid,osm,"{""osm"":""way/722867793""}",polyclinique,Polyclinique,عيادة متعددة الخدمات,public,emergency,sidi ameur 28035,,,true
68-00021,الدكتور عبد اللطيف توفيق الامراض الباطنية وأمراض النساء,,الدكتور عبد اللطيف توفيق الامراض الباطنية وأمراض النساء,68,2820,Bou Saada,35.237104,4.159313,approximate,osm_centroid,osm,"{""osm"":""way/783867972""}",clinique,Clinique,عيادة / مصحة,,,,,,
69-00001,عيادة,clinic,عيادة,69,3207,Labiodh Sidi Cheikh,32.895331,0.558673,exact,osm_node,osm,"{""osm"":""node/5005421822""}",clinique,Clinique,عيادة / مصحة,,,,,,
69-00002,الاستعجلات,,الاستعجلات,69,3207,Labiodh Sidi Cheikh,32.894927,0.547879,exact,osm_node,osm,"{""osm"":""node/8861446614""}",clinique,Clinique,عيادة / مصحة,,,,,,
69-00003,مركز صحي,Centre de santé,مركز صحي,69,3207,Labiodh Sidi Cheikh,32.891559,0.543488,approximate,osm_centroid,osm,"{""osm"":""way/240978978""}",centre_sante,Centre de santé,مركز صحي,,,,,,
69-00004,,,,69,3207,Labiodh Sidi Cheikh,32.898787,0.545872,approximate,osm_centroid,osm,"{""osm"":""way/240978993""}",clinique,Clinique,عيادة / مصحة,,,الأبيض سيدي الشيخ,,,
69-00005,,,,69,3207,Labiodh Sidi Cheikh,32.9086,0.547122,approximate,osm_centroid,osm,"{""osm"":""way/240979000""}",clinique,Clinique,عيادة / مصحة,,,,,,
69-00006,Salle des soins,Salle des soins,قاعة علاج,69,3213,Boussemghoun,32.869129,0.026664,approximate,osm_centroid,osm,"{""osm"":""way/388390892""}",salle_de_soins,Salle de soins / dispensaire,قاعة علاج / مستوصف,public,,,,,
