id,name,wilaya_code,commune_code,commune,commune_ar,lat,lng,geo_precision,geo_method,source,operator,technology,address
mobilis-000723bc73,BOUIRA,10,,BOUIRA,البويرة,36.358861,3.87831,exact,operator_map,mobilis,mobilis,5G,
mobilis-003e471dcf,EL BOUNI,23,,EL BOUNI,البوني,36.857561,7.744801,exact,operator_map,mobilis,mobilis,5G,
mobilis-0049085d86,CHERAGA,16,,CHERAGA,الشراقة,36.751251,2.945985,exact,operator_map,mobilis,mobilis,5G,
mobilis-0093942c16,MAGHNIA,13,,MAGHNIA,مغنية,34.852981,-1.709728,exact,operator_map,mobilis,mobilis,5G,
mobilis-00d3449e73,MAHELMA,16,,MAHELMA,المحالمة,36.684651,2.857431,exact,operator_map,mobilis,mobilis,5G,
mobilis-01189c747c,EL KARMA,31,,EL KARMA,الكرمة,35.626701,-0.57395,exact,operator_map,mobilis,mobilis,5G,
mobilis-011b55e9d3,CONSTANTINE,25,,CONSTANTINE,قسنطينة,36.366361,6.63088,exact,operator_map,mobilis,mobilis,5G,
mobilis-016b98a997,ORAN,31,,ORAN,وهران,35.664121,-0.6993,exact,operator_map,mobilis,mobilis,5G,
mobilis-017cc3298a,MASCARA,29,,MASCARA,معسكر,35.408221,0.12163,exact,operator_map,mobilis,mobilis,5G,
mobilis-019b290685,BECHAR,08,,BECHAR,بشار,31.630421,-2.20557,exact,operator_map,mobilis,mobilis,5G,
mobilis-01a11035b0,BEJAIA,06,,BEJAIA,بجاية,36.749351,5.0731,exact,operator_map,mobilis,mobilis,5G,
mobilis-01dae4c4a6,TIMIMOUN,49,,TIMIMOUN,تيميمون,29.253031,0.22303,exact,operator_map,mobilis,mobilis,5G,
mobilis-0202b256da,FIL FILA,21,,FIL FILA,فلفلة,36.886861,7.030197,exact,operator_map,mobilis,mobilis,5G,
mobilis-022a883976,DELY BRAHIM,16,,DELY BRAHIM,دالي إبراهيم,36.741831,2.97335,exact,operator_map,mobilis,mobilis,5G,
mobilis-0251cd6e59,El-TARF,36,,El-TARF,الطارف,36.767531,8.28396,exact,operator_map,mobilis,mobilis,5G,
mobilis-026f4e8e9d,BARAKI,16,,BARAKI,براقي,36.664781,3.089323,exact,operator_map,mobilis,mobilis,5G,
mobilis-028750b36f,LAGHOUAT,03,,LAGHOUAT,الأغواط,33.824981,2.897433,exact,operator_map,mobilis,mobilis,5G,
mobilis-02f2adecf0,AIN BIYA,31,,AIN BIYA,عين البية,35.808491,-0.28421,exact,operator_map,mobilis,mobilis,5G,
mobilis-02f3917c53,OUED ZENATI,24,,OUED ZENATI,وادي الزناتي,36.306611,7.15698,exact,operator_map,mobilis,mobilis,5G,
mobilis-031da32dae,SETIF,19,,SETIF,سطيف,36.210211,5.44906,exact,operator_map,mobilis,mobilis,5G,
mobilis-031de9f5a4,BECHAR,08,,BECHAR,بشار,31.624471,-2.19693,exact,operator_map,mobilis,mobilis,5G,
mobilis-03741fea8b,BARAKI,16,,BARAKI,براقي,36.647201,3.072938,exact,operator_map,mobilis,mobilis,5G,
mobilis-038b5e7f60,BOUCHTATA,21,,BOUCHTATA,بوشطاطة,36.789231,6.798416,exact,operator_map,mobilis,mobilis,5G,
mobilis-03ab25a125,SIDI MOUSSA,16,,SIDI MOUSSA,سيدي موسى,36.611271,3.125341,exact,operator_map,mobilis,mobilis,5G,
mobilis-03b0b6c336,SAIDA,20,,SAIDA,سعيدة,34.839161,0.14002,exact,operator_map,mobilis,mobilis,5G,
mobilis-03b9a58d2e,ZERALDA,16,,ZERALDA,زرالدة,36.714591,2.84368,exact,operator_map,mobilis,mobilis,5G,
mobilis-03c09a273b,GHARDAIA,47,,GHARDAIA,غرداية,32.509281,3.67969,exact,operator_map,mobilis,mobilis,5G,
mobilis-03e507f176,SIDI BEL ABBES,22,,SIDI BEL ABBES,سيدي بلعباس,35.181101,-0.59402,exact,operator_map,mobilis,mobilis,5G,
mobilis-03f8255730,SAIDA,20,,SAIDA,سعيدة,34.830081,0.15907,exact,operator_map,mobilis,mobilis,5G,
mobilis-040544cec9,AIN BIYA,31,,AIN BIYA,عين البية,35.812061,-0.28793,exact,operator_map,mobilis,mobilis,5G,
mobilis-04a727fc41,DOUERA,16,,DOUERA,الدويرة,36.703371,2.930523,exact,operator_map,mobilis,mobilis,5G,
mobilis-04bb1eca87,DJISR KSENTINA,16,,DJISR KSENTINA,جسر قسنطينة,36.703051,3.094168,exact,operator_map,mobilis,mobilis,5G,
mobilis-04bfa87d53,BEN FREHA,31,,BEN FREHA,بن فريحة,35.707481,-0.443961,exact,operator_map,mobilis,mobilis,5G,
mobilis-0546388cfa,SAYADA,27,,SAYADA,صيادة,35.905481,0.12249,exact,operator_map,mobilis,mobilis,5G,
mobilis-05697833d3,ANNABA,23,,ANNABA,عنابة,36.885781,7.71651,exact,operator_map,mobilis,mobilis,5G,
mobilis-05959bb177,BECHAR,08,,BECHAR,بشار,31.619421,-2.20832,exact,operator_map,mobilis,mobilis,5G,
mobilis-05efde7d8e,BATNA,05,,BATNA,باتنة,35.544631,6.17787,exact,operator_map,mobilis,mobilis,5G,
mobilis-05fbd7d99a,BENI OULBANE,21,,BENI OULBANE,بني ولبان,36.625971,6.63675,exact,operator_map,mobilis,mobilis,5G,
mobilis-06056ef6bd,EL KHROUB,25,,EL KHROUB,الخروب,36.273401,6.70139,exact,operator_map,mobilis,mobilis,5G,
mobilis-063badb7e5,BENI MERED,09,,BENI MERED,بني مراد,36.533171,2.84511,exact,operator_map,mobilis,mobilis,5G,
mobilis-065d4649bb,GUELMA,24,,GUELMA,قالمة,36.466381,7.4112,exact,operator_map,mobilis,mobilis,5G,
mobilis-069396d23c,ES SENIA,31,,ES SENIA,السانية,35.634221,-0.66248,exact,operator_map,mobilis,mobilis,5G,
mobilis-0695e9912a,BORDJ BOU ARRERIDJ,34,,BORDJ BOU ARRERIDJ,برج بوعريريج,36.068281,4.763846,exact,operator_map,mobilis,mobilis,5G,
mobilis-06d9a8411a,CHLEF,02,,CHLEF,الشلف,36.159331,1.327933,exact,operator_map,mobilis,mobilis,5G,
mobilis-07636c15b9,TINDOUF,37,,TINDOUF,تندوف,27.674401,-8.14935,exact,operator_map,mobilis,mobilis,5G,
mobilis-077af06929,NAAMA,45,,NAAMA,النعامة,33.271811,-0.31706,exact,operator_map,mobilis,mobilis,5G,
mobilis-07990b3859,BORDJ BADJI MOKHTAR,50,,BORDJ BADJI MOKHTAR,برج باجي مختار,21.326701,0.9484,exact,operator_map,mobilis,mobilis,5G,
mobilis-083665784d,NAAMA,45,,NAAMA,النعامة,33.260241,-0.315542,exact,operator_map,mobilis,mobilis,5G,
mobilis-086de0cbb4,BORDJ EL KIFFAN,16,,BORDJ EL KIFFAN,برج الكيفان,36.739411,3.205955,exact,operator_map,mobilis,mobilis,5G,
mobilis-089f327e65,SIDI BEL ABBES,22,,SIDI BEL ABBES,سيدي بلعباس,35.181781,-0.63826,exact,operator_map,mobilis,mobilis,5G,
mobilis-08af42cba0,BIR MOURAD RAIS,16,,BIR MOURAD RAIS,بئر مراد رايس,36.729561,3.05089,exact,operator_map,mobilis,mobilis,5G,
mobilis-08baff8a0d,BEB EZZOUAR,16,,BEB EZZOUAR,باب الزوار,36.716201,3.17592,exact,operator_map,mobilis,mobilis,5G,
mobilis-08c79d92fc,HASSI BEN OKBA,31,,HASSI BEN OKBA,حاسي بن عقبة,35.733441,-0.46871,exact,operator_map,mobilis,mobilis,5G,
mobilis-08d4afad07,JIJEL,18,,JIJEL,جيجل,36.802121,5.788361,exact,operator_map,mobilis,mobilis,5G,
mobilis-0919188b04,SIDI CHAMI,31,,SIDI CHAMI,سيدي الشحمي,35.650821,-0.56596,exact,operator_map,mobilis,mobilis,5G,
mobilis-09a7c27de8,GUELMA,24,,GUELMA,قالمة,36.463251,7.42621,exact,operator_map,mobilis,mobilis,5G,
mobilis-09a9a909ed,KOUBA,16,,KOUBA,القبة,36.730921,3.07782,exact,operator_map,mobilis,mobilis,5G,
mobilis-09c1b80dbd,ES SENIA,31,,ES SENIA,السانية,35.630621,-0.67165,exact,operator_map,mobilis,mobilis,5G,
mobilis-0a036d9aac,ROUISSAT,30,,ROUISSAT,الرويسات,31.935831,5.34299,exact,operator_map,mobilis,mobilis,5G,
mobilis-0a03e4969a,DRARIA,16,,DRARIA,الدرارية,36.718041,3.002796,exact,operator_map,mobilis,mobilis,5G,
mobilis-0a383eecc6,SOUIDANIA,16,,SOUIDANIA,السويدانية,36.697271,2.912203,exact,operator_map,mobilis,mobilis,5G,
mobilis-0ae2188b30,EL EULMA,19,,EL EULMA,العلمة,36.146541,5.67277,exact,operator_map,mobilis,mobilis,5G,
mobilis-0ae9b8a909,TINDOUF,37,,TINDOUF,تندوف,27.678901,-8.13891,exact,operator_map,mobilis,mobilis,5G,
mobilis-0b2d68e6ff,BIR EL DJIR,31,,BIR EL DJIR,بئر الجير,35.705241,-0.56086,exact,operator_map,mobilis,mobilis,5G,
mobilis-0bc94c4fbf,SOUGUEUR,14,,SOUGUEUR,السوقر,35.181701,1.49683,exact,operator_map,mobilis,mobilis,5G,
mobilis-0c0e59e4b4,ADRAR,01,,ADRAR,أدرار,27.868951,-0.31537,exact,operator_map,mobilis,mobilis,5G,
mobilis-0c1c4200c5,MECHRIA,45,,MECHRIA,المشرية,33.537791,-0.266907,exact,operator_map,mobilis,mobilis,5G,
mobilis-0c1c77966c,DAR EL BEIDA,16,,DAR EL BEIDA,الدار البيضاء,36.723971,3.203492,exact,operator_map,mobilis,mobilis,5G,
mobilis-0c3dab3fdf,EL ABIODH SIDI CHEIKH,32,,EL ABIODH SIDI CHEIKH,الأبيض سيدي الشيخ,32.895401,0.55593,exact,operator_map,mobilis,mobilis,5G,
mobilis-0c52756968,GUELMA,24,,GUELMA,قالمة,36.465791,7.462654,exact,operator_map,mobilis,mobilis,5G,
mobilis-0c709b90ed,TIARET,14,,TIARET,تيارت,35.366771,1.319335,exact,operator_map,mobilis,mobilis,5G,
mobilis-0c88efa280,ROUIBA,16,,ROUIBA,الرويبة,36.732031,3.284306,exact,operator_map,mobilis,mobilis,5G,
mobilis-0c9c2ba80e,MOHAMMADIA,16,,MOHAMMADIA,المحمدية,36.732651,3.133767,exact,operator_map,mobilis,mobilis,5G,
mobilis-0cac7b161e,EL MAGHARIA,16,,EL MAGHARIA,المغارية,36.727421,3.10527,exact,operator_map,mobilis,mobilis,5G,
mobilis-0cbe708773,SAYADA,27,,SAYADA,صيادة,35.942221,0.1249,exact,operator_map,mobilis,mobilis,5G,
mobilis-0cc8292f1d,MISSERGHIN,31,,MISSERGHIN,مسرغين,35.631371,-0.6886,exact,operator_map,mobilis,mobilis,5G,
mobilis-0cfcee4a0e,HUSSEIN DEY,16,,HUSSEIN DEY,حسين داي,36.744691,3.09612,exact,operator_map,mobilis,mobilis,5G,
mobilis-0cfff0b8d6,GDYEL,31,,GDYEL,قديل,35.774161,-0.43225,exact,operator_map,mobilis,mobilis,5G,
mobilis-0d00baddad,BORDJ EL KIFFAN,16,,BORDJ EL KIFFAN,برج الكيفان,36.760271,3.24467,exact,operator_map,mobilis,mobilis,5G,
mobilis-0d0fe975a6,SIDI MHAMED,16,,SIDI MHAMED,سيدي امحمد,36.753361,3.04915,exact,operator_map,mobilis,mobilis,5G,
mobilis-0d63a7edf8,OUED TLELAT,31,,OUED TLELAT,وادي تليلات,35.537481,-0.45022,exact,operator_map,mobilis,mobilis,5G,
mobilis-0d7951a481,ORAN,31,,ORAN,وهران,35.688281,-0.65143,exact,operator_map,mobilis,mobilis,5G,
mobilis-0d906c19fa,KSAR CHELLALA,14,,KSAR CHELLALA,قصر الشلالة,35.216341,2.307919,exact,operator_map,mobilis,mobilis,5G,
mobilis-0da0e9ebf6,BOUTLELIS,31,,BOUTLELIS,بوتليليس,35.586981,-0.90143,exact,operator_map,mobilis,mobilis,5G,
mobilis-0db950719a,SIDI BEL ABBES,22,,SIDI BEL ABBES,سيدي بلعباس,35.209081,-0.64628,exact,operator_map,mobilis,mobilis,5G,
mobilis-0dd15ba91c,BECHAR,08,,BECHAR,بشار,31.599231,-2.22873,exact,operator_map,mobilis,mobilis,5G,
mobilis-0dd28faff3,BECHAR,08,,BECHAR,بشار,31.618921,-2.21295,exact,operator_map,mobilis,mobilis,5G,
mobilis-0dfd4d9465,TAMANRASSET,11,,TAMANRASSET,تمنراست,22.782001,5.51032,exact,operator_map,mobilis,mobilis,5G,
mobilis-0e29f6b2e7,IN SALAH,53,,IN SALAH,عين صالح,27.199611,2.48883,exact,operator_map,mobilis,mobilis,5G,
mobilis-0e8f830ad3,STAOUELI,16,,STAOUELI,سطاوالي,36.735161,2.84266,exact,operator_map,mobilis,mobilis,5G,
mobilis-0e8fc1bb39,MOSTAGANEM,27,,MOSTAGANEM,مستغانم,35.933011,0.07964,exact,operator_map,mobilis,mobilis,5G,
mobilis-0eaaaf30ad,KHRAISSIA,16,,KHRAISSIA,الخرايسية,36.668601,2.971,exact,operator_map,mobilis,mobilis,5G,
mobilis-0edeb78e0a,TISSEMSILT,38,,TISSEMSILT,تيسمسيلت,35.604451,1.81264,exact,operator_map,mobilis,mobilis,5G,
mobilis-0ef6112435,SKIKDA,21,,SKIKDA,سكيكدة,36.857411,6.925213,exact,operator_map,mobilis,mobilis,5G,
mobilis-0f3b4efd62,RELIZANE,48,,RELIZANE,غليزان,35.705791,0.582175,exact,operator_map,mobilis,mobilis,5G,
mobilis-0f67b0e796,BORDJ EL BAHRI,16,,BORDJ EL BAHRI,برج البحري,36.796501,3.23877,exact,operator_map,mobilis,mobilis,5G,
mobilis-0f9865e0c9,LAGHOUAT,03,,LAGHOUAT,الأغواط,33.805121,2.87142,exact,operator_map,mobilis,mobilis,5G,
mobilis-0fb2257aa3,BECHAR,08,,BECHAR,بشار,31.625391,-2.20765,exact,operator_map,mobilis,mobilis,5G,
mobilis-1011963734,OULED DJELLAL,51,,OULED DJELLAL,أولاد جلال,34.422011,5.05863,exact,operator_map,mobilis,mobilis,5G,
mobilis-105132d4dd,BECHAR,08,,BECHAR,بشار,31.590321,-2.24461,exact,operator_map,mobilis,mobilis,5G,
mobilis-1056263bb5,ORAN,31,,ORAN,وهران,35.683341,-0.66375,exact,operator_map,mobilis,mobilis,5G,
mobilis-106264226e,ES SENIA,31,,ES SENIA,السانية,35.654591,-0.62213,exact,operator_map,mobilis,mobilis,5G,
mobilis-10ad57f2dd,CHETOUANE,13,,CHETOUANE,شتوان,34.959551,-1.289,exact,operator_map,mobilis,mobilis,5G,
mobilis-11567c7fbf,JIJEL,18,,JIJEL,جيجل,36.802571,5.76932,exact,operator_map,mobilis,mobilis,5G,
mobilis-1164a0488e,FIL FILA,21,,FIL FILA,فلفلة,36.889731,7.026989,exact,operator_map,mobilis,mobilis,5G,
mobilis-117c07b2c5,BABA HASSEN,16,,BABA HASSEN,بابا حسن,36.700801,2.9705,exact,operator_map,mobilis,mobilis,5G,
mobilis-117cacb68f,BIR EL DJIR,31,,BIR EL DJIR,بئر الجير,35.707441,-0.55236,exact,operator_map,mobilis,mobilis,5G,
mobilis-118b86bbf9,BETHIOUA,31,,BETHIOUA,بطيوة,35.804191,-0.27701,exact,operator_map,mobilis,mobilis,5G,
mobilis-11c8820abd,ORAN,31,,ORAN,وهران,35.699201,-0.64941,exact,operator_map,mobilis,mobilis,5G,
mobilis-11dc250627,BIR EL DJIR,31,,BIR EL DJIR,بئر الجير,35.721711,-0.54694,exact,operator_map,mobilis,mobilis,5G,
mobilis-12134c3c31,DOUERA,16,,DOUERA,الدويرة,36.664731,2.949211,exact,operator_map,mobilis,mobilis,5G,
mobilis-121d41fc13,MECHRIA,45,,MECHRIA,المشرية,33.539651,-0.289884,exact,operator_map,mobilis,mobilis,5G,
mobilis-12272557e9,ORAN,31,,ORAN,وهران,35.723181,-0.59097,exact,operator_map,mobilis,mobilis,5G,
mobilis-1239412c8d,SIDI ALI,27,,SIDI ALI,سيدي علي,36.104221,0.42524,exact,operator_map,mobilis,mobilis,5G,
mobilis-137cad163e,TLEMCEN,13,,TLEMCEN,تلمسان,34.917661,-1.31781,exact,operator_map,mobilis,mobilis,5G,
mobilis-1387cf66f4,AZZABA,21,,AZZABA,عزابة,36.744511,7.12978,exact,operator_map,mobilis,mobilis,5G,
mobilis-13aa383560,MOSTAGANEM,27,,MOSTAGANEM,مستغانم,35.922331,0.07409,exact,operator_map,mobilis,mobilis,5G,
mobilis-13b079403c,SIDI BEL ABBES,22,,SIDI BEL ABBES,سيدي بلعباس,35.203361,-0.63172,exact,operator_map,mobilis,mobilis,5G,
mobilis-13c0e245d7,SAIDA,20,,SAIDA,سعيدة,34.846921,0.15719,exact,operator_map,mobilis,mobilis,5G,
mobilis-13c4c727e2,DJELFA,17,,DJELFA,الجلفة,34.673371,3.27871,exact,operator_map,mobilis,mobilis,5G,
mobilis-13e77198a6,BARAKI,16,,BARAKI,براقي,36.654621,3.08856,exact,operator_map,mobilis,mobilis,5G,
mobilis-13efb50908,TISSEMSILT,38,,TISSEMSILT,تيسمسيلت,35.593951,1.806118,exact,operator_map,mobilis,mobilis,5G,
mobilis-14122ec192,ROUIBA,16,,ROUIBA,الرويبة,36.741911,3.28514,exact,operator_map,mobilis,mobilis,5G,
mobilis-1414d192c9,EL BAYADH,32,,EL BAYADH,البيض,33.686151,1.02035,exact,operator_map,mobilis,mobilis,5G,
mobilis-14e3fab008,GHARDAIA,47,,GHARDAIA,غرداية,32.497151,3.688,exact,operator_map,mobilis,mobilis,5G,
mobilis-1535808861,MOSTAGANEM,27,,MOSTAGANEM,مستغانم,35.926771,0.08521,exact,operator_map,mobilis,mobilis,5G,
mobilis-1545c26977,TIARET,14,,TIARET,تيارت,35.330981,1.309251,exact,operator_map,mobilis,mobilis,5G,
mobilis-154b09cc52,CHERAGA,16,,CHERAGA,الشراقة,36.772281,2.93689,exact,operator_map,mobilis,mobilis,5G,
mobilis-155f6c82b9,MISSERGHIN,31,,MISSERGHIN,مسرغين,35.629261,-0.70033,exact,operator_map,mobilis,mobilis,5G,
mobilis-15df1d6178,BENI ABBES,51,,BENI ABBES,بني عباس,30.130281,-2.1616,exact,operator_map,mobilis,mobilis,5G,
mobilis-15f5bafc1e,CHLEF,02,,CHLEF,الشلف,36.149371,1.32396,exact,operator_map,mobilis,mobilis,5G,
mobilis-1600f63220,TAMALOUS,21,,TAMALOUS,تمالوس,36.836611,6.630087,exact,operator_map,mobilis,mobilis,5G,
mobilis-1631f0e737,EL BOUNI,23,,EL BOUNI,البوني,36.836081,7.661694,exact,operator_map,mobilis,mobilis,5G,
mobilis-1646fe201d,RELIZANE,48,,RELIZANE,غليزان,35.730761,0.551666,exact,operator_map,mobilis,mobilis,5G,
mobilis-1696b82e90,BIR KHADEM,16,,BIR KHADEM,بئر خادم,36.712471,3.03746,exact,operator_map,mobilis,mobilis,5G,
mobilis-169864bf53,ORAN,31,,ORAN,وهران,35.710631,-0.62139,exact,operator_map,mobilis,mobilis,5G,
mobilis-169c342730,TAMANRASSET,11,,TAMANRASSET,تمنراست,22.790101,5.51873,exact,operator_map,mobilis,mobilis,5G,
mobilis-16d037b946,BOUGUIRAT,27,,BOUGUIRAT,بوقيراط,35.751101,0.26146,exact,operator_map,mobilis,mobilis,5G,
mobilis-16df30fe39,GOLEA,58,,GOLEA,المنيعة,30.602751,2.89732,exact,operator_map,mobilis,mobilis,5G,
mobilis-16dfecdeb3,BENI TAMOU,09,,BENI TAMOU,بني تامو,36.521801,2.80784,exact,operator_map,mobilis,mobilis,5G,
mobilis-16e5787cfc,BORDJ EL KIFFAN,16,,BORDJ EL KIFFAN,برج الكيفان,36.775211,3.25807,exact,operator_map,mobilis,mobilis,5G,
mobilis-172b773a4e,BLIDA,09,,BLIDA,البليدة,36.477261,2.827563,exact,operator_map,mobilis,mobilis,5G,
mobilis-174d8a40d4,TLEMCEN,13,,TLEMCEN,تلمسان,34.871211,-1.31268,exact,operator_map,mobilis,mobilis,5G,
mobilis-1783efffda,KHRAISSIA,16,,KHRAISSIA,الخرايسية,36.664391,3.01901,exact,operator_map,mobilis,mobilis,5G,
mobilis-17b7af3d13,FIL FILA,21,,FIL FILA,فلفلة,36.883681,7.03561,exact,operator_map,mobilis,mobilis,5G,
mobilis-17c6a31159,TLEMCEN,13,,TLEMCEN,تلمسان,34.923371,-1.348305,exact,operator_map,mobilis,mobilis,5G,
mobilis-17f8348ac6,LAGHOUAT,03,,LAGHOUAT,الأغواط,33.797191,2.88375,exact,operator_map,mobilis,mobilis,5G,
mobilis-182f184893,OULED FAYET,16,,OULED FAYET,أولاد فايت,36.740951,2.9489,exact,operator_map,mobilis,mobilis,5G,
mobilis-183305ec82,OUARGLA,30,,OUARGLA,ورقلة,31.922201,5.311892,exact,operator_map,mobilis,mobilis,5G,
mobilis-1858bf71ac,SETIF,19,,SETIF,سطيف,36.206731,5.409772,exact,operator_map,mobilis,mobilis,5G,
mobilis-185a7cbc06,EL OUED,39,,EL OUED,الوادي,33.395181,6.88233,exact,operator_map,mobilis,mobilis,5G,
mobilis-186e2d250e,SETIF,19,,SETIF,سطيف,36.175541,5.380357,exact,operator_map,mobilis,mobilis,5G,
mobilis-1915769b44,SIDI BEL ABBES,22,,SIDI BEL ABBES,سيدي بلعباس,35.220011,-0.64387,exact,operator_map,mobilis,mobilis,5G,
mobilis-1919942124,ZERALDA,16,,ZERALDA,زرالدة,36.708411,2.84793,exact,operator_map,mobilis,mobilis,5G,
mobilis-194b2a86a4,AIN-TEMOUCHENT,46,,AIN-TEMOUCHENT,عين تموشنت,35.302551,-1.1394,exact,operator_map,mobilis,mobilis,5G,
mobilis-19726f940f,SAOULA,16,,SAOULA,السحاولة,36.677801,3.03069,exact,operator_map,mobilis,mobilis,5G,
mobilis-1997389ab5,MILA,43,,MILA,ميلة,36.444971,6.25271,exact,operator_map,mobilis,mobilis,5G,
mobilis-19c3200955,AIN OUESSARA,17,,AIN OUESSARA,عين وسارة,35.459281,2.90272,exact,operator_map,mobilis,mobilis,5G,
mobilis-19cbad5330,BIR EL OUIDEN,21,,BIR EL OUIDEN,بئر الويدان,36.813591,6.558366,exact,operator_map,mobilis,mobilis,5G,
mobilis-19deadfc4e,IN SALAH,53,,IN SALAH,عين صالح,27.212381,2.46218,exact,operator_map,mobilis,mobilis,5G,
mobilis-1a273df65f,TLEMCEN,13,,TLEMCEN,تلمسان,34.910541,-1.34636,exact,operator_map,mobilis,mobilis,5G,
mobilis-1a3bbbc1a1,CHERAGA,16,,CHERAGA,الشراقة,36.761141,2.927215,exact,operator_map,mobilis,mobilis,5G,
mobilis-1a665435f0,BARAKI,16,,BARAKI,براقي,36.666851,3.1088,exact,operator_map,mobilis,mobilis,5G,
mobilis-1a8c480984,BENI MESSOUS,16,,BENI MESSOUS,بني مسوس,36.780351,2.96816,exact,operator_map,mobilis,mobilis,5G,
mobilis-1a8e8e3134,BIR EL DJIR,31,,BIR EL DJIR,بئر الجير,35.734331,-0.564711,exact,operator_map,mobilis,mobilis,5G,
mobilis-1aa00e198a,BATNA,05,,BATNA,باتنة,35.541361,6.18912,exact,operator_map,mobilis,mobilis,5G,
mobilis-1adece73e0,BIR KHADEM,16,,BIR KHADEM,بئر خادم,36.708691,3.06428,exact,operator_map,mobilis,mobilis,5G,
mobilis-1be2de24f2,DAR EL BEIDA,16,,DAR EL BEIDA,الدار البيضاء,36.717931,3.20535,exact,operator_map,mobilis,mobilis,5G,
mobilis-1c08ccba20,BISKRA,07,,BISKRA,بسكرة,34.842871,5.722003,exact,operator_map,mobilis,mobilis,5G,
mobilis-1c572e5ae1,BECHAR,08,,BECHAR,بشار,31.572781,-2.23065,exact,operator_map,mobilis,mobilis,5G,
mobilis-1c6147d57c,SIDI BEL ABBES,22,,SIDI BEL ABBES,سيدي بلعباس,35.189931,-0.63029,exact,operator_map,mobilis,mobilis,5G,
mobilis-1c7d03d7d3,EL KHROUB,25,,EL KHROUB,الخروب,36.238701,6.57022,exact,operator_map,mobilis,mobilis,5G,
mobilis-1c8e093f02,KOUBA,16,,KOUBA,القبة,36.719151,3.06472,exact,operator_map,mobilis,mobilis,5G,
mobilis-1d48cb97ca,BLIDA,09,,BLIDA,البليدة,36.500811,2.771575,exact,operator_map,mobilis,mobilis,5G,
mobilis-1d5220c3f2,EL EULMA,19,,EL EULMA,العلمة,36.156201,5.71032,exact,operator_map,mobilis,mobilis,5G,
mobilis-1d5edc13da,ES SENIA,31,,ES SENIA,السانية,35.641011,-0.67108,exact,operator_map,mobilis,mobilis,5G,
mobilis-1d6cb8a000,BOUIRA,10,,BOUIRA,البويرة,36.355761,3.90023,exact,operator_map,mobilis,mobilis,5G,
mobilis-1dacb366a8,ORAN,31,,ORAN,وهران,35.705861,-0.63242,exact,operator_map,mobilis,mobilis,5G,
mobilis-1de7656f71,ES SENIA,31,,ES SENIA,السانية,35.634541,-0.62229,exact,operator_map,mobilis,mobilis,5G,
mobilis-1df530ea52,EL ACHOUR,16,,EL ACHOUR,العاشور,36.730941,3.00304,exact,operator_map,mobilis,mobilis,5G,
mobilis-1df8909fe6,OUED TLELAT,31,,OUED TLELAT,وادي تليلات,35.551021,-0.49837,exact,operator_map,mobilis,mobilis,5G,
mobilis-1e0b5cb0b3,OUM EL BOUAGHI,04,,OUM EL BOUAGHI,أم البواقي,35.874951,7.14878,exact,operator_map,mobilis,mobilis,5G,
mobilis-1e1128cced,BACH DJERRAH,16,,BACH DJERRAH,باش جراح,36.727491,3.125313,exact,operator_map,mobilis,mobilis,5G,
mobilis-1e326cf110,KHRAISSIA,16,,KHRAISSIA,الخرايسية,36.672871,3.0072,exact,operator_map,mobilis,mobilis,5G,
mobilis-1e6d99781e,OULED CHEBEL,16,,OULED CHEBEL,أولاد شبل,36.612741,2.99621,exact,operator_map,mobilis,mobilis,5G,
mobilis-1e8436cfe2,TLEMCEN,13,,TLEMCEN,تلمسان,34.904701,-1.323159,exact,operator_map,mobilis,mobilis,5G,
mobilis-1e88e4e6c7,SIDI ALI,27,,SIDI ALI,سيدي علي,36.093411,0.41086,exact,operator_map,mobilis,mobilis,5G,
mobilis-1eabc128f1,EL BOUNI,23,,EL BOUNI,البوني,36.861811,7.7697,exact,operator_map,mobilis,mobilis,5G,
mobilis-1ed57f9374,ANNABA,23,,ANNABA,عنابة,36.882681,7.71988,exact,operator_map,mobilis,mobilis,5G,
mobilis-1ef0d893fe,BIRTOUTA,16,,BIRTOUTA,بئر توتة,36.644651,2.99601,exact,operator_map,mobilis,mobilis,5G,
mobilis-1f08964a4c,AIN-TEMOUCHENT,46,,AIN-TEMOUCHENT,عين تموشنت,35.289761,-1.13732,exact,operator_map,mobilis,mobilis,5G,
mobilis-1f1df17407,TLEMCEN,13,,TLEMCEN,تلمسان,34.895021,-1.33237,exact,operator_map,mobilis,mobilis,5G,
mobilis-1f40ae77d5,SIDI CHAMI,31,,SIDI CHAMI,سيدي الشحمي,35.661061,-0.525002,exact,operator_map,mobilis,mobilis,5G,
mobilis-1f52b20af6,SAOULA,16,,SAOULA,السحاولة,36.675921,3.01652,exact,operator_map,mobilis,mobilis,5G,
mobilis-1f821b79f7,AIN BENIAN,16,,AIN BENIAN,عين البنيان,36.801051,2.934,exact,operator_map,mobilis,mobilis,5G,
mobilis-1fb03bbf82,EL BAYADH,32,,EL BAYADH,البيض,33.658931,1.069216,exact,operator_map,mobilis,mobilis,5G,
mobilis-1ffdcbdec6,BORDJ BOU ARRERIDJ,34,,BORDJ BOU ARRERIDJ,برج بوعريريج,36.077081,4.75507,exact,operator_map,mobilis,mobilis,5G,
mobilis-2016304d7d,BIR EL DJIR,31,,BIR EL DJIR,بئر الجير,35.704821,-0.57664,exact,operator_map,mobilis,mobilis,5G,
mobilis-203725d170,BOUROUBA,16,,BOUROUBA,بوروبة,36.715891,3.12999,exact,operator_map,mobilis,mobilis,5G,
mobilis-203d4b8ceb,EL OUED,39,,EL OUED,الوادي,33.382311,6.84228,exact,operator_map,mobilis,mobilis,5G,
mobilis-20accfbe36,AIN-DEFLA,44,,AIN-DEFLA,عين الدفلى,36.265601,1.98004,exact,operator_map,mobilis,mobilis,5G,
mobilis-20d19f8c8f,TISSEMSILT,38,,TISSEMSILT,تيسمسيلت,35.602671,1.831109,exact,operator_map,mobilis,mobilis,5G,
mobilis-20fe69e6ba,SIDI LAKHDAR,27,,SIDI LAKHDAR,سيدي لخضر,36.153311,0.4327,exact,operator_map,mobilis,mobilis,5G,
mobilis-21254440fe,ES SENIA,31,,ES SENIA,السانية,35.657511,-0.65721,exact,operator_map,mobilis,mobilis,5G,
mobilis-212d7d0f20,OUARGLA,30,,OUARGLA,ورقلة,31.962291,5.31169,exact,operator_map,mobilis,mobilis,5G,
mobilis-213241877f,OUARGLA,30,,OUARGLA,ورقلة,31.966951,5.305548,exact,operator_map,mobilis,mobilis,5G,
mobilis-214f2a1fc8,DJISR KSENTINA,16,,DJISR KSENTINA,جسر قسنطينة,36.704571,3.09262,exact,operator_map,mobilis,mobilis,5G,
mobilis-2156632efe,ACHAACHA,27,,ACHAACHA,عشعاشة,36.280971,0.64078,exact,operator_map,mobilis,mobilis,5G,
mobilis-218d478184,TAMANRASSET,11,,TAMANRASSET,تمنراست,22.773261,5.51874,exact,operator_map,mobilis,mobilis,5G,
mobilis-219c0046fb,TIARET,14,,TIARET,تيارت,35.342751,1.304063,exact,operator_map,mobilis,mobilis,5G,
mobilis-21ce76147a,SIDI ALI,27,,SIDI ALI,سيدي علي,36.095541,0.42532,exact,operator_map,mobilis,mobilis,5G,
mobilis-21d189ada7,BORDJ BOU ARRERIDJ,34,,BORDJ BOU ARRERIDJ,برج بوعريريج,36.066361,4.77994,exact,operator_map,mobilis,mobilis,5G,
mobilis-220087976f,TIARET,14,,TIARET,تيارت,35.322081,1.300962,exact,operator_map,mobilis,mobilis,5G,
mobilis-2211064f0a,REMCHI,13,,REMCHI,الرمشي,35.056501,-1.500228,exact,operator_map,mobilis,mobilis,5G,
mobilis-223ad9faaa,MASCARA,29,,MASCARA,معسكر,35.396031,0.12988,exact,operator_map,mobilis,mobilis,5G,
mobilis-2244406da5,BENI MESSOUS,16,,BENI MESSOUS,بني مسوس,36.782771,2.97042,exact,operator_map,mobilis,mobilis,5G,
mobilis-224ab1fdaf,MISSERGHIN,31,,MISSERGHIN,مسرغين,35.626371,-0.68592,exact,operator_map,mobilis,mobilis,5G,
mobilis-224deb6998,MOSTAGANEM,27,,MOSTAGANEM,مستغانم,35.961171,0.10721,exact,operator_map,mobilis,mobilis,5G,
mobilis-22e7725f46,EL HARRACH,16,,EL HARRACH,الحراش,36.700871,3.13809,exact,operator_map,mobilis,mobilis,5G,
mobilis-22fb1fb1ff,TISSEMSILT,38,,TISSEMSILT,تيسمسيلت,35.612271,1.812743,exact,operator_map,mobilis,mobilis,5G,
mobilis-22fcf28a48,BENI ABBES,51,,BENI ABBES,بني عباس,30.134901,-2.16887,exact,operator_map,mobilis,mobilis,5G,
mobilis-2312f90c8c,MISSERGHIN,31,,MISSERGHIN,مسرغين,35.633941,-0.70024,exact,operator_map,mobilis,mobilis,5G,
mobilis-23419294dd,BIR EL DJIR,31,,BIR EL DJIR,بئر الجير,35.720991,-0.53661,exact,operator_map,mobilis,mobilis,5G,
mobilis-234db00b10,AIN BIYA,31,,AIN BIYA,عين البية,35.773851,-0.28456,exact,operator_map,mobilis,mobilis,5G,
mobilis-23be2284ba,BIR EL DJIR,31,,BIR EL DJIR,بئر الجير,35.727791,-0.5474,exact,operator_map,mobilis,mobilis,5G,
mobilis-23c1f20194,MOSTAGANEM,27,,MOSTAGANEM,مستغانم,35.931131,0.0909,exact,operator_map,mobilis,mobilis,5G,
mobilis-241ee5b11a,EL MOURADIA,16,,EL MOURADIA,المرادية,36.744151,3.04699,exact,operator_map,mobilis,mobilis,5G,
mobilis-2445d231d7,SAIDA,20,,SAIDA,سعيدة,34.832111,0.1752,exact,operator_map,mobilis,mobilis,5G,
mobilis-2472fb07a8,BEB EZZOUAR,16,,BEB EZZOUAR,باب الزوار,36.721691,3.171079,exact,operator_map,mobilis,mobilis,5G,
mobilis-2479161df9,BENI TAMOU,09,,BENI TAMOU,بني تامو,36.537161,2.81874,exact,operator_map,mobilis,mobilis,5G,
mobilis-248182fe4e,ORAN,31,,ORAN,وهران,35.659891,-0.696201,exact,operator_map,mobilis,mobilis,5G,
mobilis-24950d4a73,KHRAISSIA,16,,KHRAISSIA,الخرايسية,36.662641,2.98609,exact,operator_map,mobilis,mobilis,5G,
mobilis-24a9c05140,KSAR CHELLALA,14,,KSAR CHELLALA,قصر الشلالة,35.216441,2.31912,exact,operator_map,mobilis,mobilis,5G,
mobilis-24c03afdff,SFISEF,22,,SFISEF,سفيزف,35.234341,-0.25023,exact,operator_map,mobilis,mobilis,5G,
mobilis-24c6da3e17,MECHRIA,45,,MECHRIA,المشرية,33.553761,-0.26756,exact,operator_map,mobilis,mobilis,5G,
mobilis-252087b5fa,EL HADJAR,23,,EL HADJAR,الحجار,36.820561,7.74404,exact,operator_map,mobilis,mobilis,5G,
mobilis-25224246f7,ROUIBA,16,,ROUIBA,الرويبة,36.743881,3.249479,exact,operator_map,mobilis,mobilis,5G,
mobilis-2529bdfebc,OUED TLELAT,31,,OUED TLELAT,وادي تليلات,35.554541,-0.44806,exact,operator_map,mobilis,mobilis,5G,
mobilis-25662f8be3,MASCARA,29,,MASCARA,معسكر,35.384861,0.12539,exact,operator_map,mobilis,mobilis,5G,
mobilis-256dcf14af,BORDJ BOU ARRERIDJ,34,,BORDJ BOU ARRERIDJ,برج بوعريريج,36.074721,4.7411,exact,operator_map,mobilis,mobilis,5G,
mobilis-2578022fc7,TINDOUF,37,,TINDOUF,تندوف,27.660131,-8.14862,exact,operator_map,mobilis,mobilis,5G,
mobilis-25c5ea32bc,LAGHOUAT,03,,LAGHOUAT,الأغواط,33.789261,2.834719,exact,operator_map,mobilis,mobilis,5G,
mobilis-26a713733b,FIL FILA,21,,FIL FILA,فلفلة,36.900051,7.04975,exact,operator_map,mobilis,mobilis,5G,
mobilis-26d29fa97c,TAMANRASSET,11,,TAMANRASSET,تمنراست,22.785151,5.5325,exact,operator_map,mobilis,mobilis,5G,
mobilis-27024f359d,OUARGLA,30,,OUARGLA,ورقلة,31.953811,5.30204,exact,operator_map,mobilis,mobilis,5G,
mobilis-274948c7a1,EL OUED,39,,EL OUED,الوادي,33.357011,6.84733,exact,operator_map,mobilis,mobilis,5G,
mobilis-27543454d8,EL KHROUB,25,,EL KHROUB,الخروب,36.267771,6.71543,exact,operator_map,mobilis,mobilis,5G,
mobilis-2755c01b54,MASCARA,29,,MASCARA,معسكر,35.404511,0.18604,exact,operator_map,mobilis,mobilis,5G,
mobilis-2786a002ae,TIZI OUZOU,15,,TIZI OUZOU,تيزي وزو,36.727781,4.009547,exact,operator_map,mobilis,mobilis,5G,
mobilis-27e04048f0,SIDI AMER,23,,SIDI AMER,سيدي عامر,36.817861,7.723145,exact,operator_map,mobilis,mobilis,5G,
mobilis-283fc7db82,MANSOURAH,13,,MANSOURAH,المنصورة,34.887071,-1.36566,exact,operator_map,mobilis,mobilis,5G,
mobilis-287f145246,BOUZAREAH,16,,BOUZAREAH,بوزريعة,36.796221,3.03404,exact,operator_map,mobilis,mobilis,5G,
mobilis-2880dcd67f,BORDJ EL KIFFAN,16,,BORDJ EL KIFFAN,برج الكيفان,36.773141,3.243336,exact,operator_map,mobilis,mobilis,5G,
mobilis-2889c1f546,MASCARA,29,,MASCARA,معسكر,35.388511,0.15867,exact,operator_map,mobilis,mobilis,5G,
mobilis-289573a886,BIR KHADEM,16,,BIR KHADEM,بئر خادم,36.712201,3.05622,exact,operator_map,mobilis,mobilis,5G,
mobilis-293ec22390,SOUGUEUR,14,,SOUGUEUR,السوقر,35.176271,1.510777,exact,operator_map,mobilis,mobilis,5G,
mobilis-2952c5c8e5,BECHAR,08,,BECHAR,بشار,31.606901,-2.221611,exact,operator_map,mobilis,mobilis,5G,
mobilis-295abe65ba,BECHAR,08,,BECHAR,بشار,31.579751,-2.23058,exact,operator_map,mobilis,mobilis,5G,
mobilis-298dfd01f2,DREAN,36,,DREAN,الذرعان,36.684121,7.737853,exact,operator_map,mobilis,mobilis,5G,
mobilis-29a63f19ba,CONSTANTINE,25,,CONSTANTINE,قسنطينة,36.351611,6.58763,exact,operator_map,mobilis,mobilis,5G,
mobilis-29d1b79878,AIN-TEMOUCHENT,46,,AIN-TEMOUCHENT,عين تموشنت,35.298441,-1.14215,exact,operator_map,mobilis,mobilis,5G,
mobilis-2a46ac29f2,BECHAR,08,,BECHAR,بشار,31.628821,-2.19354,exact,operator_map,mobilis,mobilis,5G,
mobilis-2a8010674b,SIRAT,27,,SIRAT,سيرات,35.728481,0.18478,exact,operator_map,mobilis,mobilis,5G,
mobilis-2a8a1c0c4a,MOSTAGANEM,27,,MOSTAGANEM,مستغانم,35.963961,0.10243,exact,operator_map,mobilis,mobilis,5G,
mobilis-2a997a5bd4,OULED YAICH,09,,OULED YAICH,أولاد يعيش,36.503121,2.858557,exact,operator_map,mobilis,mobilis,5G,
mobilis-2aaf58ea09,AIN-TEMOUCHENT,46,,AIN-TEMOUCHENT,عين تموشنت,35.309961,-1.13208,exact,operator_map,mobilis,mobilis,5G,
mobilis-2ac5eb5c63,BOUMERDES,35,,BOUMERDES,بومرداس,36.742831,3.47531,exact,operator_map,mobilis,mobilis,5G,
mobilis-2adbfe7f5b,BEB EZZOUAR,16,,BEB EZZOUAR,باب الزوار,36.713531,3.195941,exact,operator_map,mobilis,mobilis,5G,
mobilis-2b37e0c85b,CHLEF,02,,CHLEF,الشلف,36.161911,1.327183,exact,operator_map,mobilis,mobilis,5G,
mobilis-2b5c90bc82,BIR KHADEM,16,,BIR KHADEM,بئر خادم,36.717801,3.05484,exact,operator_map,mobilis,mobilis,5G,
mobilis-2b64c11793,LAGHOUAT,03,,LAGHOUAT,الأغواط,33.800001,2.84875,exact,operator_map,mobilis,mobilis,5G,
mobilis-2b6df88c38,BATNA,05,,BATNA,باتنة,35.541131,6.152352,exact,operator_map,mobilis,mobilis,5G,
mobilis-2b8a4b9f8a,ORAN,31,,ORAN,وهران,35.705721,-0.60386,exact,operator_map,mobilis,mobilis,5G,
mobilis-2b8ac49641,BABA HASSEN,16,,BABA HASSEN,بابا حسن,36.688371,2.965079,exact,operator_map,mobilis,mobilis,5G,
mobilis-2bab99e344,OUARGLA,30,,OUARGLA,ورقلة,31.973401,5.33597,exact,operator_map,mobilis,mobilis,5G,
mobilis-2bd620638d,BECHAR,08,,BECHAR,بشار,31.594431,-2.24989,exact,operator_map,mobilis,mobilis,5G,
mobilis-2be177cad1,CHERAGA,16,,CHERAGA,الشراقة,36.773501,2.888264,exact,operator_map,mobilis,mobilis,5G,
mobilis-2bfab43c6a,EL KHROUB,25,,EL KHROUB,الخروب,36.263211,6.59156,exact,operator_map,mobilis,mobilis,5G,
mobilis-2c53788dff,HASSI BOUNIF,31,,HASSI BOUNIF,حاسي بونيف,35.699631,-0.47401,exact,operator_map,mobilis,mobilis,5G,
mobilis-2cbedf89b8,ZERALDA,16,,ZERALDA,زرالدة,36.697271,2.82672,exact,operator_map,mobilis,mobilis,5G,
mobilis-2cd8c04eee,CHETOUANE,13,,CHETOUANE,شتوان,34.903061,-1.29697,exact,operator_map,mobilis,mobilis,5G,
mobilis-2d313c5758,REMCHI,13,,REMCHI,الرمشي,35.056921,-1.42091,exact,operator_map,mobilis,mobilis,5G,
mobilis-2d4abab535,JIJEL,18,,JIJEL,جيجل,36.804431,5.75314,exact,operator_map,mobilis,mobilis,5G,
mobilis-2d4fa2dfdf,SETIF,19,,SETIF,سطيف,36.181461,5.431014,exact,operator_map,mobilis,mobilis,5G,
mobilis-2d5f9d019c,SOUGUEUR,14,,SOUGUEUR,السوقر,35.189281,1.502257,exact,operator_map,mobilis,mobilis,5G,
mobilis-2de9fe50ef,SIDI LAKHDAR,27,,SIDI LAKHDAR,سيدي لخضر,36.193841,0.48085,exact,operator_map,mobilis,mobilis,5G,
mobilis-2e8ea93284,TAMANRASSET,11,,TAMANRASSET,تمنراست,22.780151,5.52608,exact,operator_map,mobilis,mobilis,5G,
mobilis-2e90753249,BIR KHADEM,16,,BIR KHADEM,بئر خادم,36.715621,3.05553,exact,operator_map,mobilis,mobilis,5G,
mobilis-2e97889b7e,EL ACHOUR,16,,EL ACHOUR,العاشور,36.740871,2.997286,exact,operator_map,mobilis,mobilis,5G,
mobilis-2ec1ce0e2d,TISSEMSILT,38,,TISSEMSILT,تيسمسيلت,35.608951,1.82867,exact,operator_map,mobilis,mobilis,5G,
mobilis-2f0c36e2d5,BIR EL DJIR,31,,BIR EL DJIR,بئر الجير,35.760601,-0.54182,exact,operator_map,mobilis,mobilis,5G,
mobilis-2f6387d580,ARZEW,31,,ARZEW,أرزيو,35.830111,-0.36506,exact,operator_map,mobilis,mobilis,5G,
mobilis-2f827dbcb1,BISKRA,07,,BISKRA,بسكرة,34.844171,5.75922,exact,operator_map,mobilis,mobilis,5G,
mobilis-2f8f3ce8c3,BORDJ EL KIFFAN,16,,BORDJ EL KIFFAN,برج الكيفان,36.742681,3.197986,exact,operator_map,mobilis,mobilis,5G,
mobilis-2fae22dfac,TLEMCEN,13,,TLEMCEN,تلمسان,34.894601,-1.30843,exact,operator_map,mobilis,mobilis,5G,
mobilis-30195e4719,BIR KHADEM,16,,BIR KHADEM,بئر خادم,36.728771,3.03989,exact,operator_map,mobilis,mobilis,5G,
mobilis-30736276d0,AIN BENIAN,16,,AIN BENIAN,عين البنيان,36.796631,2.91308,exact,operator_map,mobilis,mobilis,5G,
mobilis-307fd3697e,TLEMCEN,13,,TLEMCEN,تلمسان,34.879711,-1.3022,exact,operator_map,mobilis,mobilis,5G,
mobilis-309a583bb5,AFLOU,03,,AFLOU,أفلو,34.125111,2.11451,exact,operator_map,mobilis,mobilis,5G,
mobilis-3105fa65db,TOUGGOURT,55,,TOUGGOURT,تقرت,33.105271,6.056,exact,operator_map,mobilis,mobilis,5G,
mobilis-310d106f8b,OUARGLA,30,,OUARGLA,ورقلة,31.934601,5.314856,exact,operator_map,mobilis,mobilis,5G,
mobilis-312661dd4f,TIGHENNIF,29,,TIGHENNIF,تيغنيف,35.410871,0.32256,exact,operator_map,mobilis,mobilis,5G,
mobilis-31365c3cea,AIN BENIAN,16,,AIN BENIAN,عين البنيان,36.806721,2.94369,exact,operator_map,mobilis,mobilis,5G,
mobilis-31d65f9246,MANSOURAH,13,,MANSOURAH,المنصورة,34.874061,-1.365599,exact,operator_map,mobilis,mobilis,5G,
mobilis-32670f4468,EL HADJAR,23,,EL HADJAR,الحجار,36.756471,7.67943,exact,operator_map,mobilis,mobilis,5G,
mobilis-32a0601c68,KSAR CHELLALA,14,,KSAR CHELLALA,قصر الشلالة,35.221041,2.312733,exact,operator_map,mobilis,mobilis,5G,
mobilis-32a92c2460,ADRAR,01,,ADRAR,أدرار,27.867851,-0.280556,exact,operator_map,mobilis,mobilis,5G,
mobilis-32abdc1901,TASSALA EL MERDJA,16,,TASSALA EL MERDJA,تسالة المرجة,36.635791,2.94471,exact,operator_map,mobilis,mobilis,5G,
mobilis-33115fce11,DAR EL BEIDA,16,,DAR EL BEIDA,الدار البيضاء,36.722291,3.21813,exact,operator_map,mobilis,mobilis,5G,
mobilis-331999e297,AIN-DEFLA,44,,AIN-DEFLA,عين الدفلى,36.260991,1.96756,exact,operator_map,mobilis,mobilis,5G,
mobilis-33603cb1b2,HASSI BOUNIF,31,,HASSI BOUNIF,حاسي بونيف,35.699981,-0.5229,exact,operator_map,mobilis,mobilis,5G,
mobilis-33d260f815,ORAN,31,,ORAN,وهران,35.685941,-0.64403,exact,operator_map,mobilis,mobilis,5G,
mobilis-341cd3e373,DOUERA,16,,DOUERA,الدويرة,36.635641,2.903052,exact,operator_map,mobilis,mobilis,5G,
mobilis-345a59f183,OULED FAYET,16,,OULED FAYET,أولاد فايت,36.736751,2.928944,exact,operator_map,mobilis,mobilis,5G,
mobilis-347421f6d0,REMCHI,13,,REMCHI,الرمشي,35.056951,-1.42878,exact,operator_map,mobilis,mobilis,5G,
mobilis-34a42c3cb1,EL MADANIA,16,,EL MADANIA,المدنية,36.739261,3.06979,exact,operator_map,mobilis,mobilis,5G,
mobilis-34ba5cf30b,DJELFA,17,,DJELFA,الجلفة,34.673441,3.25971,exact,operator_map,mobilis,mobilis,5G,
mobilis-34c824c003,EL EULMA,19,,EL EULMA,العلمة,36.154811,5.681204,exact,operator_map,mobilis,mobilis,5G,
mobilis-34f3582493,SIDI BEL ABBES,22,,SIDI BEL ABBES,سيدي بلعباس,35.201381,-0.64836,exact,operator_map,mobilis,mobilis,5G,
mobilis-3549d0f411,EL BOUNI,23,,EL BOUNI,البوني,36.843031,7.733735,exact,operator_map,mobilis,mobilis,5G,
mobilis-35833ac602,TINDOUF,37,,TINDOUF,تندوف,27.652911,-8.11631,exact,operator_map,mobilis,mobilis,5G,
mobilis-358b6b9317,SKIKDA,21,,SKIKDA,سكيكدة,36.871371,6.918973,exact,operator_map,mobilis,mobilis,5G,
mobilis-35dca8c57b,TISSEMSILT,38,,TISSEMSILT,تيسمسيلت,35.605141,1.817355,exact,operator_map,mobilis,mobilis,5G,
mobilis-35fac6e12c,EL KHROUB,25,,EL KHROUB,الخروب,36.268271,6.573911,exact,operator_map,mobilis,mobilis,5G,
mobilis-36102dfff6,EL BAYADH,32,,EL BAYADH,البيض,33.685581,1.03037,exact,operator_map,mobilis,mobilis,5G,
mobilis-362b147dc9,MAGHNIA,13,,MAGHNIA,مغنية,34.833511,-1.80334,exact,operator_map,mobilis,mobilis,5G,
mobilis-36eb4d2749,BORDJ EL KIFFAN,16,,BORDJ EL KIFFAN,برج الكيفان,36.746381,3.19263,exact,operator_map,mobilis,mobilis,5G,
mobilis-36f308226a,TIMIMOUN,49,,TIMIMOUN,تيميمون,29.268891,0.24653,exact,operator_map,mobilis,mobilis,5G,
mobilis-374bfe77ba,LES EUCALYPTUS,16,,LES EUCALYPTUS,الكاليتوس,36.661211,3.145195,exact,operator_map,mobilis,mobilis,5G,
mobilis-37524645c5,SIDI BEL ABBES,22,,SIDI BEL ABBES,سيدي بلعباس,35.215251,-0.61212,exact,operator_map,mobilis,mobilis,5G,
mobilis-375ae44660,BECHAR,08,,BECHAR,بشار,31.584741,-2.22592,exact,operator_map,mobilis,mobilis,5G,
mobilis-37a9a9eeed,EL MARSA,21,,EL MARSA,المرسى,36.849861,6.97703,exact,operator_map,mobilis,mobilis,5G,
mobilis-37d560d701,TIZI OUZOU,15,,TIZI OUZOU,تيزي وزو,36.686521,4.063448,exact,operator_map,mobilis,mobilis,5G,
mobilis-382d3caac3,EL KHROUB,25,,EL KHROUB,الخروب,36.261591,6.71973,exact,operator_map,mobilis,mobilis,5G,
mobilis-38a24e67e6,EL HADJAR,23,,EL HADJAR,الحجار,36.751321,7.68094,exact,operator_map,mobilis,mobilis,5G,
mobilis-38a84e3825,EL ABIODH SIDI CHEIKH,32,,EL ABIODH SIDI CHEIKH,الأبيض سيدي الشيخ,32.897321,0.5444,exact,operator_map,mobilis,mobilis,5G,
mobilis-38c9bfaabd,DELY BRAHIM,16,,DELY BRAHIM,دالي إبراهيم,36.759751,2.98955,exact,operator_map,mobilis,mobilis,5G,
mobilis-38de6a4e7b,OULED FAYET,16,,OULED FAYET,أولاد فايت,36.715331,2.94364,exact,operator_map,mobilis,mobilis,5G,
mobilis-391cf804e3,SIDI BEL ABBES,22,,SIDI BEL ABBES,سيدي بلعباس,35.210211,-0.63455,exact,operator_map,mobilis,mobilis,5G,
mobilis-39206cdb8a,ZERALDA,16,,ZERALDA,زرالدة,36.693151,2.82038,exact,operator_map,mobilis,mobilis,5G,
mobilis-3926524e86,MASCARA,29,,MASCARA,معسكر,35.392341,0.150993,exact,operator_map,mobilis,mobilis,5G,
mobilis-395e8b0555,TIZI OUZOU,15,,TIZI OUZOU,تيزي وزو,36.734341,4.02745,exact,operator_map,mobilis,mobilis,5G,
mobilis-39a842dd1f,ORAN,31,,ORAN,وهران,35.678021,-0.67553,exact,operator_map,mobilis,mobilis,5G,
mobilis-39b1843960,EL EULMA,19,,EL EULMA,العلمة,36.152331,5.69019,exact,operator_map,mobilis,mobilis,5G,
mobilis-39d66d037d,ORAN,31,,ORAN,وهران,35.686801,-0.59689,exact,operator_map,mobilis,mobilis,5G,
mobilis-3a5b01df06,BORDJ BADJI MOKHTAR,50,,BORDJ BADJI MOKHTAR,برج باجي مختار,21.331001,0.94706,exact,operator_map,mobilis,mobilis,5G,
mobilis-3a61f4c5c9,CHLEF,02,,CHLEF,الشلف,36.167391,1.332952,exact,operator_map,mobilis,mobilis,5G,
mobilis-3a8a1b6e08,OUED SMAR,16,,OUED SMAR,وادي السمار,36.719431,3.15835,exact,operator_map,mobilis,mobilis,5G,
mobilis-3ac82080c4,BLIDA,09,,BLIDA,البليدة,36.490871,2.81616,exact,operator_map,mobilis,mobilis,5G,
mobilis-3aece62330,SIDI MHAMED,16,,SIDI MHAMED,سيدي امحمد,36.751691,3.05492,exact,operator_map,mobilis,mobilis,5G,
mobilis-3b11a987a2,ADRAR,01,,ADRAR,أدرار,27.874981,-0.268299,exact,operator_map,mobilis,mobilis,5G,
mobilis-3b2908b6c5,SETIF,19,,SETIF,سطيف,36.188271,5.43654,exact,operator_map,mobilis,mobilis,5G,
mobilis-3b361bdf02,DAR EL BEIDA,16,,DAR EL BEIDA,الدار البيضاء,36.719371,3.21298,exact,operator_map,mobilis,mobilis,5G,
mobilis-3b8453bc22,JIJEL,18,,JIJEL,جيجل,36.803251,5.750004,exact,operator_map,mobilis,mobilis,5G,
mobilis-3b8c9eccce,BIR MOURAD RAIS,16,,BIR MOURAD RAIS,بئر مراد رايس,36.738321,3.04293,exact,operator_map,mobilis,mobilis,5G,
mobilis-3bc2a6f923,MOSTAGANEM,27,,MOSTAGANEM,مستغانم,35.927881,0.07963,exact,operator_map,mobilis,mobilis,5G,
mobilis-3c0cbe31bd,SIDI LAKHDAR,27,,SIDI LAKHDAR,سيدي لخضر,36.165931,0.4387,exact,operator_map,mobilis,mobilis,5G,
mobilis-3c2cb00dd0,BLIDA,09,,BLIDA,البليدة,36.485631,2.826955,exact,operator_map,mobilis,mobilis,5G,
mobilis-3c5282c129,LAGHOUAT,03,,LAGHOUAT,الأغواط,33.840061,2.88219,exact,operator_map,mobilis,mobilis,5G,
mobilis-3c8b90f637,TOUGGOURT,55,,TOUGGOURT,تقرت,33.113261,6.05858,exact,operator_map,mobilis,mobilis,5G,
mobilis-3ca00d9e6e,SAOULA,16,,SAOULA,السحاولة,36.681211,3.0442,exact,operator_map,mobilis,mobilis,5G,
mobilis-3cb3e5a322,REGHAIA,16,,REGHAIA,الرغاية,36.722421,3.33894,exact,operator_map,mobilis,mobilis,5G,
mobilis-3cddbf8a04,TIZI OUZOU,15,,TIZI OUZOU,تيزي وزو,36.702751,4.05589,exact,operator_map,mobilis,mobilis,5G,
mobilis-3d19f30bf3,TLEMCEN,13,,TLEMCEN,تلمسان,34.916371,-1.355405,exact,operator_map,mobilis,mobilis,5G,
mobilis-3d1ebe1dd5,BECHAR,08,,BECHAR,بشار,31.562891,-2.23431,exact,operator_map,mobilis,mobilis,5G,
mobilis-3d34686318,BOUFARIK,09,,BOUFARIK,بوفاريك,36.581341,2.908355,exact,operator_map,mobilis,mobilis,5G,
mobilis-3d3bbf22de,BEN AZZOUZ,21,,BEN AZZOUZ,بن عزوز,36.789131,7.28251,exact,operator_map,mobilis,mobilis,5G,
mobilis-3d430f5d4f,MASCARA,29,,MASCARA,معسكر,35.403571,0.15732,exact,operator_map,mobilis,mobilis,5G,
mobilis-3d6f384745,El-TARF,36,,El-TARF,الطارف,36.755351,8.322105,exact,operator_map,mobilis,mobilis,5G,
mobilis-3d706c4bbe,BENI MESSOUS,16,,BENI MESSOUS,بني مسوس,36.787661,2.96984,exact,operator_map,mobilis,mobilis,5G,
mobilis-3d8d0f28af,EL BIAR,16,,EL BIAR,الأبيار,36.762661,3.02753,exact,operator_map,mobilis,mobilis,5G,
mobilis-3db3e2bfae,BECHAR,08,,BECHAR,بشار,31.617461,-2.19706,exact,operator_map,mobilis,mobilis,5G,
mobilis-3dc057d2a6,AIN-TEMOUCHENT,46,,AIN-TEMOUCHENT,عين تموشنت,35.307261,-1.12979,exact,operator_map,mobilis,mobilis,5G,
mobilis-3dcf87c595,DOUERA,16,,DOUERA,الدويرة,36.646911,2.925733,exact,operator_map,mobilis,mobilis,5G,
mobilis-3e05ea2e2a,EL BIAR,16,,EL BIAR,الأبيار,36.758481,3.03087,exact,operator_map,mobilis,mobilis,5G,
mobilis-3e0fb68547,SIDI BEN YABKA,31,,SIDI BEN YABKA,سيدي بن يبقى,35.829201,-0.39379,exact,operator_map,mobilis,mobilis,5G,
mobilis-3e6906bc9f,IN SALAH,53,,IN SALAH,عين صالح,27.253271,2.50958,exact,operator_map,mobilis,mobilis,5G,
mobilis-3e6be6ef9a,EL BAYADH,32,,EL BAYADH,البيض,33.672791,1.02862,exact,operator_map,mobilis,mobilis,5G,
mobilis-3e7568d25f,AIN-TEMOUCHENT,46,,AIN-TEMOUCHENT,عين تموشنت,35.304321,-1.13556,exact,operator_map,mobilis,mobilis,5G,
mobilis-3ef6a55ca1,BESBES,36,,BESBES,البسباس,36.701091,7.77855,exact,operator_map,mobilis,mobilis,5G,
mobilis-3efbd4c2af,BOUIRA,10,,BOUIRA,البويرة,36.375221,3.88594,exact,operator_map,mobilis,mobilis,5G,
mobilis-3f05da11f9,MECHRIA,45,,MECHRIA,المشرية,33.555311,-0.279416,exact,operator_map,mobilis,mobilis,5G,
mobilis-3f1dcc53ea,FIL FILA,21,,FIL FILA,فلفلة,36.872261,6.99556,exact,operator_map,mobilis,mobilis,5G,
mobilis-3f5081669e,SAIDA,20,,SAIDA,سعيدة,34.842001,0.16462,exact,operator_map,mobilis,mobilis,5G,
mobilis-3f7e0a5746,LAGHOUAT,03,,LAGHOUAT,الأغواط,33.821881,2.90637,exact,operator_map,mobilis,mobilis,5G,
mobilis-3f80d936f6,AIN SEFRA,45,,AIN SEFRA,عين الصفراء,32.772951,-0.55857,exact,operator_map,mobilis,mobilis,5G,
mobilis-3f890e85ce,SIDI BEL ABBES,22,,SIDI BEL ABBES,سيدي بلعباس,35.206881,-0.62953,exact,operator_map,mobilis,mobilis,5G,
mobilis-3fb04ad95b,BIR KHADEM,16,,BIR KHADEM,بئر خادم,36.704421,3.041332,exact,operator_map,mobilis,mobilis,5G,
mobilis-3fb4055b85,OULED YAICH,09,,OULED YAICH,أولاد يعيش,36.521431,2.866743,exact,operator_map,mobilis,mobilis,5G,
mobilis-3fcd119673,MOSTAGANEM,27,,MOSTAGANEM,مستغانم,35.916511,0.09937,exact,operator_map,mobilis,mobilis,5G,
mobilis-4028167302,BOUIRA,10,,BOUIRA,البويرة,36.381061,3.89003,exact,operator_map,mobilis,mobilis,5G,
mobilis-4030eaf8cf,MOSTAGANEM,27,,MOSTAGANEM,مستغانم,35.928661,0.11575,exact,operator_map,mobilis,mobilis,5G,
mobilis-408cce78cb,TEBESSA,12,,TEBESSA,تبسة,35.400801,8.0948,exact,operator_map,mobilis,mobilis,5G,
mobilis-40928d3d6d,MASCARA,29,,MASCARA,معسكر,35.385371,0.13463,exact,operator_map,mobilis,mobilis,5G,
mobilis-40c2c3b74e,TLEMCEN,13,,TLEMCEN,تلمسان,34.871571,-1.309152,exact,operator_map,mobilis,mobilis,5G,
mobilis-40c6be5a6a,SETIF,19,,SETIF,سطيف,35.894311,5.66236,exact,operator_map,mobilis,mobilis,5G,
mobilis-4121d6e196,BARAKI,16,,BARAKI,براقي,36.647811,3.08405,exact,operator_map,mobilis,mobilis,5G,
mobilis-417e5d7bcf,MOSTAGANEM,27,,MOSTAGANEM,مستغانم,35.959821,0.09525,exact,operator_map,mobilis,mobilis,5G,
mobilis-418bff69cc,ORAN,31,,ORAN,وهران,35.700641,-0.6395,exact,operator_map,mobilis,mobilis,5G,
mobilis-41bea3b5cb,MEFTAH,09,,MEFTAH,مفتاح,36.620121,3.222401,exact,operator_map,mobilis,mobilis,5G,
mobilis-41c0f5ea14,BENI ABBES,51,,BENI ABBES,بني عباس,30.123761,-2.17002,exact,operator_map,mobilis,mobilis,5G,
mobilis-41f418db0f,LARBAA,09,,LARBAA,الأربعاء,36.562991,3.14212,exact,operator_map,mobilis,mobilis,5G,
mobilis-420d415e64,MANSOURAH,13,,MANSOURAH,المنصورة,34.867471,-1.33305,exact,operator_map,mobilis,mobilis,5G,
mobilis-422531e050,TIARET,14,,TIARET,تيارت,35.366681,1.32524,exact,operator_map,mobilis,mobilis,5G,
mobilis-42a6cec6f2,MOSTAGANEM,27,,MOSTAGANEM,مستغانم,35.977411,0.10807,exact,operator_map,mobilis,mobilis,5G,
mobilis-42ca80f0de,TIARET,14,,TIARET,تيارت,35.382021,1.315809,exact,operator_map,mobilis,mobilis,5G,
mobilis-42dd6bf3ec,BOUIRA,10,,BOUIRA,البويرة,36.368941,3.8854,exact,operator_map,mobilis,mobilis,5G,
mobilis-43318425a5,MOSTAGANEM,27,,MOSTAGANEM,مستغانم,35.935381,0.09571,exact,operator_map,mobilis,mobilis,5G,
mobilis-4343b1a6f9,EL BIAR,16,,EL BIAR,الأبيار,36.770191,3.01928,exact,operator_map,mobilis,mobilis,5G,
mobilis-43602c3776,ORAN,31,,ORAN,وهران,35.730691,-0.58649,exact,operator_map,mobilis,mobilis,5G,
mobilis-43757dbcd6,AZZABA,21,,AZZABA,عزابة,36.737181,7.157464,exact,operator_map,mobilis,mobilis,5G,
mobilis-43beb4d890,BOUINAN,09,,BOUINAN,بوعينان,36.531931,2.953026,exact,operator_map,mobilis,mobilis,5G,
mobilis-43dc5b04d8,IN GUEZZAM,33,,IN GUEZZAM,عين قزام,19.570311,5.76751,exact,operator_map,mobilis,mobilis,5G,
mobilis-43dcfe5b03,SAIDA,20,,SAIDA,سعيدة,34.861071,0.16482,exact,operator_map,mobilis,mobilis,5G,
mobilis-43e07fc676,HASSI BOUNIF,31,,HASSI BOUNIF,حاسي بونيف,35.706741,-0.49837,exact,operator_map,mobilis,mobilis,5G,
mobilis-43f79c177e,BARAKI,16,,BARAKI,براقي,36.654851,3.08289,exact,operator_map,mobilis,mobilis,5G,
mobilis-4435eb204c,KOUBA,16,,KOUBA,القبة,36.740131,3.08186,exact,operator_map,mobilis,mobilis,5G,
mobilis-44370f1043,MOSTAGANEM,27,,MOSTAGANEM,مستغانم,35.931011,0.10441,exact,operator_map,mobilis,mobilis,5G,
mobilis-44532eeaef,TIPAZA,42,,TIPAZA,تيبازة,36.585871,2.459591,exact,operator_map,mobilis,mobilis,5G,
mobilis-44bdd394d0,AIN SEFRA,45,,AIN SEFRA,عين الصفراء,32.741171,-0.58755,exact,operator_map,mobilis,mobilis,5G,
mobilis-44c3b1925e,BAINS ROMAINS,16,,BAINS ROMAINS,الحمامات الرومانية,36.810361,2.98036,exact,operator_map,mobilis,mobilis,5G,
mobilis-450d6f76a7,AIN TEDLES,27,,AIN TEDLES,عين تادلس,36.000791,0.2919,exact,operator_map,mobilis,mobilis,5G,
mobilis-457a702dd5,ES SENIA,31,,ES SENIA,السانية,35.661491,-0.60303,exact,operator_map,mobilis,mobilis,5G,
mobilis-45899b19fe,SETIF,19,,SETIF,سطيف,36.047221,5.39477,exact,operator_map,mobilis,mobilis,5G,
mobilis-45beecde9c,HASSI MAAMECHE,27,,HASSI MAAMECHE,حاسي ماماش,35.863911,0.07552,exact,operator_map,mobilis,mobilis,5G,
mobilis-45d626b780,TINDOUF,37,,TINDOUF,تندوف,27.644661,-8.13578,exact,operator_map,mobilis,mobilis,5G,
mobilis-45f0302e2b,TLEMCEN,13,,TLEMCEN,تلمسان,34.874921,-1.323953,exact,operator_map,mobilis,mobilis,5G,
mobilis-4616de9b33,FIL FILA,21,,FIL FILA,فلفلة,36.878481,7.074833,exact,operator_map,mobilis,mobilis,5G,
mobilis-462e407fc6,BLIDA,09,,BLIDA,البليدة,36.491891,2.825108,exact,operator_map,mobilis,mobilis,5G,
mobilis-4630de31e4,BETHIOUA,31,,BETHIOUA,بطيوة,35.804871,-0.26844,exact,operator_map,mobilis,mobilis,5G,
mobilis-4712e8530f,MOHAMMADIA,16,,MOHAMMADIA,المحمدية,36.735411,3.17152,exact,operator_map,mobilis,mobilis,5G,
mobilis-473738417f,BLIDA,09,,BLIDA,البليدة,36.485531,2.8403,exact,operator_map,mobilis,mobilis,5G,
mobilis-475aaeba31,SOUIDANIA,16,,SOUIDANIA,السويدانية,36.725041,2.89166,exact,operator_map,mobilis,mobilis,5G,
mobilis-475c58f126,TINDOUF,37,,TINDOUF,تندوف,27.704831,-8.16521,exact,operator_map,mobilis,mobilis,5G,
mobilis-4766dd844e,SETIF,19,,SETIF,سطيف,36.179981,5.41797,exact,operator_map,mobilis,mobilis,5G,
mobilis-478b960ca9,BLIDA,09,,BLIDA,البليدة,36.497981,2.82631,exact,operator_map,mobilis,mobilis,5G,
mobilis-478cdf101a,EL ACHOUR,16,,EL ACHOUR,العاشور,36.736811,3.00072,exact,operator_map,mobilis,mobilis,5G,
mobilis-479340f758,GOLEA,58,,GOLEA,المنيعة,30.566631,2.891,exact,operator_map,mobilis,mobilis,5G,
mobilis-47a69d6f83,GOLEA,58,,GOLEA,المنيعة,30.566461,2.89687,exact,operator_map,mobilis,mobilis,5G,
mobilis-47acad317f,NAAMA,45,,NAAMA,النعامة,33.267321,-0.321224,exact,operator_map,mobilis,mobilis,5G,
mobilis-47eb401f5a,MASCARA,29,,MASCARA,معسكر,35.399881,0.149417,exact,operator_map,mobilis,mobilis,5G,
mobilis-480296f39d,THENIET EL HAD,38,,THENIET EL HAD,ثنية الحد,35.877751,2.02395,exact,operator_map,mobilis,mobilis,5G,
mobilis-4807665fe2,TIARET,14,,TIARET,تيارت,35.345641,1.310145,exact,operator_map,mobilis,mobilis,5G,
mobilis-48837ec626,TINDOUF,37,,TINDOUF,تندوف,27.636461,-8.11388,exact,operator_map,mobilis,mobilis,5G,
mobilis-48a149b15c,BISKRA,07,,BISKRA,بسكرة,34.839261,5.73436,exact,operator_map,mobilis,mobilis,5G,
mobilis-48bd77f837,TLEMCEN,13,,TLEMCEN,تلمسان,34.868131,-1.313859,exact,operator_map,mobilis,mobilis,5G,
mobilis-49117e7283,BECHAR,08,,BECHAR,بشار,31.588721,-2.2287,exact,operator_map,mobilis,mobilis,5G,
mobilis-49858077bb,ILLIZI,33,,ILLIZI,إليزي,26.513381,8.47334,exact,operator_map,mobilis,mobilis,5G,
mobilis-499d430922,TIZI OUZOU,15,,TIZI OUZOU,تيزي وزو,36.718511,4.1661,exact,operator_map,mobilis,mobilis,5G,
mobilis-49af6af129,OUARGLA,30,,OUARGLA,ورقلة,31.952661,5.347,exact,operator_map,mobilis,mobilis,5G,
mobilis-49bc5c1fa1,ORAN,31,,ORAN,وهران,35.700771,-0.66178,exact,operator_map,mobilis,mobilis,5G,
mobilis-49d14c4f20,EL BAYADH,32,,EL BAYADH,البيض,33.684651,1.0494,exact,operator_map,mobilis,mobilis,5G,
mobilis-4a05b73b11,BLIDA,09,,BLIDA,البليدة,36.481271,2.82886,exact,operator_map,mobilis,mobilis,5G,
mobilis-4a4d41d0f6,MECHRIA,45,,MECHRIA,المشرية,33.546551,-0.286588,exact,operator_map,mobilis,mobilis,5G,
mobilis-4a67754b21,MASCARA,29,,MASCARA,معسكر,35.398451,0.13744,exact,operator_map,mobilis,mobilis,5G,
mobilis-4aac0a9519,SAIDA,20,,SAIDA,سعيدة,34.830341,0.16669,exact,operator_map,mobilis,mobilis,5G,
mobilis-4af308d40f,ADRAR,01,,ADRAR,أدرار,27.890941,-0.27107,exact,operator_map,mobilis,mobilis,5G,
mobilis-4b0de6fe45,AIN-TEMOUCHENT,46,,AIN-TEMOUCHENT,عين تموشنت,35.298711,-1.13557,exact,operator_map,mobilis,mobilis,5G,
mobilis-4b1be4e203,MERS EL KEBIR,31,,MERS EL KEBIR,المرسى الكبير,35.719361,-0.7048,exact,operator_map,mobilis,mobilis,5G,
mobilis-4b3c3ac51e,BORDJ BOU ARRERIDJ,34,,BORDJ BOU ARRERIDJ,برج بوعريريج,36.056341,4.74894,exact,operator_map,mobilis,mobilis,5G,
mobilis-4b5a4396b6,MASCARA,29,,MASCARA,معسكر,35.387651,0.11895,exact,operator_map,mobilis,mobilis,5G,
mobilis-4b5b0c5522,OULED CHEBEL,16,,OULED CHEBEL,أولاد شبل,36.584271,2.989749,exact,operator_map,mobilis,mobilis,5G,
mobilis-4b85285410,SIDI BEL ABBES,22,,SIDI BEL ABBES,سيدي بلعباس,35.205551,-0.64806,exact,operator_map,mobilis,mobilis,5G,
mobilis-4bcef78598,TINDOUF,37,,TINDOUF,تندوف,28.150981,-7.72389,exact,operator_map,mobilis,mobilis,5G,
mobilis-4bebf39b3d,BENI MESSOUS,16,,BENI MESSOUS,بني مسوس,36.797341,2.98787,exact,operator_map,mobilis,mobilis,5G,
mobilis-4c14ef3d78,ORAN,31,,ORAN,وهران,35.663201,-0.68082,exact,operator_map,mobilis,mobilis,5G,
mobilis-4c68a9573e,KHEMIS MILIANA,44,,KHEMIS MILIANA,خميس مليانة,36.260301,2.23325,exact,operator_map,mobilis,mobilis,5G,
mobilis-4c7c6ee586,JIJEL,18,,JIJEL,جيجل,36.790741,5.792998,exact,operator_map,mobilis,mobilis,5G,
mobilis-4ca55d58eb,LARBAA,09,,LARBAA,الأربعاء,36.595071,3.13103,exact,operator_map,mobilis,mobilis,5G,
mobilis-4cb904e1a1,LAGHOUAT,03,,LAGHOUAT,الأغواط,33.784811,2.842853,exact,operator_map,mobilis,mobilis,5G,
mobilis-4cdc794476,BECHAR,08,,BECHAR,بشار,31.575491,-2.24047,exact,operator_map,mobilis,mobilis,5G,
mobilis-4d0d754d90,MECHRIA,45,,MECHRIA,المشرية,33.531551,-0.275258,exact,operator_map,mobilis,mobilis,5G,
mobilis-4d1d67ada1,TIARET,14,,TIARET,تيارت,35.367851,1.31428,exact,operator_map,mobilis,mobilis,5G,
mobilis-4d4306cd06,BECHAR,08,,BECHAR,بشار,31.585731,-2.24249,exact,operator_map,mobilis,mobilis,5G,
mobilis-4d54e5c7b4,TINDOUF,37,,TINDOUF,تندوف,27.672841,-8.14139,exact,operator_map,mobilis,mobilis,5G,
mobilis-4d89fbc535,STAOUELI,16,,STAOUELI,سطاوالي,36.740791,2.87432,exact,operator_map,mobilis,mobilis,5G,
mobilis-4d8a025dd9,BARAKI,16,,BARAKI,براقي,36.664091,3.10388,exact,operator_map,mobilis,mobilis,5G,
mobilis-4da66429f5,BOUFATIS,31,,BOUFATIS,بوفاطيس,35.683421,-0.41241,exact,operator_map,mobilis,mobilis,5G,
mobilis-4db29bbf8d,TLEMCEN,13,,TLEMCEN,تلمسان,34.922171,-1.343412,exact,operator_map,mobilis,mobilis,5G,
mobilis-4dbd807333,BENI TAMOU,09,,BENI TAMOU,بني تامو,36.544891,2.81534,exact,operator_map,mobilis,mobilis,5G,
mobilis-4de1f6e4d9,MOSTAGANEM,27,,MOSTAGANEM,مستغانم,35.921691,0.06041,exact,operator_map,mobilis,mobilis,5G,
mobilis-4e07b3a521,JIJEL,18,,JIJEL,جيجل,36.809131,5.76281,exact,operator_map,mobilis,mobilis,5G,
mobilis-4e0d94c31e,HYDRA,16,,HYDRA,حيدرة,36.737711,3.029822,exact,operator_map,mobilis,mobilis,5G,
mobilis-4e4e3e632c,SIDI MOUSSA,16,,SIDI MOUSSA,سيدي موسى,36.641441,3.111944,exact,operator_map,mobilis,mobilis,5G,
mobilis-4e683d792b,BIRTOUTA,16,,BIRTOUTA,بئر توتة,36.651701,3.018329,exact,operator_map,mobilis,mobilis,5G,
mobilis-4e6a7d8b7e,BISKRA,07,,BISKRA,بسكرة,34.841371,5.70541,exact,operator_map,mobilis,mobilis,5G,
mobilis-4e6dc9f4ce,SIDI AMER,23,,SIDI AMER,سيدي عامر,36.820801,7.71228,exact,operator_map,mobilis,mobilis,5G,
mobilis-4e83873576,MASCARA,29,,MASCARA,معسكر,35.399321,0.16059,exact,operator_map,mobilis,mobilis,5G,
mobilis-4e84ce3da6,BIR EL DJIR,31,,BIR EL DJIR,بئر الجير,35.701681,-0.56556,exact,operator_map,mobilis,mobilis,5G,
mobilis-4ebb6ef7e0,ROUISSAT,30,,ROUISSAT,الرويسات,31.919551,5.368517,exact,operator_map,mobilis,mobilis,5G,
mobilis-4ed1d73a0c,BECHAR,08,,BECHAR,بشار,31.621981,-2.19981,exact,operator_map,mobilis,mobilis,5G,
mobilis-4eea93c74b,TIARET,14,,TIARET,تيارت,35.349611,1.322851,exact,operator_map,mobilis,mobilis,5G,
mobilis-4f07c153f9,SIDI MHAMED,16,,SIDI MHAMED,سيدي امحمد,36.754451,3.051536,exact,operator_map,mobilis,mobilis,5G,
mobilis-4f3383d78c,MASCARA,29,,MASCARA,معسكر,35.409841,0.13901,exact,operator_map,mobilis,mobilis,5G,
mobilis-4f3d140596,BLIDA,09,,BLIDA,البليدة,36.468611,2.82794,exact,operator_map,mobilis,mobilis,5G,
mobilis-4f5074825e,EL BOUNI,23,,EL BOUNI,البوني,36.876301,7.74108,exact,operator_map,mobilis,mobilis,5G,
mobilis-4f6a18c1fa,MOHAMMADIA,16,,MOHAMMADIA,المحمدية,36.733791,3.15645,exact,operator_map,mobilis,mobilis,5G,
mobilis-4f9dcce3c6,GUELMA,24,,GUELMA,قالمة,36.472741,7.420634,exact,operator_map,mobilis,mobilis,5G,
mobilis-4fd40802af,EL ACHOUR,16,,EL ACHOUR,العاشور,36.743491,2.99049,exact,operator_map,mobilis,mobilis,5G,
mobilis-4fd859beb3,BLIDA,09,,BLIDA,البليدة,36.482521,2.84776,exact,operator_map,mobilis,mobilis,5G,
mobilis-4fd876ded5,ARZEW,31,,ARZEW,أرزيو,35.845991,-0.33343,exact,operator_map,mobilis,mobilis,5G,
mobilis-4feb5cef98,LAGHOUAT,03,,LAGHOUAT,الأغواط,33.825221,2.87357,exact,operator_map,mobilis,mobilis,5G,
mobilis-506fcd7c43,ARZEW,31,,ARZEW,أرزيو,35.817781,-0.35842,exact,operator_map,mobilis,mobilis,5G,
mobilis-5088416596,TIZI OUZOU,15,,TIZI OUZOU,تيزي وزو,36.691201,4.049437,exact,operator_map,mobilis,mobilis,5G,
mobilis-50ba85b40f,CONSTANTINE,25,,CONSTANTINE,قسنطينة,36.379751,6.59188,exact,operator_map,mobilis,mobilis,5G,
mobilis-50d2c8a897,BIR EL DJIR,31,,BIR EL DJIR,بئر الجير,35.696881,-0.577944,exact,operator_map,mobilis,mobilis,5G,
mobilis-510d98afc7,HARAOUA,16,,HARAOUA,هراوة,36.766021,3.28865,exact,operator_map,mobilis,mobilis,5G,
mobilis-51600826ef,BORDJ EL KIFFAN,16,,BORDJ EL KIFFAN,برج الكيفان,36.770301,3.23581,exact,operator_map,mobilis,mobilis,5G,
mobilis-51cb22e6ee,TLEMCEN,13,,TLEMCEN,تلمسان,34.884521,-1.308673,exact,operator_map,mobilis,mobilis,5G,
mobilis-51d6fb3af6,DJANET,56,,DJANET,جانت,24.466351,9.5215,exact,operator_map,mobilis,mobilis,5G,
mobilis-5208a3d8be,SIDI BEL ABBES,22,,SIDI BEL ABBES,سيدي بلعباس,35.204711,-0.59098,exact,operator_map,mobilis,mobilis,5G,
mobilis-52136d1616,ANNABA,23,,ANNABA,عنابة,36.909151,7.76239,exact,operator_map,mobilis,mobilis,5G,
mobilis-52364e1942,TAMANRASSET,11,,TAMANRASSET,تمنراست,22.786921,5.53645,exact,operator_map,mobilis,mobilis,5G,
mobilis-5254a19912,STAOUELI,16,,STAOUELI,سطاوالي,36.757321,2.85213,exact,operator_map,mobilis,mobilis,5G,
mobilis-52657e61e8,BOUIRA,10,,BOUIRA,البويرة,36.386871,3.89143,exact,operator_map,mobilis,mobilis,5G,
mobilis-5265dca39f,TEBESSA,12,,TEBESSA,تبسة,35.410681,8.09355,exact,operator_map,mobilis,mobilis,5G,
mobilis-52af3db99d,TEBESSA,12,,TEBESSA,تبسة,35.391601,8.09804,exact,operator_map,mobilis,mobilis,5G,
mobilis-5325eaa34e,BORDJ BOU ARRERIDJ,34,,BORDJ BOU ARRERIDJ,برج بوعريريج,36.065571,4.74851,exact,operator_map,mobilis,mobilis,5G,
mobilis-53627b8dc2,SAIDA,20,,SAIDA,سعيدة,34.853181,0.16384,exact,operator_map,mobilis,mobilis,5G,
mobilis-537e364423,MOHAMMADIA,29,,MOHAMMADIA,المحمدية,35.585081,0.06541,exact,operator_map,mobilis,mobilis,5G,
mobilis-538fc84048,DJISR KSENTINA,16,,DJISR KSENTINA,جسر قسنطينة,36.693751,3.08709,exact,operator_map,mobilis,mobilis,5G,
mobilis-53ac561106,KOUBA,16,,KOUBA,القبة,36.723271,3.096955,exact,operator_map,mobilis,mobilis,5G,
mobilis-53bcf3451d,RAIS HAMIDOU,16,,RAIS HAMIDOU,الرايس حميدو,36.807891,3.01032,exact,operator_map,mobilis,mobilis,5G,
mobilis-542aad7536,TIPAZA,42,,TIPAZA,تيبازة,36.582791,2.45132,exact,operator_map,mobilis,mobilis,5G,
mobilis-542e638b97,CHEBLI,09,,CHEBLI,الشبلي,36.580961,3.037534,exact,operator_map,mobilis,mobilis,5G,
mobilis-542e8b1b50,AIN BENIAN,16,,AIN BENIAN,عين البنيان,36.800581,2.930282,exact,operator_map,mobilis,mobilis,5G,
mobilis-5432f4a271,EL HADJAR,23,,EL HADJAR,الحجار,36.785871,7.72845,exact,operator_map,mobilis,mobilis,5G,
mobilis-54675ed24f,TIPAZA,42,,TIPAZA,تيبازة,36.598051,2.41141,exact,operator_map,mobilis,mobilis,5G,
mobilis-546b7c7444,AIN BENIAN,16,,AIN BENIAN,عين البنيان,36.798021,2.90562,exact,operator_map,mobilis,mobilis,5G,
mobilis-549691b28a,ES SENIA,31,,ES SENIA,السانية,35.641931,-0.66485,exact,operator_map,mobilis,mobilis,5G,
mobilis-54a7d2b042,BOUTLELIS,31,,BOUTLELIS,بوتليليس,35.571561,-0.90234,exact,operator_map,mobilis,mobilis,5G,
mobilis-54b65fe64f,BECHAR,08,,BECHAR,بشار,31.626541,-2.20272,exact,operator_map,mobilis,mobilis,5G,
mobilis-54c3a285ec,SAIDA,20,,SAIDA,سعيدة,34.833591,0.155,exact,operator_map,mobilis,mobilis,5G,
mobilis-54f30e9b40,BOUSFER,31,,BOUSFER,بوسفر,35.756641,-0.82601,exact,operator_map,mobilis,mobilis,5G,
mobilis-5532321197,MEFTAH,09,,MEFTAH,مفتاح,36.596451,3.2232,exact,operator_map,mobilis,mobilis,5G,
mobilis-55471318a9,AIN TAYA,16,,AIN TAYA,عين طاية,36.794981,3.28468,exact,operator_map,mobilis,mobilis,5G,
mobilis-555b5296c5,SIDI ALI,27,,SIDI ALI,سيدي علي,36.096871,0.41367,exact,operator_map,mobilis,mobilis,5G,
mobilis-555bfeccc9,CHERAGA,16,,CHERAGA,الشراقة,36.765671,2.882336,exact,operator_map,mobilis,mobilis,5G,
mobilis-559dcaa46a,BATNA,05,,BATNA,باتنة,35.532791,6.15575,exact,operator_map,mobilis,mobilis,5G,
mobilis-560d1c469e,BOUIRA,10,,BOUIRA,البويرة,36.370811,3.89297,exact,operator_map,mobilis,mobilis,5G,
mobilis-5613203f5b,SIDI BEL ABBES,22,,SIDI BEL ABBES,سيدي بلعباس,35.189351,-0.62652,exact,operator_map,mobilis,mobilis,5G,
mobilis-5653e7ff23,OULED FAYET,16,,OULED FAYET,أولاد فايت,36.711061,2.93887,exact,operator_map,mobilis,mobilis,5G,
mobilis-56bcef0f3b,OUED TLELAT,31,,OUED TLELAT,وادي تليلات,35.544501,-0.42281,exact,operator_map,mobilis,mobilis,5G,
mobilis-56ce06a2e6,ORAN,31,,ORAN,وهران,35.657881,-0.68622,exact,operator_map,mobilis,mobilis,5G,
mobilis-56f03b5405,COLLO,21,,COLLO,القل,37.003051,6.561885,exact,operator_map,mobilis,mobilis,5G,
mobilis-571a2a6945,MEFTAH,09,,MEFTAH,مفتاح,36.626051,3.21716,exact,operator_map,mobilis,mobilis,5G,
mobilis-573669bdd1,BATNA,05,,BATNA,باتنة,35.531111,6.18584,exact,operator_map,mobilis,mobilis,5G,
mobilis-57440010a8,BIR EL DJIR,31,,BIR EL DJIR,بئر الجير,35.724711,-0.53559,exact,operator_map,mobilis,mobilis,5G,
mobilis-579dc19a79,CONSTANTINE,25,,CONSTANTINE,قسنطينة,36.352691,6.62522,exact,operator_map,mobilis,mobilis,5G,
mobilis-57a6c47da6,MAHELMA,16,,MAHELMA,المحالمة,36.691651,2.8705,exact,operator_map,mobilis,mobilis,5G,
mobilis-57d9ab3d71,REGHAIA,16,,REGHAIA,الرغاية,36.733531,3.33669,exact,operator_map,mobilis,mobilis,5G,
mobilis-5824118ac6,EL BOUNI,23,,EL BOUNI,البوني,36.858271,7.69192,exact,operator_map,mobilis,mobilis,5G,
mobilis-5831246e8a,SALAH BOUCHAOUR,21,,SALAH BOUCHAOUR,صالح بوالشعور,36.716901,6.903466,exact,operator_map,mobilis,mobilis,5G,
mobilis-5835e45736,ORAN,31,,ORAN,وهران,35.671731,-0.63117,exact,operator_map,mobilis,mobilis,5G,
mobilis-5840585cde,MOSTAGANEM,27,,MOSTAGANEM,مستغانم,35.912541,0.05731,exact,operator_map,mobilis,mobilis,5G,
mobilis-58a64ba49c,TLEMCEN,13,,TLEMCEN,تلمسان,34.909681,-1.31928,exact,operator_map,mobilis,mobilis,5G,
mobilis-593fd608e9,SIDI BEN YABKA,31,,SIDI BEN YABKA,سيدي بن يبقى,35.829001,-0.38736,exact,operator_map,mobilis,mobilis,5G,
mobilis-59acf873e6,MEDEA,26,,MEDEA,المدية,36.249871,2.750551,exact,operator_map,mobilis,mobilis,5G,
mobilis-59be630269,ORAN,31,,ORAN,وهران,35.711111,-0.608037,exact,operator_map,mobilis,mobilis,5G,
mobilis-59fa9e1b9c,ES SENIA,31,,ES SENIA,السانية,35.664811,-0.64128,exact,operator_map,mobilis,mobilis,5G,
mobilis-59fb92f233,SIDI ALI,27,,SIDI ALI,سيدي علي,36.097811,0.40996,exact,operator_map,mobilis,mobilis,5G,
mobilis-5a0912b5fb,AIN SEFRA,45,,AIN SEFRA,عين الصفراء,32.768291,-0.56102,exact,operator_map,mobilis,mobilis,5G,
mobilis-5a09c73584,EL BAYADH,32,,EL BAYADH,البيض,33.688511,1.00969,exact,operator_map,mobilis,mobilis,5G,
mobilis-5a1757c934,EL MARSA,21,,EL MARSA,المرسى,37.026438,7.26107,exact,operator_map,mobilis,mobilis,5G,
mobilis-5a74db8072,ANNABA,23,,ANNABA,عنابة,36.892311,7.72439,exact,operator_map,mobilis,mobilis,5G,
mobilis-5a86656535,TIPAZA,42,,TIPAZA,تيبازة,36.585551,2.44927,exact,operator_map,mobilis,mobilis,5G,
mobilis-5a87f3f0ae,EL BAYADH,32,,EL BAYADH,البيض,33.677161,1.01254,exact,operator_map,mobilis,mobilis,5G,
mobilis-5af380d665,SOUIDANIA,16,,SOUIDANIA,السويدانية,36.715491,2.916826,exact,operator_map,mobilis,mobilis,5G,
mobilis-5b2cfa15f0,MANSOURAH,13,,MANSOURAH,المنصورة,34.879101,-1.3369,exact,operator_map,mobilis,mobilis,5G,
mobilis-5bab46f20d,KOUBA,16,,KOUBA,القبة,36.720511,3.08043,exact,operator_map,mobilis,mobilis,5G,
mobilis-5bba85c8be,BECHAR,08,,BECHAR,بشار,31.635041,-2.20885,exact,operator_map,mobilis,mobilis,5G,
mobilis-5bbe7fa79f,BLIDA,09,,BLIDA,البليدة,36.471271,2.819149,exact,operator_map,mobilis,mobilis,5G,
mobilis-5c0b0bcd1d,BENI SAF,46,,BENI SAF,بني صاف,35.297161,-1.39458,exact,operator_map,mobilis,mobilis,5G,
mobilis-5c2807a319,ANNABA,23,,ANNABA,عنابة,36.886551,7.73462,exact,operator_map,mobilis,mobilis,5G,
mobilis-5c7b1a144b,TINDOUF,37,,TINDOUF,تندوف,27.671071,-8.11803,exact,operator_map,mobilis,mobilis,5G,
mobilis-5c8e2548fd,ORAN,31,,ORAN,وهران,35.697671,-0.64275,exact,operator_map,mobilis,mobilis,5G,
mobilis-5ca2712839,BECHAR,08,,BECHAR,بشار,31.728381,-2.03979,exact,operator_map,mobilis,mobilis,5G,
mobilis-5ca448c882,HAMMA ANASSERS,16,,HAMMA ANASSERS,حامة العناصر,36.749631,3.06439,exact,operator_map,mobilis,mobilis,5G,
mobilis-5cc8b60a86,CHLEF,02,,CHLEF,الشلف,36.155821,1.322015,exact,operator_map,mobilis,mobilis,5G,
mobilis-5cc94cb725,TLEMCEN,13,,TLEMCEN,تلمسان,34.878531,-1.32566,exact,operator_map,mobilis,mobilis,5G,
mobilis-5cd7605c05,BESBES,36,,BESBES,البسباس,36.734481,7.801673,exact,operator_map,mobilis,mobilis,5G,
mobilis-5ce008214b,OUARGLA,30,,OUARGLA,ورقلة,31.979851,5.34027,exact,operator_map,mobilis,mobilis,5G,
mobilis-5ce2b6aeda,MOHAMMADIA,16,,MOHAMMADIA,المحمدية,36.735781,3.13215,exact,operator_map,mobilis,mobilis,5G,
mobilis-5cf79f8029,AIN BEIDA,04,,AIN BEIDA,عين البيضاء,35.789281,7.406752,exact,operator_map,mobilis,mobilis,5G,
mobilis-5d1bc8a653,AIN-TEMOUCHENT,46,,AIN-TEMOUCHENT,عين تموشنت,35.296651,-1.13117,exact,operator_map,mobilis,mobilis,5G,
mobilis-5d3036921e,BLIDA,09,,BLIDA,البليدة,36.485471,2.81873,exact,operator_map,mobilis,mobilis,5G,
mobilis-5d3cfc979b,ROUIBA,16,,ROUIBA,الرويبة,36.729461,3.293953,exact,operator_map,mobilis,mobilis,5G,
mobilis-5d52975e7a,LAGHOUAT,03,,LAGHOUAT,الأغواط,33.805421,2.84944,exact,operator_map,mobilis,mobilis,5G,
mobilis-5da6bf3aa0,BOUIRA,10,,BOUIRA,البويرة,36.391181,3.8837,exact,operator_map,mobilis,mobilis,5G,
mobilis-5e1aac2943,CHERAGA,16,,CHERAGA,الشراقة,36.746731,2.943069,exact,operator_map,mobilis,mobilis,5G,
mobilis-5e2153317d,EL BAYADH,32,,EL BAYADH,البيض,33.697421,1.01857,exact,operator_map,mobilis,mobilis,5G,
mobilis-5e2bfe6684,ANNABA,23,,ANNABA,عنابة,36.897321,7.76256,exact,operator_map,mobilis,mobilis,5G,
mobilis-5e55bee104,EL KHROUB,25,,EL KHROUB,الخروب,36.252091,6.57112,exact,operator_map,mobilis,mobilis,5G,
mobilis-5e5efb2efd,SETIF,19,,SETIF,سطيف,36.200541,5.36848,exact,operator_map,mobilis,mobilis,5G,
mobilis-5e83de726a,BARAKI,16,,BARAKI,براقي,36.676931,3.08963,exact,operator_map,mobilis,mobilis,5G,
mobilis-5e9e75433b,MOSTAGANEM,27,,MOSTAGANEM,مستغانم,35.955381,0.09886,exact,operator_map,mobilis,mobilis,5G,
mobilis-5ea3f4ada8,HASSI BOUNIF,31,,HASSI BOUNIF,حاسي بونيف,35.702511,-0.46964,exact,operator_map,mobilis,mobilis,5G,
mobilis-5ea60a952a,KHENCHELA,40,,KHENCHELA,خنشلة,35.417721,7.12326,exact,operator_map,mobilis,mobilis,5G,
mobilis-5eb24ea4dc,CONSTANTINE,25,,CONSTANTINE,قسنطينة,36.347531,6.62701,exact,operator_map,mobilis,mobilis,5G,
mobilis-5eefb95bc9,OUARGLA,30,,OUARGLA,ورقلة,31.958641,5.32788,exact,operator_map,mobilis,mobilis,5G,
mobilis-5f02f277e4,GHARDAIA,47,,GHARDAIA,غرداية,32.499311,3.66424,exact,operator_map,mobilis,mobilis,5G,
mobilis-5f30237ac6,EL ANCOR,31,,EL ANCOR,العنصر,35.707101,-0.88057,exact,operator_map,mobilis,mobilis,5G,
mobilis-5f3e57ec1d,TOUGGOURT,55,,TOUGGOURT,تقرت,33.121151,6.0415,exact,operator_map,mobilis,mobilis,5G,
mobilis-5f5d72d0af,BIR EL DJIR,31,,BIR EL DJIR,بئر الجير,35.723161,-0.56592,exact,operator_map,mobilis,mobilis,5G,
mobilis-5f6750409e,AIN BIYA,31,,AIN BIYA,عين البية,35.770161,-0.28079,exact,operator_map,mobilis,mobilis,5G,
mobilis-5f8d1997a5,EL BAYADH,32,,EL BAYADH,البيض,33.664971,1.02195,exact,operator_map,mobilis,mobilis,5G,
mobilis-5fadb4e53e,SIDI BEL ABBES,22,,SIDI BEL ABBES,سيدي بلعباس,35.172181,-0.62863,exact,operator_map,mobilis,mobilis,5G,
mobilis-6001c3528b,CHERAGA,16,,CHERAGA,الشراقة,36.754361,2.939008,exact,operator_map,mobilis,mobilis,5G,
mobilis-6002e2a0de,BORDJ BOU ARRERIDJ,34,,BORDJ BOU ARRERIDJ,برج بوعريريج,36.070961,4.7578,exact,operator_map,mobilis,mobilis,5G,
mobilis-60232e7ffa,LARBAA,09,,LARBAA,الأربعاء,36.594971,3.18085,exact,operator_map,mobilis,mobilis,5G,
mobilis-60237464f2,TOUGGOURT,55,,TOUGGOURT,تقرت,33.108451,6.0695,exact,operator_map,mobilis,mobilis,5G,
mobilis-6043da3e0b,CONSTANTINE,25,,CONSTANTINE,قسنطينة,36.313501,6.61589,exact,operator_map,mobilis,mobilis,5G,
mobilis-607c74642f,BECHAR,08,,BECHAR,بشار,31.590491,-2.23875,exact,operator_map,mobilis,mobilis,5G,
mobilis-607cefe3d6,SAIDA,20,,SAIDA,سعيدة,34.837641,0.15517,exact,operator_map,mobilis,mobilis,5G,
mobilis-60d57f25e7,TINDOUF,37,,TINDOUF,تندوف,27.649951,-8.12808,exact,operator_map,mobilis,mobilis,5G,
mobilis-60f29ebcb7,SIDI MOUSSA,16,,SIDI MOUSSA,سيدي موسى,36.602451,3.081604,exact,operator_map,mobilis,mobilis,5G,
mobilis-60fb2e2b65,CHERAGA,16,,CHERAGA,الشراقة,36.778291,2.916021,exact,operator_map,mobilis,mobilis,5G,
mobilis-611cb152e4,TOUGGOURT,55,,TOUGGOURT,تقرت,33.110951,6.06496,exact,operator_map,mobilis,mobilis,5G,
mobilis-618387edaa,ORAN,31,,ORAN,وهران,35.698661,-0.60071,exact,operator_map,mobilis,mobilis,5G,
mobilis-61c3760646,ZERALDA,16,,ZERALDA,زرالدة,36.708161,2.84386,exact,operator_map,mobilis,mobilis,5G,
mobilis-62079db648,ORAN,31,,ORAN,وهران,35.744801,-0.57316,exact,operator_map,mobilis,mobilis,5G,
mobilis-621c654ec5,LAGHOUAT,03,,LAGHOUAT,الأغواط,33.818351,2.86325,exact,operator_map,mobilis,mobilis,5G,
mobilis-625ff1fe4b,BATNA,05,,BATNA,باتنة,35.548571,6.164781,exact,operator_map,mobilis,mobilis,5G,
mobilis-62651d3ac6,BOUIRA,10,,BOUIRA,البويرة,36.370051,3.8752,exact,operator_map,mobilis,mobilis,5G,
mobilis-627312a957,TLEMCEN,13,,TLEMCEN,تلمسان,34.875801,-1.29056,exact,operator_map,mobilis,mobilis,5G,
mobilis-62b167091e,LAGHOUAT,03,,LAGHOUAT,الأغواط,33.786401,2.83765,exact,operator_map,mobilis,mobilis,5G,
mobilis-62c7e114e1,STAOUELI,16,,STAOUELI,سطاوالي,36.748081,2.882109,exact,operator_map,mobilis,mobilis,5G,
mobilis-62ca35b05a,GDYEL,31,,GDYEL,قديل,35.782441,-0.43521,exact,operator_map,mobilis,mobilis,5G,
mobilis-632ab93a7b,DJELFA,17,,DJELFA,الجلفة,34.676451,3.26843,exact,operator_map,mobilis,mobilis,5G,
mobilis-633916d4ed,DRARIA,16,,DRARIA,الدرارية,36.702351,2.998804,exact,operator_map,mobilis,mobilis,5G,
mobilis-633e15d032,EL HARRACH,16,,EL HARRACH,الحراش,36.722401,3.143266,exact,operator_map,mobilis,mobilis,5G,
mobilis-63495da905,HASSI MAAMECHE,27,,HASSI MAAMECHE,حاسي ماماش,35.914041,0.10803,exact,operator_map,mobilis,mobilis,5G,
mobilis-636d1cb8a8,BECHAR,08,,BECHAR,بشار,31.747501,-2.06603,exact,operator_map,mobilis,mobilis,5G,
mobilis-63eecde87e,BLIDA,09,,BLIDA,البليدة,36.465711,2.839554,exact,operator_map,mobilis,mobilis,5G,
mobilis-6405135046,TLEMCEN,13,,TLEMCEN,تلمسان,34.920811,-1.330181,exact,operator_map,mobilis,mobilis,5G,
mobilis-640df2bef3,AIN-DEFLA,44,,AIN-DEFLA,عين الدفلى,36.258011,1.96294,exact,operator_map,mobilis,mobilis,5G,
mobilis-64192d2e82,BIR EL DJIR,31,,BIR EL DJIR,بئر الجير,35.748901,-0.54815,exact,operator_map,mobilis,mobilis,5G,
mobilis-6469faa81d,SIDI BEL ABBES,22,,SIDI BEL ABBES,سيدي بلعباس,35.200151,-0.61521,exact,operator_map,mobilis,mobilis,5G,
mobilis-649bc50120,BATNA,05,,BATNA,باتنة,35.560251,6.184003,exact,operator_map,mobilis,mobilis,5G,
mobilis-64d73e404a,SKIKDA,21,,SKIKDA,سكيكدة,36.861971,6.921726,exact,operator_map,mobilis,mobilis,5G,
mobilis-64e6605be4,MASCARA,29,,MASCARA,معسكر,35.378681,0.12414,exact,operator_map,mobilis,mobilis,5G,
mobilis-64f7c9c8d5,SOUK-AHRAS,41,,SOUK-AHRAS,سوق أهراس,36.291261,7.95632,exact,operator_map,mobilis,mobilis,5G,
mobilis-650f82aefc,SIDI BEL ABBES,22,,SIDI BEL ABBES,سيدي بلعباس,35.182271,-0.62537,exact,operator_map,mobilis,mobilis,5G,
mobilis-651924a533,THENIET EL HAD,38,,THENIET EL HAD,ثنية الحد,35.867381,2.02234,exact,operator_map,mobilis,mobilis,5G,
mobilis-652a3a7ffd,ORAN,31,,ORAN,وهران,35.663211,-0.68524,exact,operator_map,mobilis,mobilis,5G,
mobilis-653fec11b9,BECHAR,08,,BECHAR,بشار,31.598171,-2.24462,exact,operator_map,mobilis,mobilis,5G,
mobilis-65a80918e1,TIPAZA,42,,TIPAZA,تيبازة,36.587851,2.43813,exact,operator_map,mobilis,mobilis,5G,
mobilis-65e8847fa2,HYDRA,16,,HYDRA,حيدرة,36.754151,3.02714,exact,operator_map,mobilis,mobilis,5G,
mobilis-65ee75e85e,TEBESSA,12,,TEBESSA,تبسة,35.414051,8.08847,exact,operator_map,mobilis,mobilis,5G,
mobilis-660fe59c41,SIDI BEL ABBES,22,,SIDI BEL ABBES,سيدي بلعباس,35.180541,-0.63335,exact,operator_map,mobilis,mobilis,5G,
mobilis-661bf1cb87,TIARET,14,,TIARET,تيارت,35.360621,1.331529,exact,operator_map,mobilis,mobilis,5G,
mobilis-6624a77e3d,OUARGLA,30,,OUARGLA,ورقلة,31.951331,5.32096,exact,operator_map,mobilis,mobilis,5G,
mobilis-6638986c58,TAMALOUS,21,,TAMALOUS,تمالوس,36.855881,6.72071,exact,operator_map,mobilis,mobilis,5G,
mobilis-664673a609,KOUBA,16,,KOUBA,القبة,36.723581,3.09119,exact,operator_map,mobilis,mobilis,5G,
mobilis-6670e9d5fd,EL EULMA,19,,EL EULMA,العلمة,36.166971,5.67141,exact,operator_map,mobilis,mobilis,5G,
mobilis-667539bc20,ROUIBA,16,,ROUIBA,الرويبة,36.748371,3.2862,exact,operator_map,mobilis,mobilis,5G,
mobilis-668a89e570,DJISR KSENTINA,16,,DJISR KSENTINA,جسر قسنطينة,36.697811,3.08044,exact,operator_map,mobilis,mobilis,5G,
mobilis-66c23d5126,IN SALAH,53,,IN SALAH,عين صالح,27.204861,2.47658,exact,operator_map,mobilis,mobilis,5G,
mobilis-66ca2d4c65,SOUIDANIA,16,,SOUIDANIA,السويدانية,36.728881,2.906496,exact,operator_map,mobilis,mobilis,5G,
mobilis-66cb6e58b7,OULED FAYET,16,,OULED FAYET,أولاد فايت,36.727861,2.955496,exact,operator_map,mobilis,mobilis,5G,
mobilis-66e5c24d0b,EL HARROUCH,21,,EL HARROUCH,الحروش,36.665811,6.81603,exact,operator_map,mobilis,mobilis,5G,
mobilis-670663a274,CONSTANTINE,25,,CONSTANTINE,قسنطينة,36.298711,6.629258,exact,operator_map,mobilis,mobilis,5G,
mobilis-672d09cae0,SETIF,19,,SETIF,سطيف,36.192251,5.4108,exact,operator_map,mobilis,mobilis,5G,
mobilis-67394d4b89,TLEMCEN,13,,TLEMCEN,تلمسان,34.873011,-1.31637,exact,operator_map,mobilis,mobilis,5G,
mobilis-6758a13b63,BOUGUIRAT,27,,BOUGUIRAT,بوقيراط,35.751191,0.253333,exact,operator_map,mobilis,mobilis,5G,
mobilis-67886e4d08,BOUMERDES,35,,BOUMERDES,بومرداس,36.760801,3.47489,exact,operator_map,mobilis,mobilis,5G,
mobilis-679e5c7006,HASSI RMEL,03,,HASSI RMEL,حاسي الرمل,32.954081,3.27756,exact,operator_map,mobilis,mobilis,5G,
mobilis-680c4a9112,EL HADJAR,23,,EL HADJAR,الحجار,36.802061,7.734107,exact,operator_map,mobilis,mobilis,5G,
mobilis-68720c2b08,OUARGLA,30,,OUARGLA,ورقلة,31.923731,5.305334,exact,operator_map,mobilis,mobilis,5G,
mobilis-6889158c2f,ARZEW,31,,ARZEW,أرزيو,35.860781,-0.29878,exact,operator_map,mobilis,mobilis,5G,
mobilis-689dd4a7cb,SIDI AMER,23,,SIDI AMER,سيدي عامر,36.826821,7.711569,exact,operator_map,mobilis,mobilis,5G,
mobilis-68aa4f96a6,LES EUCALYPTUS,16,,LES EUCALYPTUS,الكاليتوس,36.667881,3.16396,exact,operator_map,mobilis,mobilis,5G,
mobilis-68d5aa22f5,KHRAISSIA,16,,KHRAISSIA,الخرايسية,36.670021,3.00087,exact,operator_map,mobilis,mobilis,5G,
mobilis-68e7e37598,ORAN,31,,ORAN,وهران,35.696831,-0.61641,exact,operator_map,mobilis,mobilis,5G,
mobilis-6950a4088d,EL BAYADH,32,,EL BAYADH,البيض,33.683551,1.01666,exact,operator_map,mobilis,mobilis,5G,
mobilis-69593cd93f,SOUIDANIA,16,,SOUIDANIA,السويدانية,36.719201,2.91394,exact,operator_map,mobilis,mobilis,5G,
mobilis-695c16e5d2,TAFRAOUI,31,,TAFRAOUI,طفراوي,35.487931,-0.52533,exact,operator_map,mobilis,mobilis,5G,
mobilis-6987f8e556,CHERAGA,16,,CHERAGA,الشراقة,36.759361,2.9174,exact,operator_map,mobilis,mobilis,5G,
mobilis-698fb4097d,BECHAR,08,,BECHAR,بشار,31.560041,-2.23905,exact,operator_map,mobilis,mobilis,5G,
mobilis-69acea6d88,BLIDA,09,,BLIDA,البليدة,36.505091,2.759883,exact,operator_map,mobilis,mobilis,5G,
mobilis-6a0ed32277,AIN TEMOUCHENT,46,,AIN TEMOUCHENT,عين تموشنت,35.287771,-1.13262,exact,operator_map,mobilis,mobilis,5G,
mobilis-6a1231e6a8,AIN-TEMOUCHENT,46,,AIN-TEMOUCHENT,عين تموشنت,35.306741,-1.14941,exact,operator_map,mobilis,mobilis,5G,
mobilis-6a1e24aa67,MASCARA,29,,MASCARA,معسكر,35.403291,0.14267,exact,operator_map,mobilis,mobilis,5G,
mobilis-6a4ba2b88d,CHERAGA,16,,CHERAGA,الشراقة,36.758461,2.90343,exact,operator_map,mobilis,mobilis,5G,
mobilis-6a575bc0ba,TIZI OUZOU,15,,TIZI OUZOU,تيزي وزو,36.700191,4.03461,exact,operator_map,mobilis,mobilis,5G,
mobilis-6af81415ab,BIR KHADEM,16,,BIR KHADEM,بئر خادم,36.714341,3.032759,exact,operator_map,mobilis,mobilis,5G,
mobilis-6b19d368d1,AIN KECHRA,21,,AIN KECHRA,عين قشرة,36.750301,6.43183,exact,operator_map,mobilis,mobilis,5G,
mobilis-6b1ebb1f89,BIR EL DJIR,31,,BIR EL DJIR,بئر الجير,35.703521,-0.56977,exact,operator_map,mobilis,mobilis,5G,
mobilis-6b3b1cd9dc,TIARET,14,,TIARET,تيارت,35.359061,1.324433,exact,operator_map,mobilis,mobilis,5G,
mobilis-6b900f64ed,TIARET,14,,TIARET,تيارت,35.373451,1.343658,exact,operator_map,mobilis,mobilis,5G,
mobilis-6bb1ed40f1,TIPAZA,42,,TIPAZA,تيبازة,36.639621,2.330332,exact,operator_map,mobilis,mobilis,5G,
mobilis-6bb53ec6d7,MANSOURAH,13,,MANSOURAH,المنصورة,34.894251,-1.359,exact,operator_map,mobilis,mobilis,5G,
mobilis-6bbd5906f0,HUSSEIN DEY,16,,HUSSEIN DEY,حسين داي,36.738581,3.114555,exact,operator_map,mobilis,mobilis,5G,
mobilis-6c0aa2ac1e,DJELFA,17,,DJELFA,الجلفة,34.641331,3.26939,exact,operator_map,mobilis,mobilis,5G,
mobilis-6c3945cda1,ZERALDA,16,,ZERALDA,زرالدة,36.695721,2.83233,exact,operator_map,mobilis,mobilis,5G,
mobilis-6c408f3763,TISSEMSILT,38,,TISSEMSILT,تيسمسيلت,35.608451,1.81385,exact,operator_map,mobilis,mobilis,5G,
mobilis-6c5144df83,EL KARMA,31,,EL KARMA,الكرمة,35.620821,-0.59056,exact,operator_map,mobilis,mobilis,5G,
mobilis-6c59418fd2,TEBESSA,12,,TEBESSA,تبسة,35.388071,8.120526,exact,operator_map,mobilis,mobilis,5G,
mobilis-6c79e40886,CONSTANTINE,25,,CONSTANTINE,قسنطينة,36.358911,6.656268,exact,operator_map,mobilis,mobilis,5G,
mobilis-6c8e6205aa,MASCARA,29,,MASCARA,معسكر,35.404721,0.13031,exact,operator_map,mobilis,mobilis,5G,
mobilis-6d5072bb41,MECHRIA,45,,MECHRIA,المشرية,33.541241,-0.260026,exact,operator_map,mobilis,mobilis,5G,
mobilis-6db8c992d7,BENI SAF,46,,BENI SAF,بني صاف,35.305981,-1.36618,exact,operator_map,mobilis,mobilis,5G,
mobilis-6df271e8fb,BOUROUBA,16,,BOUROUBA,بوروبة,36.718171,3.12185,exact,operator_map,mobilis,mobilis,5G,
mobilis-6dfc21e72e,BARAKI,16,,BARAKI,براقي,36.647951,3.07829,exact,operator_map,mobilis,mobilis,5G,
mobilis-6e1038b88b,CONSTANTINE,25,,CONSTANTINE,قسنطينة,36.328181,6.586811,exact,operator_map,mobilis,mobilis,5G,
mobilis-6e1206afc1,EL BAYADH,32,,EL BAYADH,البيض,33.690051,1.01676,exact,operator_map,mobilis,mobilis,5G,
mobilis-6e7bfc3ebf,BARAKI,16,,BARAKI,براقي,36.678331,3.12091,exact,operator_map,mobilis,mobilis,5G,
mobilis-6f2cb19027,KERKERA,21,,KERKERA,كركرة,36.956981,6.61122,exact,operator_map,mobilis,mobilis,5G,
mobilis-6f7617ff88,BENI MESSOUS,16,,BENI MESSOUS,بني مسوس,36.781571,2.99578,exact,operator_map,mobilis,mobilis,5G,
mobilis-6f9b43e21a,TIZI OUZOU,15,,TIZI OUZOU,تيزي وزو,36.708371,4.03159,exact,operator_map,mobilis,mobilis,5G,
mobilis-6fb0e97b9e,EL BAYADH,32,,EL BAYADH,البيض,33.692171,1.025362,exact,operator_map,mobilis,mobilis,5G,
mobilis-706a63f537,ORAN,31,,ORAN,وهران,35.691261,-0.66018,exact,operator_map,mobilis,mobilis,5G,
mobilis-7097f334ab,LAGHOUAT,03,,LAGHOUAT,الأغواط,33.810511,2.847096,exact,operator_map,mobilis,mobilis,5G,
mobilis-709ee542af,BIR EL DJIR,31,,BIR EL DJIR,بئر الجير,35.725991,-0.57728,exact,operator_map,mobilis,mobilis,5G,
mobilis-70a046957e,BLIDA,09,,BLIDA,البليدة,36.473171,2.83469,exact,operator_map,mobilis,mobilis,5G,
mobilis-70c0705d90,AIN-TEMOUCHENT,46,,AIN-TEMOUCHENT,عين تموشنت,35.303141,-1.152,exact,operator_map,mobilis,mobilis,5G,
mobilis-70c8d8e40d,ROUISSAT,30,,ROUISSAT,الرويسات,31.933661,5.371909,exact,operator_map,mobilis,mobilis,5G,
mobilis-70d036381a,BOUTLELIS,31,,BOUTLELIS,بوتليليس,35.589941,-0.80811,exact,operator_map,mobilis,mobilis,5G,
mobilis-71033265c0,GDYEL,31,,GDYEL,قديل,35.821231,-0.48255,exact,operator_map,mobilis,mobilis,5G,
mobilis-713f5213c0,TAKHMARET,22,,TAKHMARET,تخمرت,35.198791,0.61084,exact,operator_map,mobilis,mobilis,5G,
mobilis-7148e1978b,AIN TURK,31,,AIN TURK,عين الترك,35.735381,-0.77468,exact,operator_map,mobilis,mobilis,5G,
mobilis-71583ca555,ALGER,16,,ALGER,الجزائر,36.775451,3.0577,exact,operator_map,mobilis,mobilis,5G,
mobilis-715b1caa0c,MECHRIA,45,,MECHRIA,المشرية,33.542941,-0.284825,exact,operator_map,mobilis,mobilis,5G,
mobilis-7164db7f5b,BEN AKNOUN,16,,BEN AKNOUN,بن عكنون,36.757731,3.023,exact,operator_map,mobilis,mobilis,5G,
mobilis-716f72c5a9,LAGHOUAT,03,,LAGHOUAT,الأغواط,33.792971,2.847042,exact,operator_map,mobilis,mobilis,5G,
mobilis-71c0ef925f,LES EUCALYPTUS,16,,LES EUCALYPTUS,الكاليتوس,36.677201,3.13317,exact,operator_map,mobilis,mobilis,5G,
mobilis-71e13e6f24,TINDOUF,37,,TINDOUF,تندوف,27.681861,-8.11983,exact,operator_map,mobilis,mobilis,5G,
mobilis-721387e65d,ORAN,31,,ORAN,وهران,35.689211,-0.64572,exact,operator_map,mobilis,mobilis,5G,
mobilis-724e8a7010,TIARET,14,,TIARET,تيارت,35.379901,1.310526,exact,operator_map,mobilis,mobilis,5G,
mobilis-726dbfb885,BIR EL DJIR,31,,BIR EL DJIR,بئر الجير,35.742411,-0.56013,exact,operator_map,mobilis,mobilis,5G,
mobilis-728ebd94a0,ORAN,31,,ORAN,وهران,35.695001,-0.64332,exact,operator_map,mobilis,mobilis,5G,
mobilis-72909bbac1,BECHAR,08,,BECHAR,بشار,31.547911,-2.24604,exact,operator_map,mobilis,mobilis,5G,
mobilis-72cdaba6b9,El-TARF,36,,El-TARF,الطارف,36.761751,8.31713,exact,operator_map,mobilis,mobilis,5G,
mobilis-72ce7da927,TLEMCEN,13,,TLEMCEN,تلمسان,34.874531,-1.31101,exact,operator_map,mobilis,mobilis,5G,
mobilis-72d9680f01,BIR EL DJIR,31,,BIR EL DJIR,بئر الجير,35.709311,-0.53629,exact,operator_map,mobilis,mobilis,5G,
mobilis-72df42a2f5,TIZI OUZOU,15,,TIZI OUZOU,تيزي وزو,36.696641,4.056071,exact,operator_map,mobilis,mobilis,5G,
mobilis-730d227046,BOUIRA,10,,BOUIRA,البويرة,36.390331,3.89647,exact,operator_map,mobilis,mobilis,5G,
mobilis-733aab83a4,MASCARA,29,,MASCARA,معسكر,35.390261,0.12796,exact,operator_map,mobilis,mobilis,5G,
mobilis-733e92a2c1,HAMMA ANASSERS,16,,HAMMA ANASSERS,حامة العناصر,36.743261,3.078636,exact,operator_map,mobilis,mobilis,5G,
mobilis-734a6f9d20,SOUGUEUR,14,,SOUGUEUR,السوقر,35.172951,1.49259,exact,operator_map,mobilis,mobilis,5G,
mobilis-73530925fa,BORDJ EL KIFFAN,16,,BORDJ EL KIFFAN,برج الكيفان,36.768561,3.22536,exact,operator_map,mobilis,mobilis,5G,
mobilis-7362d746a6,RAIS HAMIDOU,16,,RAIS HAMIDOU,الرايس حميدو,36.814931,2.99865,exact,operator_map,mobilis,mobilis,5G,
mobilis-73b961d070,TINDOUF,37,,TINDOUF,تندوف,27.737511,-8.051804,exact,operator_map,mobilis,mobilis,5G,
mobilis-73fe4ccf37,BENI MESSOUS,16,,BENI MESSOUS,بني مسوس,36.776911,2.97256,exact,operator_map,mobilis,mobilis,5G,
mobilis-7473739815,HYDRA,16,,HYDRA,حيدرة,36.748211,3.01872,exact,operator_map,mobilis,mobilis,5G,
mobilis-748d03cf4b,EL KHROUB,25,,EL KHROUB,الخروب,36.257541,6.60314,exact,operator_map,mobilis,mobilis,5G,
mobilis-749d69120e,DAR EL BEIDA,16,,DAR EL BEIDA,الدار البيضاء,36.720851,3.20415,exact,operator_map,mobilis,mobilis,5G,
mobilis-74bca66f29,CONSTANTINE,25,,CONSTANTINE,قسنطينة,36.371071,6.61387,exact,operator_map,mobilis,mobilis,5G,
mobilis-74ebeb6a12,TINDOUF,37,,TINDOUF,تندوف,27.675481,-8.12193,exact,operator_map,mobilis,mobilis,5G,
mobilis-7504bf49e8,HARAOUA,16,,HARAOUA,هراوة,36.774611,3.30342,exact,operator_map,mobilis,mobilis,5G,
mobilis-750c2b1c1a,BENI MESSOUS,16,,BENI MESSOUS,بني مسوس,36.780761,2.98994,exact,operator_map,mobilis,mobilis,5G,
mobilis-751c0957bd,AZZABA,21,,AZZABA,عزابة,36.741981,7.15678,exact,operator_map,mobilis,mobilis,5G,
mobilis-75b1f83234,ES SENIA,31,,ES SENIA,السانية,35.649511,-0.61272,exact,operator_map,mobilis,mobilis,5G,
mobilis-75f0d8411c,DOUERA,16,,DOUERA,الدويرة,36.655241,2.967826,exact,operator_map,mobilis,mobilis,5G,
mobilis-75fcbf1ffe,REGHAIA,16,,REGHAIA,الرغاية,36.721111,3.328639,exact,operator_map,mobilis,mobilis,5G,
mobilis-762acb748f,HASSI MAAMECHE,27,,HASSI MAAMECHE,حاسي ماماش,35.860231,0.070769,exact,operator_map,mobilis,mobilis,5G,
mobilis-762f6cc1ca,GUELMA,24,,GUELMA,قالمة,36.470361,7.44264,exact,operator_map,mobilis,mobilis,5G,
mobilis-763ede490b,MANSOURAH,13,,MANSOURAH,المنصورة,34.882171,-1.3489,exact,operator_map,mobilis,mobilis,5G,
mobilis-765dbc37d9,BORDJ EL KIFFAN,16,,BORDJ EL KIFFAN,برج الكيفان,36.759601,3.2327,exact,operator_map,mobilis,mobilis,5G,
mobilis-76e10b58a1,AIN-DEFLA,44,,AIN-DEFLA,عين الدفلى,36.265301,1.964176,exact,operator_map,mobilis,mobilis,5G,
mobilis-76eee924ca,ZERALDA,16,,ZERALDA,زرالدة,36.710701,2.83537,exact,operator_map,mobilis,mobilis,5G,
mobilis-771b2da101,BIR EL DJIR,31,,BIR EL DJIR,بئر الجير,35.714801,-0.51987,exact,operator_map,mobilis,mobilis,5G,
mobilis-772d59e727,BEB EZZOUAR,16,,BEB EZZOUAR,باب الزوار,36.738461,3.18569,exact,operator_map,mobilis,mobilis,5G,
mobilis-77434b9742,TASSALA EL MERDJA,16,,TASSALA EL MERDJA,تسالة المرجة,36.641781,2.958921,exact,operator_map,mobilis,mobilis,5G,
mobilis-77c0192965,SETIF,19,,SETIF,سطيف,36.149051,5.44385,exact,operator_map,mobilis,mobilis,5G,
mobilis-77dd412735,MOHAMMADIA,16,,MOHAMMADIA,المحمدية,36.734221,3.16382,exact,operator_map,mobilis,mobilis,5G,
mobilis-77e203a7a9,SIDI BEL ABBES,22,,SIDI BEL ABBES,سيدي بلعباس,35.218541,-0.60751,exact,operator_map,mobilis,mobilis,5G,
mobilis-77f2db3de2,AIN BEIDA,04,,AIN BEIDA,عين البيضاء,35.784891,7.393272,exact,operator_map,mobilis,mobilis,5G,
mobilis-781127418f,BACH DJERRAH,16,,BACH DJERRAH,باش جراح,36.726621,3.115548,exact,operator_map,mobilis,mobilis,5G,
mobilis-781589bce8,GOLEA,58,,GOLEA,المنيعة,30.610251,2.868727,exact,operator_map,mobilis,mobilis,5G,
mobilis-782fb7deb6,BOUFARIK,09,,BOUFARIK,بوفاريك,36.575171,2.91909,exact,operator_map,mobilis,mobilis,5G,
mobilis-784e1dad09,MANSOURAH,13,,MANSOURAH,المنصورة,34.888311,-1.35548,exact,operator_map,mobilis,mobilis,5G,
mobilis-7859cc1c35,RAIS HAMIDOU,16,,RAIS HAMIDOU,الرايس حميدو,36.811051,3.00594,exact,operator_map,mobilis,mobilis,5G,
mobilis-78662e471c,BOUMERDES,35,,BOUMERDES,بومرداس,36.758661,3.455575,exact,operator_map,mobilis,mobilis,5G,
mobilis-7892a5239e,CONSTANTINE,25,,CONSTANTINE,قسنطينة,36.357211,6.63583,exact,operator_map,mobilis,mobilis,5G,
mobilis-78b532a662,AIN TURK,31,,AIN TURK,عين الترك,35.753521,-0.78686,exact,operator_map,mobilis,mobilis,5G,
mobilis-78d112f64e,TIZI OUZOU,15,,TIZI OUZOU,تيزي وزو,36.710021,4.05668,exact,operator_map,mobilis,mobilis,5G,
mobilis-78d524b594,TIZI OUZOU,15,,TIZI OUZOU,تيزي وزو,36.737611,4.02017,exact,operator_map,mobilis,mobilis,5G,
mobilis-78f17cfe9d,NAAMA,45,,NAAMA,النعامة,33.265881,-0.31671,exact,operator_map,mobilis,mobilis,5G,
mobilis-79415e45d2,MOHAMMADIA,16,,MOHAMMADIA,المحمدية,36.725121,3.153583,exact,operator_map,mobilis,mobilis,5G,
mobilis-79657355bd,BIR EL DJIR,31,,BIR EL DJIR,بئر الجير,35.742491,-0.54389,exact,operator_map,mobilis,mobilis,5G,
mobilis-79b6c0e163,TIZI OUZOU,15,,TIZI OUZOU,تيزي وزو,36.705931,4.039159,exact,operator_map,mobilis,mobilis,5G,
mobilis-79d2c63b2f,SFISEF,22,,SFISEF,سفيزف,35.231541,-0.245458,exact,operator_map,mobilis,mobilis,5G,
mobilis-79e186d9c6,SKIKDA,21,,SKIKDA,سكيكدة,36.844921,6.907835,exact,operator_map,mobilis,mobilis,5G,
mobilis-7a03241fcf,AIN TEDLES,27,,AIN TEDLES,عين تادلس,35.993371,0.26585,exact,operator_map,mobilis,mobilis,5G,
mobilis-7a0543486b,MASCARA,29,,MASCARA,معسكر,35.380171,0.12701,exact,operator_map,mobilis,mobilis,5G,
mobilis-7a13209bf0,SOUIDANIA,16,,SOUIDANIA,السويدانية,36.706961,2.90125,exact,operator_map,mobilis,mobilis,5G,
mobilis-7a60f55382,OUM EL BOUAGHI,04,,OUM EL BOUAGHI,أم البواقي,35.892841,7.158125,exact,operator_map,mobilis,mobilis,5G,
mobilis-7ab19e06cd,KHEMIS MILIANA,44,,KHEMIS MILIANA,خميس مليانة,36.259511,2.247923,exact,operator_map,mobilis,mobilis,5G,
mobilis-7ac584ece1,DOUERA,16,,DOUERA,الدويرة,36.680261,2.964673,exact,operator_map,mobilis,mobilis,5G,
mobilis-7b322a0e70,ECHATT,36,,ECHATT,الشط,36.829891,7.857811,exact,operator_map,mobilis,mobilis,5G,
mobilis-7b7adc00ec,ALGER,16,,ALGER,الجزائر,36.771481,3.04889,exact,operator_map,mobilis,mobilis,5G,
mobilis-7b82c2e153,KSAR CHELLALA,14,,KSAR CHELLALA,قصر الشلالة,35.209131,2.319835,exact,operator_map,mobilis,mobilis,5G,
mobilis-7be3000c6e,SIDI BEL ABBES,22,,SIDI BEL ABBES,سيدي بلعباس,35.179761,-0.62765,exact,operator_map,mobilis,mobilis,5G,
mobilis-7c44b1a3cb,ORAN,31,,ORAN,وهران,35.677321,-0.65659,exact,operator_map,mobilis,mobilis,5G,
mobilis-7c787e604a,BECHAR,08,,BECHAR,بشار,31.584361,-2.23748,exact,operator_map,mobilis,mobilis,5G,
mobilis-7ca5362ec8,DJELFA,17,,DJELFA,الجلفة,34.692591,3.26981,exact,operator_map,mobilis,mobilis,5G,
mobilis-7ccc43b2fc,CHERAGA,16,,CHERAGA,الشراقة,36.742621,2.913565,exact,operator_map,mobilis,mobilis,5G,
mobilis-7d2983355c,MOHAMMADIA,29,,MOHAMMADIA,المحمدية,35.555911,0.07089,exact,operator_map,mobilis,mobilis,5G,
mobilis-7d34b8bb63,BARAKI,16,,BARAKI,براقي,36.671701,3.09872,exact,operator_map,mobilis,mobilis,5G,
mobilis-7d44707cf4,HASSI RMEL,03,,HASSI RMEL,حاسي الرمل,32.939291,3.2177,exact,operator_map,mobilis,mobilis,5G,
mobilis-7d72dd81be,TIZI OUZOU,15,,TIZI OUZOU,تيزي وزو,36.692521,4.010239,exact,operator_map,mobilis,mobilis,5G,
mobilis-7db57e9ba1,MASCARA,29,,MASCARA,معسكر,35.380861,0.11364,exact,operator_map,mobilis,mobilis,5G,
mobilis-7de981a53a,BOUZAREAH,16,,BOUZAREAH,بوزريعة,36.795561,3.00302,exact,operator_map,mobilis,mobilis,5G,
mobilis-7e303ed8a8,MANSOURAH,13,,MANSOURAH,المنصورة,34.879691,-1.37236,exact,operator_map,mobilis,mobilis,5G,
mobilis-7e3a18481a,ILLIZI,33,,ILLIZI,إليزي,26.487571,8.46508,exact,operator_map,mobilis,mobilis,5G,
mobilis-7e6803f281,DJELFA,17,,DJELFA,الجلفة,34.669391,3.26566,exact,operator_map,mobilis,mobilis,5G,
mobilis-7eb939cd55,ANNABA,23,,ANNABA,عنابة,36.876081,7.71479,exact,operator_map,mobilis,mobilis,5G,
mobilis-7ec560f995,MEFTAH,09,,MEFTAH,مفتاح,36.614371,3.21958,exact,operator_map,mobilis,mobilis,5G,
mobilis-7f42db111a,EL BAYADH,32,,EL BAYADH,البيض,33.685161,1.01198,exact,operator_map,mobilis,mobilis,5G,
mobilis-7f97cce3aa,ORAN,31,,ORAN,وهران,35.673421,-0.679567,exact,operator_map,mobilis,mobilis,5G,
mobilis-7f99d7aabf,ZERALDA,16,,ZERALDA,زرالدة,36.711551,2.843663,exact,operator_map,mobilis,mobilis,5G,
mobilis-7fa8cffe3c,BLIDA,09,,BLIDA,البليدة,36.463611,2.8392,exact,operator_map,mobilis,mobilis,5G,
mobilis-7fac0ff45b,AIN-TEMOUCHENT,46,,AIN-TEMOUCHENT,عين تموشنت,35.291061,-1.13074,exact,operator_map,mobilis,mobilis,5G,
mobilis-7fdf01ef9f,ORAN,31,,ORAN,وهران,35.675271,-0.641231,exact,operator_map,mobilis,mobilis,5G,
mobilis-804182572b,SIDI CHAMI,31,,SIDI CHAMI,سيدي الشحمي,35.654971,-0.52788,exact,operator_map,mobilis,mobilis,5G,
mobilis-8090928e27,TIZI OUZOU,15,,TIZI OUZOU,تيزي وزو,36.706061,4.054455,exact,operator_map,mobilis,mobilis,5G,
mobilis-80a8142184,SKIKDA,21,,SKIKDA,سكيكدة,36.879861,6.87726,exact,operator_map,mobilis,mobilis,5G,
mobilis-80c8131a36,SIDI CHAMI,31,,SIDI CHAMI,سيدي الشحمي,35.642771,-0.57033,exact,operator_map,mobilis,mobilis,5G,
mobilis-812644520c,BORDJ BOU ARRERIDJ,34,,BORDJ BOU ARRERIDJ,برج بوعريريج,36.083401,4.74791,exact,operator_map,mobilis,mobilis,5G,
mobilis-813710cafa,HELIOPOLIS,24,,HELIOPOLIS,هيليوبوليس,36.506511,7.441651,exact,operator_map,mobilis,mobilis,5G,
mobilis-814ce3581e,BECHAR,08,,BECHAR,بشار,31.603451,-2.23091,exact,operator_map,mobilis,mobilis,5G,
mobilis-816f6125ce,IN SALAH,53,,IN SALAH,عين صالح,27.278951,2.53236,exact,operator_map,mobilis,mobilis,5G,
mobilis-8179af829c,AIN TEMOUCHENT,46,,AIN TEMOUCHENT,عين تموشنت,35.303021,-1.122772,exact,operator_map,mobilis,mobilis,5G,
mobilis-8195159324,STAOUELI,16,,STAOUELI,سطاوالي,36.743261,2.872417,exact,operator_map,mobilis,mobilis,5G,
mobilis-81dbcd95aa,SIDI AMER,23,,SIDI AMER,سيدي عامر,36.787221,7.66181,exact,operator_map,mobilis,mobilis,5G,
mobilis-81dcf05ee9,BATNA,05,,BATNA,باتنة,35.563581,6.188523,exact,operator_map,mobilis,mobilis,5G,
mobilis-81e937f0c8,OULED DJELLAL,51,,OULED DJELLAL,أولاد جلال,34.441451,5.07242,exact,operator_map,mobilis,mobilis,5G,
mobilis-81e9c60513,IN SALAH,53,,IN SALAH,عين صالح,27.277181,2.48919,exact,operator_map,mobilis,mobilis,5G,
mobilis-81eb19bc61,BOUZAREAH,16,,BOUZAREAH,بوزريعة,36.780121,3.0337,exact,operator_map,mobilis,mobilis,5G,
mobilis-8231fb3f22,GHARDAIA,47,,GHARDAIA,غرداية,32.519251,3.6332,exact,operator_map,mobilis,mobilis,5G,
mobilis-82415ed43b,EL KARMA,31,,EL KARMA,الكرمة,35.611251,-0.57731,exact,operator_map,mobilis,mobilis,5G,
mobilis-824b88ee65,TLEMCEN,13,,TLEMCEN,تلمسان,34.914931,-1.32149,exact,operator_map,mobilis,mobilis,5G,
mobilis-8276572fff,DOUERA,16,,DOUERA,الدويرة,36.639981,2.889785,exact,operator_map,mobilis,mobilis,5G,
mobilis-829c97f35e,EL ABBADIA,44,,EL ABBADIA,العبادية,36.270111,1.684167,exact,operator_map,mobilis,mobilis,5G,
mobilis-82c7eb8dd3,ORAN,31,,ORAN,وهران,35.706761,-0.60105,exact,operator_map,mobilis,mobilis,5G,
mobilis-83132e07ac,LAGHOUAT,03,,LAGHOUAT,الأغواط,33.821871,2.860947,exact,operator_map,mobilis,mobilis,5G,
mobilis-83269383a5,SAIDA,20,,SAIDA,سعيدة,34.846291,0.16376,exact,operator_map,mobilis,mobilis,5G,
mobilis-834d329163,BEN FREHA,31,,BEN FREHA,بن فريحة,35.691601,-0.42381,exact,operator_map,mobilis,mobilis,5G,
mobilis-838a9a590c,BEN AKNOUN,16,,BEN AKNOUN,بن عكنون,36.745731,3.01496,exact,operator_map,mobilis,mobilis,5G,
mobilis-83d8dced03,BLIDA,09,,BLIDA,البليدة,36.483261,2.80048,exact,operator_map,mobilis,mobilis,5G,
mobilis-842db280cc,EL BAYADH,32,,EL BAYADH,البيض,33.626541,1.06453,exact,operator_map,mobilis,mobilis,5G,
mobilis-84401a4b95,DJELFA,17,,DJELFA,الجلفة,34.654741,3.27638,exact,operator_map,mobilis,mobilis,5G,
mobilis-8441bbf963,DAR EL BEIDA,16,,DAR EL BEIDA,الدار البيضاء,36.733511,3.23774,exact,operator_map,mobilis,mobilis,5G,
mobilis-84c46f8529,BEN FREHA,31,,BEN FREHA,بن فريحة,35.725401,-0.34327,exact,operator_map,mobilis,mobilis,5G,
mobilis-85153d9280,BIR EL DJIR,31,,BIR EL DJIR,بئر الجير,35.753571,-0.534967,exact,operator_map,mobilis,mobilis,5G,
mobilis-8550f0be07,TIPAZA,42,,TIPAZA,تيبازة,36.606461,2.40666,exact,operator_map,mobilis,mobilis,5G,
mobilis-857056328b,MISSERGHIN,31,,MISSERGHIN,مسرغين,35.617731,-0.7264,exact,operator_map,mobilis,mobilis,5G,
mobilis-85868a7fe8,BATNA,05,,BATNA,باتنة,35.560231,6.17759,exact,operator_map,mobilis,mobilis,5G,
mobilis-85976a2efc,AIN TAYA,16,,AIN TAYA,عين طاية,36.785331,3.31323,exact,operator_map,mobilis,mobilis,5G,
mobilis-86023ab1ae,EL KHROUB,25,,EL KHROUB,الخروب,36.301881,6.691917,exact,operator_map,mobilis,mobilis,5G,
mobilis-863ad1f3bd,SOUGUEUR,14,,SOUGUEUR,السوقر,35.186791,1.48754,exact,operator_map,mobilis,mobilis,5G,
mobilis-865c375bf9,BIR EL DJIR,31,,BIR EL DJIR,بئر الجير,35.730441,-0.57411,exact,operator_map,mobilis,mobilis,5G,
mobilis-867e0e4149,AIN-DEFLA,44,,AIN-DEFLA,عين الدفلى,36.260711,1.96094,exact,operator_map,mobilis,mobilis,5G,
mobilis-86cd8fb17b,EL ACHOUR,16,,EL ACHOUR,العاشور,36.735331,2.99217,exact,operator_map,mobilis,mobilis,5G,
mobilis-86e420458b,BEN AKNOUN,16,,BEN AKNOUN,بن عكنون,36.759961,3.00048,exact,operator_map,mobilis,mobilis,5G,
mobilis-86ef883c04,MEFTAH,09,,MEFTAH,مفتاح,36.629971,3.23962,exact,operator_map,mobilis,mobilis,5G,
mobilis-8748c510cf,TIMIMOUN,49,,TIMIMOUN,تيميمون,29.273631,0.2357,exact,operator_map,mobilis,mobilis,5G,
mobilis-8760eb63aa,AZZABA,21,,AZZABA,عزابة,36.736531,7.114356,exact,operator_map,mobilis,mobilis,5G,
mobilis-87698e416f,BECHAR,08,,BECHAR,بشار,31.606691,-2.22907,exact,operator_map,mobilis,mobilis,5G,
mobilis-878a593457,ORAN,31,,ORAN,وهران,35.664561,-0.66278,exact,operator_map,mobilis,mobilis,5G,
mobilis-87b3bf04c1,EL KHROUB,25,,EL KHROUB,الخروب,36.258171,6.707364,exact,operator_map,mobilis,mobilis,5G,
mobilis-87b79f832b,EL ABIODH SIDI CHEIKH,32,,EL ABIODH SIDI CHEIKH,الأبيض سيدي الشيخ,32.905151,0.54555,exact,operator_map,mobilis,mobilis,5G,
mobilis-87c22b2ebd,TASSALA EL MERDJA,16,,TASSALA EL MERDJA,تسالة المرجة,36.628041,2.945265,exact,operator_map,mobilis,mobilis,5G,
mobilis-87c8058618,TIMIMOUN,49,,TIMIMOUN,تيميمون,29.244611,0.28185,exact,operator_map,mobilis,mobilis,5G,
mobilis-883edc3336,MOHAMMADIA,29,,MOHAMMADIA,المحمدية,35.574821,0.07218,exact,operator_map,mobilis,mobilis,5G,
mobilis-88567d828b,AIN TURK,31,,AIN TURK,عين الترك,35.738331,-0.76967,exact,operator_map,mobilis,mobilis,5G,
mobilis-88740adca2,GUELMA,24,,GUELMA,قالمة,36.451121,7.4189,exact,operator_map,mobilis,mobilis,5G,
mobilis-887628f1b4,BEN AZZOUZ,21,,BEN AZZOUZ,بن عزوز,36.824351,7.31867,exact,operator_map,mobilis,mobilis,5G,
mobilis-888816f478,DJELFA,17,,DJELFA,الجلفة,34.670931,3.28308,exact,operator_map,mobilis,mobilis,5G,
mobilis-88a0892cf9,ES SENIA,31,,ES SENIA,السانية,35.653681,-0.65262,exact,operator_map,mobilis,mobilis,5G,
mobilis-88ac7019df,SIDI BEL ABBES,22,,SIDI BEL ABBES,سيدي بلعباس,35.208491,-0.64261,exact,operator_map,mobilis,mobilis,5G,
mobilis-89b4aa822b,EL KHROUB,25,,EL KHROUB,الخروب,36.282751,6.71692,exact,operator_map,mobilis,mobilis,5G,
mobilis-89f07042b4,EL BAYADH,32,,EL BAYADH,البيض,33.673241,1.02165,exact,operator_map,mobilis,mobilis,5G,
mobilis-89f5acb9ad,EL ACHOUR,16,,EL ACHOUR,العاشور,36.744221,2.99781,exact,operator_map,mobilis,mobilis,5G,
mobilis-8a08cd575d,MECHRIA,45,,MECHRIA,المشرية,33.533001,-0.282068,exact,operator_map,mobilis,mobilis,5G,
mobilis-8a42366545,ANNABA,23,,ANNABA,عنابة,36.900161,7.73738,exact,operator_map,mobilis,mobilis,5G,
mobilis-8a82bed75b,SIDI BEL ABBES,22,,SIDI BEL ABBES,سيدي بلعباس,35.179371,-0.65982,exact,operator_map,mobilis,mobilis,5G,
mobilis-8afbdf3e02,BORDJ BOU ARRERIDJ,34,,BORDJ BOU ARRERIDJ,برج بوعريريج,36.086541,4.76614,exact,operator_map,mobilis,mobilis,5G,
mobilis-8b95309036,LAGHOUAT,03,,LAGHOUAT,الأغواط,33.810221,2.89125,exact,operator_map,mobilis,mobilis,5G,
mobilis-8b999c668c,BLIDA,09,,BLIDA,البليدة,36.487051,2.80349,exact,operator_map,mobilis,mobilis,5G,
mobilis-8bc2f40561,OUARGLA,30,,OUARGLA,ورقلة,31.965081,5.33054,exact,operator_map,mobilis,mobilis,5G,
mobilis-8bd78354ab,Oran,31,,Oran,وهران,35.714211,-0.60635,exact,operator_map,mobilis,mobilis,5G,
mobilis-8c1961a17d,ORAN,31,,ORAN,وهران,35.693251,-0.62746,exact,operator_map,mobilis,mobilis,5G,
mobilis-8c633ba38c,SIDI BEL ABBES,22,,SIDI BEL ABBES,سيدي بلعباس,35.181381,-0.58597,exact,operator_map,mobilis,mobilis,5G,
mobilis-8c8233b9e7,BECHAR,08,,BECHAR,بشار,31.639611,-2.230889,exact,operator_map,mobilis,mobilis,5G,
mobilis-8c8b731171,SIDI BEL ABBES,22,,SIDI BEL ABBES,سيدي بلعباس,35.202741,-0.62032,exact,operator_map,mobilis,mobilis,5G,
mobilis-8ccf636beb,RAHMANIA,16,,RAHMANIA,الرحمانية,36.670151,2.914262,exact,operator_map,mobilis,mobilis,5G,
mobilis-8cf6d03eb3,BOUZAREAH,16,,BOUZAREAH,بوزريعة,36.790791,2.991355,exact,operator_map,mobilis,mobilis,5G,
mobilis-8d098a8fc5,CHERAGA,16,,CHERAGA,الشراقة,36.769801,2.89235,exact,operator_map,mobilis,mobilis,5G,
mobilis-8d235929a2,AIN TURK,31,,AIN TURK,عين الترك,35.744421,-0.77812,exact,operator_map,mobilis,mobilis,5G,
mobilis-8d2837c0a6,SIDI CHAMI,31,,SIDI CHAMI,سيدي الشحمي,35.693881,-0.56766,exact,operator_map,mobilis,mobilis,5G,
mobilis-8d2b556cf4,GHARDAIA,47,,GHARDAIA,غرداية,32.507901,3.63732,exact,operator_map,mobilis,mobilis,5G,
mobilis-8d74673736,BATNA,05,,BATNA,باتنة,35.538301,6.198544,exact,operator_map,mobilis,mobilis,5G,
mobilis-8d91504182,TIZI OUZOU,15,,TIZI OUZOU,تيزي وزو,36.717211,4.056231,exact,operator_map,mobilis,mobilis,5G,
mobilis-8d94631468,MOHAMMADIA,29,,MOHAMMADIA,المحمدية,35.596331,0.07568,exact,operator_map,mobilis,mobilis,5G,
mobilis-8d9ec9993c,TINDOUF,37,,TINDOUF,تندوف,27.610281,-8.10621,exact,operator_map,mobilis,mobilis,5G,
mobilis-8da8ae58c3,EL KALA,36,,EL KALA,القالة,36.888161,8.431839,exact,operator_map,mobilis,mobilis,5G,
mobilis-8dde484dfd,HASSI RMEL,03,,HASSI RMEL,حاسي الرمل,32.947541,3.25731,exact,operator_map,mobilis,mobilis,5G,
mobilis-8de05a5135,SIDI BEL ABBES,22,,SIDI BEL ABBES,سيدي بلعباس,35.217081,-0.62014,exact,operator_map,mobilis,mobilis,5G,
mobilis-8dff532904,MASCARA,29,,MASCARA,معسكر,35.406621,0.11662,exact,operator_map,mobilis,mobilis,5G,
mobilis-8e316a38a0,CONSTANTINE,25,,CONSTANTINE,قسنطينة,36.342981,6.583978,exact,operator_map,mobilis,mobilis,5G,
mobilis-8e7b430a2d,MARSAT EL HADJADJ,31,,MARSAT EL HADJADJ,مرسى الحجاج,35.740041,-0.171688,exact,operator_map,mobilis,mobilis,5G,
mobilis-8e8fa360f7,RELIZANE,48,,RELIZANE,غليزان,35.752611,0.544137,exact,operator_map,mobilis,mobilis,5G,
mobilis-8eaf6e9ffa,AIN-DEFLA,44,,AIN-DEFLA,عين الدفلى,36.255481,1.951,exact,operator_map,mobilis,mobilis,5G,
mobilis-8f1cb1df43,SAIDA,20,,SAIDA,سعيدة,34.837391,0.12604,exact,operator_map,mobilis,mobilis,5G,
mobilis-8f5547ce86,MOSTAGANEM,27,,MOSTAGANEM,مستغانم,35.927621,0.10308,exact,operator_map,mobilis,mobilis,5G,
mobilis-8f9b975106,BEB EZZOUAR,16,,BEB EZZOUAR,باب الزوار,36.723411,3.192229,exact,operator_map,mobilis,mobilis,5G,
mobilis-90492b54fb,MILA,43,,MILA,ميلة,36.461081,6.27893,exact,operator_map,mobilis,mobilis,5G,
mobilis-905f1e1ed2,SETIF,19,,SETIF,سطيف,36.206071,5.44485,exact,operator_map,mobilis,mobilis,5G,
mobilis-906f6b3b39,LES EUCALYPTUS,16,,LES EUCALYPTUS,الكاليتوس,36.663651,3.156812,exact,operator_map,mobilis,mobilis,5G,
mobilis-9083cc61be,DAR EL BEIDA,16,,DAR EL BEIDA,الدار البيضاء,36.710731,3.21958,exact,operator_map,mobilis,mobilis,5G,
mobilis-909e395a9a,OUARGLA,30,,OUARGLA,ورقلة,31.956541,5.3069,exact,operator_map,mobilis,mobilis,5G,
mobilis-91034f1356,BLIDA,09,,BLIDA,البليدة,36.471591,2.81195,exact,operator_map,mobilis,mobilis,5G,
mobilis-9130a1ccf4,TLEMCEN,13,,TLEMCEN,تلمسان,34.878101,-1.31541,exact,operator_map,mobilis,mobilis,5G,
mobilis-915ffb3fa2,BARAKI,16,,BARAKI,براقي,36.694581,3.124193,exact,operator_map,mobilis,mobilis,5G,
mobilis-9164edd584,FIL FILA,21,,FIL FILA,فلفلة,36.890081,7.05131,exact,operator_map,mobilis,mobilis,5G,
mobilis-916cadcb24,CHETOUANE,13,,CHETOUANE,شتوان,34.912741,-1.28914,exact,operator_map,mobilis,mobilis,5G,
mobilis-91885cecc9,SOUGUEUR,14,,SOUGUEUR,السوقر,35.181011,1.50627,exact,operator_map,mobilis,mobilis,5G,
mobilis-918b1529e1,BLIDA,09,,BLIDA,البليدة,36.475691,2.815969,exact,operator_map,mobilis,mobilis,5G,
mobilis-91a32b4dd5,BOUZAREAH,16,,BOUZAREAH,بوزريعة,36.788071,3.01997,exact,operator_map,mobilis,mobilis,5G,
mobilis-91e3506251,OUARGLA,30,,OUARGLA,ورقلة,31.984231,5.28005,exact,operator_map,mobilis,mobilis,5G,
mobilis-91e9d20a29,MISSERGHIN,31,,MISSERGHIN,مسرغين,35.618151,-0.75625,exact,operator_map,mobilis,mobilis,5G,
mobilis-91fb44cbac,MAHELMA,16,,MAHELMA,المحالمة,36.653781,2.87512,exact,operator_map,mobilis,mobilis,5G,
mobilis-921d9f965e,EL HADJAR,23,,EL HADJAR,الحجار,36.792831,7.73699,exact,operator_map,mobilis,mobilis,5G,
mobilis-923adf1268,OUARGLA,30,,OUARGLA,ورقلة,31.982961,5.28597,exact,operator_map,mobilis,mobilis,5G,
mobilis-92d6ac6e02,EL BAYADH,32,,EL BAYADH,البيض,33.658901,1.035069,exact,operator_map,mobilis,mobilis,5G,
mobilis-93123e66e2,BORDJ EL BAHRI,16,,BORDJ EL BAHRI,برج البحري,36.778811,3.250126,exact,operator_map,mobilis,mobilis,5G,
mobilis-932208fe5d,DAR EL BEIDA,16,,DAR EL BEIDA,الدار البيضاء,36.703371,3.206081,exact,operator_map,mobilis,mobilis,5G,
mobilis-932560e6de,BESBES,36,,BESBES,البسباس,36.703821,7.848181,exact,operator_map,mobilis,mobilis,5G,
mobilis-932e620520,CHERAGA,16,,CHERAGA,الشراقة,36.770711,2.96601,exact,operator_map,mobilis,mobilis,5G,
mobilis-933136cb9c,STAOUELI,16,,STAOUELI,سطاوالي,36.762051,2.87419,exact,operator_map,mobilis,mobilis,5G,
mobilis-93a669a2b1,SIDI MOUSSA,16,,SIDI MOUSSA,سيدي موسى,36.614271,3.101255,exact,operator_map,mobilis,mobilis,5G,
mobilis-93b2231f5e,KHEMIS MILIANA,44,,KHEMIS MILIANA,خميس مليانة,36.265451,2.22582,exact,operator_map,mobilis,mobilis,5G,
mobilis-9417756874,ARZEW,31,,ARZEW,أرزيو,35.888881,-0.32671,exact,operator_map,mobilis,mobilis,5G,
mobilis-9489add735,JIJEL,18,,JIJEL,جيجل,36.801641,5.72046,exact,operator_map,mobilis,mobilis,5G,
mobilis-94aa1adc9d,ORAN,31,,ORAN,وهران,35.677591,-0.67134,exact,operator_map,mobilis,mobilis,5G,
mobilis-94af5c565a,KHEMIS MILIANA,44,,KHEMIS MILIANA,خميس مليانة,36.241681,2.24177,exact,operator_map,mobilis,mobilis,5G,
mobilis-94af6bdabc,REGHAIA,16,,REGHAIA,الرغاية,36.749951,3.351954,exact,operator_map,mobilis,mobilis,5G,
mobilis-94c2bf03c1,TAMANRASSET,11,,TAMANRASSET,تمنراست,22.790761,5.52623,exact,operator_map,mobilis,mobilis,5G,
mobilis-94ce447b28,BORDJ EL KIFFAN,16,,BORDJ EL KIFFAN,برج الكيفان,36.738241,3.234614,exact,operator_map,mobilis,mobilis,5G,
mobilis-95be8fb282,EL BOUNI,23,,EL BOUNI,البوني,36.868701,7.72801,exact,operator_map,mobilis,mobilis,5G,
mobilis-95d28362f0,KHEMIS MILIANA,44,,KHEMIS MILIANA,خميس مليانة,36.235071,2.24299,exact,operator_map,mobilis,mobilis,5G,
mobilis-95e4b8ae29,SKIKDA,21,,SKIKDA,سكيكدة,36.868451,6.89372,exact,operator_map,mobilis,mobilis,5G,
mobilis-95fb08a651,TIARET,14,,TIARET,تيارت,35.376131,1.328279,exact,operator_map,mobilis,mobilis,5G,
mobilis-9692fcc40d,MASCARA,29,,MASCARA,معسكر,35.390421,0.12366,exact,operator_map,mobilis,mobilis,5G,
mobilis-96a54af9fb,ORAN,31,,ORAN,وهران,35.680411,-0.64139,exact,operator_map,mobilis,mobilis,5G,
mobilis-96abc3cee1,LES EUCALYPTUS,16,,LES EUCALYPTUS,الكاليتوس,36.693291,3.15627,exact,operator_map,mobilis,mobilis,5G,
mobilis-96b5d572fa,HELIOPOLIS,24,,HELIOPOLIS,هيليوبوليس,36.511791,7.4401,exact,operator_map,mobilis,mobilis,5G,
mobilis-96effc166a,OUARGLA,30,,OUARGLA,ورقلة,31.949881,5.3334,exact,operator_map,mobilis,mobilis,5G,
mobilis-96f145b0eb,AIN-TEMOUCHENT,46,,AIN-TEMOUCHENT,عين تموشنت,35.308081,-1.135956,exact,operator_map,mobilis,mobilis,5G,
mobilis-96f5094773,BOUROUBA,16,,BOUROUBA,بوروبة,36.713721,3.123893,exact,operator_map,mobilis,mobilis,5G,
mobilis-9707b7cbf9,BISKRA,07,,BISKRA,بسكرة,34.844281,5.690517,exact,operator_map,mobilis,mobilis,5G,
mobilis-9719ba3f93,ES SENIA,31,,ES SENIA,السانية,35.662511,-0.64461,exact,operator_map,mobilis,mobilis,5G,
mobilis-975a49aca8,COLLO,21,,COLLO,القل,37.003491,6.567516,exact,operator_map,mobilis,mobilis,5G,
mobilis-9764d929ee,CHLEF,02,,CHLEF,الشلف,36.139861,1.330186,exact,operator_map,mobilis,mobilis,5G,
mobilis-977714d25b,DAR EL BEIDA,16,,DAR EL BEIDA,الدار البيضاء,36.704301,3.22311,exact,operator_map,mobilis,mobilis,5G,
mobilis-978de4c64d,OULED MIMOUN,13,,OULED MIMOUN,أولاد ميمون,34.908131,-1.036225,exact,operator_map,mobilis,mobilis,5G,
mobilis-97b693b2f1,TLEMCEN,13,,TLEMCEN,تلمسان,34.884871,-1.32585,exact,operator_map,mobilis,mobilis,5G,
mobilis-97df04d2d6,TINDOUF,37,,TINDOUF,تندوف,27.642931,-8.110654,exact,operator_map,mobilis,mobilis,5G,
mobilis-97f5f41863,BIR EL DJIR,31,,BIR EL DJIR,بئر الجير,35.717361,-0.56948,exact,operator_map,mobilis,mobilis,5G,
mobilis-9805e4752e,DAR EL BEIDA,16,,DAR EL BEIDA,الدار البيضاء,36.728461,3.1999,exact,operator_map,mobilis,mobilis,5G,
mobilis-98497bff7a,JIJEL,18,,JIJEL,جيجل,36.813541,5.7234,exact,operator_map,mobilis,mobilis,5G,
mobilis-985849d16f,SAIDA,20,,SAIDA,سعيدة,34.846891,0.138115,exact,operator_map,mobilis,mobilis,5G,
mobilis-9864737744,CHERAGA,16,,CHERAGA,الشراقة,36.757111,2.95564,exact,operator_map,mobilis,mobilis,5G,
mobilis-98a32ecc34,SAIDA,20,,SAIDA,سعيدة,34.858571,0.136768,exact,operator_map,mobilis,mobilis,5G,
mobilis-98bc1358ad,AIN MLILA,04,,AIN MLILA,عين مليلة,36.037321,6.555991,exact,operator_map,mobilis,mobilis,5G,
mobilis-98efc56ccf,BECHAR,08,,BECHAR,بشار,31.558441,-2.2329,exact,operator_map,mobilis,mobilis,5G,
mobilis-9901dc351b,TLEMCEN,13,,TLEMCEN,تلمسان,34.874161,-1.29847,exact,operator_map,mobilis,mobilis,5G,
mobilis-992f6af9ca,ORAN,31,,ORAN,وهران,35.724621,-0.59582,exact,operator_map,mobilis,mobilis,5G,
mobilis-993016f55a,JIJEL,18,,JIJEL,جيجل,36.818481,5.753464,exact,operator_map,mobilis,mobilis,5G,
mobilis-99b69b17d5,EL KHROUB,25,,EL KHROUB,الخروب,36.241651,6.5793,exact,operator_map,mobilis,mobilis,5G,
mobilis-99ba7e5a16,ORAN,31,,ORAN,وهران,35.705131,-0.61765,exact,operator_map,mobilis,mobilis,5G,
mobilis-99e86829c6,OUARGLA,30,,OUARGLA,ورقلة,31.951901,5.34037,exact,operator_map,mobilis,mobilis,5G,
mobilis-9a05fbe96d,ORAN,31,,ORAN,وهران,35.694181,-0.61144,exact,operator_map,mobilis,mobilis,5G,
mobilis-9a06caceb3,STAOUELI,16,,STAOUELI,سطاوالي,36.754401,2.870234,exact,operator_map,mobilis,mobilis,5G,
mobilis-9a1ab97c8d,LES EUCALYPTUS,16,,LES EUCALYPTUS,الكاليتوس,36.676031,3.154493,exact,operator_map,mobilis,mobilis,5G,
mobilis-9a5900c874,CHETOUANE,13,,CHETOUANE,شتوان,34.908051,-1.30596,exact,operator_map,mobilis,mobilis,5G,
mobilis-9a673bf2d9,ORAN,31,,ORAN,وهران,35.687421,-0.65614,exact,operator_map,mobilis,mobilis,5G,
mobilis-9a8acf494d,DRARIA,16,,DRARIA,الدرارية,36.707481,3.00176,exact,operator_map,mobilis,mobilis,5G,
mobilis-9aadef5b69,TIZI OUZOU,15,,TIZI OUZOU,تيزي وزو,36.695061,4.03816,exact,operator_map,mobilis,mobilis,5G,
mobilis-9ab3431d9f,BECHAR,08,,BECHAR,بشار,31.571331,-2.24163,exact,operator_map,mobilis,mobilis,5G,
mobilis-9af58e4925,CASBAH,16,,CASBAH,القصبة,36.782591,3.060777,exact,operator_map,mobilis,mobilis,5G,
mobilis-9b726b64b6,DREAN,36,,DREAN,الذرعان,36.688971,7.745902,exact,operator_map,mobilis,mobilis,5G,
mobilis-9bff0a8e3e,EL HADJAR,23,,EL HADJAR,الحجار,36.803811,7.737288,exact,operator_map,mobilis,mobilis,5G,
mobilis-9c235e5497,KHEMIS MILIANA,44,,KHEMIS MILIANA,خميس مليانة,36.259171,2.21031,exact,operator_map,mobilis,mobilis,5G,
mobilis-9c697bbd60,TIZI OUZOU,15,,TIZI OUZOU,تيزي وزو,36.719791,4.05039,exact,operator_map,mobilis,mobilis,5G,
mobilis-9c9c4f2695,EL KALA,36,,EL KALA,القالة,36.893221,8.457935,exact,operator_map,mobilis,mobilis,5G,
mobilis-9cbd146666,TOUGGOURT,55,,TOUGGOURT,تقرت,33.106951,6.0374,exact,operator_map,mobilis,mobilis,5G,
mobilis-9cff3e283b,SAIDA,20,,SAIDA,سعيدة,34.841741,0.15511,exact,operator_map,mobilis,mobilis,5G,
mobilis-9d069cdb7a,SAOULA,16,,SAOULA,السحاولة,36.692031,3.03523,exact,operator_map,mobilis,mobilis,5G,
mobilis-9d43827285,IN SALAH,53,,IN SALAH,عين صالح,27.201331,2.48164,exact,operator_map,mobilis,mobilis,5G,
mobilis-9d4d0bfe14,EL MGHAIR,57,,EL MGHAIR,المغير,33.949481,5.92645,exact,operator_map,mobilis,mobilis,5G,
mobilis-9d788b44be,SETIF,19,,SETIF,سطيف,36.196261,5.38641,exact,operator_map,mobilis,mobilis,5G,
mobilis-9d95d78df7,EL ABIODH SIDI CHEIKH,32,,EL ABIODH SIDI CHEIKH,الأبيض سيدي الشيخ,32.893581,0.54926,exact,operator_map,mobilis,mobilis,5G,
mobilis-9dab6d5517,MAHELMA,16,,MAHELMA,المحالمة,36.680151,2.86718,exact,operator_map,mobilis,mobilis,5G,
mobilis-9dbddaa010,ADRAR,01,,ADRAR,أدرار,27.899661,-0.24328,exact,operator_map,mobilis,mobilis,5G,
mobilis-9dca29271b,LAGHOUAT,03,,LAGHOUAT,الأغواط,33.793931,2.87682,exact,operator_map,mobilis,mobilis,5G,
mobilis-9e0a0f26c7,BISKRA,07,,BISKRA,بسكرة,34.857651,5.695996,exact,operator_map,mobilis,mobilis,5G,
mobilis-9e60b0102d,BETHIOUA,31,,BETHIOUA,بطيوة,35.806781,-0.27007,exact,operator_map,mobilis,mobilis,5G,
mobilis-9e735fc28e,ORAN,31,,ORAN,وهران,35.701241,-0.61463,exact,operator_map,mobilis,mobilis,5G,
mobilis-9e7995f8dd,EL KHROUB,25,,EL KHROUB,الخروب,36.289121,6.72692,exact,operator_map,mobilis,mobilis,5G,
mobilis-9eb004b3cd,BEN AKNOUN,16,,BEN AKNOUN,بن عكنون,36.761551,3.00544,exact,operator_map,mobilis,mobilis,5G,
mobilis-9ecc29ac8e,TIZI OUZOU,15,,TIZI OUZOU,تيزي وزو,36.709771,4.03695,exact,operator_map,mobilis,mobilis,5G,
mobilis-9ee6423a89,ORAN,31,,ORAN,وهران,35.685631,-0.66844,exact,operator_map,mobilis,mobilis,5G,
mobilis-9ef0fb31fd,LAGHOUAT,03,,LAGHOUAT,الأغواط,33.808741,2.87736,exact,operator_map,mobilis,mobilis,5G,
mobilis-9f266fba6e,CHLEF,02,,CHLEF,الشلف,36.169561,1.342269,exact,operator_map,mobilis,mobilis,5G,
mobilis-9f6c8d1921,SKIKDA,21,,SKIKDA,سكيكدة,36.878301,6.872758,exact,operator_map,mobilis,mobilis,5G,
mobilis-9fb193e973,TEBESSA,12,,TEBESSA,تبسة,35.410571,8.09924,exact,operator_map,mobilis,mobilis,5G,
mobilis-9fc17ba269,BIR KHADEM,16,,BIR KHADEM,بئر خادم,36.723021,3.04617,exact,operator_map,mobilis,mobilis,5G,
mobilis-9ff0c2cd97,ROUIBA,16,,ROUIBA,الرويبة,36.708631,3.28623,exact,operator_map,mobilis,mobilis,5G,
mobilis-9ffa13c6b7,KHEMIS MILIANA,44,,KHEMIS MILIANA,خميس مليانة,36.252381,2.23305,exact,operator_map,mobilis,mobilis,5G,
mobilis-a07f384c55,RELIZANE,48,,RELIZANE,غليزان,35.745911,0.554586,exact,operator_map,mobilis,mobilis,5G,
mobilis-a0965e283a,EL KARMA,31,,EL KARMA,الكرمة,35.644411,-0.59578,exact,operator_map,mobilis,mobilis,5G,
mobilis-a09eace1c8,CHERAGA,16,,CHERAGA,الشراقة,36.762791,2.925267,exact,operator_map,mobilis,mobilis,5G,
mobilis-a0e4af49c0,SKIKDA,21,,SKIKDA,سكيكدة,36.886611,6.98992,exact,operator_map,mobilis,mobilis,5G,
mobilis-a1067cc3eb,CHLEF,02,,CHLEF,الشلف,36.136411,1.32273,exact,operator_map,mobilis,mobilis,5G,
mobilis-a13cec3320,BARAKI,16,,BARAKI,براقي,36.654591,3.102733,exact,operator_map,mobilis,mobilis,5G,
mobilis-a17280028e,MANSOURAH,13,,MANSOURAH,المنصورة,34.884871,-1.340356,exact,operator_map,mobilis,mobilis,5G,
mobilis-a1847c225c,LAGHOUAT,03,,LAGHOUAT,الأغواط,33.811611,2.87461,exact,operator_map,mobilis,mobilis,5G,
mobilis-a1dd71cf1f,DAR EL BEIDA,16,,DAR EL BEIDA,الدار البيضاء,36.712491,3.216315,exact,operator_map,mobilis,mobilis,5G,
mobilis-a2050e1c91,HASSI RMEL,03,,HASSI RMEL,حاسي الرمل,32.930781,3.27227,exact,operator_map,mobilis,mobilis,5G,
mobilis-a20a75ca02,OULED CHEBEL,16,,OULED CHEBEL,أولاد شبل,36.596761,2.98746,exact,operator_map,mobilis,mobilis,5G,
mobilis-a249872d27,MEDEA,26,,MEDEA,المدية,36.279781,2.75608,exact,operator_map,mobilis,mobilis,5G,
mobilis-a259ff7485,SOUGUEUR,14,,SOUGUEUR,السوقر,35.191661,1.49832,exact,operator_map,mobilis,mobilis,5G,
mobilis-a2aeb37934,RELIZANE,48,,RELIZANE,غليزان,35.754111,0.57732,exact,operator_map,mobilis,mobilis,5G,
mobilis-a320d75567,ORAN,31,,ORAN,وهران,35.704251,-0.65316,exact,operator_map,mobilis,mobilis,5G,
mobilis-a32bf2e138,MOSTAGANEM,27,,MOSTAGANEM,مستغانم,36.022821,0.134196,exact,operator_map,mobilis,mobilis,5G,
mobilis-a33a353e4b,SAIDA,20,,SAIDA,سعيدة,34.846051,0.15253,exact,operator_map,mobilis,mobilis,5G,
mobilis-a35896c609,MSILA,28,,MSILA,المسيلة,35.721421,4.527954,exact,operator_map,mobilis,mobilis,5G,
mobilis-a38d75aa85,ORAN,31,,ORAN,وهران,35.711181,-0.61278,exact,operator_map,mobilis,mobilis,5G,
mobilis-a3c63918df,EL KHROUB,25,,EL KHROUB,الخروب,36.263391,6.713524,exact,operator_map,mobilis,mobilis,5G,
mobilis-a3d77e1c3f,OUARGLA,30,,OUARGLA,ورقلة,31.946431,5.32114,exact,operator_map,mobilis,mobilis,5G,
mobilis-a3f9c628a3,REGHAIA,16,,REGHAIA,الرغاية,36.746711,3.34256,exact,operator_map,mobilis,mobilis,5G,
mobilis-a42876dae4,DOUERA,16,,DOUERA,الدويرة,36.650711,2.940752,exact,operator_map,mobilis,mobilis,5G,
mobilis-a45dcc9442,COLLO,21,,COLLO,القل,37.009771,6.56495,exact,operator_map,mobilis,mobilis,5G,
mobilis-a46c171367,SIDI BEL ABBES,22,,SIDI BEL ABBES,سيدي بلعباس,35.190551,-0.58599,exact,operator_map,mobilis,mobilis,5G,
mobilis-a4966a1286,TLEMCEN,13,,TLEMCEN,تلمسان,34.881851,-1.29114,exact,operator_map,mobilis,mobilis,5G,
mobilis-a4e56ea2f7,JIJEL,18,,JIJEL,جيجل,36.810881,5.77099,exact,operator_map,mobilis,mobilis,5G,
mobilis-a52ca31b2d,DRARIA,16,,DRARIA,الدرارية,36.720711,3.014957,exact,operator_map,mobilis,mobilis,5G,
mobilis-a550c1bc85,OUARGLA,30,,OUARGLA,ورقلة,31.949831,5.33695,exact,operator_map,mobilis,mobilis,5G,
mobilis-a58e29d41a,BOUZAREAH,16,,BOUZAREAH,بوزريعة,36.783991,2.999236,exact,operator_map,mobilis,mobilis,5G,
mobilis-a5e74ce0b0,CHERAGA,16,,CHERAGA,الشراقة,36.754151,2.9516,exact,operator_map,mobilis,mobilis,5G,
mobilis-a63b7f9152,BIR EL DJIR,31,,BIR EL DJIR,بئر الجير,35.727991,-0.53299,exact,operator_map,mobilis,mobilis,5G,
mobilis-a65ba6049a,BARAKI,16,,BARAKI,براقي,36.655551,3.097018,exact,operator_map,mobilis,mobilis,5G,
mobilis-a69023b9f7,SETIF,19,,SETIF,سطيف,36.168641,5.392842,exact,operator_map,mobilis,mobilis,5G,
mobilis-a6d555c6bb,CHLEF,02,,CHLEF,الشلف,36.163851,1.331363,exact,operator_map,mobilis,mobilis,5G,
mobilis-a70ba93a7e,BOUIRA,10,,BOUIRA,البويرة,36.367441,3.89557,exact,operator_map,mobilis,mobilis,5G,
mobilis-a71014ce73,SKIKDA,21,,SKIKDA,سكيكدة,36.877551,6.90181,exact,operator_map,mobilis,mobilis,5G,
mobilis-a7133d08a9,HUSSEIN DEY,16,,HUSSEIN DEY,حسين داي,36.731961,3.09821,exact,operator_map,mobilis,mobilis,5G,
mobilis-a75d255bbb,TLEMCEN,13,,TLEMCEN,تلمسان,34.869441,-1.321993,exact,operator_map,mobilis,mobilis,5G,
mobilis-a75d8a107a,CHERAGA,16,,CHERAGA,الشراقة,36.761381,2.947128,exact,operator_map,mobilis,mobilis,5G,
mobilis-a7924d7218,BECHAR,08,,BECHAR,بشار,31.615231,-2.21314,exact,operator_map,mobilis,mobilis,5G,
mobilis-a796d63650,TIARET,14,,TIARET,تيارت,35.364491,1.3323,exact,operator_map,mobilis,mobilis,5G,
mobilis-a7fd4be42e,SIDI BEL ABBES,22,,SIDI BEL ABBES,سيدي بلعباس,35.184441,-0.6354,exact,operator_map,mobilis,mobilis,5G,
mobilis-a80e289e0e,BOUMERDES,35,,BOUMERDES,بومرداس,36.762491,3.51468,exact,operator_map,mobilis,mobilis,5G,
mobilis-a80ea2d0c1,Sidi Bel Abbes,22,,Sidi Bel Abbes,سيدي بلعباس,35.174811,-0.5893,exact,operator_map,mobilis,mobilis,5G,
mobilis-a8246abd57,MANSOURAH,13,,MANSOURAH,المنصورة,34.856551,-1.33551,exact,operator_map,mobilis,mobilis,5G,
mobilis-a82f4bacce,AIN-TEMOUCHENT,46,,AIN-TEMOUCHENT,عين تموشنت,35.289941,-1.12461,exact,operator_map,mobilis,mobilis,5G,
mobilis-a83cca43c9,EL KARMA,31,,EL KARMA,الكرمة,35.631241,-0.581623,exact,operator_map,mobilis,mobilis,5G,
mobilis-a8525d86f5,EL KALA,36,,EL KALA,القالة,36.895841,8.44112,exact,operator_map,mobilis,mobilis,5G,
mobilis-a85a7cc7d7,MANSOURAH,13,,MANSOURAH,المنصورة,34.889591,-1.33967,exact,operator_map,mobilis,mobilis,5G,
mobilis-a8779b7280,BLIDA,09,,BLIDA,البليدة,36.493021,2.83431,exact,operator_map,mobilis,mobilis,5G,
mobilis-a8929ebca6,ROUISSAT,30,,ROUISSAT,الرويسات,31.934761,5.34741,exact,operator_map,mobilis,mobilis,5G,
mobilis-a89f5ca5f7,TIPAZA,42,,TIPAZA,تيبازة,36.576071,2.47228,exact,operator_map,mobilis,mobilis,5G,
mobilis-a8cc96366d,BECHAR,08,,BECHAR,بشار,31.620591,-2.204652,exact,operator_map,mobilis,mobilis,5G,
mobilis-a8fd8d7271,BOUMERDES,35,,BOUMERDES,بومرداس,36.745941,3.46621,exact,operator_map,mobilis,mobilis,5G,
mobilis-a9044526bc,CONSTANTINE,25,,CONSTANTINE,قسنطينة,36.339581,6.65501,exact,operator_map,mobilis,mobilis,5G,
mobilis-a90b3b80c9,MECHRIA,45,,MECHRIA,المشرية,33.539291,-0.28115,exact,operator_map,mobilis,mobilis,5G,
mobilis-a99c0f57b4,BLIDA,09,,BLIDA,البليدة,36.491541,2.847273,exact,operator_map,mobilis,mobilis,5G,
mobilis-a9e27f6b71,ORAN,31,,ORAN,وهران,35.720281,-0.588311,exact,operator_map,mobilis,mobilis,5G,
mobilis-a9feff711e,MECHRIA,45,,MECHRIA,المشرية,33.549021,-0.29137,exact,operator_map,mobilis,mobilis,5G,
mobilis-aa04e6536f,EL BOUNI,23,,EL BOUNI,البوني,36.806131,7.61161,exact,operator_map,mobilis,mobilis,5G,
mobilis-aa1a187bc4,BLIDA,09,,BLIDA,البليدة,36.486421,2.84755,exact,operator_map,mobilis,mobilis,5G,
mobilis-aa45274bc5,GUELMA,24,,GUELMA,قالمة,36.466241,7.429802,exact,operator_map,mobilis,mobilis,5G,
mobilis-aa5204c22d,EL KHROUB,25,,EL KHROUB,الخروب,36.244791,6.576332,exact,operator_map,mobilis,mobilis,5G,
mobilis-aa7c114f79,KHEMIS MILIANA,44,,KHEMIS MILIANA,خميس مليانة,36.258201,2.22607,exact,operator_map,mobilis,mobilis,5G,
mobilis-aa8586d92b,BEJAIA,06,,BEJAIA,بجاية,36.753771,5.06061,exact,operator_map,mobilis,mobilis,5G,
mobilis-aa99b50b1e,BISKRA,07,,BISKRA,بسكرة,34.850031,5.718184,exact,operator_map,mobilis,mobilis,5G,
mobilis-aab35ee0e4,MOSTAGANEM,27,,MOSTAGANEM,مستغانم,35.913761,0.08701,exact,operator_map,mobilis,mobilis,5G,
mobilis-aac64302b8,BOUZAREAH,16,,BOUZAREAH,بوزريعة,36.798051,3.0082,exact,operator_map,mobilis,mobilis,5G,
mobilis-ab1adeadfc,EL KHROUB,25,,EL KHROUB,الخروب,36.264641,6.572616,exact,operator_map,mobilis,mobilis,5G,
mobilis-ab38fdd7c2,TLEMCEN,13,,TLEMCEN,تلمسان,34.916901,-1.34281,exact,operator_map,mobilis,mobilis,5G,
mobilis-ab3ef450e7,TISSEMSILT,38,,TISSEMSILT,تيسمسيلت,35.598451,1.787744,exact,operator_map,mobilis,mobilis,5G,
mobilis-ab4072a681,EL BIAR,16,,EL BIAR,الأبيار,36.774361,3.04676,exact,operator_map,mobilis,mobilis,5G,
mobilis-ab6b70b0e5,SFISEF,22,,SFISEF,سفيزف,35.230441,-0.25715,exact,operator_map,mobilis,mobilis,5G,
mobilis-ab7a22d2c1,REGHAIA,16,,REGHAIA,الرغاية,36.733691,3.372616,exact,operator_map,mobilis,mobilis,5G,
mobilis-abad859170,OUED ZENATI,24,,OUED ZENATI,وادي الزناتي,36.318641,7.16156,exact,operator_map,mobilis,mobilis,5G,
mobilis-abbe6c253b,BORDJ EL BAHRI,16,,BORDJ EL BAHRI,برج البحري,36.791551,3.2374,exact,operator_map,mobilis,mobilis,5G,
mobilis-abd7753b6a,DJANET,56,,DJANET,جانت,24.549091,9.48649,exact,operator_map,mobilis,mobilis,5G,
mobilis-abd86f46a9,TOUGGOURT,55,,TOUGGOURT,تقرت,33.101351,6.06425,exact,operator_map,mobilis,mobilis,5G,
mobilis-abef5eb192,TAMANRASSET,11,,TAMANRASSET,تمنراست,22.794341,5.52753,exact,operator_map,mobilis,mobilis,5G,
mobilis-abfffe71b2,ORAN,31,,ORAN,وهران,35.705951,-0.660389,exact,operator_map,mobilis,mobilis,5G,
mobilis-ac473a931a,AZZABA,21,,AZZABA,عزابة,36.741531,7.112527,exact,operator_map,mobilis,mobilis,5G,
mobilis-ac7cc84f85,EL KALA,36,,EL KALA,القالة,36.885191,8.441243,exact,operator_map,mobilis,mobilis,5G,
mobilis-ac864e674b,KOUBA,16,,KOUBA,القبة,36.726161,3.07281,exact,operator_map,mobilis,mobilis,5G,
mobilis-acff860172,DREAN,36,,DREAN,الذرعان,36.676121,7.716686,exact,operator_map,mobilis,mobilis,5G,
mobilis-ad0f383d03,BORDJ EL KIFFAN,16,,BORDJ EL KIFFAN,برج الكيفان,36.746501,3.201582,exact,operator_map,mobilis,mobilis,5G,
mobilis-ad101e35d8,BECHAR,08,,BECHAR,بشار,31.594751,-2.23699,exact,operator_map,mobilis,mobilis,5G,
mobilis-ad1118988f,DREAN,36,,DREAN,الذرعان,36.678111,7.74502,exact,operator_map,mobilis,mobilis,5G,
mobilis-ad4c4c039f,JIJEL,18,,JIJEL,جيجل,36.817481,5.7227,exact,operator_map,mobilis,mobilis,5G,
mobilis-ad6e523f28,HELIOPOLIS,24,,HELIOPOLIS,هيليوبوليس,36.493211,7.441352,exact,operator_map,mobilis,mobilis,5G,
mobilis-ad9b995361,BORDJ BOU ARRERIDJ,34,,BORDJ BOU ARRERIDJ,برج بوعريريج,36.081231,4.75034,exact,operator_map,mobilis,mobilis,5G,
mobilis-adfeea3035,TISSEMSILT,38,,TISSEMSILT,تيسمسيلت,35.601051,1.816322,exact,operator_map,mobilis,mobilis,5G,
mobilis-ae12435e1c,SETIF,19,,SETIF,سطيف,36.170721,5.38061,exact,operator_map,mobilis,mobilis,5G,
mobilis-ae2a1dc6d1,EL ACHOUR,16,,EL ACHOUR,العاشور,36.720861,2.986368,exact,operator_map,mobilis,mobilis,5G,
mobilis-ae2afe95a2,EL KHROUB,25,,EL KHROUB,الخروب,36.294391,6.73146,exact,operator_map,mobilis,mobilis,5G,
mobilis-ae3f1320b1,BORDJ BADJI MOKHTAR,50,,BORDJ BADJI MOKHTAR,برج باجي مختار,21.319251,0.95214,exact,operator_map,mobilis,mobilis,5G,
mobilis-ae637c9ef7,BIR EL DJIR,31,,BIR EL DJIR,بئر الجير,35.713421,-0.53196,exact,operator_map,mobilis,mobilis,5G,
mobilis-ae689cdd5b,SETIF,19,,SETIF,سطيف,36.202491,5.44365,exact,operator_map,mobilis,mobilis,5G,
mobilis-aee3e75591,SAIDA,20,,SAIDA,سعيدة,34.831411,0.14654,exact,operator_map,mobilis,mobilis,5G,
mobilis-af25fa6750,TLEMCEN,13,,TLEMCEN,تلمسان,34.925291,-1.33465,exact,operator_map,mobilis,mobilis,5G,
mobilis-af48ab01c8,MASCARA,29,,MASCARA,معسكر,35.403461,0.15181,exact,operator_map,mobilis,mobilis,5G,
mobilis-af56597daa,GHARDAIA,47,,GHARDAIA,غرداية,32.501871,3.63708,exact,operator_map,mobilis,mobilis,5G,
mobilis-afdc675038,BESBES,36,,BESBES,البسباس,36.696571,7.812848,exact,operator_map,mobilis,mobilis,5G,
mobilis-afe9dec8dd,BIR EL DJIR,31,,BIR EL DJIR,بئر الجير,35.734841,-0.56802,exact,operator_map,mobilis,mobilis,5G,
mobilis-b030b3c7fc,KHEMIS MILIANA,44,,KHEMIS MILIANA,خميس مليانة,36.255311,2.226183,exact,operator_map,mobilis,mobilis,5G,
mobilis-b0919c1ca7,HYDRA,16,,HYDRA,حيدرة,36.733951,3.0277,exact,operator_map,mobilis,mobilis,5G,
mobilis-b0f35f3699,LAGHOUAT,03,,LAGHOUAT,الأغواط,33.819151,2.85663,exact,operator_map,mobilis,mobilis,5G,
mobilis-b1045325bb,ORAN,31,,ORAN,وهران,35.698521,-0.65147,exact,operator_map,mobilis,mobilis,5G,
mobilis-b10e904095,SAIDA,20,,SAIDA,سعيدة,34.848951,0.1616,exact,operator_map,mobilis,mobilis,5G,
mobilis-b151cd80e4,CHLEF,02,,CHLEF,الشلف,36.151261,1.3191,exact,operator_map,mobilis,mobilis,5G,
mobilis-b1595d4f52,SIDI ALI,27,,SIDI ALI,سيدي علي,36.094391,0.42148,exact,operator_map,mobilis,mobilis,5G,
mobilis-b167a08991,GHARDAIA,47,,GHARDAIA,غرداية,32.495401,3.68324,exact,operator_map,mobilis,mobilis,5G,
mobilis-b1ad835838,LAGHOUAT,03,,LAGHOUAT,الأغواط,33.791761,2.857585,exact,operator_map,mobilis,mobilis,5G,
mobilis-b1b3ccc22e,JIJEL,18,,JIJEL,جيجل,36.810111,5.77778,exact,operator_map,mobilis,mobilis,5G,
mobilis-b1b9ad2057,EL BAYADH,32,,EL BAYADH,البيض,33.679701,1.00844,exact,operator_map,mobilis,mobilis,5G,
mobilis-b1ed8c4627,MARSAT EL HADJADJ,31,,MARSAT EL HADJADJ,مرسى الحجاج,35.788331,-0.19381,exact,operator_map,mobilis,mobilis,5G,
mobilis-b20cf914c1,TAMANRASSET,11,,TAMANRASSET,تمنراست,22.784351,5.52225,exact,operator_map,mobilis,mobilis,5G,
mobilis-b25253d60d,AIN TURK,31,,AIN TURK,عين الترك,35.734551,-0.751178,exact,operator_map,mobilis,mobilis,5G,
mobilis-b25671a3fa,BIR EL DJIR,31,,BIR EL DJIR,بئر الجير,35.705371,-0.557889,exact,operator_map,mobilis,mobilis,5G,
mobilis-b2740f1658,LAGHOUAT,03,,LAGHOUAT,الأغواط,33.803561,2.845448,exact,operator_map,mobilis,mobilis,5G,
mobilis-b29b5f7162,REGHAIA,16,,REGHAIA,الرغاية,36.742651,3.35389,exact,operator_map,mobilis,mobilis,5G,
mobilis-b2a2f71410,DJANET,56,,DJANET,جانت,24.508071,9.48843,exact,operator_map,mobilis,mobilis,5G,
mobilis-b2ea9f614c,BOUMERDES,35,,BOUMERDES,بومرداس,36.757691,3.487446,exact,operator_map,mobilis,mobilis,5G,
mobilis-b2fd180228,EL KARMA,31,,EL KARMA,الكرمة,35.629081,-0.59267,exact,operator_map,mobilis,mobilis,5G,
mobilis-b30076108f,AIN SEFRA,45,,AIN SEFRA,عين الصفراء,32.764211,-0.57112,exact,operator_map,mobilis,mobilis,5G,
mobilis-b3118f432a,MEFTAH,09,,MEFTAH,مفتاح,36.586931,3.186,exact,operator_map,mobilis,mobilis,5G,
mobilis-b314f241ff,MOSTAGANEM,27,,MOSTAGANEM,مستغانم,35.973991,0.111273,exact,operator_map,mobilis,mobilis,5G,
mobilis-b337170126,BIR EL DJIR,31,,BIR EL DJIR,بئر الجير,35.699671,-0.573791,exact,operator_map,mobilis,mobilis,5G,
mobilis-b361dffb50,AIN TURK,31,,AIN TURK,عين الترك,35.730621,-0.75429,exact,operator_map,mobilis,mobilis,5G,
mobilis-b37c460956,SAYADA,27,,SAYADA,صيادة,35.958761,0.11827,exact,operator_map,mobilis,mobilis,5G,
mobilis-b3835ae81d,TLEMCEN,13,,TLEMCEN,تلمسان,34.893311,-1.31787,exact,operator_map,mobilis,mobilis,5G,
mobilis-b39aca02ed,ES SENIA,31,,ES SENIA,السانية,35.650081,-0.62177,exact,operator_map,mobilis,mobilis,5G,
mobilis-b3de541267,CONSTANTINE,25,,CONSTANTINE,قسنطينة,36.332021,6.63009,exact,operator_map,mobilis,mobilis,5G,
mobilis-b3fed494d2,TIARET,14,,TIARET,تيارت,35.340191,1.314804,exact,operator_map,mobilis,mobilis,5G,
mobilis-b480c4cdde,SETIF,19,,SETIF,سطيف,36.164111,5.41406,exact,operator_map,mobilis,mobilis,5G,
mobilis-b4b91fd8e4,GUELMA,24,,GUELMA,قالمة,36.472241,7.431068,exact,operator_map,mobilis,mobilis,5G,
mobilis-b51a5eb54c,LES EUCALYPTUS,16,,LES EUCALYPTUS,الكاليتوس,36.694481,3.161767,exact,operator_map,mobilis,mobilis,5G,
mobilis-b51ca389e2,SIDI MOUSSA,16,,SIDI MOUSSA,سيدي موسى,36.598611,3.08824,exact,operator_map,mobilis,mobilis,5G,
mobilis-b522ea2694,MEFTAH,09,,MEFTAH,مفتاح,36.630661,3.27838,exact,operator_map,mobilis,mobilis,5G,
mobilis-b532c76846,SIDI BEL ABBES,22,,SIDI BEL ABBES,سيدي بلعباس,35.201501,-0.65308,exact,operator_map,mobilis,mobilis,5G,
mobilis-b612f0bf77,SIDI BEL ABBES,22,,SIDI BEL ABBES,سيدي بلعباس,35.187851,-0.63972,exact,operator_map,mobilis,mobilis,5G,
mobilis-b6755013b2,DAR EL BEIDA,16,,DAR EL BEIDA,الدار البيضاء,36.713081,3.223393,exact,operator_map,mobilis,mobilis,5G,
mobilis-b67aa5ed35,BEJAIA,06,,BEJAIA,بجاية,36.720521,5.06744,exact,operator_map,mobilis,mobilis,5G,
mobilis-b68a863990,TIZI OUZOU,15,,TIZI OUZOU,تيزي وزو,36.715041,4.0649,exact,operator_map,mobilis,mobilis,5G,
mobilis-b6abb27f44,BOLOGHINE IBN ZIRI,16,,BOLOGHINE IBN ZIRI,بولوغين ابن زيري,36.804361,3.03241,exact,operator_map,mobilis,mobilis,5G,
mobilis-b71aa970e8,BEJAIA,06,,BEJAIA,بجاية,36.727801,5.06657,exact,operator_map,mobilis,mobilis,5G,
mobilis-b73793109c,BECHAR,08,,BECHAR,بشار,31.566761,-2.232593,exact,operator_map,mobilis,mobilis,5G,
mobilis-b773f2f4dd,AZZABA,21,,AZZABA,عزابة,36.739901,7.109189,exact,operator_map,mobilis,mobilis,5G,
mobilis-b7759192b6,BLIDA,09,,BLIDA,البليدة,36.503691,2.833868,exact,operator_map,mobilis,mobilis,5G,
mobilis-b7b1be8277,OUARGLA,30,,OUARGLA,ورقلة,31.947631,5.31077,exact,operator_map,mobilis,mobilis,5G,
mobilis-b7eaee75ff,BLIDA,09,,BLIDA,البليدة,36.482431,2.84166,exact,operator_map,mobilis,mobilis,5G,
mobilis-b831027a2a,AIN SMARA,25,,AIN SMARA,عين السمارة,36.246121,6.5478,exact,operator_map,mobilis,mobilis,5G,
mobilis-b8463d94bf,BIR EL DJIR,31,,BIR EL DJIR,بئر الجير,35.733371,-0.57883,exact,operator_map,mobilis,mobilis,5G,
mobilis-b84714f93c,NAAMA,45,,NAAMA,النعامة,33.349601,-0.299045,exact,operator_map,mobilis,mobilis,5G,
mobilis-b86ebe4ec3,TIARET,14,,TIARET,تيارت,35.378581,1.306037,exact,operator_map,mobilis,mobilis,5G,
mobilis-b8787949cc,ROUIBA,16,,ROUIBA,الرويبة,36.708741,3.27577,exact,operator_map,mobilis,mobilis,5G,
mobilis-b8a15f39b1,SIDI BEL ABBES,22,,SIDI BEL ABBES,سيدي بلعباس,35.193281,-0.64096,exact,operator_map,mobilis,mobilis,5G,
mobilis-b8ab0b85fd,SAIDA,20,,SAIDA,سعيدة,34.836241,0.14209,exact,operator_map,mobilis,mobilis,5G,
mobilis-b8b70908be,AIN-DEFLA,44,,AIN-DEFLA,عين الدفلى,36.272271,2.00678,exact,operator_map,mobilis,mobilis,5G,
mobilis-b8c9c4f3ba,OUED TLELAT,31,,OUED TLELAT,وادي تليلات,35.543511,-0.41254,exact,operator_map,mobilis,mobilis,5G,
mobilis-b8c9d56254,MOSTAGANEM,27,,MOSTAGANEM,مستغانم,35.931571,0.08082,exact,operator_map,mobilis,mobilis,5G,
mobilis-b8ccd8bc32,AIN SEFRA,45,,AIN SEFRA,عين الصفراء,32.752411,-0.59058,exact,operator_map,mobilis,mobilis,5G,
mobilis-b8ea16f44b,TEBESSA,12,,TEBESSA,تبسة,35.418571,8.08017,exact,operator_map,mobilis,mobilis,5G,
mobilis-b9118f82a2,TIZI OUZOU,15,,TIZI OUZOU,تيزي وزو,36.742901,4.022641,exact,operator_map,mobilis,mobilis,5G,
mobilis-b93897d4f3,TOUGGOURT,55,,TOUGGOURT,تقرت,33.101651,6.0519,exact,operator_map,mobilis,mobilis,5G,
mobilis-b9969c202d,BOUZAREAH,16,,BOUZAREAH,بوزريعة,36.782511,3.02661,exact,operator_map,mobilis,mobilis,5G,
mobilis-b99ff683e3,BORDJ BOU ARRERIDJ,34,,BORDJ BOU ARRERIDJ,برج بوعريريج,36.078851,4.6944,exact,operator_map,mobilis,mobilis,5G,
mobilis-b9f7f25a99,ORAN,31,,ORAN,وهران,35.665721,-0.658132,exact,operator_map,mobilis,mobilis,5G,
mobilis-ba26bf6968,BIR EL DJIR,31,,BIR EL DJIR,بئر الجير,35.754701,-0.542625,exact,operator_map,mobilis,mobilis,5G,
mobilis-ba72a85d86,SIDI BEL ABBES,22,,SIDI BEL ABBES,سيدي بلعباس,35.196391,-0.62896,exact,operator_map,mobilis,mobilis,5G,
mobilis-ba9a2fea55,EL BOUNI,23,,EL BOUNI,البوني,36.874951,7.73349,exact,operator_map,mobilis,mobilis,5G,
mobilis-bae6952ebb,ANNABA,23,,ANNABA,عنابة,36.889331,7.74083,exact,operator_map,mobilis,mobilis,5G,
mobilis-bb087d6735,BECHAR,08,,BECHAR,بشار,31.593241,-2.22441,exact,operator_map,mobilis,mobilis,5G,
mobilis-bb13243d03,TLEMCEN,13,,TLEMCEN,تلمسان,34.918641,-1.349765,exact,operator_map,mobilis,mobilis,5G,
mobilis-bb6fa2d7c6,DELY BRAHIM,16,,DELY BRAHIM,دالي إبراهيم,36.757451,2.981005,exact,operator_map,mobilis,mobilis,5G,
mobilis-bbcc529476,MESSAAD,17,,MESSAAD,مسعد,34.154151,3.48312,exact,operator_map,mobilis,mobilis,5G,
mobilis-bc68813172,SAYADA,27,,SAYADA,صيادة,35.962341,0.11408,exact,operator_map,mobilis,mobilis,5G,
mobilis-bc7cb94fdd,STAOUELI,16,,STAOUELI,سطاوالي,36.763581,2.84379,exact,operator_map,mobilis,mobilis,5G,
mobilis-bc7d1e58d4,SOUGUEUR,14,,SOUGUEUR,السوقر,35.185161,1.50167,exact,operator_map,mobilis,mobilis,5G,
mobilis-bc91b5ed91,KHRAISSIA,16,,KHRAISSIA,الخرايسية,36.658101,2.991619,exact,operator_map,mobilis,mobilis,5G,
mobilis-bc9b9c1d32,BEB EZZOUAR,16,,BEB EZZOUAR,باب الزوار,36.714491,3.204266,exact,operator_map,mobilis,mobilis,5G,
mobilis-bd04a6ea30,TAMALOUS,21,,TAMALOUS,تمالوس,36.832411,6.645713,exact,operator_map,mobilis,mobilis,5G,
mobilis-bd495994bb,TIPAZA,42,,TIPAZA,تيبازة,36.592211,2.483368,exact,operator_map,mobilis,mobilis,5G,
mobilis-bd5c704f85,EL KHROUB,25,,EL KHROUB,الخروب,36.261161,6.699139,exact,operator_map,mobilis,mobilis,5G,
mobilis-bdd93d90e0,AIN BENIAN,16,,AIN BENIAN,عين البنيان,36.800311,2.925818,exact,operator_map,mobilis,mobilis,5G,
mobilis-bddbd3a5f1,CHETOUANE,13,,CHETOUANE,شتوان,34.922321,-1.28872,exact,operator_map,mobilis,mobilis,5G,
mobilis-bde2381a40,ES SENIA,31,,ES SENIA,السانية,35.634151,-0.66658,exact,operator_map,mobilis,mobilis,5G,
mobilis-bde4eec703,MANSOURAH,13,,MANSOURAH,المنصورة,34.881081,-1.35757,exact,operator_map,mobilis,mobilis,5G,
mobilis-be145c9146,BECHAR,08,,BECHAR,بشار,31.615351,-2.2072,exact,operator_map,mobilis,mobilis,5G,
mobilis-be1a5c18da,BENI SAF,46,,BENI SAF,بني صاف,35.298541,-1.371953,exact,operator_map,mobilis,mobilis,5G,
mobilis-be56aed634,EL KHROUB,25,,EL KHROUB,الخروب,36.294191,6.700821,exact,operator_map,mobilis,mobilis,5G,
mobilis-be9d6cc538,TINDOUF,37,,TINDOUF,تندوف,27.674461,-8.12778,exact,operator_map,mobilis,mobilis,5G,
mobilis-bec90fed10,SAYADA,27,,SAYADA,صيادة,35.944561,0.10851,exact,operator_map,mobilis,mobilis,5G,
mobilis-bee00db732,ORAN,31,,ORAN,وهران,35.701481,-0.6084,exact,operator_map,mobilis,mobilis,5G,
mobilis-befbec4ea6,CONSTANTINE,25,,CONSTANTINE,قسنطينة,36.352901,6.64075,exact,operator_map,mobilis,mobilis,5G,
mobilis-bf15a8468d,AIN-TEMOUCHENT,46,,AIN-TEMOUCHENT,عين تموشنت,35.303031,-1.13105,exact,operator_map,mobilis,mobilis,5G,
mobilis-bf805ddf09,EL BOUNI,23,,EL BOUNI,البوني,36.826521,7.61347,exact,operator_map,mobilis,mobilis,5G,
mobilis-bfc6b6f6b4,JIJEL,18,,JIJEL,جيجل,36.803301,5.776027,exact,operator_map,mobilis,mobilis,5G,
mobilis-bfceb54d54,OUARGLA,30,,OUARGLA,ورقلة,31.959191,5.33711,exact,operator_map,mobilis,mobilis,5G,
mobilis-bfdf3cb4e6,SETIF,19,,SETIF,سطيف,36.207661,5.45519,exact,operator_map,mobilis,mobilis,5G,
mobilis-c053394330,FIL FILA,21,,FIL FILA,فلفلة,36.896471,7.02847,exact,operator_map,mobilis,mobilis,5G,
mobilis-c0975824af,TLEMCEN,13,,TLEMCEN,تلمسان,34.887641,-1.31582,exact,operator_map,mobilis,mobilis,5G,
mobilis-c099dded59,DRARIA,16,,DRARIA,الدرارية,36.707871,3.009572,exact,operator_map,mobilis,mobilis,5G,
mobilis-c0acb5f31c,TINDOUF,37,,TINDOUF,تندوف,27.741681,-8.014381,exact,operator_map,mobilis,mobilis,5G,
mobilis-c0da576012,BOUTLELIS,31,,BOUTLELIS,بوتليليس,35.586961,-0.86721,exact,operator_map,mobilis,mobilis,5G,
mobilis-c0fba69402,ORAN,31,,ORAN,وهران,35.701611,-0.61846,exact,operator_map,mobilis,mobilis,5G,
mobilis-c10b8b5814,KERKERA,21,,KERKERA,كركرة,36.927421,6.58909,exact,operator_map,mobilis,mobilis,5G,
mobilis-c17cd8a93c,ORAN,31,,ORAN,وهران,35.686141,-0.63676,exact,operator_map,mobilis,mobilis,5G,
mobilis-c188e25101,SIDI CHAMI,31,,SIDI CHAMI,سيدي الشحمي,35.673941,-0.5396,exact,operator_map,mobilis,mobilis,5G,
mobilis-c18b0f013d,RELIZANE,48,,RELIZANE,غليزان,35.751631,0.533966,exact,operator_map,mobilis,mobilis,5G,
mobilis-c197594fc0,ORAN,31,,ORAN,وهران,35.706811,-0.62231,exact,operator_map,mobilis,mobilis,5G,
mobilis-c1bde7f888,SETIF,19,,SETIF,سطيف,36.185981,5.433672,exact,operator_map,mobilis,mobilis,5G,
mobilis-c1e319b3a5,LAGHOUAT,03,,LAGHOUAT,الأغواط,33.791621,2.84333,exact,operator_map,mobilis,mobilis,5G,
mobilis-c2039a1290,ANNABA,23,,ANNABA,عنابة,36.898021,7.74103,exact,operator_map,mobilis,mobilis,5G,
mobilis-c2077ffc1c,GHARDAIA,47,,GHARDAIA,غرداية,32.491391,3.663254,exact,operator_map,mobilis,mobilis,5G,
mobilis-c25103c23e,ORAN,31,,ORAN,وهران,35.712171,-0.62198,exact,operator_map,mobilis,mobilis,5G,
mobilis-c2794076f4,AIN SEFRA,45,,AIN SEFRA,عين الصفراء,32.757701,-0.58131,exact,operator_map,mobilis,mobilis,5G,
mobilis-c279851889,SETIF,19,,SETIF,سطيف,36.200721,5.42319,exact,operator_map,mobilis,mobilis,5G,
mobilis-c282a15720,TIPAZA,42,,TIPAZA,تيبازة,36.588871,2.450256,exact,operator_map,mobilis,mobilis,5G,
mobilis-c28c91d6ee,SAIDA,20,,SAIDA,سعيدة,34.844961,0.14893,exact,operator_map,mobilis,mobilis,5G,
mobilis-c2be00c4d5,ZERALDA,16,,ZERALDA,زرالدة,36.689491,2.809389,exact,operator_map,mobilis,mobilis,5G,
mobilis-c3281121f2,TIARET,14,,TIARET,تيارت,35.375501,1.303296,exact,operator_map,mobilis,mobilis,5G,
mobilis-c33db0a127,GDYEL,31,,GDYEL,قديل,35.785741,-0.42014,exact,operator_map,mobilis,mobilis,5G,
mobilis-c353930165,AIN TURK,31,,AIN TURK,عين الترك,35.741261,-0.70485,exact,operator_map,mobilis,mobilis,5G,
mobilis-c359e441d8,DRARIA,16,,DRARIA,الدرارية,36.719731,2.99513,exact,operator_map,mobilis,mobilis,5G,
mobilis-c389cea63e,OULED CHEBEL,16,,OULED CHEBEL,أولاد شبل,36.624001,2.98874,exact,operator_map,mobilis,mobilis,5G,
mobilis-c3a2c6b3ff,AZZABA,21,,AZZABA,عزابة,36.695531,7.01918,exact,operator_map,mobilis,mobilis,5G,
mobilis-c3cd0b2450,CHERAGA,16,,CHERAGA,الشراقة,36.770301,2.954447,exact,operator_map,mobilis,mobilis,5G,
mobilis-c3d6073dc5,TELAGHMA,43,,TELAGHMA,التلاغمة,36.112921,6.37423,exact,operator_map,mobilis,mobilis,5G,
mobilis-c4634a72b8,SIDI BEL ABBES,22,,SIDI BEL ABBES,سيدي بلعباس,35.198691,-0.59673,exact,operator_map,mobilis,mobilis,5G,
mobilis-c466674314,SIDI BEL ABBES,22,,SIDI BEL ABBES,سيدي بلعباس,35.220311,-0.6306,exact,operator_map,mobilis,mobilis,5G,
mobilis-c4aa57a2f2,BOUSFER,31,,BOUSFER,بوسفر,35.703661,-0.81039,exact,operator_map,mobilis,mobilis,5G,
mobilis-c4bdb749e5,LARBAA,09,,LARBAA,الأربعاء,36.555601,3.161711,exact,operator_map,mobilis,mobilis,5G,
mobilis-c4db099b3a,MILA,43,,MILA,ميلة,36.432851,6.23333,exact,operator_map,mobilis,mobilis,5G,
mobilis-c52b327361,TLEMCEN,13,,TLEMCEN,تلمسان,34.910271,-1.351703,exact,operator_map,mobilis,mobilis,5G,
mobilis-c54957bda3,El-TARF,36,,El-TARF,الطارف,36.763561,8.31211,exact,operator_map,mobilis,mobilis,5G,
mobilis-c5532e641b,AIN TAYA,16,,AIN TAYA,عين طاية,36.790141,3.303254,exact,operator_map,mobilis,mobilis,5G,
mobilis-c5921d28a8,BEB EZZOUAR,16,,BEB EZZOUAR,باب الزوار,36.721561,3.18958,exact,operator_map,mobilis,mobilis,5G,
mobilis-c5b4403263,NAAMA,45,,NAAMA,النعامة,33.269351,-0.32757,exact,operator_map,mobilis,mobilis,5G,
mobilis-c654fbea8a,TINDOUF,37,,TINDOUF,تندوف,27.670241,-8.13699,exact,operator_map,mobilis,mobilis,5G,
mobilis-c66fb566d9,RAHMANIA,16,,RAHMANIA,الرحمانية,36.686851,2.91308,exact,operator_map,mobilis,mobilis,5G,
mobilis-c6c7bdf2b6,BIR EL DJIR,31,,BIR EL DJIR,بئر الجير,35.710671,-0.56684,exact,operator_map,mobilis,mobilis,5G,
mobilis-c6cacb3bd2,AIN-DEFLA,44,,AIN-DEFLA,عين الدفلى,36.233471,1.88476,exact,operator_map,mobilis,mobilis,5G,
mobilis-c6e2b0b3a7,REGHAIA,16,,REGHAIA,الرغاية,36.743021,3.361708,exact,operator_map,mobilis,mobilis,5G,
mobilis-c6fb3c7574,ROUIBA,16,,ROUIBA,الرويبة,36.723481,3.29587,exact,operator_map,mobilis,mobilis,5G,
mobilis-c7607709d3,TINDOUF,37,,TINDOUF,تندوف,27.680361,-8.12522,exact,operator_map,mobilis,mobilis,5G,
mobilis-c771c9b3b4,CONSTANTINE,25,,CONSTANTINE,قسنطينة,36.308981,6.6838,exact,operator_map,mobilis,mobilis,5G,
mobilis-c7c704d89b,OUARGLA,30,,OUARGLA,ورقلة,31.962391,5.336186,exact,operator_map,mobilis,mobilis,5G,
mobilis-c7eb26da35,AIN BIYA,31,,AIN BIYA,عين البية,35.774391,-0.28827,exact,operator_map,mobilis,mobilis,5G,
mobilis-c7f920bb45,SAIDA,20,,SAIDA,سعيدة,34.843131,0.14413,exact,operator_map,mobilis,mobilis,5G,
mobilis-c82552375e,EL BAYADH,32,,EL BAYADH,البيض,33.688201,1.02574,exact,operator_map,mobilis,mobilis,5G,
mobilis-c83ed081f3,MANSOURAH,13,,MANSOURAH,المنصورة,34.874501,-1.37136,exact,operator_map,mobilis,mobilis,5G,
mobilis-c840992025,AIN-TEMOUCHENT,46,,AIN-TEMOUCHENT,عين تموشنت,35.294091,-1.13721,exact,operator_map,mobilis,mobilis,5G,
mobilis-c8525713bb,OUED ZENATI,24,,OUED ZENATI,وادي الزناتي,36.319331,7.17071,exact,operator_map,mobilis,mobilis,5G,
mobilis-c883a7a6c3,SOUIDANIA,16,,SOUIDANIA,السويدانية,36.705771,2.91639,exact,operator_map,mobilis,mobilis,5G,
mobilis-c8bc10c3ed,HARAOUA,16,,HARAOUA,هراوة,36.770801,3.31114,exact,operator_map,mobilis,mobilis,5G,
mobilis-c8e74e9b93,MOSTAGANEM,27,,MOSTAGANEM,مستغانم,35.939521,0.08741,exact,operator_map,mobilis,mobilis,5G,
mobilis-c90cce3c6b,SETIF,19,,SETIF,سطيف,36.206311,5.40498,exact,operator_map,mobilis,mobilis,5G,
mobilis-c936b8fad8,SFISEF,22,,SFISEF,سفيزف,35.238901,-0.23335,exact,operator_map,mobilis,mobilis,5G,
mobilis-c9383ff229,ORAN,31,,ORAN,وهران,35.681911,-0.63702,exact,operator_map,mobilis,mobilis,5G,
mobilis-c94fef7246,AFLOU,03,,AFLOU,أفلو,34.110871,2.08049,exact,operator_map,mobilis,mobilis,5G,
mobilis-c952d76055,RAHMANIA,16,,RAHMANIA,الرحمانية,36.677061,2.913342,exact,operator_map,mobilis,mobilis,5G,
mobilis-c95c556bba,AFLOU,03,,AFLOU,أفلو,34.110721,2.11085,exact,operator_map,mobilis,mobilis,5G,
mobilis-c96db3f8dc,SIDI AMER,23,,SIDI AMER,سيدي عامر,36.789251,7.62848,exact,operator_map,mobilis,mobilis,5G,
mobilis-c971034b36,TINDOUF,37,,TINDOUF,تندوف,27.662491,-8.13498,exact,operator_map,mobilis,mobilis,5G,
mobilis-c98457f128,BLIDA,09,,BLIDA,البليدة,36.489951,2.82095,exact,operator_map,mobilis,mobilis,5G,
mobilis-c986cda931,SIDI BEL ABBES,22,,SIDI BEL ABBES,سيدي بلعباس,35.216141,-0.64849,exact,operator_map,mobilis,mobilis,5G,
mobilis-c99c1d1974,KOUBA,16,,KOUBA,القبة,36.730301,3.073978,exact,operator_map,mobilis,mobilis,5G,
mobilis-ca02f8d17e,OUED TLELAT,31,,OUED TLELAT,وادي تليلات,35.546301,-0.41755,exact,operator_map,mobilis,mobilis,5G,
mobilis-ca105bc13d,AIN BENIAN,16,,AIN BENIAN,عين البنيان,36.799691,2.91546,exact,operator_map,mobilis,mobilis,5G,
mobilis-cb3bc674bf,AIN BENIAN,16,,AIN BENIAN,عين البنيان,36.786411,2.90423,exact,operator_map,mobilis,mobilis,5G,
mobilis-cb42c9bc96,AIN SEFRA,45,,AIN SEFRA,عين الصفراء,32.747371,-0.58175,exact,operator_map,mobilis,mobilis,5G,
mobilis-cb80291900,AFLOU,03,,AFLOU,أفلو,34.108471,2.10423,exact,operator_map,mobilis,mobilis,5G,
mobilis-cbce9c2457,CHERAGA,16,,CHERAGA,الشراقة,36.765641,2.951559,exact,operator_map,mobilis,mobilis,5G,
mobilis-cbd2cb1915,BARAKI,16,,BARAKI,براقي,36.658301,3.10752,exact,operator_map,mobilis,mobilis,5G,
mobilis-cbf46401c6,AIN SEFRA,45,,AIN SEFRA,عين الصفراء,32.757331,-0.58048,exact,operator_map,mobilis,mobilis,5G,
mobilis-cc0db6cebd,SALAH BOUCHAOUR,21,,SALAH BOUCHAOUR,صالح بوالشعور,36.668691,6.858457,exact,operator_map,mobilis,mobilis,5G,
mobilis-cc2e876345,MECHRIA,45,,MECHRIA,المشرية,33.555651,-0.27135,exact,operator_map,mobilis,mobilis,5G,
mobilis-cc32e7c6da,SIDI BEL ABBES,22,,SIDI BEL ABBES,سيدي بلعباس,35.194081,-0.6482,exact,operator_map,mobilis,mobilis,5G,
mobilis-cca8048b20,TIARET,14,,TIARET,تيارت,35.375381,1.31618,exact,operator_map,mobilis,mobilis,5G,
mobilis-ccebcedb3e,BIR EL DJIR,31,,BIR EL DJIR,بئر الجير,35.729981,-0.55684,exact,operator_map,mobilis,mobilis,5G,
mobilis-cd30a7bc9e,ORAN,31,,ORAN,وهران,35.703431,-0.60943,exact,operator_map,mobilis,mobilis,5G,
mobilis-cd388f0137,LAGHOUAT,03,,LAGHOUAT,الأغواط,33.794361,2.85383,exact,operator_map,mobilis,mobilis,5G,
mobilis-cd94f48866,MAHELMA,16,,MAHELMA,المحالمة,36.691151,2.86042,exact,operator_map,mobilis,mobilis,5G,
mobilis-cd9c8d594b,ZERALDA,16,,ZERALDA,زرالدة,36.674271,2.836081,exact,operator_map,mobilis,mobilis,5G,
mobilis-cda762985b,MANSOURAH,13,,MANSOURAH,المنصورة,34.891681,-1.34631,exact,operator_map,mobilis,mobilis,5G,
mobilis-cdc987292a,MASCARA,29,,MASCARA,معسكر,35.410861,0.14217,exact,operator_map,mobilis,mobilis,5G,
mobilis-cdfc28db64,TLEMCEN,13,,TLEMCEN,تلمسان,34.873351,-1.293376,exact,operator_map,mobilis,mobilis,5G,
mobilis-ce08cd11b7,ROUIBA,16,,ROUIBA,الرويبة,36.718741,3.27519,exact,operator_map,mobilis,mobilis,5G,
mobilis-ce347d8820,ECHATT,36,,ECHATT,الشط,36.833241,7.865533,exact,operator_map,mobilis,mobilis,5G,
mobilis-ce3c506fb1,TIPAZA,42,,TIPAZA,تيبازة,36.577291,2.46809,exact,operator_map,mobilis,mobilis,5G,
mobilis-ce3f7f12e3,DJISR KSENTINA,16,,DJISR KSENTINA,جسر قسنطينة,36.700981,3.057206,exact,operator_map,mobilis,mobilis,5G,
mobilis-ce5b5e18b9,SIDI LAKHDAR,27,,SIDI LAKHDAR,سيدي لخضر,36.156641,0.44219,exact,operator_map,mobilis,mobilis,5G,
mobilis-ce696fc742,AIN-DEFLA,44,,AIN-DEFLA,عين الدفلى,36.265251,1.96912,exact,operator_map,mobilis,mobilis,5G,
mobilis-ce6b53bdd0,TINDOUF,37,,TINDOUF,تندوف,27.667701,-8.14831,exact,operator_map,mobilis,mobilis,5G,
mobilis-ce8cb197cf,TAMANRASSET,11,,TAMANRASSET,تمنراست,22.777701,5.51728,exact,operator_map,mobilis,mobilis,5G,
mobilis-cecaa53ad2,SAIDA,20,,SAIDA,سعيدة,34.832731,0.13757,exact,operator_map,mobilis,mobilis,5G,
mobilis-cedbae1620,SAYADA,27,,SAYADA,صيادة,35.938811,0.11985,exact,operator_map,mobilis,mobilis,5G,
mobilis-ceefff4fea,MAGHNIA,13,,MAGHNIA,مغنية,34.844461,-1.74734,exact,operator_map,mobilis,mobilis,5G,
mobilis-cef399b530,RELIZANE,48,,RELIZANE,غليزان,35.748461,0.568852,exact,operator_map,mobilis,mobilis,5G,
mobilis-cf24b9d74e,CONSTANTINE,25,,CONSTANTINE,قسنطينة,36.294141,6.62569,exact,operator_map,mobilis,mobilis,5G,
mobilis-cf327960e4,HASSI BOUNIF,31,,HASSI BOUNIF,حاسي بونيف,35.675981,-0.49951,exact,operator_map,mobilis,mobilis,5G,
mobilis-cf6ceecdec,ORAN,31,,ORAN,وهران,35.698541,-0.626467,exact,operator_map,mobilis,mobilis,5G,
mobilis-cf8fcf2db7,EL ACHOUR,16,,EL ACHOUR,العاشور,36.728871,2.9895,exact,operator_map,mobilis,mobilis,5G,
mobilis-cfb4035c79,DJANET,56,,DJANET,جانت,24.489251,9.50894,exact,operator_map,mobilis,mobilis,5G,
mobilis-d012c7f1e3,ORAN,31,,ORAN,وهران,35.677791,-0.61963,exact,operator_map,mobilis,mobilis,5G,
mobilis-d02c74936a,ORAN,31,,ORAN,وهران,35.691861,-0.61075,exact,operator_map,mobilis,mobilis,5G,
mobilis-d06581c220,SETIF,19,,SETIF,سطيف,35.890051,5.66608,exact,operator_map,mobilis,mobilis,5G,
mobilis-d06c8794b5,OUED SMAR,16,,OUED SMAR,وادي السمار,36.707261,3.155619,exact,operator_map,mobilis,mobilis,5G,
mobilis-d07a644dce,AIN BENIAN,16,,AIN BENIAN,عين البنيان,36.792671,2.9107,exact,operator_map,mobilis,mobilis,5G,
mobilis-d082d8167f,EL KHROUB,25,,EL KHROUB,الخروب,36.268441,6.709976,exact,operator_map,mobilis,mobilis,5G,
mobilis-d108646ea7,COLLO,21,,COLLO,القل,37.006271,6.55248,exact,operator_map,mobilis,mobilis,5G,
mobilis-d182a9c569,TELAGHMA,43,,TELAGHMA,التلاغمة,36.127541,6.36733,exact,operator_map,mobilis,mobilis,5G,
mobilis-d183b9084d,OUARGLA,30,,OUARGLA,ورقلة,31.966861,5.32236,exact,operator_map,mobilis,mobilis,5G,
mobilis-d18f2e17fd,HASSI BOUNIF,31,,HASSI BOUNIF,حاسي بونيف,35.698961,-0.4489,exact,operator_map,mobilis,mobilis,5G,
mobilis-d1f1bc102c,TOUGGOURT,55,,TOUGGOURT,تقرت,33.109151,6.0565,exact,operator_map,mobilis,mobilis,5G,
mobilis-d1f5a59825,CHLEF,02,,CHLEF,الشلف,36.168091,1.33799,exact,operator_map,mobilis,mobilis,5G,
mobilis-d1fb5d5592,SIDI AMER,23,,SIDI AMER,سيدي عامر,36.816601,7.712151,exact,operator_map,mobilis,mobilis,5G,
mobilis-d1fe355614,EL HARROUCH,21,,EL HARROUCH,الحروش,36.631291,6.86077,exact,operator_map,mobilis,mobilis,5G,
mobilis-d2001c5700,MERS EL KEBIR,31,,MERS EL KEBIR,المرسى الكبير,35.729901,-0.70873,exact,operator_map,mobilis,mobilis,5G,
mobilis-d20125b454,TASSALA EL MERDJA,16,,TASSALA EL MERDJA,تسالة المرجة,36.635281,2.94487,exact,operator_map,mobilis,mobilis,5G,
mobilis-d20f305b97,TEBESSA,12,,TEBESSA,تبسة,35.400101,8.10738,exact,operator_map,mobilis,mobilis,5G,
mobilis-d214a6ea5d,TIPAZA,42,,TIPAZA,تيبازة,36.573991,2.4175,exact,operator_map,mobilis,mobilis,5G,
mobilis-d21ae3694d,BORDJ BOU ARRERIDJ,34,,BORDJ BOU ARRERIDJ,برج بوعريريج,36.056391,4.74065,exact,operator_map,mobilis,mobilis,5G,
mobilis-d2467d4c11,SOUGUEUR,14,,SOUGUEUR,السوقر,35.176281,1.48526,exact,operator_map,mobilis,mobilis,5G,
mobilis-d267b77754,OUARGLA,30,,OUARGLA,ورقلة,31.953821,5.33647,exact,operator_map,mobilis,mobilis,5G,
mobilis-d2c047ec51,TLEMCEN,13,,TLEMCEN,تلمسان,34.881941,-1.32085,exact,operator_map,mobilis,mobilis,5G,
mobilis-d2e0993af9,CHERAGA,16,,CHERAGA,الشراقة,36.755841,2.928593,exact,operator_map,mobilis,mobilis,5G,
mobilis-d32aab4a3e,ARZEW,31,,ARZEW,أرزيو,35.847621,-0.31917,exact,operator_map,mobilis,mobilis,5G,
mobilis-d332b04b54,BORDJ BADJI MOKHTAR,50,,BORDJ BADJI MOKHTAR,برج باجي مختار,21.331651,0.95025,exact,operator_map,mobilis,mobilis,5G,
mobilis-d34a5c21b3,BEN KHELIL,09,,BEN KHELIL,بني خليل,36.571451,2.871462,exact,operator_map,mobilis,mobilis,5G,
mobilis-d34d361e8a,TINDOUF,37,,TINDOUF,تندوف,27.656181,-8.125788,exact,operator_map,mobilis,mobilis,5G,
mobilis-d3b679bb1d,CHERAGA,16,,CHERAGA,الشراقة,36.776201,2.892594,exact,operator_map,mobilis,mobilis,5G,
mobilis-d3e38d8c24,EL HADJAR,23,,EL HADJAR,الحجار,36.810781,7.73951,exact,operator_map,mobilis,mobilis,5G,
mobilis-d434965cc0,MAGHNIA,13,,MAGHNIA,مغنية,34.846301,-1.76396,exact,operator_map,mobilis,mobilis,5G,
mobilis-d4760894b4,ES SENIA,31,,ES SENIA,السانية,35.629031,-0.66381,exact,operator_map,mobilis,mobilis,5G,
mobilis-d4a2221278,SAYADA,27,,SAYADA,صيادة,35.952451,0.12965,exact,operator_map,mobilis,mobilis,5G,
mobilis-d4d2e2b0a3,BORDJ BOU ARRERIDJ,34,,BORDJ BOU ARRERIDJ,برج بوعريريج,36.091321,4.780191,exact,operator_map,mobilis,mobilis,5G,
mobilis-d4eae608bb,OUED TLELAT,31,,OUED TLELAT,وادي تليلات,35.552301,-0.45866,exact,operator_map,mobilis,mobilis,5G,
mobilis-d50a2e57fb,IN SALAH,53,,IN SALAH,عين صالح,27.274341,2.50656,exact,operator_map,mobilis,mobilis,5G,
mobilis-d649e035db,ES SENIA,31,,ES SENIA,السانية,35.647251,-0.655205,exact,operator_map,mobilis,mobilis,5G,
mobilis-d69700ac28,DJISR KSENTINA,16,,DJISR KSENTINA,جسر قسنطينة,36.700181,3.048281,exact,operator_map,mobilis,mobilis,5G,
mobilis-d69c91a36b,TLEMCEN,13,,TLEMCEN,تلمسان,34.889591,-1.28417,exact,operator_map,mobilis,mobilis,5G,
mobilis-d6ab6d177b,SIDI BEL ABBES,22,,SIDI BEL ABBES,سيدي بلعباس,35.178291,-0.609642,exact,operator_map,mobilis,mobilis,5G,
mobilis-d718657bcd,LARBAA,09,,LARBAA,الأربعاء,36.561651,3.16807,exact,operator_map,mobilis,mobilis,5G,
mobilis-d731e266ae,TIARET,14,,TIARET,تيارت,35.353011,1.334542,exact,operator_map,mobilis,mobilis,5G,
mobilis-d748bbc099,RAIS HAMIDOU,16,,RAIS HAMIDOU,الرايس حميدو,36.803041,3.00265,exact,operator_map,mobilis,mobilis,5G,
mobilis-d74e720e16,MECHRIA,45,,MECHRIA,المشرية,33.541751,-0.27776,exact,operator_map,mobilis,mobilis,5G,
mobilis-d7715656c7,ANNABA,23,,ANNABA,عنابة,36.900331,7.765022,exact,operator_map,mobilis,mobilis,5G,
mobilis-d7f4cd1136,DELY BRAHIM,16,,DELY BRAHIM,دالي إبراهيم,36.749741,2.97133,exact,operator_map,mobilis,mobilis,5G,
mobilis-d8514964b8,EL ARICHA,13,,EL ARICHA,العريشة,34.289451,-1.22981,exact,operator_map,mobilis,mobilis,5G,
mobilis-d8610e0412,GUELMA,24,,GUELMA,قالمة,36.458521,7.416168,exact,operator_map,mobilis,mobilis,5G,
mobilis-d8682ef200,DRARIA,16,,DRARIA,الدرارية,36.708421,2.99352,exact,operator_map,mobilis,mobilis,5G,
mobilis-d8948c5aa9,BECHAR,08,,BECHAR,بشار,31.595661,-2.23104,exact,operator_map,mobilis,mobilis,5G,
mobilis-d8bd241730,KHEMIS MILIANA,44,,KHEMIS MILIANA,خميس مليانة,36.251221,2.226,exact,operator_map,mobilis,mobilis,5G,
mobilis-d8bf1000db,SIDI AMER,23,,SIDI AMER,سيدي عامر,36.825571,7.737839,exact,operator_map,mobilis,mobilis,5G,
mobilis-d8e13b089c,SOUIDANIA,16,,SOUIDANIA,السويدانية,36.708801,2.92075,exact,operator_map,mobilis,mobilis,5G,
mobilis-d8e4b572e1,BORDJ EL KIFFAN,16,,BORDJ EL KIFFAN,برج الكيفان,36.740291,3.17905,exact,operator_map,mobilis,mobilis,5G,
mobilis-d94d358c85,HYDRA,16,,HYDRA,حيدرة,36.750771,3.011359,exact,operator_map,mobilis,mobilis,5G,
mobilis-d984d2ba0c,BOUROUBA,16,,BOUROUBA,بوروبة,36.716341,3.116065,exact,operator_map,mobilis,mobilis,5G,
mobilis-d9a2e2edad,BECHAR,08,,BECHAR,بشار,31.609821,-2.22461,exact,operator_map,mobilis,mobilis,5G,
mobilis-d9bb536ad4,BENI MERED,09,,BENI MERED,بني مراد,36.503201,2.84892,exact,operator_map,mobilis,mobilis,5G,
mobilis-d9e9656b1d,TEBESSA,12,,TEBESSA,تبسة,35.420301,8.07526,exact,operator_map,mobilis,mobilis,5G,
mobilis-da4e176539,AIN TEDLES,27,,AIN TEDLES,عين تادلس,35.992981,0.293256,exact,operator_map,mobilis,mobilis,5G,
mobilis-da930c687d,SAIDA,20,,SAIDA,سعيدة,34.826091,0.15777,exact,operator_map,mobilis,mobilis,5G,
mobilis-daaa3b7793,ORAN,31,,ORAN,وهران,35.654171,-0.68777,exact,operator_map,mobilis,mobilis,5G,
mobilis-dac5a822c3,CHERAGA,16,,CHERAGA,الشراقة,36.767151,2.885,exact,operator_map,mobilis,mobilis,5G,
mobilis-db03e50d5c,LAGHOUAT,03,,LAGHOUAT,الأغواط,33.814151,2.8937,exact,operator_map,mobilis,mobilis,5G,
mobilis-db0c10263a,TOUGGOURT,55,,TOUGGOURT,تقرت,33.109741,6.0731,exact,operator_map,mobilis,mobilis,5G,
mobilis-db16708d1f,ORAN,31,,ORAN,وهران,35.714771,-0.61467,exact,operator_map,mobilis,mobilis,5G,
mobilis-dbc958b553,CONSTANTINE,25,,CONSTANTINE,قسنطينة,36.362721,6.642084,exact,operator_map,mobilis,mobilis,5G,
mobilis-dbf9e5c594,SAIDA,20,,SAIDA,سعيدة,34.844471,0.174617,exact,operator_map,mobilis,mobilis,5G,
mobilis-dc0bfbdc9e,AIN SMARA,25,,AIN SMARA,عين السمارة,36.248291,6.558636,exact,operator_map,mobilis,mobilis,5G,
mobilis-dc1a8202c2,ORAN,31,,ORAN,وهران,35.668861,-0.64903,exact,operator_map,mobilis,mobilis,5G,
mobilis-dc1de6c2dd,ANNABA,23,,ANNABA,عنابة,36.901941,7.75967,exact,operator_map,mobilis,mobilis,5G,
mobilis-dc3b7a817c,SAIDA,20,,SAIDA,سعيدة,34.833451,0.14126,exact,operator_map,mobilis,mobilis,5G,
mobilis-dc6088d7b8,BIR EL DJIR,31,,BIR EL DJIR,بئر الجير,35.718241,-0.55565,exact,operator_map,mobilis,mobilis,5G,
mobilis-dc6fc6849b,HARAOUA,16,,HARAOUA,هراوة,36.769991,3.320306,exact,operator_map,mobilis,mobilis,5G,
mobilis-dc7b0e5288,MAGHNIA,13,,MAGHNIA,مغنية,34.858261,-1.72796,exact,operator_map,mobilis,mobilis,5G,
mobilis-dc82950330,BOUZAREAH,16,,BOUZAREAH,بوزريعة,36.773801,3.027098,exact,operator_map,mobilis,mobilis,5G,
mobilis-dc84d72afb,BECHAR,08,,BECHAR,بشار,31.587571,-2.25174,exact,operator_map,mobilis,mobilis,5G,
mobilis-dc8c461dd8,MOSTAGANEM,27,,MOSTAGANEM,مستغانم,35.925481,0.095544,exact,operator_map,mobilis,mobilis,5G,
mobilis-dcd5ea07d4,SETIF,19,,SETIF,سطيف,36.198901,5.439916,exact,operator_map,mobilis,mobilis,5G,
mobilis-dcde2b85a6,BOUIRA,10,,BOUIRA,البويرة,36.349451,3.8345,exact,operator_map,mobilis,mobilis,5G,
mobilis-dce0e3e01a,LES EUCALYPTUS,16,,LES EUCALYPTUS,الكاليتوس,36.659021,3.139771,exact,operator_map,mobilis,mobilis,5G,
mobilis-dcf0969a17,ORAN,31,,ORAN,وهران,35.667891,-0.63759,exact,operator_map,mobilis,mobilis,5G,
mobilis-dcf3d215e9,SAIDA,20,,SAIDA,سعيدة,34.820741,0.15393,exact,operator_map,mobilis,mobilis,5G,
mobilis-dd2d2c6c10,TISSEMSILT,38,,TISSEMSILT,تيسمسيلت,35.600561,1.82459,exact,operator_map,mobilis,mobilis,5G,
mobilis-dd3e31a0b7,MANSOURAH,13,,MANSOURAH,المنصورة,34.885771,-1.36011,exact,operator_map,mobilis,mobilis,5G,
mobilis-dd5b709d04,BARAKI,16,,BARAKI,براقي,36.651311,3.08718,exact,operator_map,mobilis,mobilis,5G,
mobilis-dd91c3a70e,MANSOURAH,13,,MANSOURAH,المنصورة,34.875651,-1.3603,exact,operator_map,mobilis,mobilis,5G,
mobilis-ddd3b5bb9b,BAINS ROMAINS,16,,BAINS ROMAINS,الحمامات الرومانية,36.810421,2.953,exact,operator_map,mobilis,mobilis,5G,
mobilis-ddea9275af,BIR EL DJIR,31,,BIR EL DJIR,بئر الجير,35.701771,-0.55978,exact,operator_map,mobilis,mobilis,5G,
mobilis-ddedc36714,ORAN,31,,ORAN,وهران,35.703251,-0.64368,exact,operator_map,mobilis,mobilis,5G,
mobilis-ddf0f0b181,CONSTANTINE,25,,CONSTANTINE,قسنطينة,36.378121,6.633106,exact,operator_map,mobilis,mobilis,5G,
mobilis-de0738c309,ORAN,31,,ORAN,وهران,35.685531,-0.664667,exact,operator_map,mobilis,mobilis,5G,
mobilis-de1422badc,SIDI BEL ABBES,22,,SIDI BEL ABBES,سيدي بلعباس,35.191241,-0.6233,exact,operator_map,mobilis,mobilis,5G,
mobilis-de1c5b8a0d,ORAN,31,,ORAN,وهران,35.699241,-0.63922,exact,operator_map,mobilis,mobilis,5G,
mobilis-de275c95ba,BARAKI,16,,BARAKI,براقي,36.667161,3.09594,exact,operator_map,mobilis,mobilis,5G,
mobilis-de3502dbf2,SIDI CHAMI,31,,SIDI CHAMI,سيدي الشحمي,35.645111,-0.57778,exact,operator_map,mobilis,mobilis,5G,
mobilis-de48bc4f29,AIN TEDLES,27,,AIN TEDLES,عين تادلس,35.995121,0.30142,exact,operator_map,mobilis,mobilis,5G,
mobilis-de649ca5ae,OUARGLA,30,,OUARGLA,ورقلة,31.941771,5.31176,exact,operator_map,mobilis,mobilis,5G,
mobilis-de8aac8ac5,KOUBA,16,,KOUBA,القبة,36.724461,3.06065,exact,operator_map,mobilis,mobilis,5G,
mobilis-de9c5f0ddd,JIJEL,18,,JIJEL,جيجل,36.825241,5.74636,exact,operator_map,mobilis,mobilis,5G,
mobilis-dec6b20dc7,EL MARSA,16,,EL MARSA,المرسى,36.811611,3.235748,exact,operator_map,mobilis,mobilis,5G,
mobilis-dedd30f831,TLEMCEN,13,,TLEMCEN,تلمسان,34.875591,-1.30552,exact,operator_map,mobilis,mobilis,5G,
mobilis-def3a56156,SETIF,19,,SETIF,سطيف,36.177721,5.47454,exact,operator_map,mobilis,mobilis,5G,
mobilis-df277444cf,BOUIRA,10,,BOUIRA,البويرة,36.367321,3.903348,exact,operator_map,mobilis,mobilis,5G,
mobilis-df41e7f123,BORDJ BOU ARRERIDJ,34,,BORDJ BOU ARRERIDJ,برج بوعريريج,36.061111,4.80003,exact,operator_map,mobilis,mobilis,5G,
mobilis-df4eb5f681,MANSOURAH,13,,MANSOURAH,المنصورة,34.879141,-1.34277,exact,operator_map,mobilis,mobilis,5G,
mobilis-dfb3a36f13,ADRAR,01,,ADRAR,أدرار,27.878591,-0.27747,exact,operator_map,mobilis,mobilis,5G,
mobilis-dfba8fb81a,BOUIRA,10,,BOUIRA,البويرة,36.386821,3.8814,exact,operator_map,mobilis,mobilis,5G,
mobilis-e017d58762,EL MOURADIA,16,,EL MOURADIA,المرادية,36.747651,3.05608,exact,operator_map,mobilis,mobilis,5G,
mobilis-e0495bd154,ANNABA,23,,ANNABA,عنابة,36.894391,7.74201,exact,operator_map,mobilis,mobilis,5G,
mobilis-e0a482d034,MOHAMMADIA,29,,MOHAMMADIA,المحمدية,35.594571,0.06433,exact,operator_map,mobilis,mobilis,5G,
mobilis-e0e6e4ea05,KHEMIS MILIANA,44,,KHEMIS MILIANA,خميس مليانة,36.254771,2.220529,exact,operator_map,mobilis,mobilis,5G,
mobilis-e10afc981e,ORAN,31,,ORAN,وهران,35.648361,-0.70861,exact,operator_map,mobilis,mobilis,5G,
mobilis-e10e4de4ed,SIDI BEL ABBES,22,,SIDI BEL ABBES,سيدي بلعباس,35.196401,-0.63801,exact,operator_map,mobilis,mobilis,5G,
mobilis-e15ece1796,AIN TURK,31,,AIN TURK,عين الترك,35.760141,-0.79289,exact,operator_map,mobilis,mobilis,5G,
mobilis-e1e450ee6e,RAIS HAMIDOU,16,,RAIS HAMIDOU,الرايس حميدو,36.811691,3.019458,exact,operator_map,mobilis,mobilis,5G,
mobilis-e1ebe9cb3c,SAIDA,20,,SAIDA,سعيدة,34.835131,0.15014,exact,operator_map,mobilis,mobilis,5G,
mobilis-e1ff5e860b,TLEMCEN,13,,TLEMCEN,تلمسان,34.877491,-1.31043,exact,operator_map,mobilis,mobilis,5G,
mobilis-e202f29dd6,SIDI BEL ABBES,22,,SIDI BEL ABBES,سيدي بلعباس,35.185981,-0.6443,exact,operator_map,mobilis,mobilis,5G,
mobilis-e2368724ab,GOLEA,58,,GOLEA,المنيعة,30.573381,2.88505,exact,operator_map,mobilis,mobilis,5G,
mobilis-e269e188f4,SETIF,19,,SETIF,سطيف,36.177981,5.386044,exact,operator_map,mobilis,mobilis,5G,
mobilis-e275e497fe,TOUGGOURT,55,,TOUGGOURT,تقرت,33.099751,6.0573,exact,operator_map,mobilis,mobilis,5G,
mobilis-e2c0f959e0,BECHAR,08,,BECHAR,بشار,31.577781,-2.24775,exact,operator_map,mobilis,mobilis,5G,
mobilis-e3380b90bb,EL HADJAR,23,,EL HADJAR,الحجار,36.800411,7.738218,exact,operator_map,mobilis,mobilis,5G,
mobilis-e37b0a1f99,EL KHROUB,25,,EL KHROUB,الخروب,36.248421,6.59165,exact,operator_map,mobilis,mobilis,5G,
mobilis-e3bd27fb17,HASSI MAAMECHE,27,,HASSI MAAMECHE,حاسي ماماش,35.894031,0.10101,exact,operator_map,mobilis,mobilis,5G,
mobilis-e3c93c916c,MISSERGHIN,31,,MISSERGHIN,مسرغين,35.613601,-0.73957,exact,operator_map,mobilis,mobilis,5G,
mobilis-e3e6c1d6d3,MASCARA,29,,MASCARA,معسكر,35.382971,0.14022,exact,operator_map,mobilis,mobilis,5G,
mobilis-e49ec1bf77,CONSTANTINE,25,,CONSTANTINE,قسنطينة,36.319291,6.6172,exact,operator_map,mobilis,mobilis,5G,
mobilis-e4a033de41,BEJAIA,06,,BEJAIA,بجاية,36.754191,5.05137,exact,operator_map,mobilis,mobilis,5G,
mobilis-e4baff7b3f,BIR MOURAD RAIS,16,,BIR MOURAD RAIS,بئر مراد رايس,36.738451,3.0486,exact,operator_map,mobilis,mobilis,5G,
mobilis-e4ccf5816e,EL BAYADH,32,,EL BAYADH,البيض,33.678631,1.02367,exact,operator_map,mobilis,mobilis,5G,
mobilis-e4d26af768,BENI TAMOU,09,,BENI TAMOU,بني تامو,36.529701,2.823509,exact,operator_map,mobilis,mobilis,5G,
mobilis-e4eb65fa29,EL HARROUCH,21,,EL HARROUCH,الحروش,36.649571,6.835592,exact,operator_map,mobilis,mobilis,5G,
mobilis-e50ee7b631,HUSSEIN DEY,16,,HUSSEIN DEY,حسين داي,36.740711,3.1255,exact,operator_map,mobilis,mobilis,5G,
mobilis-e56f3bd461,SIDI BEL ABBES,22,,SIDI BEL ABBES,سيدي بلعباس,35.199211,-0.64511,exact,operator_map,mobilis,mobilis,5G,
mobilis-e5899d29b3,SAIDA,20,,SAIDA,سعيدة,34.842481,0.17566,exact,operator_map,mobilis,mobilis,5G,
mobilis-e5d99d497e,EL BOUNI,23,,EL BOUNI,البوني,36.811771,7.60721,exact,operator_map,mobilis,mobilis,5G,
mobilis-e5f4cbc238,MANSOURAH,13,,MANSOURAH,المنصورة,34.887001,-1.33411,exact,operator_map,mobilis,mobilis,5G,
mobilis-e5f9727c63,OULED CHEBEL,16,,OULED CHEBEL,أولاد شبل,36.629761,3.00835,exact,operator_map,mobilis,mobilis,5G,
mobilis-e6267b9826,TINDOUF,37,,TINDOUF,تندوف,27.678221,-8.12084,exact,operator_map,mobilis,mobilis,5G,
mobilis-e64947e849,MOHAMMADIA,29,,MOHAMMADIA,المحمدية,35.586851,0.07478,exact,operator_map,mobilis,mobilis,5G,
mobilis-e65ea36b7c,BOUMERDES,35,,BOUMERDES,بومرداس,36.761421,3.4605,exact,operator_map,mobilis,mobilis,5G,
mobilis-e66de52e9f,BIR EL DJIR,31,,BIR EL DJIR,بئر الجير,35.758421,-0.54502,exact,operator_map,mobilis,mobilis,5G,
mobilis-e6b12d908a,TLEMCEN,13,,TLEMCEN,تلمسان,34.926221,-1.33117,exact,operator_map,mobilis,mobilis,5G,
mobilis-e6de6c2634,SAIDA,20,,SAIDA,سعيدة,34.837951,0.14544,exact,operator_map,mobilis,mobilis,5G,
mobilis-e70afc2114,DAR EL BEIDA,16,,DAR EL BEIDA,الدار البيضاء,36.691251,3.241548,exact,operator_map,mobilis,mobilis,5G,
mobilis-e7a8f62c3a,EL MGHAIR,57,,EL MGHAIR,المغير,33.954861,5.926047,exact,operator_map,mobilis,mobilis,5G,
mobilis-e7bc4c71d9,BOUIRA,10,,BOUIRA,البويرة,36.401151,3.90293,exact,operator_map,mobilis,mobilis,5G,
mobilis-e7f50b17d8,SIDI BEL ABBES,22,,SIDI BEL ABBES,سيدي بلعباس,35.200091,-0.62259,exact,operator_map,mobilis,mobilis,5G,
mobilis-e7fbbef629,BECHAR,08,,BECHAR,بشار,31.602461,-2.23634,exact,operator_map,mobilis,mobilis,5G,
mobilis-e814dde52f,DAR EL BEIDA,16,,DAR EL BEIDA,الدار البيضاء,36.707241,3.221849,exact,operator_map,mobilis,mobilis,5G,
mobilis-e88cde4539,KOUBA,16,,KOUBA,القبة,36.719541,3.0744,exact,operator_map,mobilis,mobilis,5G,
mobilis-e8f7a15139,TLEMCEN,13,,TLEMCEN,تلمسان,34.882401,-1.32812,exact,operator_map,mobilis,mobilis,5G,
mobilis-e90120b36c,OULED CHEBEL,16,,OULED CHEBEL,أولاد شبل,36.620901,3.058379,exact,operator_map,mobilis,mobilis,5G,
mobilis-e92e718be7,REMCHI,13,,REMCHI,الرمشي,35.053741,-1.43031,exact,operator_map,mobilis,mobilis,5G,
mobilis-e97c29e301,MECHRIA,45,,MECHRIA,المشرية,33.538671,-0.274382,exact,operator_map,mobilis,mobilis,5G,
mobilis-e99b8bf63e,TLEMCEN,13,,TLEMCEN,تلمسان,34.876141,-1.31827,exact,operator_map,mobilis,mobilis,5G,
mobilis-e9c693275e,BECHAR,08,,BECHAR,بشار,31.606201,-2.23343,exact,operator_map,mobilis,mobilis,5G,
mobilis-e9cc7f7e84,SAIDA,20,,SAIDA,سعيدة,34.840781,0.14908,exact,operator_map,mobilis,mobilis,5G,
mobilis-e9dadb534b,SETIF,19,,SETIF,سطيف,36.192191,5.42464,exact,operator_map,mobilis,mobilis,5G,
mobilis-ea01bb72a5,AIN BENIAN,16,,AIN BENIAN,عين البنيان,36.787311,2.919406,exact,operator_map,mobilis,mobilis,5G,
mobilis-ea047ffb39,ORAN,31,,ORAN,وهران,35.694461,-0.63345,exact,operator_map,mobilis,mobilis,5G,
mobilis-ea081b2808,SIDI AMER,23,,SIDI AMER,سيدي عامر,36.809181,7.70852,exact,operator_map,mobilis,mobilis,5G,
mobilis-ea605c0335,KOUBA,16,,KOUBA,القبة,36.724451,3.0809,exact,operator_map,mobilis,mobilis,5G,
mobilis-ea7dbd3010,BIR EL DJIR,31,,BIR EL DJIR,بئر الجير,35.706141,-0.58413,exact,operator_map,mobilis,mobilis,5G,
mobilis-ead5e0b945,NEDROMA,13,,NEDROMA,ندرومة,35.005921,-1.74371,exact,operator_map,mobilis,mobilis,5G,
mobilis-eae26b4709,ORAN,31,,ORAN,وهران,35.667411,-0.64381,exact,operator_map,mobilis,mobilis,5G,
mobilis-eaeda6270f,BIR MOURAD RAIS,16,,BIR MOURAD RAIS,بئر مراد رايس,36.735551,3.05486,exact,operator_map,mobilis,mobilis,5G,
mobilis-eb1ea00951,SAIDA,20,,SAIDA,سعيدة,34.827091,0.1412,exact,operator_map,mobilis,mobilis,5G,
mobilis-eb33d61391,OULED DJELLAL,51,,OULED DJELLAL,أولاد جلال,34.444841,5.059729,exact,operator_map,mobilis,mobilis,5G,
mobilis-eb6ad67da4,CONSTANTINE,25,,CONSTANTINE,قسنطينة,36.297651,6.620863,exact,operator_map,mobilis,mobilis,5G,
mobilis-eb98acd285,ORAN,31,,ORAN,وهران,35.696141,-0.63987,exact,operator_map,mobilis,mobilis,5G,
mobilis-eba415e0d5,BENI TAMOU,09,,BENI TAMOU,بني تامو,36.547341,2.820187,exact,operator_map,mobilis,mobilis,5G,
mobilis-ebcda1d48e,ORAN,31,,ORAN,وهران,35.682351,-0.62718,exact,operator_map,mobilis,mobilis,5G,
mobilis-ec7e0153da,EL BAYADH,32,,EL BAYADH,البيض,33.677171,1.01853,exact,operator_map,mobilis,mobilis,5G,
mobilis-ed51f19ab8,BOUZAREAH,16,,BOUZAREAH,بوزريعة,36.783811,3.03501,exact,operator_map,mobilis,mobilis,5G,
mobilis-ed75f8ffca,CHLEF,02,,CHLEF,الشلف,36.165781,1.334614,exact,operator_map,mobilis,mobilis,5G,
mobilis-ed95b7fc37,AIN-TEMOUCHENT,46,,AIN-TEMOUCHENT,عين تموشنت,35.294061,-1.12035,exact,operator_map,mobilis,mobilis,5G,
mobilis-eddce40c36,ARZEW,31,,ARZEW,أرزيو,35.845491,-0.34036,exact,operator_map,mobilis,mobilis,5G,
mobilis-edf77365a1,SAYADA,27,,SAYADA,صيادة,35.950791,0.10762,exact,operator_map,mobilis,mobilis,5G,
mobilis-ee18a674c6,GHARDAIA,47,,GHARDAIA,غرداية,32.494051,3.64449,exact,operator_map,mobilis,mobilis,5G,
mobilis-ee72aac386,MANSOURAH,13,,MANSOURAH,المنصورة,34.893841,-1.352819,exact,operator_map,mobilis,mobilis,5G,
mobilis-ee868a9655,AIN SEFRA,45,,AIN SEFRA,عين الصفراء,32.756071,-0.593569,exact,operator_map,mobilis,mobilis,5G,
mobilis-ee8889cffb,MECHRIA,45,,MECHRIA,المشرية,33.542971,-0.27345,exact,operator_map,mobilis,mobilis,5G,
mobilis-ef0b11c8f0,BATNA,05,,BATNA,باتنة,35.532151,6.190713,exact,operator_map,mobilis,mobilis,5G,
mobilis-ef2665d850,BEN KHELIL,09,,BEN KHELIL,بني خليل,36.618101,2.877516,exact,operator_map,mobilis,mobilis,5G,
mobilis-ef3d3429f6,TAMALOUS,21,,TAMALOUS,تمالوس,36.859331,6.619852,exact,operator_map,mobilis,mobilis,5G,
mobilis-ef79f440b1,BEJAIA,06,,BEJAIA,بجاية,36.739641,5.05463,exact,operator_map,mobilis,mobilis,5G,
mobilis-ef7c6815e2,KSAR CHELLALA,14,,KSAR CHELLALA,قصر الشلالة,35.209281,2.31062,exact,operator_map,mobilis,mobilis,5G,
mobilis-ef9530015b,GHARDAIA,47,,GHARDAIA,غرداية,32.508831,3.64492,exact,operator_map,mobilis,mobilis,5G,
mobilis-efa57c9dd4,BENI MERED,09,,BENI MERED,بني مراد,36.518521,2.85631,exact,operator_map,mobilis,mobilis,5G,
mobilis-efe1778efe,SAOULA,16,,SAOULA,السحاولة,36.683541,3.051901,exact,operator_map,mobilis,mobilis,5G,
mobilis-efe686a31a,KOUBA,16,,KOUBA,القبة,36.726151,3.067475,exact,operator_map,mobilis,mobilis,5G,
mobilis-f000a5d563,CONSTANTINE,25,,CONSTANTINE,قسنطينة,36.385731,6.638273,exact,operator_map,mobilis,mobilis,5G,
mobilis-f005472946,GOLEA,58,,GOLEA,المنيعة,30.602311,2.87661,exact,operator_map,mobilis,mobilis,5G,
mobilis-f025d253cd,EL MADANIA,16,,EL MADANIA,المدنية,36.741911,3.0658,exact,operator_map,mobilis,mobilis,5G,
mobilis-f080727f26,MOSTAGANEM,27,,MOSTAGANEM,مستغانم,35.926051,0.11271,exact,operator_map,mobilis,mobilis,5G,
mobilis-f0ce4a1b11,EL HARRACH,16,,EL HARRACH,الحراش,36.716281,3.143678,exact,operator_map,mobilis,mobilis,5G,
mobilis-f0f0671a0e,BETHIOUA,31,,BETHIOUA,بطيوة,35.789311,-0.2539,exact,operator_map,mobilis,mobilis,5G,
mobilis-f0f24e38ff,ARZEW,31,,ARZEW,أرزيو,35.821511,-0.35151,exact,operator_map,mobilis,mobilis,5G,
mobilis-f10f7cd5e2,DREAN,36,,DREAN,الذرعان,36.687971,7.720039,exact,operator_map,mobilis,mobilis,5G,
mobilis-f12f2fb4b5,ROUIBA,16,,ROUIBA,الرويبة,36.732321,3.256233,exact,operator_map,mobilis,mobilis,5G,
mobilis-f17e0c5255,BOUFARIK,09,,BOUFARIK,بوفاريك,36.601741,2.952162,exact,operator_map,mobilis,mobilis,5G,
mobilis-f18c51d101,EL KHROUB,25,,EL KHROUB,الخروب,36.251431,6.58373,exact,operator_map,mobilis,mobilis,5G,
mobilis-f1ba1cabfb,SIDI LAKHDAR,27,,SIDI LAKHDAR,سيدي لخضر,36.163121,0.44546,exact,operator_map,mobilis,mobilis,5G,
mobilis-f1d2d20f9f,TIARET,14,,TIARET,تيارت,35.370491,1.31943,exact,operator_map,mobilis,mobilis,5G,
mobilis-f2012dfd04,BORDJ BADJI MOKHTAR,50,,BORDJ BADJI MOKHTAR,برج باجي مختار,21.333841,0.95355,exact,operator_map,mobilis,mobilis,5G,
mobilis-f238cc9aae,MEDEA,26,,MEDEA,المدية,36.283701,2.743594,exact,operator_map,mobilis,mobilis,5G,
mobilis-f256a69a35,ORAN,31,,ORAN,وهران,35.757921,-0.55487,exact,operator_map,mobilis,mobilis,5G,
mobilis-f2938fbe9b,BLIDA,09,,BLIDA,البليدة,36.485461,2.85838,exact,operator_map,mobilis,mobilis,5G,
mobilis-f29f29b6c8,EL KHROUB,25,,EL KHROUB,الخروب,36.240681,6.595106,exact,operator_map,mobilis,mobilis,5G,
mobilis-f2c501fe8b,BORDJ EL KIFFAN,16,,BORDJ EL KIFFAN,برج الكيفان,36.757281,3.220541,exact,operator_map,mobilis,mobilis,5G,
mobilis-f2c5f0fd9f,SIDI CHAMI,31,,SIDI CHAMI,سيدي الشحمي,35.640701,-0.58379,exact,operator_map,mobilis,mobilis,5G,
mobilis-f2d315cc53,MAHELMA,16,,MAHELMA,المحالمة,36.685961,2.875292,exact,operator_map,mobilis,mobilis,5G,
mobilis-f2d481d9f8,MEDEA,26,,MEDEA,المدية,36.265491,2.759665,exact,operator_map,mobilis,mobilis,5G,
mobilis-f2d49c43b4,MEDEA,26,,MEDEA,المدية,36.268521,2.73391,exact,operator_map,mobilis,mobilis,5G,
mobilis-f2dc0f2e36,TLEMCEN,13,,TLEMCEN,تلمسان,34.890941,-1.31091,exact,operator_map,mobilis,mobilis,5G,
mobilis-f32044a488,CHETOUANE,13,,CHETOUANE,شتوان,34.934971,-1.28636,exact,operator_map,mobilis,mobilis,5G,
mobilis-f322fe808c,SETIF,19,,SETIF,سطيف,36.195521,5.406236,exact,operator_map,mobilis,mobilis,5G,
mobilis-f3354d771f,KHRAISSIA,16,,KHRAISSIA,الخرايسية,36.667651,3.0072,exact,operator_map,mobilis,mobilis,5G,
mobilis-f33c2d4447,TIMIMOUN,49,,TIMIMOUN,تيميمون,29.263401,0.23089,exact,operator_map,mobilis,mobilis,5G,
mobilis-f34ccc383e,JIJEL,18,,JIJEL,جيجل,36.799521,5.75386,exact,operator_map,mobilis,mobilis,5G,
mobilis-f351322b8c,KHEMIS MILIANA,44,,KHEMIS MILIANA,خميس مليانة,36.266271,2.2192,exact,operator_map,mobilis,mobilis,5G,
mobilis-f3a1114a33,EL EULMA,19,,EL EULMA,العلمة,36.152771,5.67006,exact,operator_map,mobilis,mobilis,5G,
mobilis-f3b0df88ab,BLIDA,09,,BLIDA,البليدة,36.489011,2.8262,exact,operator_map,mobilis,mobilis,5G,
mobilis-f3bc736845,MEFTAH,09,,MEFTAH,مفتاح,36.646771,3.23396,exact,operator_map,mobilis,mobilis,5G,
mobilis-f3c3024dfc,BECHAR,08,,BECHAR,بشار,31.631801,-2.19915,exact,operator_map,mobilis,mobilis,5G,
mobilis-f3c73a6dfb,CHLEF,02,,CHLEF,الشلف,36.164901,1.33761,exact,operator_map,mobilis,mobilis,5G,
mobilis-f3d5d459ff,ORAN,31,,ORAN,وهران,35.720781,-0.5955,exact,operator_map,mobilis,mobilis,5G,
mobilis-f421f61ca1,RAHMANIA,16,,RAHMANIA,الرحمانية,36.677201,2.921419,exact,operator_map,mobilis,mobilis,5G,
mobilis-f428238400,AIN KERMA,31,,AIN KERMA,عين الكرمة,35.668301,-1.00354,exact,operator_map,mobilis,mobilis,5G,
mobilis-f46ac17a85,BARAKI,16,,BARAKI,براقي,36.664231,3.12612,exact,operator_map,mobilis,mobilis,5G,
mobilis-f46e4fd71d,GHARDAIA,47,,GHARDAIA,غرداية,32.499611,3.646038,exact,operator_map,mobilis,mobilis,5G,
mobilis-f4b377559a,SIDI CHAMI,31,,SIDI CHAMI,سيدي الشحمي,35.690461,-0.55255,exact,operator_map,mobilis,mobilis,5G,
mobilis-f4c9921a91,AFLOU,03,,AFLOU,أفلو,34.109361,2.09025,exact,operator_map,mobilis,mobilis,5G,
mobilis-f533c4a7f6,BAINS ROMAINS,16,,BAINS ROMAINS,الحمامات الرومانية,36.794481,2.961517,exact,operator_map,mobilis,mobilis,5G,
mobilis-f53762351a,GDYEL,31,,GDYEL,قديل,35.775981,-0.42323,exact,operator_map,mobilis,mobilis,5G,
mobilis-f55f28a197,ADRAR,01,,ADRAR,أدرار,27.862541,-0.282125,exact,operator_map,mobilis,mobilis,5G,
mobilis-f58ad86dfb,DAR EL BEIDA,16,,DAR EL BEIDA,الدار البيضاء,36.710091,3.22913,exact,operator_map,mobilis,mobilis,5G,
mobilis-f5ddf85012,DAR EL BEIDA,16,,DAR EL BEIDA,الدار البيضاء,36.714921,3.208607,exact,operator_map,mobilis,mobilis,5G,
mobilis-f5ed8db950,BENI MESSOUS,16,,BENI MESSOUS,بني مسوس,36.795641,2.98611,exact,operator_map,mobilis,mobilis,5G,
mobilis-f617699d13,AIN-DEFLA,44,,AIN-DEFLA,عين الدفلى,36.259571,1.95263,exact,operator_map,mobilis,mobilis,5G,
mobilis-f69e2642e4,SKIKDA,21,,SKIKDA,سكيكدة,36.872441,6.93028,exact,operator_map,mobilis,mobilis,5G,
mobilis-f6a8f8b317,HASSI MAAMECHE,27,,HASSI MAAMECHE,حاسي ماماش,35.910531,0.09976,exact,operator_map,mobilis,mobilis,5G,
mobilis-f6c27365d5,LES EUCALYPTUS,16,,LES EUCALYPTUS,الكاليتوس,36.664621,3.16417,exact,operator_map,mobilis,mobilis,5G,
mobilis-f6d60bb274,KHRAISSIA,16,,KHRAISSIA,الخرايسية,36.670001,2.97777,exact,operator_map,mobilis,mobilis,5G,
mobilis-f721926448,TLEMCEN,13,,TLEMCEN,تلمسان,34.882341,-1.30762,exact,operator_map,mobilis,mobilis,5G,
mobilis-f72d8923a9,ES SENIA,31,,ES SENIA,السانية,35.644491,-0.67028,exact,operator_map,mobilis,mobilis,5G,
mobilis-f761761346,EL OUED,39,,EL OUED,الوادي,33.377011,6.8297,exact,operator_map,mobilis,mobilis,5G,
mobilis-f770fb1885,LARBAA,09,,LARBAA,الأربعاء,36.594331,3.13913,exact,operator_map,mobilis,mobilis,5G,
mobilis-f774c66d9a,DJISR KSENTINA,16,,DJISR KSENTINA,جسر قسنطينة,36.691711,3.06342,exact,operator_map,mobilis,mobilis,5G,
mobilis-f843c01b5f,BIR EL DJIR,31,,BIR EL DJIR,بئر الجير,35.758331,-0.53638,exact,operator_map,mobilis,mobilis,5G,
mobilis-f88b642fb8,SIDI AMER,23,,SIDI AMER,سيدي عامر,36.790681,7.6105,exact,operator_map,mobilis,mobilis,5G,
mobilis-f88d6d59c4,BLIDA,09,,BLIDA,البليدة,36.485421,2.84441,exact,operator_map,mobilis,mobilis,5G,
mobilis-f8973cc073,ANNABA,23,,ANNABA,عنابة,36.898481,7.721557,exact,operator_map,mobilis,mobilis,5G,
mobilis-f8fc44c1b7,TLEMCEN,13,,TLEMCEN,تلمسان,34.890921,-1.329604,exact,operator_map,mobilis,mobilis,5G,
mobilis-f905d84522,SIDI CHAMI,31,,SIDI CHAMI,سيدي الشحمي,35.694371,-0.56368,exact,operator_map,mobilis,mobilis,5G,
mobilis-f93a2a03b0,CHERAGA,16,,CHERAGA,الشراقة,36.769651,2.927486,exact,operator_map,mobilis,mobilis,5G,
mobilis-f96713e4cb,TIZI OUZOU,15,,TIZI OUZOU,تيزي وزو,36.720471,4.038861,exact,operator_map,mobilis,mobilis,5G,
mobilis-f979193692,AIN-DEFLA,44,,AIN-DEFLA,عين الدفلى,36.256161,1.956782,exact,operator_map,mobilis,mobilis,5G,
mobilis-f98bd43851,STAOUELI,16,,STAOUELI,سطاوالي,36.743051,2.88218,exact,operator_map,mobilis,mobilis,5G,
mobilis-f9d98322d0,BATNA,05,,BATNA,باتنة,35.556801,6.18941,exact,operator_map,mobilis,mobilis,5G,
mobilis-f9e170a368,CONSTANTINE,25,,CONSTANTINE,قسنطينة,36.314911,6.61033,exact,operator_map,mobilis,mobilis,5G,
mobilis-fa63e2d5e7,ZERALDA,16,,ZERALDA,زرالدة,36.669731,2.85389,exact,operator_map,mobilis,mobilis,5G,
mobilis-fa742c5d9e,TAMANRASSET,11,,TAMANRASSET,تمنراست,22.802341,5.532402,exact,operator_map,mobilis,mobilis,5G,
mobilis-fa89e8bf1a,AIN BENIAN,16,,AIN BENIAN,عين البنيان,36.800221,2.9078,exact,operator_map,mobilis,mobilis,5G,
mobilis-fad897a771,ES SENIA,31,,ES SENIA,السانية,35.643111,-0.62518,exact,operator_map,mobilis,mobilis,5G,
mobilis-fae9c7ac9b,AIN TAYA,16,,AIN TAYA,عين طاية,36.793531,3.25966,exact,operator_map,mobilis,mobilis,5G,
mobilis-fb21252b93,BEB EZZOUAR,16,,BEB EZZOUAR,باب الزوار,36.732951,3.1792,exact,operator_map,mobilis,mobilis,5G,
mobilis-fb3096aa24,AIN-DEFLA,44,,AIN-DEFLA,عين الدفلى,36.269161,1.996048,exact,operator_map,mobilis,mobilis,5G,
mobilis-fb4ffec93d,EL KHROUB,25,,EL KHROUB,الخروب,36.248541,6.719902,exact,operator_map,mobilis,mobilis,5G,
mobilis-fb8134d91c,ORAN,31,,ORAN,وهران,35.701111,-0.653802,exact,operator_map,mobilis,mobilis,5G,
mobilis-fb8cf6e8ca,ORAN,31,,ORAN,وهران,35.697981,-0.59679,exact,operator_map,mobilis,mobilis,5G,
mobilis-fb93c2b6cf,El-TARF,36,,El-TARF,الطارف,36.757251,8.342014,exact,operator_map,mobilis,mobilis,5G,
mobilis-fb9eba862b,HASSI MAAMECHE,27,,HASSI MAAMECHE,حاسي ماماش,35.857591,0.09951,exact,operator_map,mobilis,mobilis,5G,
mobilis-fbba26d58b,TOUGGOURT,55,,TOUGGOURT,تقرت,33.104831,6.06663,exact,operator_map,mobilis,mobilis,5G,
mobilis-fbf1d4fc1f,CONSTANTINE,25,,CONSTANTINE,قسنطينة,36.350501,6.64838,exact,operator_map,mobilis,mobilis,5G,
mobilis-fc2e178011,LAGHOUAT,03,,LAGHOUAT,الأغواط,33.778291,2.84062,exact,operator_map,mobilis,mobilis,5G,
mobilis-fc5c0c2a8b,TIGHENNIF,29,,TIGHENNIF,تيغنيف,35.416951,0.32272,exact,operator_map,mobilis,mobilis,5G,
mobilis-fc80f234e7,BLIDA,09,,BLIDA,البليدة,36.469781,2.837348,exact,operator_map,mobilis,mobilis,5G,
mobilis-fc91f46f67,MANSOURAH,13,,MANSOURAH,المنصورة,34.879101,-1.3621,exact,operator_map,mobilis,mobilis,5G,
mobilis-fc9fa8f2cc,STAOUELI,16,,STAOUELI,سطاوالي,36.731131,2.88944,exact,operator_map,mobilis,mobilis,5G,
mobilis-fcace13949,EL KHROUB,25,,EL KHROUB,الخروب,36.259181,6.57928,exact,operator_map,mobilis,mobilis,5G,
mobilis-fcb61a4bb0,BEN AZZOUZ,21,,BEN AZZOUZ,بن عزوز,36.808931,7.33528,exact,operator_map,mobilis,mobilis,5G,
mobilis-fcb9c19557,FIL FILA,21,,FIL FILA,فلفلة,36.876171,7.006,exact,operator_map,mobilis,mobilis,5G,
mobilis-fcf0d9cc96,MOSTAGANEM,27,,MOSTAGANEM,مستغانم,35.934471,0.11065,exact,operator_map,mobilis,mobilis,5G,
mobilis-fd3438016b,EL BOUNI,23,,EL BOUNI,البوني,36.857691,7.78275,exact,operator_map,mobilis,mobilis,5G,
mobilis-fdabaa9d0c,SAIDA,20,,SAIDA,سعيدة,34.826801,0.15028,exact,operator_map,mobilis,mobilis,5G,
mobilis-fdfa19b3e0,KSAR CHELLALA,14,,KSAR CHELLALA,قصر الشلالة,35.226521,2.309839,exact,operator_map,mobilis,mobilis,5G,
mobilis-fe14ef15af,OULED YAICH,09,,OULED YAICH,أولاد يعيش,36.507371,2.856438,exact,operator_map,mobilis,mobilis,5G,
mobilis-fe1c5c7bb3,TIMIMOUN,49,,TIMIMOUN,تيميمون,29.228181,0.20782,exact,operator_map,mobilis,mobilis,5G,
mobilis-fe44f3588f,BOLOGHINE IBN ZIRI,16,,BOLOGHINE IBN ZIRI,بولوغين ابن زيري,36.807311,3.0384,exact,operator_map,mobilis,mobilis,5G,
mobilis-fe4d17293c,BOUTLELIS,31,,BOUTLELIS,بوتليليس,35.577141,-0.90384,exact,operator_map,mobilis,mobilis,5G,
mobilis-fe71043074,LAGHOUAT,03,,LAGHOUAT,الأغواط,33.814241,2.86819,exact,operator_map,mobilis,mobilis,5G,
mobilis-feafb59c3e,BIR KHADEM,16,,BIR KHADEM,بئر خادم,36.708551,3.05547,exact,operator_map,mobilis,mobilis,5G,
mobilis-fef4bffe6c,MECHRIA,45,,MECHRIA,المشرية,33.542431,-0.27863,exact,operator_map,mobilis,mobilis,5G,
mobilis-ff091c94f9,SIDI CHAMI,31,,SIDI CHAMI,سيدي الشحمي,35.684411,-0.55927,exact,operator_map,mobilis,mobilis,5G,
mobilis-ff147b7109,MAHELMA,16,,MAHELMA,المحالمة,36.689221,2.8568,exact,operator_map,mobilis,mobilis,5G,
mobilis-ff50dfe127,LAGHOUAT,03,,LAGHOUAT,الأغواط,33.802171,2.866061,exact,operator_map,mobilis,mobilis,5G,
mobilis-ff635f3515,BISKRA,07,,BISKRA,بسكرة,34.829041,5.732583,exact,operator_map,mobilis,mobilis,5G,
mobilis-ffaee1d302,BIR EL DJIR,31,,BIR EL DJIR,بئر الجير,35.702701,-0.59544,exact,operator_map,mobilis,mobilis,5G,
mobilis-ffe6feafd1,DREAN,36,,DREAN,الذرعان,36.682671,7.725972,exact,operator_map,mobilis,mobilis,5G,
mobilis-ffea7ef42e,MARSAT EL HADJADJ,31,,MARSAT EL HADJADJ,مرسى الحجاج,35.762591,-0.16071,exact,operator_map,mobilis,mobilis,5G,
mobilis-fffc1f7089,TIZI OUZOU,15,,TIZI OUZOU,تيزي وزو,36.701541,4.062964,exact,operator_map,mobilis,mobilis,5G,
